algorithm,dataset,lambda_,target_lr,seed,val_ci,val_bs,test_ci,test_bs
inc_tc_ddh,big_rw,0.95,1.0,9,0.7112619572877327,0.26196535983202607,0.7366622517420466,0.2498859060310069
inc_tc_ddh,big_rw,0.95,1.0,17,0.7258626259910428,0.25542789720845516,0.7214227512780339,0.2576311270422524
inc_tc_ddh,big_rw,0.95,1.0,7,0.7259337247990129,0.23253434494247086,0.7155727932999929,0.24389851887265868
inc_tc_ddh,big_rw,0.95,1.0,5,0.7190136528371464,0.24950826653418276,0.7280661544105017,0.2495980372305502
inc_tc_ddh,big_rw,0.95,1.0,15,0.7283671631534064,0.2508552155739011,0.7226781951058309,0.25666178666879774
inc_tc_ddh,big_rw,0.95,1.0,18,0.7201324354098446,0.2672975447847628,0.7213495606353523,0.2665540002462229
inc_tc_ddh,big_rw,0.95,1.0,27,0.7201546585887268,0.23251600876925796,0.7234268346934895,0.2382917609063582
inc_tc_ddh,big_rw,0.95,1.0,24,0.7250212739630572,0.25681487794931895,0.7253233162064737,0.25626866697614015
inc_tc_ddh,big_rw,0.95,1.0,28,0.7256348773486714,0.24877733220955947,0.7216605952023322,0.2564680753415507
inc_tc_ddh,big_rw,0.95,1.0,25,0.7231550665856938,0.23986678571349607,0.7102496170545934,0.24159397257704637
inc_tc_ddh,big_rw,0.95,1.0,16,0.7143917847046998,0.24786424494732087,0.7158602034074539,0.25136757193608944
inc_tc_ddh,big_rw,0.95,1.0,4,0.7274078711433472,0.24297050164854708,0.7279515130856917,0.24159788537909957
inc_tc_ddh,big_rw,0.95,1.0,26,0.7050202896039804,0.26081595673229274,0.7174378454161028,0.2534278020840871
inc_tc_ddh,big_rw,0.95,1.0,11,0.7206629649603877,0.2553292592255368,0.7152818997537846,0.25294421767861386
inc_tc_ddh,big_rw,0.95,1.0,19,0.7186794666574091,0.26274806725729805,0.7326970450703583,0.2652494517800206
inc_tc_ddh,big_rw,0.95,1.0,10,0.7177836878856859,0.263692149279117,0.7292607264057607,0.25129023925292887
inc_tc_ddh,big_rw,0.95,1.0,23,0.7207001980249573,0.24586806571439895,0.7294030529449124,0.23954294709673374
inc_tc_ddh,big_rw,0.95,1.0,0,0.7120631662961062,0.2581231612085383,0.7279262369050037,0.24995651965091778
inc_tc_ddh,big_rw,0.95,1.0,3,0.7266090719073303,0.26581635367405887,0.7227839279549979,0.26835044562229476
inc_tc_ddh,big_rw,0.95,1.0,6,0.7216361482213096,0.2685020033911273,0.7251175459399232,0.2663691617911672
inc_tc_ddh,big_rw,0.95,1.0,12,0.7145559900489062,0.25429893731281683,0.7185811545791949,0.2509529603613063
inc_tc_ddh,big_rw,0.95,1.0,29,0.7277696535644714,0.2571281074626256,0.729340345909427,0.2571501953886714
inc_tc_ddh,big_rw,0.95,1.0,20,0.7205682689267788,0.2515566256476296,0.7221472794790202,0.2518775650210296
inc_tc_ddh,big_rw,0.95,1.0,2,0.720301657127472,0.2721413660227109,0.7258277385665921,0.26770776995012285
inc_tc_ddh,big_rw,0.95,1.0,8,0.71081193526938,0.26402124647494013,0.7121053859263536,0.2702890481652736
inc_tc_ddh,big_rw,0.95,1.0,1,0.7067031110668618,0.22800119191867452,0.7139958132298678,0.23632988516280826
inc_tc_ddh,big_rw,0.95,1.0,21,0.7300672123150306,0.24568841720399393,0.718317827133293,0.249611130663799
inc_tc_ddh,big_rw,0.95,1.0,14,0.722617482332678,0.25780816423855196,0.7128810583388868,0.2521267525494554
inc_tc_ddh,big_rw,0.95,1.0,13,0.7257142005048273,0.2724613733799377,0.7110362446993426,0.2789504494076816
inc_tc_ddh,big_rw,0.95,1.0,22,0.7213632452619735,0.2420277997920691,0.7205820015763175,0.2345639395016797
inc_tc_ddh,big_rw,0.5,1.0,9,0.7096275399856244,0.2619902640456826,0.7349221081156319,0.24597234557009354
inc_tc_ddh,big_rw,0.5,1.0,7,0.7235946351383368,0.24890626310066807,0.7162666483227503,0.25435009093790667
inc_tc_ddh,big_rw,0.5,1.0,5,0.7071932257734087,0.25915122046086325,0.7176319287197768,0.2589158524017268
inc_tc_ddh,big_rw,0.5,1.0,4,0.7198425468056887,0.25240393632443475,0.7304729607239276,0.24736457474061713
inc_tc_ddh,big_rw,0.5,1.0,0,0.7155765675519395,0.24875816534344428,0.7257717455398011,0.24560198960727841
inc_tc_ddh,big_rw,0.5,1.0,3,0.7188002907057213,0.25078471045702294,0.7216525257218287,0.2546305265241768
inc_tc_ddh,big_rw,0.5,1.0,6,0.7125599430784426,0.2554641515767339,0.7230552081143008,0.25001733270936843
inc_tc_ddh,big_rw,0.5,1.0,2,0.7121053140117597,0.2606413509399418,0.7160262052702865,0.25710690059039965
inc_tc_ddh,big_rw,0.5,1.0,8,0.7109536843118976,0.25651342008181083,0.7182334689777634,0.2604325596712029
inc_tc_ddh,big_rw,0.5,1.0,1,0.7022596574233596,0.2465689802087931,0.7157256389440216,0.2435706558341768
inc_tc_ddh,big_rw,0.1,1.0,9,0.7060715195483773,0.25727120685762495,0.7267640124922793,0.2474679774819196
inc_tc_ddh,big_rw,0.1,1.0,17,0.7053476469204358,0.25437122816093943,0.710652918728099,0.2552800131565349
inc_tc_ddh,big_rw,0.1,1.0,7,0.7227507846210479,0.25722930463415683,0.711499035590267,0.260542051089733
inc_tc_ddh,big_rw,0.1,1.0,5,0.7070666751214426,0.26634425369352005,0.7224578326048285,0.26101422245776057
inc_tc_ddh,big_rw,0.1,1.0,15,0.7226229785838865,0.23676138703286662,0.7127503562005991,0.23897235336950287
inc_tc_ddh,big_rw,0.1,1.0,18,0.7113155041287221,0.24870702049216695,0.7185151769690226,0.245094454211204
inc_tc_ddh,big_rw,0.1,1.0,27,0.7100419702442078,0.24428260390069514,0.7136213566087004,0.24699922558564466
inc_tc_ddh,big_rw,0.1,1.0,24,0.7153806953980945,0.24557656884954962,0.7050520172146341,0.2560762341910756
inc_tc_ddh,big_rw,0.1,1.0,28,0.7203318289378475,0.2479889181950025,0.7203759897535228,0.24859841898010018
inc_tc_ddh,big_rw,0.1,1.0,25,0.7110077864052401,0.2434621502649804,0.7054685524528269,0.24096270639036035
inc_tc_ddh,big_rw,0.1,1.0,16,0.7037401692200761,0.2518369990613174,0.7056321552741884,0.2585202738139496
inc_tc_ddh,big_rw,0.1,1.0,4,0.7203161411457355,0.23534373337423936,0.7185680695877212,0.23253987087750122
inc_tc_ddh,big_rw,0.1,1.0,26,0.704837832057845,0.25608435524316314,0.7091865921400332,0.24869928403461034
inc_tc_ddh,big_rw,0.1,1.0,11,0.713513922633109,0.24727235601320688,0.7083373573464735,0.25168825647876514
inc_tc_ddh,big_rw,0.1,1.0,19,0.7117824211314843,0.23953208109379184,0.7163177431490081,0.24496399166810434
inc_tc_ddh,big_rw,0.1,1.0,10,0.712168544154243,0.25835254678658853,0.7199338535823973,0.24359448907123313
inc_tc_ddh,big_rw,0.1,1.0,23,0.7013034066692809,0.25408441395746373,0.7141475642558685,0.24778798215646486
inc_tc_ddh,big_rw,0.1,1.0,0,0.7072572829371188,0.25173398495901045,0.7208872182410706,0.24781281334424737
inc_tc_ddh,big_rw,0.1,1.0,3,0.7113215115177759,0.24361988616323468,0.7125443170987471,0.25093859658717427
inc_tc_ddh,big_rw,0.1,1.0,6,0.7048152648541872,0.26441816998391526,0.7135902941412372,0.260524579021107
inc_tc_ddh,big_rw,0.1,1.0,12,0.6999923186816694,0.26421373826547623,0.7093570643065901,0.25319334369390045
inc_tc_ddh,big_rw,0.1,1.0,29,0.7162155555386552,0.2514376800245415,0.7116559595333236,0.25237568749669664
inc_tc_ddh,big_rw,0.1,1.0,20,0.7088634080111562,0.25966260265133123,0.720486008509134,0.2517421223807607
inc_tc_ddh,big_rw,0.1,1.0,2,0.7114132157652924,0.23399790481746097,0.7062476789973485,0.23033688118866036
inc_tc_ddh,big_rw,0.1,1.0,8,0.698392122215808,0.2586092638716489,0.6974300260374526,0.2642890034497389
inc_tc_ddh,big_rw,0.1,1.0,1,0.707370548971058,0.256109045403772,0.7165271529148555,0.2612051363843067
inc_tc_ddh,big_rw,0.1,1.0,21,0.7126903897230202,0.2452319073661799,0.7066907522833717,0.24986034442455193
inc_tc_ddh,big_rw,0.1,1.0,14,0.7180676347901491,0.25319955811376643,0.704975888921484,0.25056730882943384
inc_tc_ddh,big_rw,0.1,1.0,13,0.7006645175808415,0.25350478546642524,0.7110925252883838,0.24751169672329243
inc_tc_ddh,big_rw,0.1,1.0,22,0.7167179882795759,0.2402956621059698,0.7125020191825048,0.24243054754568133
inc_tc_ddh,nasa,0.95,1.0,9,0.6413502109704642,0.21126980004899137,0.5242537313432836,0.2238406962253662
inc_tc_ddh,nasa,0.95,1.0,17,0.6096491228070176,0.19969026648199975,0.5991902834008097,0.19045296388496546
inc_tc_ddh,nasa,0.95,1.0,7,0.4857142857142857,0.20484779065111142,0.6074074074074074,0.24468187257711654
inc_tc_ddh,nasa,0.95,1.0,5,0.5114068441064639,0.26905931728832383,0.5529197080291971,0.17101208954640681
inc_tc_ddh,nasa,0.95,1.0,15,0.512396694214876,0.20725818883138572,0.6460905349794238,0.19770205801105198
inc_tc_ddh,nasa,0.95,1.0,18,0.4908256880733945,0.22502847704233353,0.5534188034188035,0.22886874656175932
inc_tc_ddh,nasa,0.95,1.0,27,0.5670498084291188,0.20381718824917255,0.6645833333333333,0.22337707571518448
inc_tc_ddh,nasa,0.95,1.0,24,0.5733082706766918,0.1869132562745366,0.5020325203252033,0.1629144582521316
inc_tc_ddh,nasa,0.95,1.0,28,0.378099173553719,0.18682267000635347,0.6558441558441559,0.18793608278162174
inc_tc_ddh,nasa,0.95,1.0,25,0.5674603174603174,0.1908820199153892,0.5294117647058824,0.1889536069112057
inc_tc_ddh,nasa,0.95,1.0,16,0.689795918367347,0.19781661050310834,0.6303317535545023,0.19324716919267454
inc_tc_ddh,nasa,0.95,1.0,4,0.5363247863247863,0.3101527851961429,0.6134453781512605,0.24853540600582577
inc_tc_ddh,nasa,0.95,1.0,26,0.5936170212765958,0.15760365379323277,0.4980392156862745,0.18578304591352812
inc_tc_ddh,nasa,0.95,1.0,11,0.6015037593984962,0.1429210866278078,0.46875,0.15163044175971332
inc_tc_ddh,nasa,0.95,1.0,19,0.5909090909090909,0.1497025521136916,0.55859375,0.15200550802653737
inc_tc_ddh,nasa,0.95,1.0,10,0.49336283185840707,0.3874392768671329,0.5425531914893617,0.22782523221357595
inc_tc_ddh,nasa,0.95,1.0,23,0.5102040816326531,0.19753303407535075,0.5707317073170731,0.16258730460609377
inc_tc_ddh,nasa,0.95,1.0,0,0.6095890410958904,0.2048764124078503,0.5879120879120879,0.21483155161363798
inc_tc_ddh,nasa,0.95,1.0,3,0.560546875,0.18238477310990536,0.452755905511811,0.2357613350396153
inc_tc_ddh,nasa,0.95,1.0,6,0.5780590717299579,0.2352435519023502,0.5230496453900709,0.2739080946182185
inc_tc_ddh,nasa,0.95,1.0,12,0.5532786885245902,0.25349338355427065,0.5619834710743802,0.20485417537481734
inc_tc_ddh,nasa,0.95,1.0,29,0.5603448275862069,0.21771483056810295,0.46099290780141844,0.20268996724569205
inc_tc_ddh,nasa,0.95,1.0,20,0.5169172932330827,0.3011349531418372,0.4672413793103448,0.23026445572176674
inc_tc_ddh,nasa,0.95,1.0,2,0.5362595419847328,0.22749823700487312,0.4480769230769231,0.2206796188352581
inc_tc_ddh,nasa,0.95,1.0,8,0.512396694214876,0.1413545423377275,0.5019230769230769,0.18911053425864793
inc_tc_ddh,nasa,0.95,1.0,1,0.5017605633802817,0.134036116017038,0.5764462809917356,0.1613924551731749
inc_tc_ddh,nasa,0.95,1.0,21,0.5060975609756098,0.195649453227879,0.5942982456140351,0.15319744737166593
inc_tc_ddh,nasa,0.95,1.0,14,0.519455252918288,0.14439105458107085,0.41699604743083,0.22783806737884132
inc_tc_ddh,nasa,0.95,1.0,13,0.6,0.18176984868750812,0.5850340136054422,0.1911040818955432
inc_tc_ddh,nasa,0.95,1.0,22,0.6107011070110702,0.16059438372873172,0.5711009174311926,0.1808648021379977
inc_tc_ddh,nasa,0.5,1.0,9,0.6139240506329114,0.13921111278065573,0.6865671641791045,0.15147027407162036
inc_tc_ddh,nasa,0.5,1.0,17,0.6293859649122807,0.5272356727165852,0.6477732793522267,0.5945783623389133
inc_tc_ddh,nasa,0.5,1.0,7,0.5619047619047619,0.07413704667902364,0.5481481481481482,0.12490433236591239
inc_tc_ddh,nasa,0.5,1.0,5,0.6406844106463878,0.5353601637365434,0.5784671532846716,0.45296136760437794
inc_tc_ddh,nasa,0.5,1.0,15,0.5495867768595041,0.6626681159989974,0.6111111111111112,0.6790646632933487
inc_tc_ddh,nasa,0.5,1.0,18,0.5986238532110092,0.5063457820973956,0.6474358974358975,0.48822522592041745
inc_tc_ddh,nasa,0.5,1.0,27,0.5402298850574713,0.17648967541598648,0.5604166666666667,0.22052152525182186
inc_tc_ddh,nasa,0.5,1.0,24,0.4830827067669173,0.20668110153877603,0.5101626016260162,0.21905625041932272
inc_tc_ddh,nasa,0.5,1.0,28,0.2871900826446281,0.18382838583075942,0.6125541125541125,0.1579250004391435
inc_tc_ddh,nasa,0.5,1.0,25,0.4503968253968254,0.15436853884598428,0.6197478991596639,0.14937077316154299
inc_tc_ddh,nasa,0.5,1.0,16,0.7448979591836735,0.5107586609428552,0.6113744075829384,0.4408490694565219
inc_tc_ddh,nasa,0.5,1.0,4,0.4337606837606838,0.1703557731393558,0.5294117647058824,0.15459848766086134
inc_tc_ddh,nasa,0.5,1.0,26,0.648936170212766,0.5295627866575027,0.6607843137254902,0.5291720434560079
inc_tc_ddh,nasa,0.5,1.0,11,0.34022556390977443,0.20640326314866542,0.5446428571428571,0.19579650387851638
inc_tc_ddh,nasa,0.5,1.0,19,0.5681818181818182,0.4751505983326542,0.544921875,0.4783038883237775
inc_tc_ddh,nasa,0.5,1.0,10,0.4579646017699115,0.24913179217095546,0.5872340425531914,0.18601411712731222
inc_tc_ddh,nasa,0.5,1.0,23,0.49183673469387756,0.21543912837179632,0.45365853658536587,0.19716571157491847
inc_tc_ddh,nasa,0.5,1.0,0,0.4840182648401826,0.20823672156733372,0.5311355311355311,0.2430045422228724
inc_tc_ddh,nasa,0.5,1.0,3,0.615234375,0.6314197532461129,0.4625984251968504,0.6067179870336432
inc_tc_ddh,nasa,0.5,1.0,6,0.6012658227848101,0.4403931222846736,0.5159574468085106,0.5637440462045875
inc_tc_ddh,nasa,0.5,1.0,12,0.5471311475409836,0.42979591284343555,0.5495867768595041,0.4012511877968025
inc_tc_ddh,nasa,0.5,1.0,29,0.521551724137931,0.15788745096411086,0.526595744680851,0.13851827305754033
inc_tc_ddh,nasa,0.5,1.0,20,0.5413533834586466,0.5641010548281203,0.47758620689655173,0.5589943166326785
inc_tc_ddh,nasa,0.5,1.0,2,0.5801526717557252,0.42718792448611886,0.5384615384615384,0.4656509902552723
inc_tc_ddh,nasa,0.5,1.0,8,0.5454545454545454,0.5630443050986029,0.4846153846153846,0.5605438600200467
inc_tc_ddh,nasa,0.5,1.0,1,0.5492957746478874,0.32854920860520365,0.5206611570247934,0.35903524824688887
inc_tc_ddh,nasa,0.5,1.0,21,0.556910569105691,0.6101051637413198,0.5877192982456141,0.5160363216889352
inc_tc_ddh,nasa,0.5,1.0,14,0.6634241245136187,0.6876838429123382,0.6146245059288538,0.5565101751706285
inc_tc_ddh,nasa,0.5,1.0,13,0.5,0.18140733864809494,0.4710884353741497,0.20923423055186438
inc_tc_ddh,nasa,0.5,1.0,22,0.540590405904059,0.45642671994390294,0.555045871559633,0.5093527042042633
inc_tc_ddh,nasa,0.1,1.0,9,0.5991561181434599,0.32079284673379665,0.621268656716418,0.3050479336387822
inc_tc_ddh,nasa,0.1,1.0,17,0.5241228070175439,0.6316820832784373,0.5991902834008097,0.7249785666986338
inc_tc_ddh,nasa,0.1,1.0,7,0.4595238095238095,0.6972825497160212,0.6444444444444445,0.6308617061439573
inc_tc_ddh,nasa,0.1,1.0,5,0.564638783269962,0.6984945254557842,0.5784671532846716,0.6157352666021325
inc_tc_ddh,nasa,0.1,1.0,15,0.5247933884297521,0.6000484001634341,0.6131687242798354,0.6107699037951224
inc_tc_ddh,nasa,0.1,1.0,18,0.5940366972477065,0.685458065904374,0.6089743589743589,0.6496051056206104
inc_tc_ddh,nasa,0.1,1.0,27,0.657088122605364,0.6029346584126024,0.48333333333333334,0.612735789122029
inc_tc_ddh,nasa,0.1,1.0,24,0.6635338345864662,0.6213279543482328,0.6280487804878049,0.6766273587626394
inc_tc_ddh,nasa,0.1,1.0,28,0.6694214876033058,0.6342201671373471,0.5497835497835498,0.5809161169576322
inc_tc_ddh,nasa,0.1,1.0,25,0.5753968253968254,0.6829617517237052,0.4852941176470588,0.633344435582814
inc_tc_ddh,nasa,0.1,1.0,16,0.746938775510204,0.6711203333820795,0.5758293838862559,0.5766313650919919
inc_tc_ddh,nasa,0.1,1.0,4,0.5662393162393162,0.7045469672548049,0.6176470588235294,0.6190360095205634
inc_tc_ddh,nasa,0.1,1.0,26,0.6702127659574468,0.6149726596280828,0.6333333333333333,0.6053327322344699
inc_tc_ddh,nasa,0.1,1.0,11,0.29887218045112784,0.5732781206157995,0.5982142857142857,0.7240044652500444
inc_tc_ddh,nasa,0.1,1.0,19,0.5516528925619835,0.6289699222568298,0.55078125,0.608273122376105
inc_tc_ddh,nasa,0.1,1.0,10,0.6637168141592921,0.6922288145504147,0.5936170212765958,0.5822756608691377
inc_tc_ddh,nasa,0.1,1.0,23,0.5326530612244897,0.7080858831937422,0.5073170731707317,0.5926784224371658
inc_tc_ddh,nasa,0.1,1.0,0,0.6164383561643836,0.552284852722276,0.5641025641025641,0.6143944799413902
inc_tc_ddh,nasa,0.1,1.0,3,0.58203125,0.7269820451437952,0.4881889763779528,0.6924544179614321
inc_tc_ddh,nasa,0.1,1.0,6,0.620253164556962,0.5679185978822887,0.524822695035461,0.7298011828727337
inc_tc_ddh,nasa,0.1,1.0,12,0.5307377049180327,0.5588244716716829,0.5847107438016529,0.5236155213736152
inc_tc_ddh,nasa,0.1,1.0,29,0.6422413793103449,0.6038158955112315,0.524822695035461,0.6212096216736265
inc_tc_ddh,nasa,0.1,1.0,20,0.5281954887218046,0.6687217861809797,0.5172413793103449,0.6771601297658922
inc_tc_ddh,nasa,0.1,1.0,2,0.5687022900763359,0.603403067720531,0.55,0.6877920786946303
inc_tc_ddh,nasa,0.1,1.0,8,0.5909090909090909,0.701332104330967,0.5269230769230769,0.6892786731476198
inc_tc_ddh,nasa,0.1,1.0,1,0.5246478873239436,0.5349977276551053,0.5950413223140496,0.6018284287967945
inc_tc_ddh,nasa,0.1,1.0,21,0.5609756097560976,0.6639552644702192,0.5964912280701754,0.5612247160153377
inc_tc_ddh,nasa,0.1,1.0,14,0.6245136186770428,0.7358748564769485,0.6383399209486166,0.5915797415114118
inc_tc_ddh,nasa,0.1,1.0,13,0.5137254901960784,0.5971027099628196,0.48639455782312924,0.5888884509266084
inc_tc_ddh,nasa,0.1,1.0,22,0.6236162361623616,0.6152242018073208,0.5160550458715596,0.6880558720146774
inc_tc_ddh,churn_lastfm_months,0.95,1.0,9,0.531863156129465,0.3278454243348319,0.544196601538717,0.3254606997144896
inc_tc_ddh,churn_lastfm_months,0.95,1.0,17,0.5775415794691046,0.32847361122031754,0.5510692804633549,0.3502297135503275
inc_tc_ddh,churn_lastfm_months,0.95,1.0,7,0.5658975361752053,0.3357817783517283,0.549632966299633,0.30680702686375344
inc_tc_ddh,churn_lastfm_months,0.95,1.0,5,0.5170857332742579,0.31838794389311137,0.5714522546419099,0.2916561697603274
inc_tc_ddh,churn_lastfm_months,0.95,1.0,15,0.5370069475571493,0.303007934209766,0.5692341452710117,0.2874790705493551
inc_tc_ddh,churn_lastfm_months,0.95,1.0,18,0.5970982753900903,0.35100460584155074,0.5356346818232475,0.35273876677339866
inc_tc_ddh,churn_lastfm_months,0.95,1.0,27,0.5746649824253075,0.30483651755349,0.5699874615296934,0.3327704672941101
inc_tc_ddh,churn_lastfm_months,0.95,1.0,24,0.5777802540673056,0.2974506104104886,0.5578323972640827,0.28478962390218043
inc_tc_ddh,churn_lastfm_months,0.95,1.0,28,0.5893213857656526,0.3349407463239415,0.5497393689986283,0.3013067565677606
inc_tc_ddh,churn_lastfm_months,0.95,1.0,25,0.5753704932537049,0.31348852123415255,0.5267448352875489,0.3348430749048798
inc_tc_ddh,churn_lastfm_months,0.95,1.0,16,0.561773018806392,0.33885102956831215,0.5751301074078176,0.3290821807005876
inc_tc_ddh,churn_lastfm_months,0.95,1.0,4,0.5791916833444518,0.272720407320451,0.5654538319224085,0.28874532432169475
inc_tc_ddh,churn_lastfm_months,0.95,1.0,26,0.5408626879066637,0.295315037353261,0.5829122008107958,0.3121451158054832
inc_tc_ddh,churn_lastfm_months,0.95,1.0,11,0.5579972813774354,0.32688134468537433,0.6079493871992737,0.2688599891745038
inc_tc_ddh,churn_lastfm_months,0.95,1.0,19,0.5271004942339373,0.3121400421258519,0.5356548279689234,0.3152008419866612
inc_tc_ddh,churn_lastfm_months,0.95,1.0,10,0.5898586493156832,0.3371569206304486,0.5748140748140748,0.3323439625878482
inc_tc_ddh,churn_lastfm_months,0.95,1.0,23,0.5575818495117748,0.3220279428484263,0.5582752516871335,0.31920914509857207
inc_tc_ddh,churn_lastfm_months,0.95,1.0,0,0.5730887706524783,0.2659923760778924,0.5671350507416081,0.3118749157030952
inc_tc_ddh,churn_lastfm_months,0.95,1.0,3,0.5477729885057471,0.2671389893533631,0.5810518731988472,0.26636151758917376
inc_tc_ddh,churn_lastfm_months,0.95,1.0,6,0.5491236799911539,0.3021042754299577,0.5382082403526914,0.2967390881292625
inc_tc_ddh,churn_lastfm_months,0.95,1.0,12,0.5677197724840908,0.3165722763482783,0.5428299669893135,0.33252469112705046
inc_tc_ddh,churn_lastfm_months,0.95,1.0,29,0.580122206319498,0.3224114238978073,0.5972020145495244,0.30492222517490913
inc_tc_ddh,churn_lastfm_months,0.95,1.0,20,0.5341113105924596,0.3052779385782865,0.5655144923409828,0.2915747071169847
inc_tc_ddh,churn_lastfm_months,0.95,1.0,2,0.5280740536059685,0.3039335358065476,0.6054646324549238,0.36243521958944963
inc_tc_ddh,churn_lastfm_months,0.95,1.0,8,0.5657901944672692,0.34071487851697163,0.5432623708692427,0.34092936759526876
inc_tc_ddh,churn_lastfm_months,0.95,1.0,1,0.5958976060153701,0.2582314964587898,0.5570320840591111,0.30585862919102985
inc_tc_ddh,churn_lastfm_months,0.95,1.0,21,0.5697635230017413,0.31692043137805354,0.5744041170097508,0.32262860468405247
inc_tc_ddh,churn_lastfm_months,0.95,1.0,14,0.5676917044754383,0.28837169276060004,0.5716173798116636,0.2715675802391162
inc_tc_ddh,churn_lastfm_months,0.95,1.0,13,0.5637172599059772,0.3531356993210804,0.5778446419698559,0.34220203528725146
inc_tc_ddh,churn_lastfm_months,0.95,1.0,22,0.5845102248333521,0.3028872696694138,0.5910004466279589,0.3213601086244904
inc_tc_ddh,churn_lastfm_months,0.5,1.0,9,0.5566549276091453,0.2609015412038939,0.5478496706702828,0.2588103226053229
inc_tc_ddh,churn_lastfm_months,0.5,1.0,17,0.607390681793149,0.30612699940953125,0.5541880151481399,0.3210986320447549
inc_tc_ddh,churn_lastfm_months,0.5,1.0,7,0.5677691491144756,0.32113729894369974,0.5536091647202759,0.2983960244790254
inc_tc_ddh,churn_lastfm_months,0.5,1.0,5,0.5063136907399203,0.30445271743466146,0.5526912024756853,0.2776807878024125
inc_tc_ddh,churn_lastfm_months,0.5,1.0,15,0.5550481846705513,0.30943075570751405,0.5710445468509985,0.29568708307903596
inc_tc_ddh,churn_lastfm_months,0.5,1.0,18,0.5951820421571311,0.3156378902471534,0.5519614398751811,0.3240436929413546
inc_tc_ddh,churn_lastfm_months,0.5,1.0,27,0.5660423989455184,0.30566984539474185,0.5854040807021543,0.33080535476628015
inc_tc_ddh,churn_lastfm_months,0.5,1.0,24,0.5845498105638511,0.28566980485937377,0.5672579658566423,0.2699663607104032
inc_tc_ddh,churn_lastfm_months,0.5,1.0,28,0.5731978768335141,0.31730630620071854,0.5678463648834019,0.2859378398236553
inc_tc_ddh,churn_lastfm_months,0.5,1.0,25,0.5866511833665118,0.2731791966320812,0.5322445561139029,0.300370606033989
inc_tc_ddh,churn_lastfm_months,0.5,1.0,16,0.5671812153494945,0.31516975075950626,0.5821614439154025,0.30184803283992717
inc_tc_ddh,churn_lastfm_months,0.5,1.0,4,0.5709917722926395,0.2575151938943237,0.539524583730448,0.26603706883723627
inc_tc_ddh,churn_lastfm_months,0.5,1.0,26,0.5531747812429886,0.2610279585844788,0.6027933581385017,0.2712025793880766
inc_tc_ddh,churn_lastfm_months,0.5,1.0,11,0.5781037607612143,0.2976871554319299,0.5967714480254199,0.25245395838242757
inc_tc_ddh,churn_lastfm_months,0.5,1.0,19,0.5450302031850631,0.2839133698392853,0.5545227524972253,0.2852560766969524
inc_tc_ddh,churn_lastfm_months,0.5,1.0,10,0.5835203051379851,0.2840180255707567,0.5531413031413032,0.28512342063308865
inc_tc_ddh,churn_lastfm_months,0.5,1.0,23,0.5551694428489374,0.2686363057200862,0.5731828742117491,0.26755593751545403
inc_tc_ddh,churn_lastfm_months,0.5,1.0,0,0.5737888546625595,0.2480117935846396,0.5739935318389651,0.2873445536225074
inc_tc_ddh,churn_lastfm_months,0.5,1.0,3,0.5604553492484527,0.2800461560713175,0.572101529594325,0.28131309058433085
inc_tc_ddh,churn_lastfm_months,0.5,1.0,6,0.5594349532813623,0.3145540042354415,0.5401676372938551,0.3130707657630703
inc_tc_ddh,churn_lastfm_months,0.5,1.0,12,0.5825871487300783,0.2939559471884941,0.5400044760252896,0.3256688262480607
inc_tc_ddh,churn_lastfm_months,0.5,1.0,29,0.5586535285698557,0.298733836769423,0.5799104644655848,0.28749521417564156
inc_tc_ddh,churn_lastfm_months,0.5,1.0,20,0.5809582585278277,0.3001047296272046,0.5587665850464096,0.28375489931018166
inc_tc_ddh,churn_lastfm_months,0.5,1.0,2,0.5405636916275214,0.28042678978148255,0.5926490984743412,0.3426139333191952
inc_tc_ddh,churn_lastfm_months,0.5,1.0,8,0.5870172555464256,0.2740986057377311,0.55062496432852,0.2847218938608361
inc_tc_ddh,churn_lastfm_months,0.5,1.0,1,0.5884060374854868,0.26169082744778793,0.5463842220598978,0.30492801014024135
inc_tc_ddh,churn_lastfm_months,0.5,1.0,21,0.5665618154243667,0.28902284852383126,0.5770585048754063,0.29530394563479584
inc_tc_ddh,churn_lastfm_months,0.5,1.0,14,0.5658432756399485,0.31022970393764865,0.5749765956275126,0.28743681545058225
inc_tc_ddh,churn_lastfm_months,0.5,1.0,13,0.5939109021714798,0.30312411061554084,0.5906255175840557,0.3015529224207835
inc_tc_ddh,churn_lastfm_months,0.5,1.0,22,0.5671675516890747,0.29037294936660335,0.5997376060741403,0.30937321538716744
inc_tc_ddh,churn_lastfm_months,0.1,1.0,9,0.5728939571803902,0.29426151770809506,0.550810870648143,0.2929384757259241
inc_tc_ddh,churn_lastfm_months,0.1,1.0,17,0.600479127657231,0.2722938514861036,0.5548563154377367,0.2948812953053387
inc_tc_ddh,churn_lastfm_months,0.1,1.0,7,0.5568467512151517,0.36726954381299287,0.5425981537092648,0.33260567270960173
inc_tc_ddh,churn_lastfm_months,0.1,1.0,5,0.4972862206468764,0.31833736893393494,0.5640473032714411,0.29376748947732156
inc_tc_ddh,churn_lastfm_months,0.1,1.0,15,0.56331241595697,0.3155263742366467,0.5615810840465219,0.3024546102369612
inc_tc_ddh,churn_lastfm_months,0.1,1.0,18,0.6093621680810293,0.32281488584232715,0.5386437089044912,0.3270407404557004
inc_tc_ddh,churn_lastfm_months,0.1,1.0,27,0.5663993848857645,0.2862120504122239,0.5658269691097686,0.312241333687048
inc_tc_ddh,churn_lastfm_months,0.1,1.0,24,0.5837419211054157,0.2807855117986939,0.5678140465995662,0.2664015480461945
inc_tc_ddh,churn_lastfm_months,0.1,1.0,28,0.5843273785742823,0.34576768372668276,0.561920438957476,0.3084203537899208
inc_tc_ddh,churn_lastfm_months,0.1,1.0,25,0.5433255916832559,0.3648536575984937,0.4898101619207147,0.38386070689185064
inc_tc_ddh,churn_lastfm_months,0.1,1.0,16,0.5559028155234265,0.319516056524257,0.5858708891595615,0.3069290394798357
inc_tc_ddh,churn_lastfm_months,0.1,1.0,4,0.5707416055147876,0.2711102910447595,0.5541570891966138,0.2859617550717158
inc_tc_ddh,churn_lastfm_months,0.1,1.0,26,0.5126486425846982,0.3515093330648547,0.5527572610651413,0.3684887129145851
inc_tc_ddh,churn_lastfm_months,0.1,1.0,11,0.5691549614861804,0.31808342125779954,0.6009418974126192,0.26501497720159506
inc_tc_ddh,churn_lastfm_months,0.1,1.0,19,0.5279791323448655,0.29695984913119716,0.5534128745837957,0.29965143650099973
inc_tc_ddh,churn_lastfm_months,0.1,1.0,10,0.5931960960287189,0.29998567652033425,0.5532523032523032,0.3040536552287787
inc_tc_ddh,churn_lastfm_months,0.1,1.0,23,0.5562894887995405,0.3036772236524137,0.5619260980196924,0.3001628360649596
inc_tc_ddh,churn_lastfm_months,0.1,1.0,0,0.5689442733127975,0.3344982215527589,0.5451098472175756,0.3866414615715316
inc_tc_ddh,churn_lastfm_months,0.1,1.0,3,0.5650143678160919,0.31216229910381244,0.574512303258701,0.3126962244592774
inc_tc_ddh,churn_lastfm_months,0.1,1.0,6,0.5434842704705036,0.29693417570640707,0.519811680182877,0.29896046121169256
inc_tc_ddh,churn_lastfm_months,0.1,1.0,12,0.5489666047192656,0.34314171034254837,0.5224640519218934,0.35612917670899863
inc_tc_ddh,churn_lastfm_months,0.1,1.0,29,0.5609380160739844,0.3004613034372005,0.5778399552322327,0.2891970461356015
inc_tc_ddh,churn_lastfm_months,0.1,1.0,20,0.5686714542190305,0.29256425324548585,0.5552645065770742,0.28845180192849335
inc_tc_ddh,churn_lastfm_months,0.1,1.0,2,0.5361149488809063,0.3233709375712585,0.6205825242718447,0.38194315595005496
inc_tc_ddh,churn_lastfm_months,0.1,1.0,8,0.5809367296631059,0.29489111493887066,0.559671251640888,0.2991986664311072
inc_tc_ddh,churn_lastfm_months,0.1,1.0,1,0.5798087023829269,0.31282195803942775,0.5496151036691578,0.36740529717174036
inc_tc_ddh,churn_lastfm_months,0.1,1.0,21,0.5542043475818682,0.3137406715835014,0.5593986998916577,0.3211953658275169
inc_tc_ddh,churn_lastfm_months,0.1,1.0,14,0.557777404357811,0.3780828566696772,0.5718101217027369,0.35751862582599137
inc_tc_ddh,churn_lastfm_months,0.1,1.0,13,0.5768132975151108,0.2946472617027651,0.5837796058079833,0.29221097084908776
inc_tc_ddh,churn_lastfm_months,0.1,1.0,22,0.5761213422212179,0.28748153704418583,0.5846639124609201,0.3073674719877176
inc_tc_ddh,scania,0.95,1.0,9,0.49204917344969373,0.10474830647911494,0.5027535171879706,0.10650577080452471
inc_tc_ddh,scania,0.95,1.0,17,0.4994403705133153,0.10847964481437157,0.5066334821153095,0.10934008261333972
inc_tc_ddh,scania,0.95,1.0,7,0.4992019154030327,0.10436470776589768,0.5,0.10672453535759026
inc_tc_ddh,scania,0.95,1.0,5,0.5151674470280136,0.3774377329052496,0.5287137625565171,0.3697720417964697
inc_tc_ddh,scania,0.95,1.0,15,0.5794341890108158,0.6314750876991946,0.5152152545704738,0.641849934914812
inc_tc_ddh,scania,0.95,1.0,18,0.5629000862882027,0.509979460481233,0.5852496416385697,0.5278440533908013
inc_tc_ddh,scania,0.95,1.0,27,0.5623314227916386,0.21370679698146283,0.6257548164478098,0.20917418513674055
inc_tc_ddh,scania,0.95,1.0,24,0.5039481496140906,0.090089260280376,0.49945498375432346,0.09021277223241259
inc_tc_ddh,scania,0.95,1.0,28,0.5,0.08624358366269648,0.4991254588641762,0.09258053132463079
inc_tc_ddh,scania,0.95,1.0,25,0.5,0.1347805019785312,0.5021370812475934,0.1355583029926521
inc_tc_ddh,scania,0.95,1.0,16,0.5089475040130002,0.18529785719374345,0.5466552017313341,0.18695246351686692
inc_tc_ddh,scania,0.95,1.0,4,0.5217955425342681,0.24024482888983528,0.5353308389930457,0.23822391674018464
inc_tc_ddh,scania,0.95,1.0,26,0.5904597968192282,0.21768020649978265,0.5881797288875039,0.21124308188407104
inc_tc_ddh,scania,0.95,1.0,11,0.5008994479250667,0.5499407584340357,0.5000102827763496,0.5517037519181662
inc_tc_ddh,scania,0.95,1.0,19,0.49939909670666227,0.3569783903149232,0.5097426545916486,0.35519827442952107
inc_tc_ddh,scania,0.95,1.0,10,0.49929335965914995,0.09018668844989265,0.5,0.08689718976981796
inc_tc_ddh,scania,0.95,1.0,23,0.4966913437280285,0.0991341856843508,0.508218658062067,0.09662760407886205
inc_tc_ddh,scania,0.95,1.0,0,0.5008279797294601,0.724580993332407,0.5023061814490323,0.7105812836398308
inc_tc_ddh,scania,0.95,1.0,3,0.5093563208136319,0.10363417571091839,0.4991911901947365,0.10134743233560826
inc_tc_ddh,scania,0.95,1.0,6,0.49883824301935586,0.1638362770389614,0.5090819884335136,0.16353115748201785
inc_tc_ddh,scania,0.95,1.0,12,0.5067351669694882,0.21655154528734497,0.5098200709579321,0.2170388615706447
inc_tc_ddh,scania,0.95,1.0,29,0.49622770919067216,0.151765934284382,0.49670858214278435,0.1518778615770292
inc_tc_ddh,scania,0.95,1.0,20,0.503238226873334,0.7058633680931763,0.4999482851350792,0.7032681938048555
inc_tc_ddh,scania,0.95,1.0,2,0.5087047353760445,0.08233389473341984,0.4999693495984797,0.08627712527061206
inc_tc_ddh,scania,0.95,1.0,8,0.49947960646466233,0.08705081554566672,0.4991813945678183,0.08703317144720715
inc_tc_ddh,scania,0.95,1.0,1,0.5971206326810975,0.27035031262629106,0.5627065217391304,0.2583205199228208
inc_tc_ddh,scania,0.95,1.0,21,0.532253401887299,0.10155433672730628,0.5217404839981736,0.10274375708639615
inc_tc_ddh,scania,0.95,1.0,14,0.5215041703203703,0.1255953019884391,0.5465929177176223,0.12375263276699791
inc_tc_ddh,scania,0.95,1.0,13,0.4946252207152143,0.1725775472790467,0.5521223895094706,0.17062005347164316
inc_tc_ddh,scania,0.95,1.0,22,0.49949226765956545,0.09039894461010654,0.5083539251092948,0.08847839251518348
inc_tc_ddh,scania,0.5,1.0,9,0.574483930519426,0.36818578464839985,0.6270920277072667,0.373520767467451
inc_tc_ddh,scania,0.5,1.0,17,0.5009841759938248,0.2611873138596135,0.506119258695518,0.2608293014361727
inc_tc_ddh,scania,0.5,1.0,7,0.4991921826640453,0.08714515628728292,0.5,0.0918201881728188
inc_tc_ddh,scania,0.5,1.0,5,0.5311185620188874,0.20282296229078126,0.5442828208433069,0.1899784113820427
inc_tc_ddh,scania,0.5,1.0,15,0.49919226147087215,0.11903400622455129,0.5012875958325143,0.11801721054781067
inc_tc_ddh,scania,0.5,1.0,18,0.5,0.6108435410081073,0.5,0.6127493058772967
inc_tc_ddh,scania,0.5,1.0,27,0.4957118172623061,0.8759731947182441,0.5060577015240103,0.8781495891951488
inc_tc_ddh,scania,0.5,1.0,24,0.5,0.08896732767363694,0.5,0.08908229458657599
inc_tc_ddh,scania,0.5,1.0,28,0.5,0.5356024082705088,0.5,0.523061579734935
inc_tc_ddh,scania,0.5,1.0,25,0.5009362030692018,0.35264591545904034,0.5002599152868694,0.3532033434734417
inc_tc_ddh,scania,0.5,1.0,16,0.516052000554884,0.232888296123418,0.5572538259390941,0.2233786973852808
inc_tc_ddh,scania,0.5,1.0,4,0.4986292769697604,0.09755147935315567,0.5,0.09504573062259311
inc_tc_ddh,scania,0.5,1.0,26,0.5010877141107145,0.12023322233348739,0.502103459021502,0.12019863234009222
inc_tc_ddh,scania,0.5,1.0,11,0.5007857246241962,0.2683811623317483,0.49953727506426737,0.26899871152780364
inc_tc_ddh,scania,0.5,1.0,19,0.537033088449088,0.15796711229777305,0.5258369872556653,0.15439711611471768
inc_tc_ddh,scania,0.5,1.0,10,0.49929335965914995,0.09386538144940287,0.4999891150538805,0.0911197531985831
inc_tc_ddh,scania,0.5,1.0,23,0.49989660449150086,0.4492557327700952,0.5103160292303313,0.4550648386318877
inc_tc_ddh,scania,0.5,1.0,0,0.4999900243406089,0.08538525788582603,0.5,0.09021152121028128
inc_tc_ddh,scania,0.5,1.0,3,0.49548354001248995,0.4330201938061099,0.5363445944544681,0.4344469309951086
inc_tc_ddh,scania,0.5,1.0,6,0.5126075887986422,0.17292722734965865,0.5088627680230494,0.17270110109344658
inc_tc_ddh,scania,0.5,1.0,12,0.5114863312657937,0.11244048892967273,0.5097355972292616,0.10462022145327204
inc_tc_ddh,scania,0.5,1.0,29,0.5,0.09631021100631322,0.5,0.09570932857308988
inc_tc_ddh,scania,0.5,1.0,20,0.5457202093000296,0.15756609634953078,0.5208617765090398,0.16198969695000057
inc_tc_ddh,scania,0.5,1.0,2,0.5087047353760445,0.08642672261881817,0.4999693495984797,0.09195254772577419
inc_tc_ddh,scania,0.5,1.0,8,0.5070596783378827,0.24140460820696263,0.5101486083707653,0.23406020001417324
inc_tc_ddh,scania,0.5,1.0,1,0.5543756729662496,0.25116367743291185,0.5465434782608696,0.24477840507847334
inc_tc_ddh,scania,0.5,1.0,21,0.49076999318590103,0.5975943086351363,0.5,0.5968942009302086
inc_tc_ddh,scania,0.5,1.0,14,0.5,0.10696547897009452,0.49952334611030563,0.10571337160823875
inc_tc_ddh,scania,0.5,1.0,13,0.5106040320546403,0.10701522277077627,0.5020203982515784,0.10878723106894847
inc_tc_ddh,scania,0.5,1.0,22,0.49951342317375025,0.11076612612883413,0.5083539251092948,0.11132305130821696
inc_tc_ddh,scania,0.1,1.0,9,0.5,0.45793084303319503,0.5,0.4556150539575433
inc_tc_ddh,scania,0.1,1.0,7,0.5282249430634769,0.2220368956165911,0.5064707414307751,0.22563508486903153
inc_tc_ddh,scania,0.1,1.0,5,0.5,0.5474278701043092,0.4997340371120522,0.547786878874642
inc_tc_ddh,scania,0.1,1.0,4,0.5469498796693523,0.1723251629589358,0.5255398755541095,0.17128936055973773
inc_tc_ddh,scania,0.1,1.0,0,0.5000199513187822,0.6885149339121424,0.5,0.681251137574155
inc_tc_ddh,scania,0.1,1.0,3,0.5098358461950219,0.6537705999461929,0.4999688919305668,0.6605662962453179
inc_tc_ddh,scania,0.1,1.0,6,0.5335293166848507,0.4208891623168465,0.538906403323799,0.41812472628041925
inc_tc_ddh,scania,0.1,1.0,2,0.5068864128752708,0.15367680053788224,0.4988352847422301,0.1546630611587703
inc_tc_ddh,scania,0.1,1.0,8,0.5482198613593072,0.5522406196952756,0.5850824902397045,0.5505918504225482
inc_tc_ddh,scania,0.1,1.0,1,0.4989696654661568,0.10043808757042941,0.5,0.10111798075600319
tc_cox,big_rw,0.95,0.95,9,0.7255825789071471,0.18778602584022075,0.7466556402293151,0.1801940943869155
tc_cox,big_rw,0.95,0.95,7,0.7449264605824493,0.17094439499242353,0.7330296656875421,0.17636667707875392
tc_cox,big_rw,0.95,0.95,5,0.7318296839593932,0.17482461404789304,0.7353880473200289,0.17226356404115192
tc_cox,big_rw,0.95,0.95,4,0.7336309386807703,0.1791067541703426,0.7427854736826108,0.17659707546236614
tc_cox,big_rw,0.95,0.95,0,0.7381199421219945,0.17494082721175835,0.7493603853759555,0.16788327065526643
tc_cox,big_rw,0.95,0.95,3,0.7424507968625927,0.17206831253978597,0.7398477749722645,0.17459706626079488
tc_cox,big_rw,0.95,0.95,6,0.7335105092616658,0.18520840315971857,0.7438048574816446,0.1799757954677252
tc_cox,big_rw,0.95,0.95,2,0.7494349221375902,0.16902119735356297,0.7493777276856234,0.16868773195836217
tc_cox,big_rw,0.95,0.95,8,0.7161840616727361,0.18403986963611899,0.7200327105307451,0.18185826614157563
tc_cox,big_rw,0.95,0.95,1,0.7322345723635797,0.17335537698941347,0.7403368965227001,0.17287706730395108
tc_cox,big_rw,0.95,0.1,9,0.7315888731985308,0.17299289826825184,0.7529887734773947,0.16764303400027866
tc_cox,big_rw,0.95,0.1,7,0.7455653798465834,0.17036437663699433,0.7399831113195866,0.1725026605561299
tc_cox,big_rw,0.95,0.1,5,0.733640686115903,0.1727966320882274,0.7401361970696173,0.1707686344422864
tc_cox,big_rw,0.95,0.1,4,0.7362149928757764,0.17491811449861153,0.7424047190774612,0.1722841885913392
tc_cox,big_rw,0.95,0.1,0,0.7274616476771428,0.18365492314536827,0.7358440469687805,0.18067464760936414
tc_cox,big_rw,0.95,0.1,3,0.7426703458996435,0.17192527308578076,0.7428503737508169,0.17300809274511725
tc_cox,big_rw,0.95,0.1,6,0.7444941172393478,0.17003124965562375,0.7464915056935807,0.1686584560998723
tc_cox,big_rw,0.95,0.1,2,0.7455627003013748,0.1707341754283362,0.7492870529464689,0.1681420298190817
tc_cox,big_rw,0.95,0.1,8,0.727910819293235,0.17771875672284493,0.7299752181468759,0.17743673943607974
tc_cox,big_rw,0.95,0.1,1,0.7268791068939545,0.17481149760288875,0.737624455950671,0.17311662950634205
tc_cox,big_rw,0.95,0.99,9,0.7209797634043041,0.1935446637126323,0.7425639511617994,0.18665690577408728
tc_cox,big_rw,0.95,0.99,7,0.7453981277524083,0.16994753383389097,0.7379668152054455,0.17314423663084128
tc_cox,big_rw,0.95,0.99,5,0.7315765826554609,0.17496385114028262,0.7352021959718481,0.17238369426778175
tc_cox,big_rw,0.95,0.99,4,0.7439102916463807,0.17363372616536188,0.7509916445667973,0.17039318365809045
tc_cox,big_rw,0.95,0.99,0,0.7356489965007154,0.1756320183331454,0.745113300834974,0.17224410006606558
tc_cox,big_rw,0.95,0.99,3,0.7421834843761957,0.17150451645042503,0.7438330572447737,0.1713850595489309
tc_cox,big_rw,0.95,0.99,6,0.7417742068236558,0.1718719186945302,0.7464394798280545,0.16971583412711427
tc_cox,big_rw,0.95,0.99,2,0.7453588705825133,0.17419343764096124,0.7414817172658779,0.17482242801738587
tc_cox,big_rw,0.95,0.99,8,0.7243743970931708,0.18088310775141833,0.7275008212811119,0.17965493596537002
tc_cox,big_rw,0.95,0.99,1,0.7309524530980807,0.17569636689974147,0.7403632335332593,0.17575303432175252
tc_cox,big_rw,0.95,0.25,9,0.737550818641876,0.17225275283432193,0.7574887887012727,0.16571953943685
tc_cox,big_rw,0.95,0.25,7,0.7423507241175351,0.1733846031518736,0.7321852316668715,0.17709470475647002
tc_cox,big_rw,0.95,0.25,5,0.7353831287114976,0.17251309139006088,0.7390335513158329,0.17064608520479238
tc_cox,big_rw,0.95,0.25,4,0.739766273475955,0.1722484225138891,0.7485871643090457,0.1687329167682805
tc_cox,big_rw,0.95,0.25,0,0.7412407936779409,0.17211638784714822,0.7501235248955603,0.16816082812644131
tc_cox,big_rw,0.95,0.25,3,0.7339627434239772,0.17803855143298353,0.734039059837039,0.17922775621091458
tc_cox,big_rw,0.95,0.25,6,0.7377950585676908,0.17318706766533792,0.7453426011632116,0.17093548023456526
tc_cox,big_rw,0.95,0.25,2,0.7445630933046145,0.16943160124896137,0.7459383130276052,0.16897518649383164
tc_cox,big_rw,0.95,0.25,8,0.7298284890688224,0.17643174190547758,0.7319176088623673,0.17704369579748747
tc_cox,big_rw,0.95,0.25,1,0.7241996156077121,0.17878939827344592,0.7348786189631906,0.17515837083859856
tc_cox,big_rw,0.95,0.75,9,0.7357674000271501,0.17499154289245455,0.7590484206313994,0.1653120046916833
tc_cox,big_rw,0.95,0.75,7,0.7427256181957267,0.17075754638677595,0.7324839522328753,0.17630770401598952
tc_cox,big_rw,0.95,0.75,5,0.7300189527892902,0.17581534360758333,0.7347757673682962,0.17346706394295477
tc_cox,big_rw,0.95,0.75,4,0.7375610405969726,0.17456194466756586,0.740329430078474,0.1731079406865369
tc_cox,big_rw,0.95,0.75,0,0.7385233507347412,0.1749743350834677,0.7508193365600027,0.16857915822386346
tc_cox,big_rw,0.95,0.75,3,0.7354192572457967,0.17760155252541648,0.7338854561757356,0.17961860150900213
tc_cox,big_rw,0.95,0.75,6,0.7351217163972207,0.1824934064113214,0.7448480844726637,0.17727642101622132
tc_cox,big_rw,0.95,0.75,2,0.7440289563049879,0.17022717229171927,0.7405752405451961,0.1711644228306879
tc_cox,big_rw,0.95,0.75,8,0.7324843900219494,0.17451266308933022,0.7362212842509402,0.17457886146779839
tc_cox,big_rw,0.95,0.75,1,0.7289090163366723,0.17480011439410698,0.7355970491687551,0.17446915218135148
tc_cox,big_rw,0.95,0.01,9,0.7304617634508164,0.1756679768262825,0.7504189284999696,0.1723633795757858
tc_cox,big_rw,0.95,0.01,7,0.7482061738521817,0.17073578179943824,0.736163387962455,0.17447145558516636
tc_cox,big_rw,0.95,0.01,5,0.729153693192442,0.1754268058735283,0.7415899555744838,0.1707220186039779
tc_cox,big_rw,0.95,0.01,4,0.7356460839515694,0.1760828173311358,0.7495229033529202,0.17175478510144887
tc_cox,big_rw,0.95,0.01,0,0.7356791299839016,0.1755558246496144,0.7448991005215737,0.1714796929809572
tc_cox,big_rw,0.95,0.01,3,0.7447450707306125,0.17190174335580674,0.7387429684260347,0.174544759662629
tc_cox,big_rw,0.95,0.01,6,0.7451736887248531,0.17514035099009923,0.7461243439863519,0.17489219279488294
tc_cox,big_rw,0.95,0.01,2,0.7435911702377127,0.17413235872890845,0.7415856548773265,0.17297334059440247
tc_cox,big_rw,0.95,0.01,8,0.7212261616793907,0.17786977451042976,0.7206691695670834,0.17891903134622947
tc_cox,big_rw,0.95,0.01,1,0.7237299471027729,0.176598930704324,0.7293462176523134,0.17616391785533786
tc_cox,big_rw,0.95,0.9,9,0.7275296015039668,0.18309887865302124,0.7506742003114371,0.17486937090044016
tc_cox,big_rw,0.95,0.9,7,0.7440598399259212,0.1708330093334135,0.7318068883933383,0.17607743793804634
tc_cox,big_rw,0.95,0.9,5,0.7280296415771192,0.17811705882184126,0.7332542787802733,0.1757004138291544
tc_cox,big_rw,0.95,0.9,4,0.7318627448325685,0.17749438142905402,0.7385998868863012,0.17573750219281056
tc_cox,big_rw,0.95,0.9,0,0.7385714014241465,0.1754860085775123,0.7507973464137601,0.1681703173658295
tc_cox,big_rw,0.95,0.9,3,0.7425525655756879,0.17213620039339234,0.7399365177235829,0.17471930713283024
tc_cox,big_rw,0.95,0.9,6,0.7315405641905356,0.1879104653272749,0.743431192541225,0.18251691945164153
tc_cox,big_rw,0.95,0.9,2,0.7398649675609481,0.17575462587395624,0.7378054656026054,0.17606594559438782
tc_cox,big_rw,0.95,0.9,8,0.7156227462849036,0.18459935461534197,0.7169984353715356,0.1834775526921393
tc_cox,big_rw,0.95,0.9,1,0.7312979408174396,0.1739485116842746,0.7390412242094145,0.17315889462856535
tc_cox,big_rw,0.95,0.05,9,0.7298844171668982,0.17722618975043242,0.749491359361815,0.17287742973522374
tc_cox,big_rw,0.95,0.05,7,0.7452100030305971,0.1738226598832668,0.7393927116515103,0.17525276803179837
tc_cox,big_rw,0.95,0.05,5,0.7397953293866874,0.1721799041983549,0.744603673354606,0.17054529448094907
tc_cox,big_rw,0.95,0.05,4,0.7436140582512915,0.17176396289738713,0.7478340680657883,0.16979956282840106
tc_cox,big_rw,0.95,0.05,0,0.7400894774419658,0.17164601356154546,0.7500800875696491,0.1670657784086199
tc_cox,big_rw,0.95,0.05,3,0.7448058605752348,0.1691589620416432,0.7420199369953604,0.17118267294272785
tc_cox,big_rw,0.95,0.05,6,0.7438421618062414,0.1695764581622993,0.7470063449878498,0.16803265202718373
tc_cox,big_rw,0.95,0.05,2,0.7470798882220621,0.16927215720490335,0.7494951988402295,0.1668163049656875
tc_cox,big_rw,0.95,0.05,8,0.7308139695304482,0.17524395670775944,0.7331401947153334,0.17576203111972594
tc_cox,big_rw,0.95,0.05,1,0.7306721670548105,0.17420428940781937,0.7416331118671311,0.17149654294539815
tc_cox,big_rw,0.95,0.001,9,0.6982945163731079,0.22809527878441196,0.7217273555688946,0.2215899504046719
tc_cox,big_rw,0.95,0.001,7,0.7231487199115652,0.2158037916969561,0.7066799660059787,0.22072339825381995
tc_cox,big_rw,0.95,0.001,5,0.7098453697365633,0.2399194019634443,0.7183160025596553,0.23846251748172279
tc_cox,big_rw,0.95,0.001,4,0.700505329764091,0.2222368860935691,0.6967019540879964,0.22274824290072223
tc_cox,big_rw,0.95,0.001,0,0.715221752574241,0.22431490928867276,0.7256300312640154,0.21839109734540602
tc_cox,big_rw,0.95,0.001,3,0.7166802448745205,0.22192338476179524,0.7102014541870295,0.22593361486487473
tc_cox,big_rw,0.95,0.001,6,0.7381676045294658,0.24316771397850864,0.745087349260474,0.24162315139798474
tc_cox,big_rw,0.95,0.001,2,0.7412068239258636,0.24074931942790914,0.7419662181109122,0.24038548137255195
tc_cox,big_rw,0.95,0.001,8,0.6917518288061105,0.22633235274357474,0.6882016406138799,0.23164075736626102
tc_cox,big_rw,0.95,0.001,1,0.7058284346403249,0.2277299389870289,0.7194779841597815,0.22804569899125565
tc_cox,big_rw,0.95,0.003,9,0.7205027428680832,0.19362880504866756,0.7474192808240032,0.18662771972394088
tc_cox,big_rw,0.95,0.003,7,0.7381485491355209,0.1925738413153761,0.7194805349562644,0.19698970849228023
tc_cox,big_rw,0.95,0.003,5,0.7094925454349359,0.2011636339439858,0.7219460640964996,0.19706993265360775
tc_cox,big_rw,0.95,0.003,4,0.7208344141971074,0.20162393944382376,0.7261679640728314,0.20007217370357933
tc_cox,big_rw,0.95,0.003,0,0.7366808646952311,0.19490423236885834,0.7419950438011135,0.18960665025715212
tc_cox,big_rw,0.95,0.003,3,0.7312662796018048,0.1948586212225334,0.7346285071026767,0.19505582276038644
tc_cox,big_rw,0.95,0.003,6,0.7322049739217826,0.1979431966757531,0.7424185849398126,0.1946374910154107
tc_cox,big_rw,0.95,0.003,2,0.7343935916587776,0.19187565074469795,0.7363598125225334,0.19066846249067884
tc_cox,big_rw,0.95,0.003,8,0.7100398899118505,0.1962518190793195,0.7091295610868079,0.19971187562804388
tc_cox,big_rw,0.95,0.003,1,0.7251297540408806,0.19712030484866486,0.7285819013149499,0.1997017121889427
tc_cox,big_rw,0.95,0.5,9,0.7377079325486472,0.17229459656402987,0.7562806652399718,0.16602070411051084
tc_cox,big_rw,0.95,0.5,7,0.7375700791696056,0.181619312355403,0.7348038437726647,0.18370869203536638
tc_cox,big_rw,0.95,0.5,5,0.723885175471828,0.17846502150156768,0.7328210771684057,0.1739528457857752
tc_cox,big_rw,0.95,0.5,4,0.7273829593770326,0.18164747210178017,0.7311791071833712,0.1806570104342465
tc_cox,big_rw,0.95,0.5,0,0.7403652938286084,0.17257077477020002,0.7505307498259792,0.16865849266638358
tc_cox,big_rw,0.95,0.5,3,0.7317227462029414,0.1795021680628492,0.7310779828962595,0.1812031152943175
tc_cox,big_rw,0.95,0.5,6,0.73882849456776,0.17230604736550334,0.7471101257508524,0.1700437524579787
tc_cox,big_rw,0.95,0.5,2,0.7428396329653723,0.17083057573541394,0.7417196369545846,0.1702294274278085
tc_cox,big_rw,0.95,0.5,8,0.7333586894597685,0.17443881656613666,0.735989106592276,0.1749893351030517
tc_cox,big_rw,0.95,0.5,1,0.7233674149618637,0.17776418427790455,0.7330716828263685,0.17539055582520996
tc_cox,big_rw,0.5,0.95,9,0.7349815600734892,0.17571212219383497,0.7566229306400118,0.16885199846633495
tc_cox,big_rw,0.5,0.95,7,0.7460427395513524,0.1812406455814737,0.7271703552201892,0.18756799867473617
tc_cox,big_rw,0.5,0.95,5,0.7305479182553245,0.17906810074611826,0.7383134450717154,0.17626158053961277
tc_cox,big_rw,0.5,0.95,4,0.7394424205138648,0.1876547212762564,0.7470893847895727,0.18474419946112763
tc_cox,big_rw,0.5,0.95,0,0.7357983065525395,0.1847138221447197,0.7454974496860024,0.18040616856731712
tc_cox,big_rw,0.5,0.95,3,0.743302126070539,0.17796855712915258,0.7446347272368058,0.17904124082641398
tc_cox,big_rw,0.5,0.95,6,0.7406706477101419,0.18610287556366278,0.7477059844919566,0.1845839311500743
tc_cox,big_rw,0.5,0.95,2,0.7423633065251566,0.18094518384681663,0.7421410714885057,0.17976118769484697
tc_cox,big_rw,0.5,0.95,8,0.7343457930020337,0.17549453047885993,0.7399334207562497,0.17615805467802448
tc_cox,big_rw,0.5,0.95,1,0.7286836512072862,0.17814587983188057,0.7398983988726674,0.1783117528972311
tc_cox,big_rw,0.5,0.1,9,0.7399854081473161,0.1734621605035555,0.7624275778375134,0.16646257595503883
tc_cox,big_rw,0.5,0.1,17,0.7416615802260873,0.17219608237662726,0.749445228204078,0.16798239702368414
tc_cox,big_rw,0.5,0.1,7,0.7542765845441717,0.16667905912652478,0.7430228571335717,0.16974229782644776
tc_cox,big_rw,0.5,0.1,5,0.7382851221417032,0.1728806140434276,0.7460839820520698,0.17030088340262542
tc_cox,big_rw,0.5,0.1,15,0.7497414791248125,0.1693360794805635,0.7548982322698782,0.16571012381932837
tc_cox,big_rw,0.5,0.1,18,0.7396806319983275,0.171683168488162,0.7447977666983462,0.1693161868401511
tc_cox,big_rw,0.5,0.1,27,0.7441381197655735,0.17034601717779613,0.7492729608631595,0.16942731011804432
tc_cox,big_rw,0.5,0.1,24,0.7451436209587611,0.17160221111592833,0.7434105477831797,0.17019989739463934
tc_cox,big_rw,0.5,0.1,28,0.7530559617737236,0.16863864580953378,0.7485909467037859,0.1707663917125026
tc_cox,big_rw,0.5,0.1,25,0.7442648462239188,0.17398146637670298,0.736984864654721,0.1749110778169696
tc_cox,big_rw,0.5,0.1,16,0.7381369201425673,0.17259059575521965,0.7469399525599228,0.17068376413928085
tc_cox,big_rw,0.5,0.1,4,0.7474688833084125,0.1690905315297574,0.7562853005383213,0.16682440135201163
tc_cox,big_rw,0.5,0.1,26,0.7401966968145728,0.1754328311747939,0.7465852493171582,0.17013006225442137
tc_cox,big_rw,0.5,0.1,11,0.744802274845723,0.1686324986857617,0.7331799867831514,0.17353776331429008
tc_cox,big_rw,0.5,0.1,19,0.7459161516709943,0.169749141554226,0.7555169471191688,0.16817415492130003
tc_cox,big_rw,0.5,0.1,10,0.7418487055673,0.17190913777979192,0.7470786869925251,0.16716017861795945
tc_cox,big_rw,0.5,0.1,23,0.7464095433818931,0.17050709025512273,0.7474988441576856,0.17135771766700753
tc_cox,big_rw,0.5,0.1,0,0.7451714486604174,0.17101932442701118,0.750270940320372,0.1678228131174655
tc_cox,big_rw,0.5,0.1,3,0.7477134605541754,0.1708397769783653,0.7454016600050803,0.1731551897155482
tc_cox,big_rw,0.5,0.1,6,0.7442065853996639,0.17011641010416986,0.7479978170813923,0.16862382293856057
tc_cox,big_rw,0.5,0.1,12,0.7436730549630782,0.17139594498750868,0.740145897091878,0.17402500476558513
tc_cox,big_rw,0.5,0.1,29,0.7508952327768187,0.17021054417608344,0.7460097589214668,0.1717994206696222
tc_cox,big_rw,0.5,0.1,20,0.7434729085373512,0.17193135821507824,0.7416176029659977,0.17338042203534507
tc_cox,big_rw,0.5,0.1,2,0.749935132752586,0.16905341018933207,0.7477577625696842,0.16853179343754002
tc_cox,big_rw,0.5,0.1,8,0.7381754517709703,0.17363657912565192,0.7419299321380964,0.174359102605381
tc_cox,big_rw,0.5,0.1,1,0.7336538586406018,0.17380465448396096,0.7424473870698854,0.17362480570929884
tc_cox,big_rw,0.5,0.1,21,0.7521976800910618,0.16872010689299352,0.7460367974298073,0.1711822208965506
tc_cox,big_rw,0.5,0.1,14,0.7497304386944063,0.17119786872238843,0.7367326709587441,0.17136236165531044
tc_cox,big_rw,0.5,0.1,13,0.7427297547168277,0.17167549655919187,0.73186520365997,0.17520324659612987
tc_cox,big_rw,0.5,0.1,22,0.7507296783230745,0.1680247407466058,0.7527737333898524,0.16687531336362096
tc_cox,big_rw,0.5,0.99,9,0.7395370521104373,0.1766655110030662,0.7612751846438918,0.17037748664834665
tc_cox,big_rw,0.5,0.99,7,0.7488930730525702,0.17570466457012002,0.7349029659187729,0.17940727280810895
tc_cox,big_rw,0.5,0.99,5,0.7303655444035616,0.17891722674275798,0.7410838763931401,0.17421092762235005
tc_cox,big_rw,0.5,0.99,4,0.7393833904589018,0.17381955861497433,0.753294083675913,0.16987371215008715
tc_cox,big_rw,0.5,0.99,0,0.7345199410361032,0.17368895627548298,0.7454301218308399,0.1703939346675846
tc_cox,big_rw,0.5,0.99,3,0.7446487296822156,0.17045908052558745,0.7461881324617184,0.1711837056006137
tc_cox,big_rw,0.5,0.99,6,0.7326933990053889,0.1772108867015299,0.7380069541240253,0.1750082568726547
tc_cox,big_rw,0.5,0.99,2,0.7426881855843807,0.1740851985175572,0.7443925117281684,0.17197453860038273
tc_cox,big_rw,0.5,0.99,8,0.7376947493882339,0.1818003337345655,0.736607705808717,0.1856524517864303
tc_cox,big_rw,0.5,0.99,1,0.7342306635095709,0.1774442955868235,0.7437740121584674,0.1763465586977377
tc_cox,big_rw,0.5,0.25,9,0.7401971468547202,0.17082209425469058,0.7624207814634062,0.1637332393689155
tc_cox,big_rw,0.5,0.25,7,0.7563212888332527,0.16695173749341938,0.7439967457603617,0.17051521469255218
tc_cox,big_rw,0.5,0.25,5,0.738785092062212,0.1720874066042578,0.7456794979954604,0.16966799859558857
tc_cox,big_rw,0.5,0.25,4,0.7457867975220375,0.1695746123240048,0.756184887705887,0.16644484994070807
tc_cox,big_rw,0.5,0.25,0,0.7458292273069081,0.1720457403467507,0.7533745372567374,0.16842523759666647
tc_cox,big_rw,0.5,0.25,3,0.7477465693088358,0.17272248007485427,0.7464885551703101,0.17443070391425095
tc_cox,big_rw,0.5,0.25,6,0.7423029730034135,0.1707603508479433,0.7538041204485497,0.16643794944945808
tc_cox,big_rw,0.5,0.25,2,0.7517172178844701,0.16944514461734195,0.7519688598585366,0.16821787417207595
tc_cox,big_rw,0.5,0.25,8,0.7363686925057498,0.17551279305316164,0.7394311809724726,0.17655196196733544
tc_cox,big_rw,0.5,0.25,1,0.7343277896577697,0.1733913918005351,0.7426244152233351,0.17407536603866627
tc_cox,big_rw,0.5,0.75,9,0.7363985598522859,0.18106500054498878,0.7603769758418805,0.17320101880383632
tc_cox,big_rw,0.5,0.75,7,0.7489318365038945,0.1696785633769994,0.7359215407589723,0.17345681797973553
tc_cox,big_rw,0.5,0.75,5,0.7322884639460715,0.18140602862777866,0.7401836081278267,0.1784054038910694
tc_cox,big_rw,0.5,0.75,4,0.7446007808214059,0.1713092927137467,0.7569198010848928,0.1678388042188644
tc_cox,big_rw,0.5,0.75,0,0.7426877438165278,0.17335338208716025,0.7491345112812166,0.16972704799273639
tc_cox,big_rw,0.5,0.75,3,0.743623986587155,0.1729943654181362,0.7437912640224402,0.17427408085242352
tc_cox,big_rw,0.5,0.75,6,0.7364039676144929,0.18167587287545284,0.7414062483064497,0.17995018017151834
tc_cox,big_rw,0.5,0.75,2,0.7462615838247684,0.17847344135878304,0.7438130054101693,0.17751302147175083
tc_cox,big_rw,0.5,0.75,8,0.7380867233626768,0.1737817510423459,0.7385920400406338,0.17564893170755932
tc_cox,big_rw,0.5,0.75,1,0.7354884336014268,0.17274202382235004,0.7470712972742551,0.17189378105364164
tc_cox,big_rw,0.5,0.01,9,0.7175246095543644,0.20755350221901833,0.7484784277648737,0.1986831015349985
tc_cox,big_rw,0.5,0.01,7,0.7256507244970375,0.20058660730118075,0.7108653038364604,0.2050075354003059
tc_cox,big_rw,0.5,0.01,5,0.7003841503302511,0.21015743009304147,0.7111311953384364,0.20852037177628904
tc_cox,big_rw,0.5,0.01,4,0.7158474576730136,0.2069244074008429,0.7174895814901698,0.20605660428624478
tc_cox,big_rw,0.5,0.01,0,0.7169608074687602,0.21459927624237082,0.7261537225245339,0.20888170827720545
tc_cox,big_rw,0.5,0.01,3,0.7174867958487049,0.2078673658059116,0.7179204452443655,0.2095842507961035
tc_cox,big_rw,0.5,0.01,6,0.7281979388678068,0.20076812040773756,0.733013554905714,0.1993173899658144
tc_cox,big_rw,0.5,0.01,2,0.7250136248360677,0.20857976611921034,0.7363479030045549,0.2034471203833372
tc_cox,big_rw,0.5,0.01,8,0.716656648652275,0.2139031296385868,0.7145124025625053,0.2190147220230547
tc_cox,big_rw,0.5,0.01,1,0.714572493441956,0.2114759115978492,0.724381826919683,0.2125850029279532
tc_cox,big_rw,0.5,0.9,9,0.736577036923661,0.1780582471126367,0.760745067463528,0.16981678259060626
tc_cox,big_rw,0.5,0.9,7,0.7431842738575489,0.17165536719029634,0.7246316366474616,0.17788253751871352
tc_cox,big_rw,0.5,0.9,5,0.7332932815424112,0.17463554973552034,0.7450910590329987,0.16950769273283212
tc_cox,big_rw,0.5,0.9,4,0.7419563426710938,0.1721210321928092,0.7525648694036129,0.16846294808716136
tc_cox,big_rw,0.5,0.9,0,0.7416325289593633,0.17658841006545156,0.7494771231893422,0.17019016718253324
tc_cox,big_rw,0.5,0.9,3,0.7446574139457331,0.17132490448748913,0.7427746574584076,0.17341816148581038
tc_cox,big_rw,0.5,0.9,6,0.7402044237666996,0.17099394173865984,0.7462598280111595,0.16800925755709273
tc_cox,big_rw,0.5,0.9,2,0.744684142644977,0.1738762448199862,0.7477823936182306,0.17090420594021657
tc_cox,big_rw,0.5,0.9,8,0.7290816014612054,0.18008724399403145,0.7318361572595027,0.18191145449839216
tc_cox,big_rw,0.5,0.9,1,0.7323538833144312,0.17407767978907399,0.7448136452866254,0.17384283569003128
tc_cox,big_rw,0.5,0.05,9,0.7386965873561434,0.1766112220996769,0.7597628554775513,0.17034553437850627
tc_cox,big_rw,0.5,0.05,7,0.7559572376785084,0.1710409882052935,0.7432944951459939,0.17440705632555373
tc_cox,big_rw,0.5,0.05,5,0.7378512729044485,0.17723123306053035,0.7462381357213335,0.17517782873660406
tc_cox,big_rw,0.5,0.05,4,0.7480835540642193,0.1710541603774006,0.7563018550863713,0.16847912405598137
tc_cox,big_rw,0.5,0.05,0,0.7470565559329028,0.1754237795642551,0.7537562427581833,0.17115893948306507
tc_cox,big_rw,0.5,0.05,3,0.7476244468531215,0.17152554751304744,0.7465018530137798,0.17372763776736497
tc_cox,big_rw,0.5,0.05,6,0.7443850067578105,0.17260817363699416,0.7482877528944807,0.1704646826082869
tc_cox,big_rw,0.5,0.05,2,0.7492291925411894,0.17451302971329807,0.7514302248408726,0.17248161314103
tc_cox,big_rw,0.5,0.05,8,0.7374750924750194,0.1763891040059808,0.7404954638763495,0.17794567173877038
tc_cox,big_rw,0.5,0.05,1,0.7320516830148822,0.17576411973694586,0.7423683760382077,0.1761745845687133
tc_cox,big_rw,0.5,0.001,9,0.6586150071093366,0.32119623778440937,0.6761326565232142,0.3067083416739512
tc_cox,big_rw,0.5,0.001,7,0.6819209431608532,0.31053027178175197,0.6883951799554437,0.31307859219129597
tc_cox,big_rw,0.5,0.001,5,0.7077587744043583,0.30005716951400974,0.7141641484621749,0.2997721734029263
tc_cox,big_rw,0.5,0.001,4,0.6967988921845832,0.3106002455095218,0.6963133292878722,0.3037516699711125
tc_cox,big_rw,0.5,0.001,0,0.6405102603152886,0.31624903660157255,0.6525844665950675,0.31214336842090235
tc_cox,big_rw,0.5,0.001,3,0.6970196150374536,0.2987258172190843,0.6993067210014742,0.3012420623673707
tc_cox,big_rw,0.5,0.001,6,0.6904175547122732,0.3106608246543775,0.6975763533770206,0.3096128502573762
tc_cox,big_rw,0.5,0.001,2,0.6833284117458029,0.30954432656657827,0.6886451407542623,0.3114742586991074
tc_cox,big_rw,0.5,0.001,8,0.6729454639494854,0.305836791326702,0.6716434227424781,0.3124080915657646
tc_cox,big_rw,0.5,0.001,1,0.6375809474750448,0.30501893585819206,0.6638151196161856,0.30982592568782724
tc_cox,big_rw,0.5,0.003,9,0.7022361554524474,0.3030434206820501,0.7226821102034781,0.2895846658530643
tc_cox,big_rw,0.5,0.003,7,0.709792406809139,0.24692147985443452,0.6973524637269819,0.24939652834707937
tc_cox,big_rw,0.5,0.003,5,0.7123566007681923,0.2943335662378865,0.7199848718086262,0.2942040948297419
tc_cox,big_rw,0.5,0.003,4,0.7060525302501953,0.24753046081531027,0.7134803956157043,0.24578770865637412
tc_cox,big_rw,0.5,0.003,0,0.7207391661983761,0.29697294228510906,0.7267851926499701,0.2927062375965876
tc_cox,big_rw,0.5,0.003,3,0.7220889127464906,0.28911565863002914,0.7217363835510561,0.29139508977733275
tc_cox,big_rw,0.5,0.003,6,0.7205951313441111,0.24958390756704163,0.7272213418771366,0.24719883796008907
tc_cox,big_rw,0.5,0.003,2,0.7194198425381495,0.2961759715501062,0.7174250322910339,0.29753276522782546
tc_cox,big_rw,0.5,0.003,8,0.7041018493921833,0.251641364102431,0.7054823693811247,0.25605197327835294
tc_cox,big_rw,0.5,0.003,1,0.6731415628490048,0.29396890364212774,0.6909085725611792,0.2986577411830375
tc_cox,big_rw,0.5,0.5,9,0.7380854385965862,0.178795275713766,0.7591449291437221,0.1718627713642798
tc_cox,big_rw,0.5,0.5,7,0.7539336770901497,0.17005436399098597,0.7373699157245097,0.17658766073045473
tc_cox,big_rw,0.5,0.5,5,0.7331968103815977,0.17538290498947326,0.7424165335093231,0.1737615626902013
tc_cox,big_rw,0.5,0.5,4,0.7412225286850865,0.1721098025146114,0.7534976232011177,0.16835919083923126
tc_cox,big_rw,0.5,0.5,0,0.7386786331886384,0.17544750206814597,0.7458813270537439,0.17196120506211499
tc_cox,big_rw,0.5,0.5,3,0.7467340384593465,0.17608457731451121,0.745568832894414,0.1777740530868549
tc_cox,big_rw,0.5,0.5,6,0.7437839514997141,0.17042332126918383,0.7522395509300708,0.16725977073012824
tc_cox,big_rw,0.5,0.5,2,0.7429791382589739,0.17700861201868842,0.750174041365004,0.17300248203973756
tc_cox,big_rw,0.5,0.5,8,0.7323894398045379,0.17932276854024318,0.7318088263229933,0.18116893870234768
tc_cox,big_rw,0.5,0.5,1,0.7337615360973794,0.17781359382429202,0.7412041172621455,0.1786038679896896
tc_cox,big_rw,0.1,0.95,9,0.7162168593768338,0.20806323536461227,0.7312594061817644,0.2009029031302831
tc_cox,big_rw,0.1,0.95,17,0.7296568576963899,0.17551326949555185,0.72798086904135,0.17507769080248967
tc_cox,big_rw,0.1,0.95,7,0.6903361360483291,0.2020263300506423,0.6870981964644268,0.20185910113302785
tc_cox,big_rw,0.1,0.95,5,0.7190090460682311,0.1817539482749724,0.7305014572804692,0.17801807386978663
tc_cox,big_rw,0.1,0.95,15,0.7454938657949605,0.17489106088868162,0.747914262651216,0.1738363631429437
tc_cox,big_rw,0.1,0.95,18,0.7328633389191771,0.17703151999427919,0.7350936423643208,0.1764973580115704
tc_cox,big_rw,0.1,0.95,27,0.7326647176288573,0.18716219209922633,0.7378562654328179,0.1852793918573535
tc_cox,big_rw,0.1,0.95,24,0.7025704591485639,0.18740949253474787,0.7043099977839653,0.18573745739285646
tc_cox,big_rw,0.1,0.95,28,0.7367146740488519,0.19281698308796355,0.7317376173036191,0.19593077551975213
tc_cox,big_rw,0.1,0.95,25,0.740588264000347,0.17403366149336325,0.7385480507821616,0.17328344126729778
tc_cox,big_rw,0.1,0.95,16,0.7163508925637937,0.18101785634997372,0.7279928948195002,0.17793981900373543
tc_cox,big_rw,0.1,0.95,4,0.7274934376450366,0.17730200611301528,0.7322942323954594,0.17651513868932442
tc_cox,big_rw,0.1,0.95,26,0.6867599167300575,0.20954889725313716,0.6885778255457046,0.20576516562324917
tc_cox,big_rw,0.1,0.95,11,0.7459492467639006,0.17168598670512156,0.7354039548543705,0.17487510230279546
tc_cox,big_rw,0.1,0.95,19,0.689800563371725,0.20044186162796954,0.7065682232965754,0.19631196670001297
tc_cox,big_rw,0.1,0.95,10,0.7345422534830127,0.17696499121097833,0.7436696065677509,0.1714498122417343
tc_cox,big_rw,0.1,0.95,23,0.7424080941277545,0.17211250102446082,0.7442421124288227,0.17444320165344657
tc_cox,big_rw,0.1,0.95,0,0.7393467278023461,0.1921903898317238,0.7414243859319533,0.18982770935878376
tc_cox,big_rw,0.1,0.95,3,0.7370600402841274,0.18439667578847752,0.7376305631121078,0.18495538220844862
tc_cox,big_rw,0.1,0.95,6,0.7396965049990469,0.18219813141244198,0.7420270361081184,0.18071905721691434
tc_cox,big_rw,0.1,0.95,12,0.6853115342567865,0.19229710866024138,0.6862518086584488,0.1942974410326955
tc_cox,big_rw,0.1,0.95,29,0.7336473347812058,0.18041743667621613,0.7335614968160462,0.17896931939303282
tc_cox,big_rw,0.1,0.95,20,0.7201776828365157,0.1792427938808033,0.7184102330821728,0.18001897829551353
tc_cox,big_rw,0.1,0.95,2,0.7158258170559063,0.21597612373454933,0.7115114152729823,0.21652076296056247
tc_cox,big_rw,0.1,0.95,8,0.7375757234746694,0.1727666078527666,0.736786845214353,0.17592359158860726
tc_cox,big_rw,0.1,0.95,1,0.7184237210731818,0.18254058477508914,0.7273261417908624,0.18222099944034034
tc_cox,big_rw,0.1,0.95,21,0.7422529676405225,0.1823749983877948,0.7331587270693742,0.18547721270846398
tc_cox,big_rw,0.1,0.95,14,0.7358706192557123,0.17917341521823288,0.732159618430592,0.17581595944698908
tc_cox,big_rw,0.1,0.95,13,0.7264820151881987,0.19877401524187907,0.7223840890445504,0.2003912408568066
tc_cox,big_rw,0.1,0.95,22,0.7454838608175218,0.17768742412646435,0.750974628226491,0.1736329689680334
tc_cox,big_rw,0.1,0.1,9,0.7389318525865924,0.17188902925844318,0.7631773538290229,0.1645071920311397
tc_cox,big_rw,0.1,0.1,17,0.741410329937434,0.1721905973558036,0.7477075030718321,0.16968962382772843
tc_cox,big_rw,0.1,0.1,7,0.7535221881453233,0.1674613204013777,0.7435344465707259,0.17015790031955283
tc_cox,big_rw,0.1,0.1,5,0.7383423002735336,0.17314908344552116,0.7456960241357506,0.17161670500825243
tc_cox,big_rw,0.1,0.1,15,0.7499032412682369,0.16904414305592033,0.7546449641632401,0.16648373103575137
tc_cox,big_rw,0.1,0.1,18,0.7405369234385545,0.17478342395738738,0.7439588713989743,0.1732025219085
tc_cox,big_rw,0.1,0.1,27,0.7452847826028054,0.16999905785903188,0.7491691948898374,0.16869182049894915
tc_cox,big_rw,0.1,0.1,24,0.7467275000705514,0.17132646806040225,0.7457522841682475,0.17020729920057368
tc_cox,big_rw,0.1,0.1,28,0.7554861182033302,0.1661155374978989,0.7494577435842932,0.16845517940008536
tc_cox,big_rw,0.1,0.1,25,0.7437537956014402,0.17273739571340005,0.7385456142260225,0.17263977934259223
tc_cox,big_rw,0.1,0.1,16,0.7400396429961691,0.17225384785899772,0.7493154765128294,0.1705397091892247
tc_cox,big_rw,0.1,0.1,4,0.7480377922326196,0.16957691051579524,0.7570218422335288,0.1669108382554339
tc_cox,big_rw,0.1,0.1,26,0.7378315164279469,0.17585651629089183,0.7459536003449692,0.17013778456112066
tc_cox,big_rw,0.1,0.1,11,0.747075058840636,0.1691013996627775,0.7358344790467375,0.17395369359661092
tc_cox,big_rw,0.1,0.1,19,0.7437561803548928,0.1708561083567622,0.7546671212099827,0.16774913978205983
tc_cox,big_rw,0.1,0.1,10,0.7417447915821013,0.17284864549111323,0.7476995558942113,0.16796583525571468
tc_cox,big_rw,0.1,0.1,23,0.7452501943096165,0.17051349304953423,0.746689075429373,0.17107435572616558
tc_cox,big_rw,0.1,0.1,0,0.745323201967635,0.17093402153973689,0.7514315313720656,0.16768381971223684
tc_cox,big_rw,0.1,0.1,3,0.7475810255355341,0.1686349831993132,0.7474687962032215,0.17013286150443716
tc_cox,big_rw,0.1,0.1,6,0.7469413868240024,0.17019565342404774,0.7497515222985027,0.16865856101285795
tc_cox,big_rw,0.1,0.1,12,0.7423723697570269,0.17139861210075738,0.7407795718029945,0.1727352675897972
tc_cox,big_rw,0.1,0.1,29,0.7521022759989614,0.16884292342340293,0.7468800071115891,0.17040191988776737
tc_cox,big_rw,0.1,0.1,20,0.7420745940936238,0.1718930118982306,0.7412578597256192,0.17280750286919652
tc_cox,big_rw,0.1,0.1,2,0.751326928755678,0.16912879076469786,0.747614577683079,0.16929968407340118
tc_cox,big_rw,0.1,0.1,8,0.7378026842507617,0.1732098983709877,0.7401737165148672,0.17480120782901792
tc_cox,big_rw,0.1,0.1,1,0.7365265200377467,0.17340477985997207,0.7456537144687934,0.1730008752245271
tc_cox,big_rw,0.1,0.1,21,0.7530023307496341,0.16794513894965146,0.74532821622407,0.17086798173017137
tc_cox,big_rw,0.1,0.1,14,0.7492643024860417,0.17222854686196742,0.7375324874618596,0.17193091657723555
tc_cox,big_rw,0.1,0.1,13,0.7456288516127633,0.17078748100397773,0.7285668364464436,0.17635210997712206
tc_cox,big_rw,0.1,0.1,22,0.7490866814446872,0.1704157788587723,0.7518861061813545,0.1677298225377469
tc_cox,big_rw,0.1,0.99,9,0.6944578001781526,0.1952454716154392,0.713499665074684,0.19186093058221806
tc_cox,big_rw,0.1,0.99,7,0.722938638269773,0.17920290413031575,0.7188151166147675,0.18143062457257347
tc_cox,big_rw,0.1,0.99,5,0.7330984423159366,0.1733800765493049,0.7421613265559903,0.170281732700188
tc_cox,big_rw,0.1,0.99,4,0.745922999896562,0.18096095327937192,0.7528826624489658,0.1796595823089718
tc_cox,big_rw,0.1,0.99,0,0.7427211349735722,0.17948895312359672,0.7493799321726156,0.17559167288086677
tc_cox,big_rw,0.1,0.99,3,0.7251324757261266,0.19050973122275347,0.7285891150909355,0.18896443521552855
tc_cox,big_rw,0.1,0.99,6,0.7198134887629741,0.18311343662412569,0.7213513610183196,0.18324363725594098
tc_cox,big_rw,0.1,0.99,2,0.7224515042687534,0.1866932191807071,0.7164360009570921,0.18670994578604116
tc_cox,big_rw,0.1,0.99,8,0.7301274064199331,0.18507484257638845,0.7325556915186963,0.18669305046713625
tc_cox,big_rw,0.1,0.99,1,0.7294474036205598,0.17629826991152014,0.737378734357309,0.1757932982530327
tc_cox,big_rw,0.1,0.25,9,0.7393623609163338,0.1736937786143987,0.7637085584292438,0.16518802614471842
tc_cox,big_rw,0.1,0.25,7,0.7509103989599468,0.16876462052631278,0.7385209242517226,0.17253812007083813
tc_cox,big_rw,0.1,0.25,5,0.7380742947172284,0.17329771334458602,0.7454779332679874,0.1708620718716098
tc_cox,big_rw,0.1,0.25,4,0.7463359395012339,0.17051945916051423,0.7536943780754822,0.16756357854258574
tc_cox,big_rw,0.1,0.25,0,0.7420660710552963,0.1746874032009328,0.7494787520890639,0.17063360645192197
tc_cox,big_rw,0.1,0.25,3,0.748734947050417,0.17369765210058383,0.7456744014884901,0.1766412714555604
tc_cox,big_rw,0.1,0.25,6,0.7436845878602,0.17417862218615537,0.7462831312634265,0.17307911558172148
tc_cox,big_rw,0.1,0.25,2,0.7524033450872424,0.1705843253186761,0.7521028419357947,0.16914121489957762
tc_cox,big_rw,0.1,0.25,8,0.7369183758156657,0.17529824570032257,0.7412796723318377,0.17669638885693256
tc_cox,big_rw,0.1,0.25,1,0.733900867479893,0.17563817893501726,0.7421014762301692,0.17659187991363046
tc_cox,big_rw,0.1,0.75,9,0.7290355693986459,0.18644900038849913,0.7533207083887917,0.17857331973607193
tc_cox,big_rw,0.1,0.75,7,0.7393765102159314,0.17810209165016902,0.7308446452645885,0.1806563600928463
tc_cox,big_rw,0.1,0.75,5,0.7264216082392875,0.18789714705390503,0.7324393504197368,0.18563046875159026
tc_cox,big_rw,0.1,0.75,4,0.7114123509288027,0.18153271346459182,0.7150780451955445,0.18175848134425368
tc_cox,big_rw,0.1,0.75,0,0.7400525571382421,0.17642094824041982,0.750360801288351,0.17084541292942712
tc_cox,big_rw,0.1,0.75,3,0.7457386047536573,0.172813828615869,0.7461810764631427,0.1737656876903058
tc_cox,big_rw,0.1,0.75,6,0.7327399672506109,0.18479898768691744,0.7374918438617066,0.18239781515067716
tc_cox,big_rw,0.1,0.75,2,0.7359631619173347,0.1721811370361846,0.73771127214223,0.1709942230420133
tc_cox,big_rw,0.1,0.75,8,0.7179451041666103,0.19059334585012194,0.7257770780576959,0.19072589997993675
tc_cox,big_rw,0.1,0.75,1,0.7066514367094635,0.19607137585377835,0.722071229395362,0.1955041380093676
tc_cox,big_rw,0.1,0.01,9,0.7106959686356293,0.2078400036052352,0.7364771185113657,0.19933373520166842
tc_cox,big_rw,0.1,0.01,7,0.7192124676270967,0.19751666302865606,0.705652995574169,0.20279310683572446
tc_cox,big_rw,0.1,0.01,5,0.7352601008828196,0.2749450071172835,0.7401101887176853,0.2746212883084983
tc_cox,big_rw,0.1,0.01,4,0.7178566457823026,0.20241046216074735,0.719701377664061,0.20233843062777224
tc_cox,big_rw,0.1,0.01,0,0.72154788373362,0.2047513658870544,0.7191554263536428,0.20165304509151066
tc_cox,big_rw,0.1,0.01,3,0.7261015852580285,0.20905986938783871,0.7251327613270487,0.21096073029782703
tc_cox,big_rw,0.1,0.01,6,0.7165225758520906,0.21149662126606233,0.7286195370131517,0.20758615405165878
tc_cox,big_rw,0.1,0.01,2,0.7211389603001589,0.20376960279958173,0.7226492506206483,0.20216822123411815
tc_cox,big_rw,0.1,0.01,8,0.7092015687615408,0.20265412617436565,0.6931512461554031,0.2109675508181263
tc_cox,big_rw,0.1,0.01,1,0.7077980122416824,0.2136599507170445,0.71011748478834,0.21587198334167695
tc_cox,big_rw,0.1,0.9,9,0.7188929337682405,0.18027726387613194,0.7380731790067072,0.17365687956457518
tc_cox,big_rw,0.1,0.9,7,0.7280144818085562,0.17669913889012961,0.7201196832207872,0.17891254081304986
tc_cox,big_rw,0.1,0.9,5,0.7306278592453246,0.18306855113697634,0.743791996038061,0.17870830098818855
tc_cox,big_rw,0.1,0.9,4,0.7346515087594644,0.1814490335007852,0.7422587133913809,0.18061854360457572
tc_cox,big_rw,0.1,0.9,0,0.6962846229649718,0.19926628534860583,0.7009399837327215,0.19372383423118864
tc_cox,big_rw,0.1,0.9,3,0.7394685664940488,0.18473853319046282,0.7385543561564131,0.1844726109215521
tc_cox,big_rw,0.1,0.9,6,0.73547179047322,0.18142833262880473,0.7422102105096584,0.17925339695537743
tc_cox,big_rw,0.1,0.9,2,0.7442851683617193,0.17739023325724645,0.7420904560370971,0.17538206168969672
tc_cox,big_rw,0.1,0.9,8,0.7304274058248036,0.17592016344115405,0.7330682142290809,0.17756713519613027
tc_cox,big_rw,0.1,0.9,1,0.732724261300181,0.1787571829881599,0.7467397767598961,0.17728878787329122
tc_cox,big_rw,0.1,0.05,9,0.7403959054114789,0.17340858863706313,0.7629775404302703,0.16674597510759467
tc_cox,big_rw,0.1,0.05,17,0.7435092320251695,0.17366827913493343,0.7479355879605852,0.1728751014868515
tc_cox,big_rw,0.1,0.05,7,0.7542876985407051,0.16948850116641864,0.7437278160032976,0.17276094285732513
tc_cox,big_rw,0.1,0.05,5,0.7391311417036699,0.175473113783207,0.7464757328530458,0.17361521085144258
tc_cox,big_rw,0.1,0.05,15,0.7509595806343573,0.17205026993144806,0.7560266974380644,0.16903798541421322
tc_cox,big_rw,0.1,0.05,18,0.7428975472476811,0.17617710578487505,0.7447441856437412,0.1751349744843945
tc_cox,big_rw,0.1,0.05,27,0.7454625261805994,0.17227529905931505,0.7485029794109885,0.1714995229444558
tc_cox,big_rw,0.1,0.05,24,0.7451911074834421,0.17564822761720136,0.7439106455812865,0.17546584112668995
tc_cox,big_rw,0.1,0.05,28,0.7560024619356073,0.17176502774447053,0.7488382156293483,0.1743438767759433
tc_cox,big_rw,0.1,0.05,25,0.7437790092395784,0.17567587987428432,0.7404883616542375,0.1745719837854045
tc_cox,big_rw,0.1,0.05,16,0.7382437263548938,0.17475763286884857,0.7487820464219568,0.17229011031706148
tc_cox,big_rw,0.1,0.05,4,0.7472674229373464,0.17268246564199344,0.7580628790584424,0.16999430135031887
tc_cox,big_rw,0.1,0.05,26,0.73783665988993,0.17973586655625814,0.7461521418100697,0.17428362798004257
tc_cox,big_rw,0.1,0.05,11,0.7467454536181701,0.17246182686344008,0.736991767140397,0.176305583786194
tc_cox,big_rw,0.1,0.05,19,0.7475716595707288,0.17408058891182274,0.7569356759685193,0.1725990397944259
tc_cox,big_rw,0.1,0.05,10,0.7428794565298574,0.17632574725798517,0.7479915379476266,0.17148143909831864
tc_cox,big_rw,0.1,0.05,23,0.7464325947669559,0.17440416615709597,0.7482991053698994,0.17515208856145353
tc_cox,big_rw,0.1,0.05,0,0.7468923148758962,0.1730934430550746,0.7532569849934898,0.16955467684082745
tc_cox,big_rw,0.1,0.05,3,0.7469058240470513,0.1731160038367204,0.7463159545897643,0.174422992664713
tc_cox,big_rw,0.1,0.05,6,0.7468910281402159,0.17017931532590244,0.7511085302909764,0.16851820462449088
tc_cox,big_rw,0.1,0.05,12,0.7423131370558156,0.17476353461359076,0.740741594722705,0.17584567772673743
tc_cox,big_rw,0.1,0.05,29,0.7503892198328826,0.17349659396648856,0.7478112350098326,0.17384549272205208
tc_cox,big_rw,0.1,0.05,20,0.7448170876948329,0.1737759190229999,0.7424056765151914,0.17499397614244683
tc_cox,big_rw,0.1,0.05,2,0.7512104934036252,0.17298901572248304,0.7523053037414292,0.17096801407932474
tc_cox,big_rw,0.1,0.05,8,0.7391154859746897,0.17559662025913256,0.7403141596440592,0.177452353497831
tc_cox,big_rw,0.1,0.05,1,0.7373284194897279,0.17456473410928358,0.7465179485369383,0.17478423403173324
tc_cox,big_rw,0.1,0.05,21,0.7529212965472384,0.17010451300131488,0.7470129263211082,0.17278691010231784
tc_cox,big_rw,0.1,0.05,14,0.7497309813442413,0.17210138059703994,0.7368340714238849,0.17288504905113491
tc_cox,big_rw,0.1,0.05,13,0.7443732902431685,0.17509224566199882,0.7319718120834424,0.1794157550376197
tc_cox,big_rw,0.1,0.05,22,0.7495095693650117,0.17209974299193603,0.7526463487217626,0.16957780069594122
tc_cox,big_rw,0.1,0.001,9,0.6376352977889936,0.3277169566537167,0.662699215317831,0.3129206042955832
tc_cox,big_rw,0.1,0.001,7,0.6693068281683971,0.3225060886702192,0.6742236921428637,0.32518938195383973
tc_cox,big_rw,0.1,0.001,5,0.6602196290629669,0.31967943929593506,0.6649959009753674,0.3198622784585013
tc_cox,big_rw,0.1,0.001,4,0.6286370501869195,0.332162371594525,0.6323709803657632,0.3247422560563432
tc_cox,big_rw,0.1,0.001,0,0.6013839684439992,0.3221287491329459,0.6128127080240686,0.31808008457985265
tc_cox,big_rw,0.1,0.001,3,0.6504559509729904,0.31403039515915543,0.6544503811324769,0.3172332300428181
tc_cox,big_rw,0.1,0.001,6,0.6296070073296252,0.32317142996923354,0.6339823198766987,0.3218610569888982
tc_cox,big_rw,0.1,0.001,2,0.6573939976897489,0.32037815170947076,0.655285498213031,0.3227682833300422
tc_cox,big_rw,0.1,0.001,8,0.6258277034977929,0.32370595483190856,0.6350305213497911,0.33048747522865984
tc_cox,big_rw,0.1,0.001,1,0.6528689819664609,0.310525960698399,0.6748872531584049,0.3151998917597001
tc_cox,big_rw,0.1,0.003,9,0.6968593984673687,0.308795010133182,0.71511693025724,0.2950712250039825
tc_cox,big_rw,0.1,0.003,7,0.71321497559529,0.3063868982518566,0.7143481202270384,0.3090137353398891
tc_cox,big_rw,0.1,0.003,5,0.7021585693218457,0.3034336622417754,0.7117857388620588,0.3034074420282297
tc_cox,big_rw,0.1,0.003,4,0.6452304527930152,0.3274104114936537,0.6393271471791593,0.32002619709441904
tc_cox,big_rw,0.1,0.003,0,0.7013652368193158,0.30019964079197886,0.707304366428594,0.2955723603971048
tc_cox,big_rw,0.1,0.003,3,0.6778545309873519,0.3054958117032556,0.6810029179267957,0.30856072843621973
tc_cox,big_rw,0.1,0.003,6,0.7217376778257178,0.25846218668180326,0.7257448369747826,0.25751696285786874
tc_cox,big_rw,0.1,0.003,2,0.6683286071617783,0.31529191676867,0.6579765079344457,0.3174945878830347
tc_cox,big_rw,0.1,0.003,8,0.6744790046403876,0.31059766728639476,0.6686762572095493,0.31718866218614683
tc_cox,big_rw,0.1,0.003,1,0.6824526868501476,0.24881390154298566,0.7025253663423866,0.24867408548376624
tc_cox,big_rw,0.1,0.5,9,0.7338179436520844,0.17978184161388078,0.7562420618350427,0.17326733360483754
tc_cox,big_rw,0.1,0.5,7,0.7496504512553666,0.17513567035873456,0.7349308609489619,0.18001907182857504
tc_cox,big_rw,0.1,0.5,5,0.7342891565873273,0.180163730228254,0.7434173132180405,0.17728761123783057
tc_cox,big_rw,0.1,0.5,4,0.7211579963791289,0.20056627546042768,0.740692001819372,0.19437873564190267
tc_cox,big_rw,0.1,0.5,0,0.7367753372371125,0.17989284765442715,0.7444655417123212,0.17468501795516633
tc_cox,big_rw,0.1,0.5,3,0.7435474565149074,0.178101624078595,0.7451221339076555,0.1779210664536797
tc_cox,big_rw,0.1,0.5,6,0.7423452093188474,0.17531131025137764,0.7463497894036318,0.1744020089827286
tc_cox,big_rw,0.1,0.5,2,0.7361026672109363,0.19303189608335455,0.7378752986852974,0.19174223363821583
tc_cox,big_rw,0.1,0.5,8,0.738283657146938,0.17441212504575324,0.7424245950285838,0.1754441076565262
tc_cox,big_rw,0.1,0.5,1,0.7268203983308371,0.17624960989056238,0.7410539691504007,0.17342418141549504
tc_cox,nasa,0.95,0.95,9,0.5,0.2892861223937732,0.5,0.37895734470474474
tc_cox,nasa,0.95,0.95,7,0.5,0.26563684321149705,0.5,0.33705381192973566
tc_cox,nasa,0.95,0.95,5,0.6463878326996197,0.19969790420675332,0.5437956204379562,0.27338404378577574
tc_cox,nasa,0.95,0.95,4,0.5,0.22385965908031857,0.5,0.31808104901905976
tc_cox,nasa,0.95,0.95,0,0.541095890410959,0.38061438712599005,0.5531135531135531,0.32046231877023024
tc_cox,nasa,0.95,0.95,3,0.5,0.22994581214108886,0.5,0.2694320548427035
tc_cox,nasa,0.95,0.95,6,0.5,0.3732062529964782,0.5,0.20247701496997578
tc_cox,nasa,0.95,0.95,2,0.5,0.3492662402775229,0.5,0.265710075559469
tc_cox,nasa,0.95,0.95,8,0.5,0.26965382411975747,0.5,0.28323770815494526
tc_cox,nasa,0.95,0.95,1,0.5440140845070423,0.2968042913594029,0.6074380165289256,0.2599776321937704
tc_cox,nasa,0.95,0.1,9,0.6476793248945147,0.11532705764616853,0.43470149253731344,0.14550556795224207
tc_cox,nasa,0.95,0.1,17,0.5285087719298246,0.12165947149111642,0.46558704453441296,0.12110919514458965
tc_cox,nasa,0.95,0.1,7,0.5095238095238095,0.06236943206080587,0.6685185185185185,0.09775590856046489
tc_cox,nasa,0.95,0.1,5,0.5285171102661597,0.11271747930003062,0.4324817518248175,0.08680067630100204
tc_cox,nasa,0.95,0.1,15,0.4669421487603306,0.10651083892424501,0.5843621399176955,0.08572883950201166
tc_cox,nasa,0.95,0.1,18,0.6834862385321101,0.12333108168293136,0.3717948717948718,0.16550523288929364
tc_cox,nasa,0.95,0.1,27,0.6724137931034483,0.11123980812562004,0.5041666666666667,0.14225877100520978
tc_cox,nasa,0.95,0.1,24,0.4642857142857143,0.09792739910505223,0.6280487804878049,0.0764798906537187
tc_cox,nasa,0.95,0.1,28,0.6590909090909091,0.09881826317208267,0.7121212121212122,0.08743560105984848
tc_cox,nasa,0.95,0.1,25,0.5357142857142857,0.1231319112124659,0.46218487394957986,0.13575748395325626
tc_cox,nasa,0.95,0.1,16,0.5571428571428572,0.09907773035821127,0.5213270142180095,0.08263459635600208
tc_cox,nasa,0.95,0.1,4,0.5683760683760684,0.10084848216946395,0.5189075630252101,0.10244113450676072
tc_cox,nasa,0.95,0.1,26,0.4957446808510638,0.10039752396479877,0.6196078431372549,0.13632025449312662
tc_cox,nasa,0.95,0.1,11,0.6334586466165414,0.10630435752089189,0.5959821428571429,0.09786518042098905
tc_cox,nasa,0.95,0.1,19,0.38636363636363635,0.11338635968583655,0.595703125,0.1124749265238366
tc_cox,nasa,0.95,0.1,10,0.42035398230088494,0.1257372328448085,0.574468085106383,0.11942448213414171
tc_cox,nasa,0.95,0.1,23,0.5714285714285714,0.13142424003400588,0.551219512195122,0.11794702068969717
tc_cox,nasa,0.95,0.1,0,0.5547945205479452,0.09484345378586184,0.652014652014652,0.10368722833499705
tc_cox,nasa,0.95,0.1,3,0.66015625,0.12957330001446818,0.5118110236220472,0.14818281782760914
tc_cox,nasa,0.95,0.1,6,0.5274261603375527,0.08964432510083956,0.4219858156028369,0.1020779052353595
tc_cox,nasa,0.95,0.1,12,0.5717213114754098,0.09966215413745952,0.5743801652892562,0.07443916680169459
tc_cox,nasa,0.95,0.1,29,0.6293103448275862,0.14739240494725703,0.5230496453900709,0.10640643632260047
tc_cox,nasa,0.95,0.1,20,0.48120300751879697,0.10625211859069511,0.4982758620689655,0.08768598939351957
tc_cox,nasa,0.95,0.1,2,0.6603053435114504,0.0902750877069313,0.4519230769230769,0.09998332416993037
tc_cox,nasa,0.95,0.1,8,0.36983471074380164,0.0916453170698255,0.4519230769230769,0.08919619673087573
tc_cox,nasa,0.95,0.1,1,0.4982394366197183,0.10541829541030345,0.6921487603305785,0.08703091902305667
tc_cox,nasa,0.95,0.1,21,0.3699186991869919,0.10343614610614729,0.40131578947368424,0.1037012998361728
tc_cox,nasa,0.95,0.1,14,0.6575875486381323,0.06643470137394066,0.5988142292490118,0.09807290886066027
tc_cox,nasa,0.95,0.1,13,0.596078431372549,0.0826283035687277,0.39285714285714285,0.1261788362969653
tc_cox,nasa,0.95,0.1,22,0.5,0.13400554048881375,0.5252293577981652,0.12486093056629564
tc_cox,nasa,0.95,0.99,9,0.5,0.2902074229766163,0.5,0.38005440545571406
tc_cox,nasa,0.95,0.99,7,0.5,0.2646451486628914,0.5,0.33616280608610544
tc_cox,nasa,0.95,0.99,5,0.6254752851711026,0.20008711047842986,0.5182481751824818,0.27115990255921446
tc_cox,nasa,0.95,0.99,4,0.5,0.23293174837183467,0.5,0.3225303843945828
tc_cox,nasa,0.95,0.99,0,0.541095890410959,0.38692755452143324,0.5531135531135531,0.32463220173934765
tc_cox,nasa,0.95,0.99,3,0.5,0.22812963770878536,0.5,0.2681938039018068
tc_cox,nasa,0.95,0.99,6,0.44936708860759494,0.36661452813890955,0.5283687943262412,0.205065195203156
tc_cox,nasa,0.95,0.99,2,0.5,0.35522919159171884,0.5,0.26933963341824785
tc_cox,nasa,0.95,0.99,8,0.5,0.2697357442618593,0.5,0.2835424395244851
tc_cox,nasa,0.95,0.99,1,0.5246478873239436,0.3014930598608561,0.5723140495867769,0.2610891970344483
tc_cox,nasa,0.95,0.25,9,0.6666666666666666,0.08435475450575727,0.47201492537313433,0.11816729808475435
tc_cox,nasa,0.95,0.25,7,0.5428571428571428,0.06449118258472669,0.6425925925925926,0.09768023601355728
tc_cox,nasa,0.95,0.25,5,0.43155893536121676,0.10729797871294781,0.42883211678832117,0.09170521960847786
tc_cox,nasa,0.95,0.25,4,0.5683760683760684,0.0902740467315267,0.5336134453781513,0.09310885248992608
tc_cox,nasa,0.95,0.25,0,0.4885844748858447,0.09134013595653798,0.5805860805860806,0.09149418882179669
tc_cox,nasa,0.95,0.25,3,0.671875,0.10704071166752564,0.5433070866141733,0.1262326113737901
tc_cox,nasa,0.95,0.25,6,0.4810126582278481,0.0846454138312916,0.4024822695035461,0.09137246819481432
tc_cox,nasa,0.95,0.25,2,0.6240458015267175,0.08832818222629295,0.46153846153846156,0.09920902913373783
tc_cox,nasa,0.95,0.25,8,0.40289256198347106,0.08901136072104951,0.49038461538461536,0.08373614868003858
tc_cox,nasa,0.95,0.25,1,0.49471830985915494,0.09915607861436528,0.6880165289256198,0.07915565307362797
tc_cox,nasa,0.95,0.75,9,0.6392405063291139,0.07833487762878572,0.5111940298507462,0.10314226367067403
tc_cox,nasa,0.95,0.75,7,0.3976190476190476,0.2611371220103865,0.5314814814814814,0.3043645865792792
tc_cox,nasa,0.95,0.75,5,0.5304182509505704,0.22822646439482908,0.5437956204379562,0.23718055441308789
tc_cox,nasa,0.95,0.75,4,0.6068376068376068,0.197580840713417,0.5609243697478992,0.315272967214511
tc_cox,nasa,0.95,0.75,0,0.541095890410959,0.09946356780733429,0.5860805860805861,0.09854243973860907
tc_cox,nasa,0.95,0.75,3,0.53125,0.20585590945977483,0.4448818897637795,0.24717107573334007
tc_cox,nasa,0.95,0.75,6,0.6434599156118144,0.2538571765755613,0.49822695035460995,0.17409446792576488
tc_cox,nasa,0.95,0.75,2,0.6316793893129771,0.09199217436241192,0.5,0.10802332380186758
tc_cox,nasa,0.95,0.75,8,0.5,0.2610652206736573,0.5,0.2688195162899672
tc_cox,nasa,0.95,0.75,1,0.5299295774647887,0.24850123819620615,0.6033057851239669,0.22961021450739175
tc_cox,nasa,0.95,0.01,9,0.5654008438818565,0.5320879191422141,0.44776119402985076,0.4753797308070027
tc_cox,nasa,0.95,0.01,7,0.3880952380952381,0.5503206950115,0.6648148148148149,0.5150759250145169
tc_cox,nasa,0.95,0.01,5,0.5095057034220533,0.5008975040400678,0.45255474452554745,0.4253688580095958
tc_cox,nasa,0.95,0.01,4,0.6196581196581197,0.5103816580869054,0.5630252100840336,0.4566683275906528
tc_cox,nasa,0.95,0.01,0,0.4931506849315068,0.4894870609744109,0.5970695970695971,0.5460540221166081
tc_cox,nasa,0.95,0.01,3,0.701171875,0.5985122462945441,0.5177165354330708,0.5751615729562009
tc_cox,nasa,0.95,0.01,6,0.5822784810126582,0.49532551760086685,0.4787234042553192,0.637358417861533
tc_cox,nasa,0.95,0.01,2,0.6221374045801527,0.4764536178450036,0.5480769230769231,0.5325828147360917
tc_cox,nasa,0.95,0.01,8,0.53099173553719,0.583928919823187,0.5,0.5749890072666386
tc_cox,nasa,0.95,0.01,1,0.5721830985915493,0.48707130344443306,0.6652892561983471,0.5457828479896579
tc_cox,nasa,0.95,0.9,9,0.5,0.2801044841389221,0.5,0.36675540402661183
tc_cox,nasa,0.95,0.9,7,0.5,0.2655001214711375,0.49074074074074076,0.3360370564272364
tc_cox,nasa,0.95,0.9,5,0.5931558935361216,0.252871289761461,0.5547445255474452,0.2531277426196675
tc_cox,nasa,0.95,0.9,4,0.5,0.22154552042875905,0.5,0.3205554443061374
tc_cox,nasa,0.95,0.9,0,0.589041095890411,0.34733596429360547,0.5512820512820513,0.3112069294594646
tc_cox,nasa,0.95,0.9,3,0.5,0.22951566909701995,0.5,0.26883168135038643
tc_cox,nasa,0.95,0.9,6,0.5,0.3748464354675047,0.5,0.20368447901538084
tc_cox,nasa,0.95,0.9,2,0.5,0.3347268861302474,0.5153846153846153,0.2585809311407202
tc_cox,nasa,0.95,0.9,8,0.5,0.2694098552043147,0.5,0.28264139860532095
tc_cox,nasa,0.95,0.9,1,0.5475352112676056,0.28725826347463873,0.6074380165289256,0.2559056038642027
tc_cox,nasa,0.95,0.05,9,0.6160337552742616,0.10835922501174024,0.4048507462686567,0.13646639034824445
tc_cox,nasa,0.95,0.05,17,0.5504385964912281,0.16421582141891392,0.48785425101214575,0.17069028082361337
tc_cox,nasa,0.95,0.05,7,0.5523809523809524,0.11797921978530404,0.587037037037037,0.1652800291411749
tc_cox,nasa,0.95,0.05,5,0.5475285171102662,0.18444319639047524,0.4324817518248175,0.13261014611053099
tc_cox,nasa,0.95,0.05,15,0.49173553719008267,0.17141017968331418,0.5781893004115226,0.14491340022227323
tc_cox,nasa,0.95,0.05,18,0.6376146788990825,0.21316250103752502,0.4166666666666667,0.24182163870134138
tc_cox,nasa,0.95,0.05,27,0.6915708812260536,0.15339031472719006,0.5875,0.18593764468861135
tc_cox,nasa,0.95,0.05,24,0.4642857142857143,0.194260123793942,0.5772357723577236,0.19993745963150777
tc_cox,nasa,0.95,0.05,28,0.7045454545454546,0.25043561464546005,0.6948051948051948,0.2244968168985034
tc_cox,nasa,0.95,0.05,25,0.5555555555555556,0.15665837318621129,0.46008403361344535,0.16084809558719576
tc_cox,nasa,0.95,0.05,16,0.5795918367346938,0.09047528557569828,0.490521327014218,0.0744504094765718
tc_cox,nasa,0.95,0.05,4,0.5662393162393162,0.24386198802770698,0.5525210084033614,0.2300981113447464
tc_cox,nasa,0.95,0.05,26,0.551063829787234,0.1625549207443535,0.6509803921568628,0.20218937611291257
tc_cox,nasa,0.95,0.05,11,0.6390977443609023,0.12543825092579106,0.546875,0.1323772529059861
tc_cox,nasa,0.95,0.05,19,0.4380165289256198,0.17701816560704803,0.59765625,0.1716438742001344
tc_cox,nasa,0.95,0.05,10,0.44026548672566373,0.19850479841599655,0.5382978723404256,0.18601886692546382
tc_cox,nasa,0.95,0.05,23,0.5816326530612245,0.18636909180004751,0.48048780487804876,0.1720760271224521
tc_cox,nasa,0.95,0.05,0,0.5958904109589042,0.15952313149465913,0.6098901098901099,0.18547377627925657
tc_cox,nasa,0.95,0.05,3,0.71484375,0.3491224406118738,0.562992125984252,0.3468816275718452
tc_cox,nasa,0.95,0.05,6,0.5042194092827004,0.20142151039569736,0.4326241134751773,0.25948744935758306
tc_cox,nasa,0.95,0.05,12,0.5717213114754098,0.12772317404230024,0.5165289256198347,0.1080045006390103
tc_cox,nasa,0.95,0.05,29,0.6142241379310345,0.1717005070105667,0.5141843971631206,0.12319167941823214
tc_cox,nasa,0.95,0.05,20,0.4868421052631579,0.1509642806176204,0.5379310344827586,0.12144499617353613
tc_cox,nasa,0.95,0.05,2,0.6507633587786259,0.1673745018815264,0.47692307692307695,0.16809678580378185
tc_cox,nasa,0.95,0.05,8,0.45661157024793386,0.18596579224123116,0.4826923076923077,0.19001056843728548
tc_cox,nasa,0.95,0.05,1,0.49295774647887325,0.17276723173008401,0.6714876033057852,0.18314268323414132
tc_cox,nasa,0.95,0.05,21,0.3902439024390244,0.18853802929339714,0.4649122807017544,0.16557616548842552
tc_cox,nasa,0.95,0.05,14,0.6750972762645915,0.12205764505217817,0.5988142292490118,0.13764254327838138
tc_cox,nasa,0.95,0.05,13,0.5882352941176471,0.18654075013934557,0.3826530612244898,0.21182881275853835
tc_cox,nasa,0.95,0.05,22,0.488929889298893,0.14945350151123798,0.5252293577981652,0.14170280808625554
tc_cox,nasa,0.95,0.001,9,0.5569620253164557,0.6366608178752291,0.5597014925373134,0.56009534726755
tc_cox,nasa,0.95,0.001,7,0.46904761904761905,0.6670368481012681,0.6888888888888889,0.6078093233521561
tc_cox,nasa,0.95,0.001,5,0.4828897338403042,0.6690679722236403,0.4981751824817518,0.5876306661834952
tc_cox,nasa,0.95,0.001,4,0.6324786324786325,0.6842067022954891,0.634453781512605,0.6017489317956064
tc_cox,nasa,0.95,0.001,0,0.6004566210045662,0.5445054204474153,0.5164835164835165,0.6059931201849169
tc_cox,nasa,0.95,0.001,3,0.634765625,0.7048606670598191,0.452755905511811,0.6720401074359846
tc_cox,nasa,0.95,0.001,6,0.4388185654008439,0.5818824419056253,0.41843971631205673,0.7485561510149514
tc_cox,nasa,0.95,0.001,2,0.6374045801526718,0.5755044899609779,0.5634615384615385,0.6541444906395859
tc_cox,nasa,0.95,0.001,8,0.5578512396694215,0.6643483421412006,0.5269230769230769,0.6524468909454959
tc_cox,nasa,0.95,0.001,1,0.579225352112676,0.5712028686024819,0.6673553719008265,0.6395656163283208
tc_cox,nasa,0.95,0.003,9,0.5780590717299579,0.6215754576522184,0.5447761194029851,0.5478645762809043
tc_cox,nasa,0.95,0.003,7,0.4452380952380952,0.6475297877518363,0.6981481481481482,0.5923582237008002
tc_cox,nasa,0.95,0.003,5,0.5114068441064639,0.6530215004259413,0.4762773722627737,0.5717621365012652
tc_cox,nasa,0.95,0.003,4,0.6153846153846154,0.6625205221147289,0.569327731092437,0.5837183432712483
tc_cox,nasa,0.95,0.003,0,0.541095890410959,0.5305388748216466,0.5164835164835165,0.5908722025756452
tc_cox,nasa,0.95,0.003,3,0.673828125,0.6826042590740815,0.5295275590551181,0.6517496812401674
tc_cox,nasa,0.95,0.003,6,0.42616033755274263,0.575739101481628,0.3617021276595745,0.7407123239425017
tc_cox,nasa,0.95,0.003,2,0.6221374045801527,0.560365463035692,0.5115384615384615,0.6355117921055558
tc_cox,nasa,0.95,0.003,8,0.5392561983471075,0.6412808627000195,0.5442307692307692,0.6302915552806629
tc_cox,nasa,0.95,0.003,1,0.5545774647887324,0.5518259478098583,0.6384297520661157,0.6182725466664584
tc_cox,nasa,0.95,0.5,9,0.6476793248945147,0.0747866303575963,0.46455223880597013,0.10835969079105977
tc_cox,nasa,0.95,0.5,17,0.5175438596491229,0.11052543987640587,0.4230769230769231,0.12313567133076665
tc_cox,nasa,0.95,0.5,7,0.5,0.0687563392597191,0.6148148148148148,0.09821278391657422
tc_cox,nasa,0.95,0.5,5,0.42395437262357416,0.11099639297738223,0.4324817518248175,0.09935381438501288
tc_cox,nasa,0.95,0.5,15,0.5165289256198347,0.09826590095663464,0.46502057613168724,0.0877419244161194
tc_cox,nasa,0.95,0.5,18,0.5871559633027523,0.09396952760617201,0.4423076923076923,0.1425567622161312
tc_cox,nasa,0.95,0.5,27,0.6513409961685823,0.09469185508041324,0.49166666666666664,0.12502214332142925
tc_cox,nasa,0.95,0.5,24,0.518796992481203,0.09294628086105612,0.6199186991869918,0.07134257160425117
tc_cox,nasa,0.95,0.5,28,0.5227272727272727,0.08975160655732124,0.7402597402597403,0.07257977996180821
tc_cox,nasa,0.95,0.5,25,0.5575396825396826,0.10080750929530664,0.4852941176470588,0.11388738009758924
tc_cox,nasa,0.95,0.5,16,0.6755102040816326,0.11179483545580964,0.5876777251184834,0.1080194778634518
tc_cox,nasa,0.95,0.5,4,0.5726495726495726,0.08438091070395365,0.5105042016806722,0.09054327351298075
tc_cox,nasa,0.95,0.5,26,0.4531914893617021,0.08011388456494918,0.5058823529411764,0.1168300637739281
tc_cox,nasa,0.95,0.5,11,0.6635338345864662,0.10180795399151406,0.47544642857142855,0.10109368241202463
tc_cox,nasa,0.95,0.5,19,0.4049586776859504,0.10985783017047289,0.64453125,0.09718464306672087
tc_cox,nasa,0.95,0.5,10,0.41150442477876104,0.11482162516542992,0.4957446808510638,0.11163484737730799
tc_cox,nasa,0.95,0.5,23,0.5408163265306123,0.12355268657942634,0.5146341463414634,0.10088999504459553
tc_cox,nasa,0.95,0.5,0,0.4863013698630137,0.09260855689166939,0.5824175824175825,0.09307278124586234
tc_cox,nasa,0.95,0.5,3,0.623046875,0.09915632778463226,0.5551181102362205,0.11137106576086168
tc_cox,nasa,0.95,0.5,6,0.4620253164556962,0.08629493770866771,0.42021276595744683,0.09786360426623608
tc_cox,nasa,0.95,0.5,12,0.5635245901639344,0.11009520093427366,0.6136363636363636,0.08446884401454857
tc_cox,nasa,0.95,0.5,29,0.5603448275862069,0.137953627301756,0.5195035460992907,0.10566850458674484
tc_cox,nasa,0.95,0.5,20,0.4849624060150376,0.09600430642796931,0.4586206896551724,0.0893704633826533
tc_cox,nasa,0.95,0.5,2,0.6316793893129771,0.0883701167231843,0.46153846153846156,0.10350924395695134
tc_cox,nasa,0.95,0.5,8,0.4669421487603306,0.085553276569004,0.55,0.08120063567347378
tc_cox,nasa,0.95,0.5,1,0.5598591549295775,0.1000557980304248,0.609504132231405,0.08444783955854779
tc_cox,nasa,0.95,0.5,21,0.5691056910569106,0.11811840475565262,0.36403508771929827,0.13420739598165546
tc_cox,nasa,0.95,0.5,14,0.6070038910505836,0.07393312858128706,0.642292490118577,0.09333469335967265
tc_cox,nasa,0.95,0.5,13,0.4568627450980392,0.08668607126401212,0.41156462585034015,0.1221038811585745
tc_cox,nasa,0.95,0.5,22,0.5239852398523985,0.10278686905055952,0.6169724770642202,0.08289830592156727
tc_cox,nasa,0.5,0.95,9,0.4008438818565401,0.34622843911288925,0.5130597014925373,0.3055843374727418
tc_cox,nasa,0.5,0.95,7,0.46190476190476193,0.22561971657530586,0.4759259259259259,0.23837904051274564
tc_cox,nasa,0.5,0.95,5,0.5057034220532319,0.620390800423154,0.5291970802919708,0.5399300192321668
tc_cox,nasa,0.5,0.95,4,0.42094017094017094,0.6348784222541618,0.5882352941176471,0.5623308262451114
tc_cox,nasa,0.5,0.95,0,0.4703196347031963,0.5355464151935493,0.40293040293040294,0.5967403812713663
tc_cox,nasa,0.5,0.95,3,0.439453125,0.6591078029388842,0.5236220472440944,0.6296317823728066
tc_cox,nasa,0.5,0.95,6,0.48945147679324896,0.27868458438450805,0.374113475177305,0.3569884788531468
tc_cox,nasa,0.5,0.95,2,0.5725190839694656,0.30708061931842273,0.425,0.36452237253530867
tc_cox,nasa,0.5,0.95,8,0.41115702479338845,0.3872731207353879,0.5634615384615385,0.3467402701642873
tc_cox,nasa,0.5,0.95,1,0.647887323943662,0.26606680280042944,0.4462809917355372,0.34563383105942275
tc_cox,nasa,0.5,0.1,9,0.5464135021097046,0.09693912465248854,0.44776119402985076,0.12247155679012486
tc_cox,nasa,0.5,0.1,7,0.4738095238095238,0.6638003728356283,0.6685185185185185,0.6039551106818367
tc_cox,nasa,0.5,0.1,5,0.5152091254752852,0.6590278045610375,0.4233576642335766,0.5781630713433467
tc_cox,nasa,0.5,0.1,4,0.5042735042735043,0.6875350671710377,0.5357142857142857,0.6049771596173483
tc_cox,nasa,0.5,0.1,0,0.5205479452054794,0.5289973661877586,0.4981684981684982,0.5891113838401874
tc_cox,nasa,0.5,0.1,3,0.642578125,0.13735413430149418,0.5078740157480315,0.15987156882498005
tc_cox,nasa,0.5,0.1,6,0.5485232067510548,0.5700331042991807,0.36879432624113473,0.7330542330092213
tc_cox,nasa,0.5,0.1,2,0.5763358778625954,0.5768929451077892,0.5153846153846153,0.6555052974817278
tc_cox,nasa,0.5,0.1,8,0.4462809917355372,0.6591513039438018,0.5269230769230769,0.6470180089887545
tc_cox,nasa,0.5,0.1,1,0.579225352112676,0.09698122631416704,0.628099173553719,0.08946868673560088
tc_cox,nasa,0.5,0.99,9,0.5063291139240507,0.4405853001746725,0.43843283582089554,0.37524765983593705
tc_cox,nasa,0.5,0.99,7,0.4976190476190476,0.19400879857084208,0.5888888888888889,0.21876161223903914
tc_cox,nasa,0.5,0.99,5,0.4543726235741445,0.6206718991920853,0.5218978102189781,0.5399350152159895
tc_cox,nasa,0.5,0.99,4,0.3525641025641026,0.6315444764306293,0.49789915966386555,0.5587387271569294
tc_cox,nasa,0.5,0.99,0,0.45662100456621,0.5355057657066388,0.41208791208791207,0.5968125277225504
tc_cox,nasa,0.5,0.99,3,0.458984375,0.6574477322769914,0.5275590551181102,0.6282131875363446
tc_cox,nasa,0.5,0.99,6,0.5295358649789029,0.1929099285114342,0.44680851063829785,0.23901845520043266
tc_cox,nasa,0.5,0.99,2,0.6068702290076335,0.4690970554737622,0.5019230769230769,0.5184060810474657
tc_cox,nasa,0.5,0.99,8,0.4855371900826446,0.303697661510722,0.5653846153846154,0.28135420428734764
tc_cox,nasa,0.5,0.99,1,0.6795774647887324,0.3051150610806653,0.44214876033057854,0.39529310246944904
tc_cox,nasa,0.5,0.25,9,0.5358649789029536,0.13338907264131628,0.5055970149253731,0.13900746715114462
tc_cox,nasa,0.5,0.25,7,0.48333333333333334,0.10776710394059921,0.6333333333333333,0.15713151025784977
tc_cox,nasa,0.5,0.25,5,0.4866920152091255,0.13030158667885167,0.4543795620437956,0.1097690719428689
tc_cox,nasa,0.5,0.25,4,0.5854700854700855,0.12653754934851424,0.5273109243697479,0.12302278866474017
tc_cox,nasa,0.5,0.25,0,0.4018264840182648,0.13486785482180075,0.4945054945054945,0.13076651329223712
tc_cox,nasa,0.5,0.25,3,0.65625,0.15410079287351658,0.4921259842519685,0.17433004664777105
tc_cox,nasa,0.5,0.25,6,0.42616033755274263,0.10058816510092804,0.36524822695035464,0.11258140784380499
tc_cox,nasa,0.5,0.25,2,0.5572519083969466,0.1106286283413887,0.41346153846153844,0.1336866972387453
tc_cox,nasa,0.5,0.25,8,0.41115702479338845,0.1316329708763717,0.5673076923076923,0.1407751987695856
tc_cox,nasa,0.5,0.25,1,0.5352112676056338,0.12462299861468966,0.6053719008264463,0.12898170182096158
tc_cox,nasa,0.5,0.75,9,0.41350210970464135,0.3721959083279648,0.5223880597014925,0.34576963276862616
tc_cox,nasa,0.5,0.75,7,0.5357142857142857,0.2631432810954184,0.5074074074074074,0.25686074017696875
tc_cox,nasa,0.5,0.75,5,0.44866920152091255,0.6382886863422789,0.5072992700729927,0.5570507514477734
tc_cox,nasa,0.5,0.75,4,0.46153846153846156,0.652575722969913,0.569327731092437,0.5809455412407307
tc_cox,nasa,0.5,0.75,0,0.4954337899543379,0.5317360133848392,0.44871794871794873,0.5921075925653606
tc_cox,nasa,0.5,0.75,3,0.404296875,0.6637319994011776,0.4704724409448819,0.6335344431190463
tc_cox,nasa,0.5,0.75,6,0.5189873417721519,0.2661744007621916,0.425531914893617,0.3256485880541179
tc_cox,nasa,0.5,0.75,2,0.5820610687022901,0.29075305280343244,0.5403846153846154,0.3356970185219913
tc_cox,nasa,0.5,0.75,8,0.4462809917355372,0.32681767136638207,0.5557692307692308,0.3397801713101857
tc_cox,nasa,0.5,0.75,1,0.5563380281690141,0.18053410149809557,0.44421487603305787,0.2313518543897273
tc_cox,nasa,0.5,0.01,9,0.4008438818565401,0.6774187546355507,0.46455223880597013,0.5927400000133092
tc_cox,nasa,0.5,0.01,7,0.45476190476190476,0.7066062719489802,0.6148148148148148,0.6384442719290773
tc_cox,nasa,0.5,0.01,5,0.6768060836501901,0.704584226362477,0.4726277372262774,0.6223644002817461
tc_cox,nasa,0.5,0.01,4,0.40384615384615385,0.7218240192061245,0.6197478991596639,0.6340366545929065
tc_cox,nasa,0.5,0.01,0,0.634703196347032,0.5766194322073446,0.4981684981684982,0.6403728841490385
tc_cox,nasa,0.5,0.01,3,0.56640625,0.7419019668797773,0.48031496062992124,0.7058210687257619
tc_cox,nasa,0.5,0.01,6,0.5611814345991561,0.6043993090040085,0.524822695035461,0.7766640988827563
tc_cox,nasa,0.5,0.01,2,0.5305343511450382,0.6096475489424742,0.46923076923076923,0.6962488987703169
tc_cox,nasa,0.5,0.01,8,0.46487603305785125,0.7069836952077325,0.525,0.6931636866839727
tc_cox,nasa,0.5,0.01,1,0.41725352112676056,0.6037926424976627,0.5413223140495868,0.6755682777720545
tc_cox,nasa,0.5,0.9,9,0.5021097046413502,0.4037291698182421,0.585820895522388,0.3681220608308567
tc_cox,nasa,0.5,0.9,7,0.5642857142857143,0.3322280216279993,0.5907407407407408,0.3259655415261552
tc_cox,nasa,0.5,0.9,5,0.4391634980988593,0.6253378462749349,0.5200729927007299,0.5444378082803525
tc_cox,nasa,0.5,0.9,4,0.4893162393162393,0.6408970863710033,0.6218487394957983,0.5690484114920711
tc_cox,nasa,0.5,0.9,0,0.4634703196347032,0.5345789034295437,0.39194139194139194,0.5955619545813111
tc_cox,nasa,0.5,0.9,3,0.41015625,0.6604403199561634,0.5019685039370079,0.6307093901672914
tc_cox,nasa,0.5,0.9,6,0.5632911392405063,0.33957701427859044,0.44148936170212766,0.4697133882732555
tc_cox,nasa,0.5,0.9,2,0.5248091603053435,0.30539864998926936,0.4346153846153846,0.4093085175837293
tc_cox,nasa,0.5,0.9,8,0.4690082644628099,0.3098960790535598,0.7134615384615385,0.284333928627158
tc_cox,nasa,0.5,0.9,1,0.6954225352112676,0.2254454252765017,0.6260330578512396,0.2584634039926291
tc_cox,nasa,0.5,0.05,9,0.4641350210970464,0.6610693757313367,0.5317164179104478,0.5796434376432478
tc_cox,nasa,0.5,0.05,7,0.42857142857142855,0.6848982731581913,0.7074074074074074,0.6210839707869094
tc_cox,nasa,0.5,0.05,5,0.42775665399239543,0.6998457569736294,0.3813868613138686,0.6178749992129673
tc_cox,nasa,0.5,0.05,4,0.4807692307692308,0.7190629142895338,0.634453781512605,0.6313526053357271
tc_cox,nasa,0.5,0.05,0,0.6506849315068494,0.5539562630032705,0.6245421245421245,0.6158339391477641
tc_cox,nasa,0.5,0.05,3,0.673828125,0.7109131246949744,0.4311023622047244,0.6777218540067315
tc_cox,nasa,0.5,0.05,6,0.45147679324894513,0.5997603832708068,0.4645390070921986,0.770576735128647
tc_cox,nasa,0.5,0.05,2,0.4541984732824427,0.6098618038583185,0.575,0.6961115209786244
tc_cox,nasa,0.5,0.05,8,0.49586776859504134,0.6943573277368394,0.5384615384615384,0.6814314595287579
tc_cox,nasa,0.5,0.05,1,0.46830985915492956,0.5822010225600049,0.6012396694214877,0.6513527683686908
tc_cox,nasa,0.5,0.001,9,0.44936708860759494,0.6912908514206413,0.5615671641791045,0.6037421929331558
tc_cox,nasa,0.5,0.001,7,0.4142857142857143,0.7149648923112389,0.6851851851851852,0.6453531995715729
tc_cox,nasa,0.5,0.001,5,0.5038022813688213,0.7136390350766101,0.49452554744525545,0.6313617229496653
tc_cox,nasa,0.5,0.001,4,0.5021367521367521,0.7271967461715004,0.4831932773109244,0.6385639789679427
tc_cox,nasa,0.5,0.001,0,0.6643835616438356,0.5821210662509367,0.4652014652014652,0.6462758359024119
tc_cox,nasa,0.5,0.001,3,0.552734375,0.7488412896541534,0.531496062992126,0.7121462157765525
tc_cox,nasa,0.5,0.001,6,0.6012658227848101,0.6062708458952305,0.39361702127659576,0.7788212684074695
tc_cox,nasa,0.5,0.001,2,0.6221374045801527,0.6168648659774915,0.47115384615384615,0.7050686100671639
tc_cox,nasa,0.5,0.001,8,0.4318181818181818,0.7086128087958397,0.40192307692307694,0.6951798958065271
tc_cox,nasa,0.5,0.001,1,0.6161971830985915,0.611639453161361,0.5433884297520661,0.684256713890361
tc_cox,nasa,0.5,0.003,9,0.45358649789029537,0.6866054621538545,0.47201492537313433,0.5999561705331276
tc_cox,nasa,0.5,0.003,7,0.5023809523809524,0.7118738846103939,0.6296296296296297,0.6429097935987942
tc_cox,nasa,0.5,0.003,5,0.5684410646387833,0.7107088293419909,0.5145985401459854,0.6284232323231472
tc_cox,nasa,0.5,0.003,4,0.43162393162393164,0.7254115504894975,0.4684873949579832,0.6370341680383129
tc_cox,nasa,0.5,0.003,0,0.5958904109589042,0.5806495002494467,0.5128205128205128,0.6448168776618796
tc_cox,nasa,0.5,0.003,3,0.44921875,0.7469123233742507,0.42322834645669294,0.7104006136338217
tc_cox,nasa,0.5,0.003,6,0.6286919831223629,0.6049816704881454,0.48936170212765956,0.7773425737676498
tc_cox,nasa,0.5,0.003,2,0.5610687022900763,0.6166307995210234,0.6173076923076923,0.7048457298103253
tc_cox,nasa,0.5,0.003,8,0.4772727272727273,0.7095051390756867,0.5230769230769231,0.6957221243205644
tc_cox,nasa,0.5,0.003,1,0.5316901408450704,0.609568586871093,0.493801652892562,0.6821947865913478
tc_cox,nasa,0.5,0.5,9,0.49156118143459915,0.3135574061720063,0.5111940298507462,0.28868683053131305
tc_cox,nasa,0.5,0.5,7,0.5119047619047619,0.249354870571728,0.6129629629629629,0.2617801603128651
tc_cox,nasa,0.5,0.5,5,0.526615969581749,0.24257367387854356,0.47992700729927007,0.22393742764833388
tc_cox,nasa,0.5,0.5,4,0.5235042735042735,0.2987275956270353,0.40756302521008403,0.26294361813389494
tc_cox,nasa,0.5,0.5,0,0.5547945205479452,0.5276211897352943,0.4981684981684982,0.5875423646572647
tc_cox,nasa,0.5,0.5,3,0.408203125,0.671414920505764,0.47244094488188976,0.641091655952632
tc_cox,nasa,0.5,0.5,6,0.46835443037974683,0.21768856696712505,0.4024822695035461,0.303749345976188
tc_cox,nasa,0.5,0.5,2,0.5820610687022901,0.23316971098739572,0.5038461538461538,0.2927449076539404
tc_cox,nasa,0.5,0.5,8,0.493801652892562,0.24912122408511306,0.5692307692307692,0.26810785810871596
tc_cox,nasa,0.5,0.5,1,0.6056338028169014,0.24488281705383677,0.45041322314049587,0.3342224956221103
tc_cox,nasa,0.1,0.95,9,0.40717299578059074,0.6100716003929799,0.44216417910447764,0.5380454556945555
tc_cox,nasa,0.1,0.95,7,0.5928571428571429,0.6571941136406468,0.5018518518518519,0.6002523667198597
tc_cox,nasa,0.1,0.95,5,0.5817490494296578,0.699617105165434,0.5383211678832117,0.6167844072877082
tc_cox,nasa,0.1,0.95,4,0.47649572649572647,0.6604617341070023,0.39705882352941174,0.5866348225260014
tc_cox,nasa,0.1,0.95,0,0.4657534246575342,0.5692144547630295,0.5183150183150184,0.6332498348648307
tc_cox,nasa,0.1,0.95,3,0.435546875,0.7327597909980723,0.5669291338582677,0.6985370854796694
tc_cox,nasa,0.1,0.95,6,0.4978902953586498,0.5861545234043458,0.4946808510638298,0.7515159608776584
tc_cox,nasa,0.1,0.95,2,0.45610687022900764,0.5738542633369638,0.5346153846153846,0.6499505383105405
tc_cox,nasa,0.1,0.95,8,0.5537190082644629,0.5469131018863276,0.6211538461538462,0.5309342791265824
tc_cox,nasa,0.1,0.95,1,0.6602112676056338,0.585870650418319,0.5330578512396694,0.6549076781289641
tc_cox,nasa,0.1,0.1,9,0.580168776371308,0.6507415514587392,0.5074626865671642,0.5711534104100102
tc_cox,nasa,0.1,0.1,7,0.46904761904761905,0.6873599065067293,0.6777777777777778,0.6237474023003148
tc_cox,nasa,0.1,0.1,5,0.5798479087452472,0.6838472544240545,0.5602189781021898,0.6024655852269896
tc_cox,nasa,0.1,0.1,4,0.6132478632478633,0.7189586169860637,0.45588235294117646,0.6314702836292135
tc_cox,nasa,0.1,0.1,0,0.6095890410958904,0.5752387431699558,0.5622710622710623,0.639822994094769
tc_cox,nasa,0.1,0.1,3,0.6328125,0.7087645519664002,0.4448818897637795,0.6758099397878244
tc_cox,nasa,0.1,0.1,6,0.5654008438818565,0.5977476557801016,0.4875886524822695,0.7683721298886411
tc_cox,nasa,0.1,0.1,2,0.6068702290076335,0.5819342012320549,0.5326923076923077,0.6620364365332951
tc_cox,nasa,0.1,0.1,8,0.5082644628099173,0.7015624956904425,0.5173076923076924,0.6881911315552781
tc_cox,nasa,0.1,0.1,1,0.38380281690140844,0.5999480714004546,0.5599173553719008,0.671885353374925
tc_cox,nasa,0.1,0.99,9,0.40717299578059074,0.6120680993890103,0.4552238805970149,0.5408964483509155
tc_cox,nasa,0.1,0.99,7,0.580952380952381,0.6586186862314268,0.5833333333333334,0.6013879707246516
tc_cox,nasa,0.1,0.99,5,0.5665399239543726,0.6993831756481745,0.49452554744525545,0.6165106475119696
tc_cox,nasa,0.1,0.99,4,0.4807692307692308,0.6626025294068371,0.43487394957983194,0.5867716039028571
tc_cox,nasa,0.1,0.99,0,0.5114155251141552,0.5687997530394983,0.5421245421245421,0.6326972158753413
tc_cox,nasa,0.1,0.99,3,0.466796875,0.7357672904693511,0.5590551181102362,0.7009336374162901
tc_cox,nasa,0.1,0.99,6,0.5063291139240507,0.5860475917688699,0.5053191489361702,0.7510971080035873
tc_cox,nasa,0.1,0.99,2,0.46946564885496184,0.5724060311061971,0.46153846153846156,0.6485471211938293
tc_cox,nasa,0.1,0.99,8,0.6074380165289256,0.3815207195386102,0.575,0.38975052625978385
tc_cox,nasa,0.1,0.99,1,0.6232394366197183,0.5862078301474304,0.5661157024793388,0.6551671438043631
tc_cox,nasa,0.1,0.25,9,0.47890295358649787,0.20850076326128633,0.6100746268656716,0.1854006453761346
tc_cox,nasa,0.1,0.25,7,0.430952380952381,0.1608026397340264,0.6166666666666667,0.1884351486340428
tc_cox,nasa,0.1,0.25,5,0.6159695817490495,0.6916665307839076,0.48175182481751827,0.6097590726984855
tc_cox,nasa,0.1,0.25,4,0.6474358974358975,0.16815020101219277,0.5210084033613446,0.16058839366507408
tc_cox,nasa,0.1,0.25,0,0.591324200913242,0.5672511034182558,0.5970695970695971,0.6306279940632722
tc_cox,nasa,0.1,0.25,3,0.474609375,0.17080892157550706,0.5787401574803149,0.16678583939704583
tc_cox,nasa,0.1,0.25,6,0.4957805907172996,0.591709309257894,0.39361702127659576,0.7603217748749426
tc_cox,nasa,0.1,0.25,2,0.4904580152671756,0.6008127457250608,0.5865384615384616,0.685040945170415
tc_cox,nasa,0.1,0.25,8,0.41735537190082644,0.15521894461049102,0.5134615384615384,0.1478838211210881
tc_cox,nasa,0.1,0.25,1,0.5264084507042254,0.16312828419904077,0.5413223140495868,0.17046732671761788
tc_cox,nasa,0.1,0.75,9,0.5042194092827004,0.6441740117404389,0.5503731343283582,0.5661710975652107
tc_cox,nasa,0.1,0.75,7,0.5190476190476191,0.4037207857273606,0.45555555555555555,0.3815709760738036
tc_cox,nasa,0.1,0.75,5,0.45817490494296575,0.7000416574673693,0.5383211678832117,0.6177528183083002
tc_cox,nasa,0.1,0.75,4,0.3888888888888889,0.7007407880014812,0.4579831932773109,0.6180036870558607
tc_cox,nasa,0.1,0.75,0,0.3264840182648402,0.5701929349577344,0.45054945054945056,0.6345567644040673
tc_cox,nasa,0.1,0.75,3,0.505859375,0.7234446583064296,0.5531496062992126,0.6901184248212041
tc_cox,nasa,0.1,0.75,6,0.5886075949367089,0.5760543776023891,0.549645390070922,0.7403925399007799
tc_cox,nasa,0.1,0.75,2,0.4618320610687023,0.5773640900268895,0.5192307692307693,0.6568258313563252
tc_cox,nasa,0.1,0.75,8,0.4090909090909091,0.6797571292883642,0.5134615384615384,0.6672858885743542
tc_cox,nasa,0.1,0.75,1,0.47007042253521125,0.5833290444453396,0.6342975206611571,0.6524733671830033
tc_cox,nasa,0.1,0.01,9,0.37341772151898733,0.6897587753759173,0.47947761194029853,0.6026861622862418
tc_cox,nasa,0.1,0.01,7,0.45714285714285713,0.7126829691839575,0.6518518518518519,0.6434009200314279
tc_cox,nasa,0.1,0.01,5,0.5095057034220533,0.7187376097350313,0.5346715328467153,0.63606492222278
tc_cox,nasa,0.1,0.01,4,0.5,0.7302702189663344,0.5,0.6411045274319638
tc_cox,nasa,0.1,0.01,0,0.593607305936073,0.5873183107443304,0.45604395604395603,0.6523344475038142
tc_cox,nasa,0.1,0.01,3,0.5,0.7516204536205142,0.515748031496063,0.7145585118796742
tc_cox,nasa,0.1,0.01,6,0.4641350210970464,0.608971279128593,0.5691489361702128,0.7825485588443246
tc_cox,nasa,0.1,0.01,2,0.4961832061068702,0.6181278584877814,0.5096153846153846,0.7067583954319591
tc_cox,nasa,0.1,0.01,8,0.4524793388429752,0.7113797998094274,0.5346153846153846,0.6976065744662046
tc_cox,nasa,0.1,0.01,1,0.5633802816901409,0.6127517952762926,0.5599173553719008,0.685674963165133
tc_cox,nasa,0.1,0.9,9,0.4578059071729958,0.6521428837555966,0.4123134328358209,0.571507397441339
tc_cox,nasa,0.1,0.9,7,0.6571428571428571,0.6511256640204055,0.55,0.5949970297644679
tc_cox,nasa,0.1,0.9,5,0.5361216730038023,0.6999120314439988,0.5091240875912408,0.617165184956076
tc_cox,nasa,0.1,0.9,4,0.4358974358974359,0.6955835167353257,0.5021008403361344,0.6123855401693974
tc_cox,nasa,0.1,0.9,0,0.4292237442922374,0.5693450204923057,0.5128205128205128,0.6335475308998079
tc_cox,nasa,0.1,0.9,3,0.46484375,0.7266353640211618,0.5236220472440944,0.6930228439125314
tc_cox,nasa,0.1,0.9,6,0.4704641350210971,0.5841402369970526,0.5,0.7500682580993487
tc_cox,nasa,0.1,0.9,2,0.4541984732824427,0.5693626092631247,0.46923076923076923,0.6451916568942186
tc_cox,nasa,0.1,0.9,8,0.49173553719008267,0.6506584065724292,0.5211538461538462,0.6414151830665368
tc_cox,nasa,0.1,0.9,1,0.4982394366197183,0.5845767572476873,0.6053719008264463,0.6533814511985522
tc_cox,nasa,0.1,0.05,9,0.49156118143459915,0.6756545749570426,0.5149253731343284,0.5915487078255462
tc_cox,nasa,0.1,0.05,7,0.46904761904761905,0.6971361208516518,0.7314814814814815,0.6309538568150976
tc_cox,nasa,0.1,0.05,5,0.5133079847908745,0.7115202170039442,0.46897810218978103,0.628989314916652
tc_cox,nasa,0.1,0.05,4,0.4829059829059829,0.7255123713773813,0.5315126050420168,0.6369438657056957
tc_cox,nasa,0.1,0.05,0,0.6735159817351598,0.5708876947468791,0.5659340659340659,0.6342436691083088
tc_cox,nasa,0.1,0.05,3,0.490234375,0.7406532472065755,0.5059055118110236,0.7047206545038983
tc_cox,nasa,0.1,0.05,6,0.5358649789029536,0.6042052811845946,0.4450354609929078,0.7763597242509717
tc_cox,nasa,0.1,0.05,2,0.4389312977099237,0.6118049331823012,0.4807692307692308,0.6990026154691374
tc_cox,nasa,0.1,0.05,8,0.5433884297520661,0.7006522551049341,0.5192307692307693,0.6878468410698899
tc_cox,nasa,0.1,0.05,1,0.44366197183098594,0.6088600658344713,0.5991735537190083,0.681372058703498
tc_cox,nasa,0.1,0.001,9,0.5337552742616034,0.6941541476606746,0.5671641791044776,0.6061732885128839
tc_cox,nasa,0.1,0.001,7,0.39285714285714285,0.718192309449166,0.6981481481481482,0.647794816879537
tc_cox,nasa,0.1,0.001,5,0.5,0.7184468422109127,0.5,0.6360574108510763
tc_cox,nasa,0.1,0.001,4,0.4893162393162393,0.732089599269479,0.38445378151260506,0.6424937248156274
tc_cox,nasa,0.1,0.001,0,0.593607305936073,0.5876063111865535,0.5805860805860806,0.6520241719954516
tc_cox,nasa,0.1,0.001,3,0.49609375,0.7547464621086604,0.5433070866141733,0.717441013126663
tc_cox,nasa,0.1,0.001,6,0.5548523206751055,0.6088668612321303,0.45390070921985815,0.7822043208137919
tc_cox,nasa,0.1,0.001,2,0.5076335877862596,0.6212809262036149,0.5596153846153846,0.7107250989727018
tc_cox,nasa,0.1,0.001,8,0.5,0.7131566671464258,0.5019230769230769,0.6993114625387274
tc_cox,nasa,0.1,0.001,1,0.5475352112676056,0.6167810489304246,0.3987603305785124,0.6904465358783789
tc_cox,nasa,0.1,0.003,9,0.4767932489451477,0.6921572294386876,0.503731343283582,0.604557923598928
tc_cox,nasa,0.1,0.003,7,0.3738095238095238,0.7171116601703043,0.7537037037037037,0.6468513747354905
tc_cox,nasa,0.1,0.003,5,0.5,0.7183956197892227,0.5,0.63580354521474
tc_cox,nasa,0.1,0.003,4,0.5427350427350427,0.7316325416192752,0.42436974789915966,0.6421496136215569
tc_cox,nasa,0.1,0.003,0,0.6004566210045662,0.5871427680148272,0.5091575091575091,0.6518762296009972
tc_cox,nasa,0.1,0.003,3,0.583984375,0.7530919276431485,0.4881889763779528,0.7160195270719211
tc_cox,nasa,0.1,0.003,6,0.6118143459915611,0.6081085090453066,0.549645390070922,0.7814519479567597
tc_cox,nasa,0.1,0.003,2,0.4770992366412214,0.6204001683699011,0.573076923076923,0.7098140186768817
tc_cox,nasa,0.1,0.003,8,0.48140495867768596,0.71276320319315,0.5057692307692307,0.6988917500108851
tc_cox,nasa,0.1,0.003,1,0.4823943661971831,0.6149773994119692,0.512396694214876,0.6884427353594171
tc_cox,nasa,0.1,0.5,9,0.5,0.6150863009615141,0.5298507462686567,0.5426030814790679
tc_cox,nasa,0.1,0.5,7,0.4880952380952381,0.6662405999498188,0.5314814814814814,0.6047934267633076
tc_cox,nasa,0.1,0.5,5,0.5133079847908745,0.6963431049505936,0.583941605839416,0.6143966848144309
tc_cox,nasa,0.1,0.5,4,0.5085470085470085,0.33393852786709227,0.6071428571428571,0.31304068768725085
tc_cox,nasa,0.1,0.5,0,0.4657534246575342,0.5661316297182677,0.3424908424908425,0.6298758320843474
tc_cox,nasa,0.1,0.5,3,0.56640625,0.7104796352899734,0.5354330708661418,0.6783761121054979
tc_cox,nasa,0.1,0.5,6,0.6371308016877637,0.5799858402512942,0.3776595744680851,0.7463480218291405
tc_cox,nasa,0.1,0.5,2,0.44083969465648853,0.589033352655073,0.573076923076923,0.6707398263161382
tc_cox,nasa,0.1,0.5,8,0.5991735537190083,0.427468883978636,0.5153846153846153,0.43919467208804486
tc_cox,nasa,0.1,0.5,1,0.5633802816901409,0.5783169935659291,0.5888429752066116,0.647109164850469
tc_cox,churn_lastfm_months,0.95,0.95,9,0.5308010509251495,0.18478657673256996,0.5505341229866607,0.1765890260347606
tc_cox,churn_lastfm_months,0.95,0.95,7,0.5670707860774344,0.18246081138451664,0.5205205205205206,0.18867001737603883
tc_cox,churn_lastfm_months,0.95,0.95,5,0.516808817013735,0.19343181706181767,0.5648209549071618,0.19266531518886218
tc_cox,churn_lastfm_months,0.95,0.95,4,0.5746886813431177,0.1923870774965685,0.5510736110332455,0.18387017081624296
tc_cox,churn_lastfm_months,0.95,0.95,0,0.5370204424530943,0.17551596542301764,0.4956507193041151,0.19247206714244522
tc_cox,churn_lastfm_months,0.95,0.95,3,0.5686892130857648,0.1921301768661254,0.5364387053868321,0.19359681012496238
tc_cox,churn_lastfm_months,0.95,0.95,6,0.5247691712279537,0.1922806996221633,0.5305883633592772,0.18947118508358926
tc_cox,churn_lastfm_months,0.95,0.95,2,0.5279635258358663,0.197282711500397,0.5726213592233009,0.1806241975376016
tc_cox,churn_lastfm_months,0.95,0.95,8,0.49975349219391946,0.18322181922015884,0.5096741053592831,0.1893510337665521
tc_cox,churn_lastfm_months,0.95,0.95,1,0.5330900646873445,0.19415837774636846,0.5356520761926168,0.19055426852467325
tc_cox,churn_lastfm_months,0.95,0.1,9,0.5515680026832132,0.17607723763015654,0.5631261415841036,0.16928093740275152
tc_cox,churn_lastfm_months,0.95,0.1,7,0.5764567852952679,0.1700442559432835,0.5253586920253587,0.1740473878227102
tc_cox,churn_lastfm_months,0.95,0.1,5,0.5083351794417368,0.18229821331027493,0.5492097701149425,0.17783349691773545
tc_cox,churn_lastfm_months,0.95,0.1,4,0.6141038470091172,0.17099566926315068,0.5639120928407243,0.16866161602149343
tc_cox,churn_lastfm_months,0.95,0.1,0,0.5665639876785215,0.16554600791924934,0.5139121222259395,0.18394116927232895
tc_cox,churn_lastfm_months,0.95,0.1,3,0.5660919540229885,0.18012610665617124,0.5406506317889603,0.18100213386179487
tc_cox,churn_lastfm_months,0.95,0.1,6,0.5242162879416156,0.1824590379637125,0.5317313449082893,0.18109827179463941
tc_cox,churn_lastfm_months,0.95,0.1,2,0.5343188726167449,0.16945065006989043,0.5715395284327324,0.16687790638955233
tc_cox,churn_lastfm_months,0.95,0.1,8,0.526814571350315,0.17673236190876973,0.5115004851321272,0.17967635314743444
tc_cox,churn_lastfm_months,0.95,0.1,1,0.5267595510587715,0.1817454913685798,0.5459628027195594,0.1745474684517528
tc_cox,churn_lastfm_months,0.95,0.99,9,0.5302420481860362,0.18472520773393314,0.5442519510710134,0.176866215404383
tc_cox,churn_lastfm_months,0.95,0.99,7,0.5650315660092743,0.19201908712422372,0.5110388165943721,0.20100161114359869
tc_cox,churn_lastfm_months,0.95,0.99,5,0.5150919361984936,0.18773921387939702,0.5645722811671088,0.18465511865120687
tc_cox,churn_lastfm_months,0.95,0.99,4,0.5712141427618412,0.18630753186950202,0.5460279194931883,0.17900247828100765
tc_cox,churn_lastfm_months,0.95,0.99,0,0.5474936992439092,0.17794243504863647,0.5128526820564291,0.19302437423280921
tc_cox,churn_lastfm_months,0.95,0.99,3,0.567473474801061,0.21212909346812012,0.5282088228774108,0.2145152502017593
tc_cox,churn_lastfm_months,0.95,0.99,6,0.5226682147398685,0.19359953595643623,0.5312414956729984,0.19042632279687996
tc_cox,churn_lastfm_months,0.95,0.99,2,0.5298977618126555,0.19027550603061588,0.5763661581137309,0.17703318898936313
tc_cox,churn_lastfm_months,0.95,0.99,8,0.5024650780608052,0.18276237504454013,0.5037669082814907,0.19068676996649353
tc_cox,churn_lastfm_months,0.95,0.99,1,0.5216177364958258,0.199565572407502,0.5295555430690566,0.19298259587579122
tc_cox,churn_lastfm_months,0.95,0.25,9,0.5533847615853318,0.1933105017791067,0.5578679360159406,0.18478769327419228
tc_cox,churn_lastfm_months,0.95,0.25,7,0.5629644114196324,0.18492561467455676,0.5201312423534645,0.1866043131289142
tc_cox,churn_lastfm_months,0.95,0.25,5,0.5202979618963226,0.19123440148813087,0.54592175066313,0.1920307556899568
tc_cox,churn_lastfm_months,0.95,0.25,4,0.5991494329553035,0.18605953993425378,0.5462802040701912,0.18530373675902315
tc_cox,churn_lastfm_months,0.95,0.25,0,0.5638476617194064,0.17853817162302063,0.5063566410170626,0.19608849255060765
tc_cox,churn_lastfm_months,0.95,0.25,3,0.555012157382847,0.18629873698185104,0.5219463533584571,0.187022353345429
tc_cox,churn_lastfm_months,0.95,0.25,6,0.5136009288439211,0.19400724499426303,0.5354052141729712,0.19048452237240848
tc_cox,churn_lastfm_months,0.95,0.25,2,0.5319148936170213,0.18122167855758947,0.5693481276005548,0.1736454606574005
tc_cox,churn_lastfm_months,0.95,0.25,8,0.5018625034237195,0.19330043930765262,0.5002853718395068,0.19531100735147058
tc_cox,churn_lastfm_months,0.95,0.25,1,0.5266766185658207,0.19103177811777405,0.5329830870371411,0.18386081226436707
tc_cox,churn_lastfm_months,0.95,0.75,9,0.5356364246184806,0.1958486443102935,0.5568993192007528,0.18456547317169972
tc_cox,churn_lastfm_months,0.95,0.75,7,0.5628247388122242,0.18307922429285442,0.5140974307640974,0.19010068631898625
tc_cox,churn_lastfm_months,0.95,0.75,5,0.5220148427115641,0.18585458860634427,0.5707614942528736,0.18462488547990433
tc_cox,churn_lastfm_months,0.95,0.75,4,0.5807204803202135,0.19123675379920546,0.5512978639905813,0.18395975262659459
tc_cox,churn_lastfm_months,0.95,0.75,0,0.5488658639036684,0.1720186347987898,0.4917753986840638,0.19059381872953382
tc_cox,churn_lastfm_months,0.95,0.75,3,0.5658432802829354,0.18731951907406907,0.5270727111505209,0.18948389620792144
tc_cox,churn_lastfm_months,0.95,0.75,6,0.5273124343451098,0.19333486424218052,0.5357862080226419,0.18907189098910393
tc_cox,churn_lastfm_months,0.95,0.75,2,0.5221055540204477,0.19141418230350812,0.5631622746185853,0.1781478521109367
tc_cox,churn_lastfm_months,0.95,0.75,8,0.4869898657901945,0.18935888459196412,0.4946920837851721,0.19581317604158335
tc_cox,churn_lastfm_months,0.95,0.75,1,0.5205672582517831,0.1909428039049431,0.5219138056975895,0.18861161728560485
tc_cox,churn_lastfm_months,0.95,0.01,9,0.5690368382805076,0.24814043932426189,0.5572867659268279,0.24229015503671056
tc_cox,churn_lastfm_months,0.95,0.01,17,0.5796893931049675,0.1857737798291621,0.550623746936957,0.19364243047338398
tc_cox,churn_lastfm_months,0.95,0.01,7,0.5699759763115257,0.28116009591673075,0.5303080858636414,0.2467600740756952
tc_cox,churn_lastfm_months,0.95,0.01,5,0.5168642002658396,0.20228473124046145,0.5515859858532273,0.19334149361229588
tc_cox,churn_lastfm_months,0.95,0.01,15,0.5596145226355894,0.20738668727695383,0.5670945797673909,0.20529598028666513
tc_cox,churn_lastfm_months,0.95,0.01,18,0.569285518751711,0.2277075287768647,0.5184442215535495,0.2366988068491082
tc_cox,churn_lastfm_months,0.95,0.01,27,0.5633512741652021,0.22458274197785302,0.5568790607545879,0.24975384741381323
tc_cox,churn_lastfm_months,0.95,0.01,24,0.5723478939157566,0.23668136535855852,0.5411499749763665,0.23047313549324314
tc_cox,churn_lastfm_months,0.95,0.01,28,0.5765081901717939,0.22473272762608817,0.5703429355281208,0.2166287410187696
tc_cox,churn_lastfm_months,0.95,0.01,25,0.5672141119221411,0.19346259763551085,0.5276381909547738,0.19874175302865396
tc_cox,churn_lastfm_months,0.95,0.01,16,0.5650885965865855,0.19148352646354627,0.5506588417672461,0.1959489558830404
tc_cox,churn_lastfm_months,0.95,0.01,4,0.5788025350233489,0.17610095654465407,0.5642484722767281,0.1789391388776261
tc_cox,churn_lastfm_months,0.95,0.01,26,0.5344962979582679,0.19529820799060088,0.5746931748764369,0.21222873506278145
tc_cox,churn_lastfm_months,0.95,0.01,11,0.5475192569098324,0.24655648966729637,0.5916080344984113,0.20504396406329736
tc_cox,churn_lastfm_months,0.95,0.01,19,0.5232015376166941,0.23278264660937378,0.5342119866814651,0.22773319288460447
tc_cox,churn_lastfm_months,0.95,0.01,10,0.5475095355620373,0.178951362928617,0.547924297924298,0.18057464891322378
tc_cox,churn_lastfm_months,0.95,0.01,23,0.5935094773118897,0.2681236798748132,0.5649961278902533,0.2685878480807928
tc_cox,churn_lastfm_months,0.95,0.01,0,0.560879305516662,0.18708769474596185,0.5452771272443404,0.22537802206603133
tc_cox,churn_lastfm_months,0.95,0.01,3,0.563605216622458,0.2032917407726982,0.5737641321214808,0.20274724227304036
tc_cox,churn_lastfm_months,0.95,0.01,6,0.5531597279814231,0.19284022843311788,0.5282207587220378,0.18824061134508252
tc_cox,churn_lastfm_months,0.95,0.01,12,0.5731542490285522,0.272676076678938,0.5471381413304985,0.28037399281635905
tc_cox,churn_lastfm_months,0.95,0.01,29,0.5774248596278763,0.24796977690126895,0.5661443760492445,0.23156345389635266
tc_cox,churn_lastfm_months,0.95,0.01,20,0.571616921005386,0.19785019550843821,0.54139855361312,0.19757266011304106
tc_cox,churn_lastfm_months,0.95,0.01,2,0.5406189555125726,0.18173456584548703,0.5754230235783634,0.21145567143338403
tc_cox,churn_lastfm_months,0.95,0.01,8,0.5347302109011229,0.24095715052299435,0.5205182352605445,0.252318249829973
tc_cox,churn_lastfm_months,0.95,0.01,1,0.5800298556974622,0.19839079927445175,0.535427319211103,0.22057829962569406
tc_cox,churn_lastfm_months,0.95,0.01,21,0.548025613660619,0.18117638111351958,0.5533586132177681,0.18219409394677322
tc_cox,churn_lastfm_months,0.95,0.01,14,0.5640508597994734,0.20042568785595832,0.5633294784955118,0.18561544139226802
tc_cox,churn_lastfm_months,0.95,0.01,13,0.565927915827177,0.20387844768094815,0.5620548777121405,0.20348318626477926
tc_cox,churn_lastfm_months,0.95,0.01,22,0.5565755281889052,0.22010334899770398,0.5701485037963376,0.24666271414851806
tc_cox,churn_lastfm_months,0.95,0.9,9,0.5313041533903516,0.19674559392610966,0.5529971771738529,0.1860062362473636
tc_cox,churn_lastfm_months,0.95,0.9,7,0.5665958992122465,0.18523737175240967,0.5167389611834057,0.19290304088885019
tc_cox,churn_lastfm_months,0.95,0.9,5,0.520741027913159,0.18792358529694073,0.5679155614500442,0.1867291832313759
tc_cox,churn_lastfm_months,0.95,0.9,4,0.5771625528129865,0.19172342710061144,0.5517463699052532,0.18328080669314364
tc_cox,churn_lastfm_months,0.95,0.9,0,0.5378605432651918,0.1745047682036915,0.4970447195271551,0.1918570505861995
tc_cox,churn_lastfm_months,0.95,0.9,3,0.5700154730327144,0.18824988298727155,0.51920305918865,0.19181355059318084
tc_cox,churn_lastfm_months,0.95,0.9,6,0.5268148393874054,0.19254937809568184,0.5330920372285419,0.1898779967202742
tc_cox,churn_lastfm_months,0.95,0.9,2,0.526664824537165,0.20094090232490258,0.56748959778086,0.18294696627870022
tc_cox,churn_lastfm_months,0.95,0.9,8,0.5128731854286497,0.17951325511617444,0.5065635523086581,0.18887268648936556
tc_cox,churn_lastfm_months,0.95,0.9,1,0.526566041908553,0.1947609850805761,0.5312412204304097,0.19053869874356985
tc_cox,churn_lastfm_months,0.95,0.05,9,0.5551456202135391,0.16959746064675899,0.5696297116289367,0.1639329207230813
tc_cox,churn_lastfm_months,0.95,0.05,17,0.5885835444432206,0.15975891247386573,0.5353363778124304,0.16852998836153132
tc_cox,churn_lastfm_months,0.95,0.05,7,0.57818872562713,0.16567727122338113,0.517406295184073,0.16801081165217407
tc_cox,churn_lastfm_months,0.95,0.05,5,0.5205748781568453,0.1766065253653284,0.5526635720601237,0.17710549458476033
tc_cox,churn_lastfm_months,0.95,0.05,15,0.5290508740475123,0.169539233424329,0.5469881500987491,0.17084053502939886
tc_cox,churn_lastfm_months,0.95,0.05,18,0.5572953736654804,0.16574686272019237,0.5146829377019949,0.17667833045538245
tc_cox,churn_lastfm_months,0.95,0.05,27,0.5441289543057997,0.16787759150527382,0.5632052889547475,0.16561789076456013
tc_cox,churn_lastfm_months,0.95,0.05,24,0.5508691776242478,0.16517147031874874,0.5629761441361286,0.17013953163975132
tc_cox,churn_lastfm_months,0.95,0.05,28,0.558301466811255,0.16538524842870725,0.5727846364883402,0.17833763288541535
tc_cox,churn_lastfm_months,0.95,0.05,25,0.5594448130944482,0.1714033815577584,0.5175600223338916,0.17822085641565164
tc_cox,churn_lastfm_months,0.95,0.05,16,0.5523698228068268,0.17025730733358213,0.5596279481784963,0.1699062998278982
tc_cox,churn_lastfm_months,0.95,0.05,4,0.598287747387147,0.16899505079239713,0.5611930257330269,0.16522420448696737
tc_cox,churn_lastfm_months,0.95,0.05,26,0.5343280233340812,0.16776233404464327,0.5777475426223135,0.1760976184112531
tc_cox,churn_lastfm_months,0.95,0.05,11,0.5320570910738559,0.17392843721497053,0.5661314117113028,0.16405637877540882
tc_cox,churn_lastfm_months,0.95,0.05,19,0.5148544755628776,0.18006334165093182,0.5479744728079912,0.15970571377211917
tc_cox,churn_lastfm_months,0.95,0.05,10,0.5669733004262957,0.1614313036206712,0.5722610722610723,0.16424170969819007
tc_cox,churn_lastfm_months,0.95,0.05,23,0.5752728317059161,0.1623715587401628,0.5581093041265627,0.17252080979544546
tc_cox,churn_lastfm_months,0.95,0.05,0,0.5649117894147297,0.1596884520351899,0.5199899631983941,0.17857807842001627
tc_cox,churn_lastfm_months,0.95,0.05,3,0.582145225464191,0.1675098681724593,0.5653679893593438,0.16814445279820275
tc_cox,churn_lastfm_months,0.95,0.05,6,0.5356333278045005,0.17664847559367935,0.5378272465030207,0.1752520053661288
tc_cox,churn_lastfm_months,0.95,0.05,12,0.5568508193951681,0.1620733533967281,0.5489285514463157,0.16590070028145382
tc_cox,churn_lastfm_months,0.95,0.05,29,0.5779753385445338,0.17172324220746008,0.5697537772803581,0.16536367023583998
tc_cox,churn_lastfm_months,0.95,0.05,20,0.5665675493716338,0.16176178309352637,0.5579978361141165,0.1665964037301148
tc_cox,churn_lastfm_months,0.95,0.05,2,0.5294003868471954,0.1692099401338027,0.5727323162274619,0.16371944606777752
tc_cox,churn_lastfm_months,0.95,0.05,8,0.5278553820870995,0.17174423234376363,0.5166086410593003,0.173097006106742
tc_cox,churn_lastfm_months,0.95,0.05,1,0.5425720130480456,0.18160422807356277,0.542928583469124,0.17681961740722174
tc_cox,churn_lastfm_months,0.95,0.05,21,0.5564230747626805,0.17292038852032893,0.5721018418201517,0.1673292672780103
tc_cox,churn_lastfm_months,0.95,0.05,14,0.5386769730577494,0.17524406365184475,0.5492868550030288,0.16285326605476733
tc_cox,churn_lastfm_months,0.95,0.05,13,0.5478229236624133,0.1665898912988687,0.5742836636669795,0.16837325842165565
tc_cox,churn_lastfm_months,0.95,0.05,22,0.5493447068127895,0.16659131104205824,0.5492965609647164,0.17221657023526193
tc_cox,churn_lastfm_months,0.95,0.001,9,0.5388786405053385,0.3523685860166139,0.5295289754801572,0.34831937988397116
tc_cox,churn_lastfm_months,0.95,0.001,7,0.5496396446728867,0.35855574332128476,0.5054498943387832,0.3214479620416001
tc_cox,churn_lastfm_months,0.95,0.001,5,0.535279131590607,0.3418396609177324,0.5397325375773652,0.3163801028932063
tc_cox,churn_lastfm_months,0.95,0.001,4,0.573159884367356,0.3033430863319439,0.5549139429276223,0.3135775814740172
tc_cox,churn_lastfm_months,0.95,0.001,0,0.5430131615793895,0.29417617174598676,0.543102486896398,0.3439581784408517
tc_cox,churn_lastfm_months,0.95,0.001,3,0.5691589301503095,0.32967480950840083,0.5793061405453336,0.33263574300105714
tc_cox,churn_lastfm_months,0.95,0.001,6,0.5634986454359485,0.33632211297488257,0.5510803897022806,0.3227421475307662
tc_cox,churn_lastfm_months,0.95,0.001,2,0.537579441834761,0.299945707684966,0.5650208044382802,0.355092051568588
tc_cox,churn_lastfm_months,0.95,0.001,8,0.508874281018899,0.3443123544902088,0.5168940128988071,0.3515400691567271
tc_cox,churn_lastfm_months,0.95,0.001,1,0.5433736938132361,0.3140070642799096,0.5481822779120077,0.3673168438573929
tc_cox,churn_lastfm_months,0.95,0.003,9,0.5415898037900386,0.33432008267638547,0.523385177395251,0.3303432969432632
tc_cox,churn_lastfm_months,0.95,0.003,7,0.5419576512654338,0.33040612275064934,0.5162384606829051,0.2927007032776492
tc_cox,churn_lastfm_months,0.95,0.003,5,0.5272485600354453,0.31753514855395476,0.5676945181255526,0.29367134681934576
tc_cox,churn_lastfm_months,0.95,0.003,4,0.5987880809428507,0.24193935534518216,0.5775915232382127,0.2455877845985328
tc_cox,churn_lastfm_months,0.95,0.003,0,0.5581909829179501,0.2637656258688033,0.5136612021857924,0.3122937433648038
tc_cox,churn_lastfm_months,0.95,0.003,3,0.5494031830238727,0.2912684813100683,0.5774772777654622,0.2967867131842284
tc_cox,churn_lastfm_months,0.95,0.003,6,0.5521368939016974,0.323338160159407,0.541691612692538,0.3099958662631214
tc_cox,churn_lastfm_months,0.95,0.003,2,0.5316662061342913,0.26594855867905765,0.5763106796116505,0.31740153211933475
tc_cox,churn_lastfm_months,0.95,0.003,8,0.5216652971788551,0.32710997135238123,0.5281947377432795,0.33486726365497865
tc_cox,churn_lastfm_months,0.95,0.003,1,0.5383424559075579,0.2593320744868881,0.5228690228690228,0.3033008474811335
tc_cox,churn_lastfm_months,0.95,0.5,9,0.5355805243445693,0.19228087091196688,0.5518348369956274,0.18249172063843863
tc_cox,churn_lastfm_months,0.95,0.5,7,0.576764065031566,0.1787412152605109,0.5158491825158492,0.18315681474164472
tc_cox,churn_lastfm_months,0.95,0.5,5,0.5175011076650421,0.1838329808373942,0.5695733863837312,0.17522809955875562
tc_cox,churn_lastfm_months,0.95,0.5,4,0.5906993551256393,0.18493824718022808,0.5570443460223131,0.18214755720444226
tc_cox,churn_lastfm_months,0.95,0.5,0,0.5501260151218146,0.1816743383580385,0.49743503958960633,0.20012535024403563
tc_cox,churn_lastfm_months,0.95,0.5,3,0.5481874447391689,0.18777115820441312,0.5192584792728885,0.18840583205139474
tc_cox,churn_lastfm_months,0.95,0.5,6,0.5149554928954497,0.1933910359929225,0.5451205573395744,0.1867781224126358
tc_cox,churn_lastfm_months,0.95,0.5,2,0.5242884774799669,0.18064966965296342,0.5687378640776699,0.1734399066051416
tc_cox,churn_lastfm_months,0.95,0.5,8,0.477704738427828,0.19151444548444718,0.49703213286912845,0.19475738741959375
tc_cox,churn_lastfm_months,0.95,0.5,1,0.5226405705755515,0.19295293474438918,0.517446760690004,0.1884115370862636
tc_cox,churn_lastfm_months,0.5,0.95,9,0.502040359997764,0.30014297156357445,0.5174351026733824,0.28974952684361394
tc_cox,churn_lastfm_months,0.5,0.95,7,0.5406167942343147,0.23663290538142256,0.5546657768879991,0.20892625577699933
tc_cox,churn_lastfm_months,0.5,0.95,5,0.4983661940629154,0.2123456868581706,0.4943633952254642,0.20796464361900888
tc_cox,churn_lastfm_months,0.5,0.95,4,0.538414498554592,0.20057352459063868,0.5013455177440153,0.20888381332321
tc_cox,churn_lastfm_months,0.5,0.95,0,0.5200784094091291,0.19239029182063902,0.4684119549459128,0.2249571769452272
tc_cox,churn_lastfm_months,0.5,0.95,3,0.46327917771883287,0.2290709642249535,0.49479051208157837,0.22454642645299672
tc_cox,churn_lastfm_months,0.5,0.95,6,0.5116105490131033,0.20063225882904223,0.4969248353562292,0.1976227934246402
tc_cox,churn_lastfm_months,0.5,0.95,2,0.4778944459795524,0.1894942867119402,0.5490429958391123,0.19465534203096152
tc_cox,churn_lastfm_months,0.5,0.95,8,0.47181594083812656,0.22101454376219187,0.4723189315678329,0.22780201174295184
tc_cox,churn_lastfm_months,0.5,0.95,1,0.4936971305357439,0.21232049300850342,0.47255155363263474,0.22250496045296725
tc_cox,churn_lastfm_months,0.5,0.1,9,0.5092794454692828,0.17531081660320724,0.5435047323850114,0.16921069119010132
tc_cox,churn_lastfm_months,0.5,0.1,7,0.5652550421811274,0.16797338802384404,0.5169892114336558,0.1652080153728743
tc_cox,churn_lastfm_months,0.5,0.1,5,0.5083905626938414,0.17359387418136377,0.5483255968169761,0.17475543532863447
tc_cox,churn_lastfm_months,0.5,0.1,4,0.6055981765621525,0.1651910586216742,0.5596512866513427,0.16123888934839656
tc_cox,churn_lastfm_months,0.5,0.1,0,0.5608232987958555,0.15965028166201037,0.5149158023865283,0.17797378275706058
tc_cox,churn_lastfm_months,0.5,0.1,3,0.5702641467727675,0.16897372632815788,0.578918199955664,0.16332141758360408
tc_cox,churn_lastfm_months,0.5,0.1,6,0.528805219218223,0.174436550398862,0.5466173188918522,0.17024353156133928
tc_cox,churn_lastfm_months,0.5,0.1,2,0.5267753523072672,0.16614880090003414,0.5890152565880721,0.1643424997820088
tc_cox,churn_lastfm_months,0.5,0.1,8,0.5529170090386195,0.16445835984186769,0.5262542092346327,0.170005199696228
tc_cox,churn_lastfm_months,0.5,0.1,1,0.552275114723282,0.1742479053647596,0.5538292970725404,0.17062157200286235
tc_cox,churn_lastfm_months,0.5,0.99,9,0.49684163452400915,0.2287082957690787,0.5091049980627663,0.22123408980706485
tc_cox,churn_lastfm_months,0.5,0.99,7,0.5706464048270853,0.21545099674466311,0.5380380380380381,0.1977913670725046
tc_cox,churn_lastfm_months,0.5,0.99,5,0.5109935755427558,0.21806290259551278,0.5080128205128205,0.21103760860931886
tc_cox,churn_lastfm_months,0.5,0.99,4,0.48504558594618635,0.2118508906458291,0.45571004092616474,0.21494691112731365
tc_cox,churn_lastfm_months,0.5,0.99,0,0.5200224026883226,0.19006102690772145,0.5138284822125572,0.20892600067181946
tc_cox,churn_lastfm_months,0.5,0.99,3,0.5574160035366932,0.17625120579164388,0.5548658833961427,0.17302134010775458
tc_cox,churn_lastfm_months,0.5,0.99,6,0.5094543041963842,0.20547538789075553,0.49066565068306756,0.20705739528482467
tc_cox,churn_lastfm_months,0.5,0.99,2,0.5395965736391268,0.1961515193123237,0.5387239944521498,0.22818714865280773
tc_cox,churn_lastfm_months,0.5,0.99,8,0.4580662832100794,0.22210294718091492,0.4738314023172193,0.22715501386015033
tc_cox,churn_lastfm_months,0.5,0.99,1,0.5017415823519655,0.19446791387248638,0.52261617126482,0.20412208631383746
tc_cox,churn_lastfm_months,0.5,0.25,9,0.4944658728827771,0.1787181929041169,0.5345657829191344,0.16988484936652185
tc_cox,churn_lastfm_months,0.5,0.25,7,0.5572098999944131,0.17470237388008378,0.5348125903681459,0.17013415079147143
tc_cox,churn_lastfm_months,0.5,0.25,5,0.4926063358440408,0.18502364650627992,0.5289566755083996,0.18211234600125872
tc_cox,churn_lastfm_months,0.5,0.25,4,0.5786079608627974,0.17384541449745755,0.5414027022481359,0.17065052127582292
tc_cox,churn_lastfm_months,0.5,0.25,0,0.5503220386446374,0.1703296153382329,0.5052135608341697,0.18907629026657014
tc_cox,churn_lastfm_months,0.5,0.25,3,0.5548187444739169,0.18014544619204864,0.574096652626912,0.17287948775628256
tc_cox,churn_lastfm_months,0.5,0.25,6,0.5296898324763643,0.18347571687126613,0.5239481848364448,0.18330636349586227
tc_cox,churn_lastfm_months,0.5,0.25,2,0.5048632218844985,0.1824636854884581,0.5558391123439668,0.17836030576765
tc_cox,churn_lastfm_months,0.5,0.25,8,0.5154752122706108,0.1803643755915125,0.5065064779407568,0.18699603986621538
tc_cox,churn_lastfm_months,0.5,0.25,1,0.5447006137004479,0.1780362155373759,0.5860538292970725,0.16924532475895004
tc_cox,churn_lastfm_months,0.5,0.75,9,0.5112359550561798,0.20480549450122582,0.5124813195328499,0.19814153297546694
tc_cox,churn_lastfm_months,0.5,0.75,7,0.5401139728476452,0.22484175492951242,0.5417639862084307,0.20147243751020166
tc_cox,churn_lastfm_months,0.5,0.75,5,0.5266670358883474,0.2012639775219059,0.5471374889478338,0.1942323705962164
tc_cox,churn_lastfm_months,0.5,0.75,4,0.529881031798977,0.19266081402225468,0.4935246958569266,0.20213568311160376
tc_cox,churn_lastfm_months,0.5,0.75,0,0.5246149537944553,0.18326024935754925,0.49495371919259507,0.2177279428460857
tc_cox,churn_lastfm_months,0.5,0.75,3,0.4897214854111406,0.20487244618079142,0.5029372644646419,0.1982978783295492
tc_cox,churn_lastfm_months,0.5,0.75,6,0.48753248189307236,0.20530666664391875,0.48538616448048766,0.2050705590187398
tc_cox,churn_lastfm_months,0.5,0.75,2,0.5218568665377176,0.18548379949488691,0.532260748959778,0.2069183214091781
tc_cox,churn_lastfm_months,0.5,0.75,8,0.4770473842782799,0.21874226471641697,0.4777124593345129,0.22526712014351183
tc_cox,churn_lastfm_months,0.5,0.75,1,0.5218112456460441,0.20513216154337718,0.5260437152329044,0.22194306264588856
tc_cox,churn_lastfm_months,0.5,0.01,9,0.5684219352674829,0.3391712739742952,0.5305529418276416,0.3346785466664875
tc_cox,churn_lastfm_months,0.5,0.01,7,0.5476283591262082,0.37759524182274623,0.5233844956067178,0.3416315952565626
tc_cox,churn_lastfm_months,0.5,0.01,5,0.5386298183429331,0.3300945880540712,0.5586593722369585,0.3064870483041617
tc_cox,churn_lastfm_months,0.5,0.01,4,0.5404992217033578,0.3010941538306316,0.5262095643886304,0.30992789376638274
tc_cox,churn_lastfm_months,0.5,0.01,0,0.5122934752170261,0.29132100186315557,0.5271830043492807,0.34064263669646216
tc_cox,churn_lastfm_months,0.5,0.01,3,0.5358366489832007,0.33432641784264067,0.5441975171802261,0.33752673403395933
tc_cox,churn_lastfm_months,0.5,0.01,6,0.5033725880466633,0.346172614732533,0.48622979371904423,0.3320956183161515
tc_cox,churn_lastfm_months,0.5,0.01,2,0.5325504282951091,0.31423042171699705,0.5107073509015256,0.3691759495505433
tc_cox,churn_lastfm_months,0.5,0.01,8,0.5274445357436319,0.35644380275646637,0.5142400547913932,0.3630386856405867
tc_cox,churn_lastfm_months,0.5,0.01,1,0.5118869906562724,0.3398179511110982,0.5113502275664438,0.3949228351725209
tc_cox,churn_lastfm_months,0.5,0.9,9,0.4967018838392308,0.22456077972474484,0.5136713344772237,0.22044553437300143
tc_cox,churn_lastfm_months,0.5,0.9,7,0.5445834962847086,0.21202195064353613,0.5405405405405406,0.21272561272324741
tc_cox,churn_lastfm_months,0.5,0.9,5,0.4918863535666814,0.21252886031163987,0.5083720159151194,0.2072107084184776
tc_cox,churn_lastfm_months,0.5,0.9,4,0.5522848565710473,0.17750070259254577,0.5050737231597242,0.187896370012195
tc_cox,churn_lastfm_months,0.5,0.9,0,0.5774852982357883,0.1704168873282486,0.5200178432028549,0.2002969122446472
tc_cox,churn_lastfm_months,0.5,0.9,3,0.5721430150309461,0.18217743549646678,0.5576368876080692,0.17792146508381326
tc_cox,churn_lastfm_months,0.5,0.9,6,0.5104218499474761,0.21232381136027573,0.49227126762096557,0.21455430296101372
tc_cox,churn_lastfm_months,0.5,0.9,2,0.4682508980381321,0.23607818173713682,0.524632454923717,0.22106467223873938
tc_cox,churn_lastfm_months,0.5,0.9,8,0.48553820870994246,0.2148465863095502,0.4898122253296045,0.2212662583819957
tc_cox,churn_lastfm_months,0.5,0.9,1,0.5367667385414939,0.1896574946415781,0.5347249536438725,0.19891948673564513
tc_cox,churn_lastfm_months,0.5,0.05,9,0.552434456928839,0.1710851354550197,0.5734211545912437,0.16789057640523172
tc_cox,churn_lastfm_months,0.5,0.05,17,0.5905661416455557,0.1608701649343136,0.5599799509913121,0.16403451274954825
tc_cox,churn_lastfm_months,0.5,0.05,7,0.5618190960388848,0.16866944179499893,0.5206595484373262,0.16289601525453995
tc_cox,churn_lastfm_months,0.5,0.05,5,0.5187472308373948,0.17361357091960403,0.5487676834659593,0.17386481217212416
tc_cox,churn_lastfm_months,0.5,0.05,15,0.554683998207082,0.1631241498894661,0.5606210226025894,0.16577230343216656
tc_cox,churn_lastfm_months,0.5,0.05,18,0.569449767314536,0.16754490629666374,0.5578401872283517,0.1725326951159446
tc_cox,churn_lastfm_months,0.5,0.05,27,0.5570628295254832,0.16458241531787754,0.5739484782856491,0.16485666219410644
tc_cox,churn_lastfm_months,0.5,0.05,24,0.5557722308892356,0.16599052982621929,0.5385085914474782,0.17353329677005483
tc_cox,churn_lastfm_months,0.5,0.05,28,0.5211745904914103,0.16628518173430834,0.5550342935528121,0.1780144678095603
tc_cox,churn_lastfm_months,0.5,0.05,25,0.5745686794956868,0.16932624411234226,0.4940536013400335,0.17525078702815985
tc_cox,churn_lastfm_months,0.5,0.05,16,0.5705511468637895,0.16354468409018608,0.543599822832466,0.1679985432604166
tc_cox,churn_lastfm_months,0.5,0.05,4,0.5995663775850567,0.16273633018758452,0.5587542748219992,0.16187833136016103
tc_cox,churn_lastfm_months,0.5,0.05,26,0.5343841148754768,0.1673339239320652,0.5549230854667629,0.1794754402643778
tc_cox,churn_lastfm_months,0.5,0.05,11,0.5474626189397372,0.16816444640582132,0.6102473899228325,0.158725728637309
tc_cox,churn_lastfm_months,0.5,0.05,19,0.5127677100494233,0.17683725280488713,0.5693951165371809,0.1548577809919427
tc_cox,churn_lastfm_months,0.5,0.05,10,0.5664965223244335,0.1611619932632657,0.5215340215340215,0.167488647830434
tc_cox,churn_lastfm_months,0.5,0.05,23,0.5407237219988512,0.1609475647911666,0.5160139395950879,0.17338718613810047
tc_cox,churn_lastfm_months,0.5,0.05,0,0.542957154858583,0.1587061545997704,0.5480093676814989,0.17449514258843207
tc_cox,churn_lastfm_months,0.5,0.05,3,0.5663958885941645,0.1676735138229309,0.571464198625582,0.16390306136514635
tc_cox,churn_lastfm_months,0.5,0.05,6,0.5438712887709405,0.17498773512191781,0.5510531758558754,0.17169002145956538
tc_cox,churn_lastfm_months,0.5,0.05,12,0.567832404122318,0.16100489608007856,0.5558384154870475,0.16274863498119793
tc_cox,churn_lastfm_months,0.5,0.05,29,0.5470384234283827,0.1750673611392395,0.5818690542809177,0.16272196666198335
tc_cox,churn_lastfm_months,0.5,0.05,20,0.5568054308797128,0.16306375587719413,0.5539263139912306,0.16727355158992083
tc_cox,churn_lastfm_months,0.5,0.05,2,0.5326056921801603,0.16675205144191277,0.5968099861303745,0.16373378008066583
tc_cox,churn_lastfm_months,0.5,0.05,8,0.5464530265680635,0.16536764885792093,0.5565036242223618,0.1679794491360564
tc_cox,churn_lastfm_months,0.5,0.05,1,0.5743075136838613,0.1693777900721749,0.547451817722088,0.1703864449844317
tc_cox,churn_lastfm_months,0.5,0.05,21,0.5530247711059934,0.16536085481120993,0.56863488624052,0.16595288579551173
tc_cox,churn_lastfm_months,0.5,0.05,14,0.5356242648294405,0.17491474889602124,0.5305082879013161,0.1666129692897349
tc_cox,churn_lastfm_months,0.5,0.05,13,0.5760577568838147,0.16520585126208526,0.5717164467509523,0.17007828393427926
tc_cox,churn_lastfm_months,0.5,0.05,22,0.5673652694610778,0.15830445423279213,0.5677199642697632,0.1664163936438361
tc_cox,churn_lastfm_months,0.5,0.001,9,0.5379562859858014,0.39647775075158165,0.5448607959262745,0.39243742946028703
tc_cox,churn_lastfm_months,0.5,0.001,7,0.5454215319291581,0.40802101876780694,0.5006395284173062,0.3741170724910183
tc_cox,churn_lastfm_months,0.5,0.001,5,0.5157565352237483,0.38707794955881547,0.49560676392572944,0.35806334870121626
tc_cox,churn_lastfm_months,0.5,0.001,4,0.5351067378252168,0.34339149916989725,0.5169310982788585,0.35753210519596
tc_cox,churn_lastfm_months,0.5,0.001,0,0.4801456174740969,0.34778342898171505,0.5017843202854912,0.4024214116993781
tc_cox,churn_lastfm_months,0.5,0.001,3,0.5351735190097259,0.3787245444822806,0.5351086233651076,0.3803109322787973
tc_cox,churn_lastfm_months,0.5,0.001,6,0.5174987560126058,0.38324672087157086,0.5043814292712132,0.3684802870933088
tc_cox,churn_lastfm_months,0.5,0.001,2,0.5055816523901631,0.34215195017164096,0.5127323162274618,0.3969532887248504
tc_cox,churn_lastfm_months,0.5,0.001,8,0.5,0.39480465102120726,0.5,0.40008706047849063
tc_cox,churn_lastfm_months,0.5,0.001,1,0.5070216177364958,0.3517500593774443,0.4695173343821992,0.40741191327979975
tc_cox,churn_lastfm_months,0.5,0.003,9,0.5430991111856448,0.39211915483386545,0.5365860408479548,0.38797143120682565
tc_cox,churn_lastfm_months,0.5,0.003,7,0.5232135873512487,0.4021945356197971,0.5039205872539206,0.36800086487699635
tc_cox,churn_lastfm_months,0.5,0.003,5,0.48263735046521933,0.37719500220175806,0.5178768788682582,0.3485543713172228
tc_cox,churn_lastfm_months,0.5,0.003,4,0.49683122081387593,0.33474221448935926,0.5172674777148624,0.3482496072680028
tc_cox,churn_lastfm_months,0.5,0.003,0,0.48272192663119573,0.3445187117311763,0.48750975800156127,0.3986083382788906
tc_cox,churn_lastfm_months,0.5,0.003,3,0.5219661803713528,0.3767877853230256,0.5387663489248503,0.37840798988356644
tc_cox,churn_lastfm_months,0.5,0.003,6,0.530408580748604,0.38198837917689327,0.4824198552223371,0.36721467194302476
tc_cox,churn_lastfm_months,0.5,0.003,2,0.5080132633324123,0.33876237374942897,0.49206657420249655,0.3935586800203734
tc_cox,churn_lastfm_months,0.5,0.003,8,0.5260750479320734,0.3867398400782279,0.5092745847839735,0.3922874939159854
tc_cox,churn_lastfm_months,0.5,0.003,1,0.5229999447116713,0.3393432132291763,0.4992133505647019,0.39446613204607095
tc_cox,churn_lastfm_months,0.5,0.5,9,0.5074067862932529,0.21283834819963082,0.5249626390656998,0.20366566457001728
tc_cox,churn_lastfm_months,0.5,0.5,7,0.547013799653612,0.20855296994685518,0.5503559114670226,0.19015286552969798
tc_cox,churn_lastfm_months,0.5,0.5,5,0.48776030128489145,0.2151171351675111,0.5109969053934571,0.2092080546157479
tc_cox,churn_lastfm_months,0.5,0.5,4,0.5351901267511674,0.18940155222270474,0.49349666423725963,0.20207934955837262
tc_cox,churn_lastfm_months,0.5,0.5,0,0.5707364883786055,0.18247574815224257,0.4995539199286272,0.21734971559830557
tc_cox,churn_lastfm_months,0.5,0.5,3,0.5239003094606542,0.19442097992820911,0.5520948791842164,0.18979812184194492
tc_cox,churn_lastfm_months,0.5,0.5,6,0.4886935367943827,0.19259886895393305,0.5217982909704457,0.18436583499024575
tc_cox,churn_lastfm_months,0.5,0.5,2,0.5321912130422769,0.19788900188122927,0.541497919556172,0.20812820937115226
tc_cox,churn_lastfm_months,0.5,0.5,8,0.46981648863325115,0.2191292034204068,0.4965470007419668,0.22270209078232986
tc_cox,churn_lastfm_months,0.5,0.5,1,0.5406369215458616,0.19592207864335917,0.5300331516547733,0.20666519964584923
tc_cox,churn_lastfm_months,0.1,0.95,9,0.4414165129409134,0.2722397844234731,0.51934466153761,0.2605663174106425
tc_cox,churn_lastfm_months,0.1,0.95,7,0.498575339404436,0.2584388829091633,0.5086753420086754,0.23426495945906622
tc_cox,churn_lastfm_months,0.1,0.95,5,0.542257421355782,0.21746269748704322,0.5317197170645447,0.2159009613469111
tc_cox,churn_lastfm_months,0.1,0.95,4,0.510256837891928,0.30010088700704574,0.4971127431743006,0.30632684727528664
tc_cox,churn_lastfm_months,0.1,0.95,0,0.49140296835620273,0.20277464411129054,0.47312367569978814,0.22125812821757238
tc_cox,churn_lastfm_months,0.1,0.95,3,0.45493479221927496,0.23658939041355068,0.49357127022833075,0.23162101493893228
tc_cox,churn_lastfm_months,0.1,0.95,6,0.5203461049372478,0.20810549668725153,0.48111359059489467,0.2112760521638276
tc_cox,churn_lastfm_months,0.1,0.95,2,0.4957723127935894,0.21119391469038945,0.5156171983356449,0.24175832828005836
tc_cox,churn_lastfm_months,0.1,0.95,8,0.43971514653519583,0.2601916955686867,0.44954625877518406,0.2629354458053829
tc_cox,churn_lastfm_months,0.1,0.95,1,0.5479902692541605,0.20844389686156126,0.5257908636287014,0.21907287169471037
tc_cox,churn_lastfm_months,0.1,0.1,9,0.5326178098272681,0.1740908926681914,0.5381358277522555,0.17008059815847296
tc_cox,churn_lastfm_months,0.1,0.1,7,0.5532711324655009,0.168555703150448,0.5219942164386608,0.16399587268789292
tc_cox,churn_lastfm_months,0.1,0.1,5,0.5124612317235268,0.17558758888997905,0.5647656940760389,0.17221424087513515
tc_cox,churn_lastfm_months,0.1,0.1,4,0.6175227929730932,0.16195094940650975,0.5730223692324943,0.16203926504888608
tc_cox,churn_lastfm_months,0.1,0.1,0,0.5494259311117334,0.15923480294884645,0.5341251254600201,0.17748543945082343
tc_cox,churn_lastfm_months,0.1,0.1,3,0.5466954022988506,0.36500100093662313,0.5558634449124362,0.36699888907264094
tc_cox,churn_lastfm_months,0.1,0.1,6,0.5262066677724332,0.17406228988858696,0.5115386708757416,0.17334199588956908
tc_cox,churn_lastfm_months,0.1,0.1,2,0.5204752694114396,0.16785540498270654,0.5905686546463246,0.1647340729026787
tc_cox,churn_lastfm_months,0.1,0.1,8,0.547986852917009,0.16614897467297718,0.5309913817704469,0.1725937904549108
tc_cox,churn_lastfm_months,0.1,0.1,1,0.539558799137502,0.1739687517126433,0.5307917064673822,0.1722880753504839
tc_cox,churn_lastfm_months,0.1,0.99,9,0.4766895857789703,0.2594072761201548,0.4931366579952399,0.25729098995335375
tc_cox,churn_lastfm_months,0.1,0.99,7,0.5208670875467903,0.24514504839647674,0.5336725614503393,0.2236006069755863
tc_cox,churn_lastfm_months,0.1,0.99,5,0.5489587948604342,0.21173508792847306,0.5515583554376657,0.2027937012708257
tc_cox,churn_lastfm_months,0.1,0.99,4,0.5191238603513454,0.3009976593703402,0.5168750350395246,0.3076680525639449
tc_cox,churn_lastfm_months,0.1,0.99,0,0.533492019042285,0.24273702027265032,0.45424891267982603,0.28629200764045293
tc_cox,churn_lastfm_months,0.1,0.99,3,0.4568136604774536,0.26767467828775143,0.5191199290622922,0.26895470745264777
tc_cox,churn_lastfm_months,0.1,0.99,6,0.5404987007242771,0.21029910139275518,0.4959995645784575,0.21372111194169802
tc_cox,churn_lastfm_months,0.1,0.99,2,0.5247029566178503,0.21335705357655732,0.4981137309292649,0.2516909041224701
tc_cox,churn_lastfm_months,0.1,0.99,8,0.46926869350862777,0.26013960624678617,0.49494891844072825,0.2564012571718194
tc_cox,churn_lastfm_months,0.1,0.99,1,0.4999170675070493,0.22683298720272255,0.5424509748834073,0.24864476096669214
tc_cox,churn_lastfm_months,0.1,0.25,9,0.4785342948180446,0.19777352369423612,0.5066696186417224,0.1899220143486465
tc_cox,churn_lastfm_months,0.1,0.25,7,0.5498910553662216,0.1961031602822561,0.5640362584807029,0.18627002783122382
tc_cox,churn_lastfm_months,0.1,0.25,5,0.49094483828090385,0.20237259246869582,0.5345103890362511,0.20400725669083597
tc_cox,churn_lastfm_months,0.1,0.25,4,0.5996775628196576,0.18988739981689756,0.5636317766440545,0.1888660112376119
tc_cox,churn_lastfm_months,0.1,0.25,0,0.5297395687482498,0.19276115380444836,0.4805397568863611,0.2184894774765433
tc_cox,churn_lastfm_months,0.1,0.25,3,0.5115771441202476,0.2296431142541589,0.5629572156949678,0.21192222824638082
tc_cox,churn_lastfm_months,0.1,0.25,6,0.485431525404987,0.2009062296171934,0.5134164262776901,0.19925566050311383
tc_cox,churn_lastfm_months,0.1,0.25,2,0.4869024592428848,0.19526924760899503,0.5590568654646324,0.18460062281420092
tc_cox,churn_lastfm_months,0.1,0.25,8,0.524239934264585,0.19694483048338887,0.5005707436790138,0.2041305665409874
tc_cox,churn_lastfm_months,0.1,0.25,1,0.5079891634875878,0.21721642433014215,0.560768668876777,0.21133232193854273
tc_cox,churn_lastfm_months,0.1,0.75,9,0.47288836715299903,0.2360609622915777,0.5141418055017435,0.22490302513756094
tc_cox,churn_lastfm_months,0.1,0.75,7,0.48351863232582826,0.2556640424706735,0.5304193081970859,0.23083417025882258
tc_cox,churn_lastfm_months,0.1,0.75,5,0.47222529906956134,0.23188503802253124,0.5036195844385499,0.21394924534631563
tc_cox,churn_lastfm_months,0.1,0.75,4,0.4783188792528352,0.23376570492714183,0.5106800470931211,0.24089177678278295
tc_cox,churn_lastfm_months,0.1,0.75,0,0.5703444413329599,0.30003483218924937,0.5291903646704583,0.35309661671002246
tc_cox,churn_lastfm_months,0.1,0.75,3,0.5100574712643678,0.30256194609528686,0.4952061627133673,0.3086634640574075
tc_cox,churn_lastfm_months,0.1,0.75,6,0.5524686238735003,0.24178065493897852,0.499972786153595,0.23486701830745504
tc_cox,churn_lastfm_months,0.1,0.75,2,0.5008565902182923,0.2060963876513759,0.5203328710124827,0.23568407085264376
tc_cox,churn_lastfm_months,0.1,0.75,8,0.48348397699260476,0.2345564837233559,0.4561668854517436,0.23908928478376695
tc_cox,churn_lastfm_months,0.1,0.75,1,0.503510808868248,0.21593004155572543,0.5304826656178008,0.21898978429147045
tc_cox,churn_lastfm_months,0.1,0.01,9,0.5243166191514338,0.3722430996952749,0.5314108595782365,0.367271474967882
tc_cox,churn_lastfm_months,0.1,0.01,7,0.5401139728476452,0.39924646827203997,0.5106217328439551,0.36471097386028617
tc_cox,churn_lastfm_months,0.1,0.01,5,0.531928444838281,0.36608959093038357,0.5272159593280283,0.33846577793035537
tc_cox,churn_lastfm_months,0.1,0.01,4,0.5395819435179008,0.3207625759261512,0.5415989235858047,0.33230739702510154
tc_cox,churn_lastfm_months,0.1,0.01,0,0.49985998319798375,0.3311780695229116,0.49863387978142076,0.3829547381299092
tc_cox,churn_lastfm_months,0.1,0.01,3,0.5328801945181255,0.3755899936299719,0.5440589669696297,0.3772334653229293
tc_cox,churn_lastfm_months,0.1,0.01,6,0.510145408304307,0.35309876706107446,0.5194034724868013,0.33904830545390774
tc_cox,churn_lastfm_months,0.1,0.01,2,0.5044487427466151,0.31691970546486664,0.5411373092926491,0.37168416762233863
tc_cox,churn_lastfm_months,0.1,0.01,8,0.4884963023829088,0.386103462508692,0.5087323782889105,0.3917043064505045
tc_cox,churn_lastfm_months,0.1,0.01,1,0.48905291093050257,0.3419353740183317,0.4848850929932011,0.39711697603684676
tc_cox,churn_lastfm_months,0.1,0.9,9,0.4861926323438985,0.25610551386546615,0.47913322632423755,0.25409530282464543
tc_cox,churn_lastfm_months,0.1,0.9,7,0.49617297055701437,0.2512155790405797,0.530224669113558,0.22494187740537755
tc_cox,churn_lastfm_months,0.1,0.9,5,0.5272485600354453,0.2474002465039698,0.5190649867374005,0.23419381891668853
tc_cox,churn_lastfm_months,0.1,0.9,4,0.48162663998221034,0.30002621030190174,0.49663620563996186,0.30593789459103554
tc_cox,churn_lastfm_months,0.1,0.9,0,0.5316998039764772,0.2285012800069737,0.492583918813427,0.2641381057384989
tc_cox,churn_lastfm_months,0.1,0.9,3,0.5158874889478338,0.23268777331099502,0.5228330747062736,0.23596451022966175
tc_cox,churn_lastfm_months,0.1,0.9,6,0.49466467628683586,0.24944725304344786,0.5321667664507701,0.23488190142261686
tc_cox,churn_lastfm_months,0.1,0.9,2,0.5152528322741089,0.1761620454897289,0.504493758668516,0.19711229023863358
tc_cox,churn_lastfm_months,0.1,0.9,8,0.4407285675157491,0.2383633531232242,0.48142229324810226,0.23307810884854274
tc_cox,churn_lastfm_months,0.1,0.9,1,0.5189638967214021,0.22106675439308743,0.5239647131539024,0.24613953085199924
tc_cox,churn_lastfm_months,0.1,0.05,9,0.5237855665492761,0.18362301341111473,0.5281452371727459,0.1789775666345134
tc_cox,churn_lastfm_months,0.1,0.05,7,0.5638862506285267,0.17543775673819847,0.5285563341118896,0.16461610331453402
tc_cox,churn_lastfm_months,0.1,0.05,5,0.5211564023039433,0.18882174977988342,0.5693247126436781,0.18171734863937863
tc_cox,churn_lastfm_months,0.1,0.05,4,0.5751056259728708,0.16724810449831767,0.5558950496159668,0.163694962922334
tc_cox,churn_lastfm_months,0.1,0.05,0,0.5366283954074489,0.1620936163198572,0.5310304449648712,0.18379187388755852
tc_cox,churn_lastfm_months,0.1,0.05,3,0.5435731653404067,0.3714337124133207,0.5490744845932166,0.37314996413510404
tc_cox,churn_lastfm_months,0.1,0.05,6,0.5372090451705644,0.17833240547636509,0.5188864094051053,0.1762931513086581
tc_cox,churn_lastfm_months,0.1,0.05,2,0.5467532467532468,0.16264765792750613,0.598502080443828,0.16900741953748485
tc_cox,churn_lastfm_months,0.1,0.05,8,0.5344563133388113,0.17494480825836758,0.5502539809371612,0.17830569491863493
tc_cox,churn_lastfm_months,0.1,0.05,1,0.5328689113728092,0.1838731784850854,0.51938528965556,0.1945391451175464
tc_cox,churn_lastfm_months,0.1,0.001,9,0.501453407121695,0.40298800702128307,0.503929816793048,0.3989653504500002
tc_cox,churn_lastfm_months,0.1,0.001,7,0.5106709872059891,0.41429050878886226,0.5055611166722278,0.38067122547825766
tc_cox,churn_lastfm_months,0.1,0.001,5,0.5111320336730173,0.3906415964221073,0.484526967285588,0.36140084829008035
tc_cox,churn_lastfm_months,0.1,0.001,4,0.481320880587058,0.35535419266120255,0.4818074788361272,0.3698957252000055
tc_cox,churn_lastfm_months,0.1,0.001,0,0.49185102212265475,0.35322325140913224,0.5020352403256384,0.40857992320488096
tc_cox,churn_lastfm_months,0.1,0.001,3,0.5455625552608311,0.3840108357903088,0.5324484593216582,0.3855130354160945
tc_cox,churn_lastfm_months,0.1,0.001,6,0.4976226018687455,0.3912856381874226,0.49461165841179994,0.37637334891897783
tc_cox,churn_lastfm_months,0.1,0.001,2,0.518071290411716,0.3478978299808068,0.5354785020804438,0.4025845935940014
tc_cox,churn_lastfm_months,0.1,0.001,8,0.4923308682552725,0.4018314627477851,0.4983163061469094,0.4069641424397547
tc_cox,churn_lastfm_months,0.1,0.001,1,0.4774147177530823,0.3573447646530078,0.48331179412260494,0.4133728637410548
tc_cox,churn_lastfm_months,0.1,0.003,9,0.49916149589132985,0.402437201893708,0.5019649083965241,0.39838367970984423
tc_cox,churn_lastfm_months,0.1,0.003,7,0.559277054584055,0.4081683713635385,0.48745968190412636,0.3742532354550028
tc_cox,churn_lastfm_months,0.1,0.003,5,0.4844649977846699,0.3900936431735298,0.493921308576481,0.3609001040643848
tc_cox,churn_lastfm_months,0.1,0.003,4,0.47237046920169,0.34379496278718036,0.5043168694287156,0.35793130476455554
tc_cox,churn_lastfm_months,0.1,0.003,0,0.4818818258190983,0.3512828418743738,0.5118211218913795,0.40641538932883
tc_cox,churn_lastfm_months,0.1,0.003,3,0.5222424845269673,0.3836203390801574,0.5182886277987142,0.3851596154178135
tc_cox,churn_lastfm_months,0.1,0.003,6,0.501603361530381,0.38478796069970916,0.489822021444511,0.36990650286938437
tc_cox,churn_lastfm_months,0.1,0.003,2,0.5024039789997237,0.3461242464290613,0.4768377253814147,0.4008154395673566
tc_cox,churn_lastfm_months,0.1,0.003,8,0.49868529170090387,0.40181880545251103,0.49851606643456425,0.4070225618961407
tc_cox,churn_lastfm_months,0.1,0.003,1,0.4791286559407309,0.35027086518844763,0.4900825981907063,0.4059078601742483
tc_cox,churn_lastfm_months,0.1,0.5,9,0.46861199619878136,0.2507540464409838,0.5324071511595727,0.2403848807054681
tc_cox,churn_lastfm_months,0.1,0.5,7,0.5049444103022516,0.26963451957048723,0.5298910021132244,0.23705094455111014
tc_cox,churn_lastfm_months,0.1,0.5,5,0.5046798848028357,0.21594543283166212,0.5181531830238727,0.20348596829545876
tc_cox,churn_lastfm_months,0.1,0.5,4,0.5181231932399377,0.23621507234567699,0.4840219767898189,0.24346575222168926
tc_cox,churn_lastfm_months,0.1,0.5,0,0.4956594791374965,0.27879233101998213,0.5413739266198283,0.328687053268328
tc_cox,churn_lastfm_months,0.1,0.5,3,0.5193689213085765,0.23182492684570388,0.5595488805142984,0.22821458424897925
tc_cox,churn_lastfm_months,0.1,0.5,6,0.46851329684303644,0.2549655305682813,0.49836716921569696,0.23767984883724994
tc_cox,churn_lastfm_months,0.1,0.5,2,0.5080132633324123,0.22061702637907912,0.5189181692094313,0.26032544373118943
tc_cox,churn_lastfm_months,0.1,0.5,8,0.4818679813749658,0.24795410019993078,0.4718337994406712,0.2524161149644899
tc_cox,churn_lastfm_months,0.1,0.5,1,0.48678608945651575,0.24962032871659728,0.4975276732033489,0.2847131479149781
tc_cox,scania,0.95,0.95,9,0.5322333641017034,0.27529717715662755,0.5922105580174676,0.2627282829724276
tc_cox,scania,0.95,0.95,7,0.4992992427929068,0.08822166943452438,0.5,0.0945351673648813
tc_cox,scania,0.95,0.95,5,0.5,0.10370374060257138,0.4997340371120522,0.10203678027093667
tc_cox,scania,0.95,0.95,4,0.5087579784451187,0.10208617929532841,0.5,0.10058239411375189
tc_cox,scania,0.95,0.95,0,0.49795498982482744,0.09207005791558277,0.47876988943570276,0.09712856995067523
tc_cox,scania,0.95,0.95,3,0.5098358461950219,0.10653128413681767,0.5,0.10080955137289287
tc_cox,scania,0.95,0.95,6,0.5,0.10271407562684509,0.5,0.10712703034604062
tc_cox,scania,0.95,0.95,2,0.5087047353760445,0.09334354933895189,0.5,0.09911947405566833
tc_cox,scania,0.95,0.95,8,0.5,0.09787350850595493,0.5,0.0979863679688071
tc_cox,scania,0.95,0.95,1,0.4882950284038169,0.09550044864575959,0.4951304347826087,0.1075376080636603
tc_cox,scania,0.95,0.1,9,0.4994335822774188,0.09039280682161098,0.5,0.08909943717092067
tc_cox,scania,0.95,0.1,7,0.5,0.08748113248376908,0.5,0.09259725857406265
tc_cox,scania,0.95,0.1,5,0.5,0.09161126348250849,0.5,0.08968938797591156
tc_cox,scania,0.95,0.1,4,0.5,0.09118648868655704,0.5,0.08970593677828227
tc_cox,scania,0.95,0.1,0,0.4999900243406089,0.08602940235502836,0.5,0.0908920096186846
tc_cox,scania,0.95,0.1,3,0.5098358461950219,0.09037287498908347,0.49948153217611313,0.08556972545594756
tc_cox,scania,0.95,0.1,6,0.499080696650099,0.08736788354540545,0.5,0.08815469050737605
tc_cox,scania,0.95,0.1,2,0.5,0.08006233900921228,0.5,0.08687685195853682
tc_cox,scania,0.95,0.1,8,0.5,0.08825037529874813,0.5,0.0855368623197256
tc_cox,scania,0.95,0.1,1,0.4991367467419151,0.08468185351979621,0.504554347826087,0.08830274969081886
tc_cox,scania,0.95,0.99,9,0.49770286145842074,0.08945061144260597,0.4989996988340576,0.0872237186423373
tc_cox,scania,0.95,0.99,7,0.5,0.10108026484761566,0.5,0.10701198000270776
tc_cox,scania,0.95,0.99,5,0.5,0.10320224868941164,0.5,0.10151912308632402
tc_cox,scania,0.95,0.99,4,0.5036936277074395,0.09057976406851587,0.49531294481272115,0.08975050078407515
tc_cox,scania,0.95,0.99,0,0.4999900243406089,0.09904898704047965,0.5,0.10614632775613135
tc_cox,scania,0.95,0.99,3,0.5058658221072353,0.09118506890345719,0.5025197536240901,0.08797581224855001
tc_cox,scania,0.95,0.99,6,0.5017981977613448,0.09074539854789765,0.5041443096644884,0.08864722054365173
tc_cox,scania,0.95,0.99,2,0.5,0.08453107219107228,0.5,0.09065190816030166
tc_cox,scania,0.95,0.99,8,0.5,0.09860311695489384,0.5,0.09868546704557016
tc_cox,scania,0.95,0.99,1,0.4972988527085731,0.08501085349686606,0.49883695652173915,0.08803930304579974
tc_cox,scania,0.95,0.25,9,0.4994335822774188,0.09051595136727786,0.5,0.08987383418519236
tc_cox,scania,0.95,0.25,7,0.5,0.0874372372820068,0.5,0.0925295406885751
tc_cox,scania,0.95,0.25,5,0.5,0.0923390789294115,0.5,0.09054732088878895
tc_cox,scania,0.95,0.25,4,0.5,0.09191411411358111,0.4991154581316849,0.09091950964780457
tc_cox,scania,0.95,0.25,0,0.4999900243406089,0.08618458413511154,0.5,0.09128831454077979
tc_cox,scania,0.95,0.25,3,0.5,0.09139278809678396,0.499170451481781,0.08611752158423014
tc_cox,scania,0.95,0.25,6,0.5,0.09055104637989433,0.5,0.09210729815436489
tc_cox,scania,0.95,0.25,2,0.5018763540699474,0.07991607515254989,0.499877398393919,0.08561836996028994
tc_cox,scania,0.95,0.25,8,0.5,0.08785689508300468,0.5066852776961505,0.0845397805802061
tc_cox,scania,0.95,0.25,1,0.49664909219173503,0.08415518229620345,0.503195652173913,0.08666681847848212
tc_cox,scania,0.95,0.75,9,0.5,0.10155041412832701,0.5,0.10204436103056261
tc_cox,scania,0.95,0.75,7,0.5,0.08738946774674883,0.5,0.09268324960166487
tc_cox,scania,0.95,0.75,5,0.5,0.09867008898835043,0.5,0.09691672382728565
tc_cox,scania,0.95,0.75,4,0.5,0.10367994029032963,0.5,0.10163749988497793
tc_cox,scania,0.95,0.75,0,0.49924184988627746,0.08375398175488397,0.5084081830821177,0.0878969949388131
tc_cox,scania,0.95,0.75,3,0.5,0.09750595918794099,0.5,0.09129298568996591
tc_cox,scania,0.95,0.75,6,0.5,0.09378673919041097,0.5,0.09681070229737852
tc_cox,scania,0.95,0.75,2,0.5,0.08559656338605766,0.5,0.09091861231697498
tc_cox,scania,0.95,0.75,8,0.5,0.08750816296059716,0.49945426304521223,0.08400113509222093
tc_cox,scania,0.95,0.75,1,0.4991367467419151,0.08686166343846878,0.5,0.091894598418186
tc_cox,scania,0.95,0.01,9,0.49478685910883613,0.08722902659902487,0.49762294024007225,0.08609914452650477
tc_cox,scania,0.95,0.01,17,0.5068988807410266,0.08791118894931582,0.5524096509451426,0.0859568063811329
tc_cox,scania,0.95,0.01,7,0.508321491834232,0.08708001390605284,0.525071618887353,0.09430244049617396
tc_cox,scania,0.95,0.01,5,0.49924609158003336,0.09107610457777383,0.5,0.08832943731262004
tc_cox,scania,0.95,0.01,15,0.49824661636360057,0.08855836805469078,0.5133772360919993,0.08513702818946335
tc_cox,scania,0.95,0.01,18,0.5356691349106014,0.08951489886545252,0.5243181038137732,0.08714613622495304
tc_cox,scania,0.95,0.01,27,0.5047306979096426,0.08617296764945276,0.5247867344004601,0.08705219445039482
tc_cox,scania,0.95,0.01,24,0.5024836730655057,0.08434524326110918,0.5339901477832513,0.08687707394160171
tc_cox,scania,0.95,0.01,28,0.5008530158850514,0.08569262684315096,0.5065752537248974,0.0890620632758321
tc_cox,scania,0.95,0.01,25,0.5141202586622913,0.08867109890257914,0.5082595302271852,0.09068616176142859
tc_cox,scania,0.95,0.01,16,0.4980281801787519,0.08772481202847071,0.49760395733498225,0.08691531750485855
tc_cox,scania,0.95,0.01,4,0.5092706916396359,0.08878249062706053,0.49907478954003825,0.08967920550184631
tc_cox,scania,0.95,0.01,26,0.5,0.08949416518265936,0.5,0.08625619558366654
tc_cox,scania,0.95,0.01,11,0.49832516593263443,0.08606437169963031,0.5014601542416453,0.08656159293745835
tc_cox,scania,0.95,0.01,19,0.4941654228614627,0.09161459805924153,0.502725074785887,0.08898299393184518
tc_cox,scania,0.95,0.01,10,0.5266029304790606,0.08721783936955368,0.5152933492979209,0.08628400584014295
tc_cox,scania,0.95,0.01,23,0.49344472476115636,0.08886626544496608,0.5241150232513998,0.0881963514620309
tc_cox,scania,0.95,0.01,0,0.5118111807190455,0.08396246428723199,0.5468849998896564,0.08711904292137522
tc_cox,scania,0.95,0.01,3,0.5191029529842092,0.0889077426689735,0.5207801903813849,0.08414999327181238
tc_cox,scania,0.95,0.01,6,0.49435285085060815,0.08618313244732725,0.5285090924275007,0.08628331530584635
tc_cox,scania,0.95,0.01,12,0.5343754568427208,0.08779692190957612,0.5244340260179085,0.0841332502864
tc_cox,scania,0.95,0.01,29,0.5278773397052967,0.09439845227415146,0.5374793649499664,0.0938615748943398
tc_cox,scania,0.95,0.01,20,0.5152433606476454,0.08387138536469807,0.5147594224483886,0.08772001153150186
tc_cox,scania,0.95,0.01,2,0.49452568864128754,0.07947660114362783,0.49447271092584644,0.08589485599618425
tc_cox,scania,0.95,0.01,8,0.5070694970838324,0.08612648390144843,0.5,0.08285313924132344
tc_cox,scania,0.95,0.01,1,0.50136449708536,0.08315721243429072,0.5068804347826087,0.08485720690855908
tc_cox,scania,0.95,0.01,21,0.5295690598608271,0.09134233376026596,0.5540969656718276,0.08787611444992445
tc_cox,scania,0.95,0.01,14,0.5002243204111181,0.08826461279271942,0.4980735238624854,0.08675063642516012
tc_cox,scania,0.95,0.01,13,0.5077323088266682,0.08627329011098776,0.5104516755706654,0.08558628320708292
tc_cox,scania,0.95,0.01,22,0.5111595337324674,0.0860966255217807,0.5029937274282456,0.08593564949557446
tc_cox,scania,0.95,0.9,9,0.5,0.09871364411686488,0.5,0.09887792455141368
tc_cox,scania,0.95,0.9,7,0.5,0.09618224921811516,0.5,0.10197784921935588
tc_cox,scania,0.95,0.9,5,0.5,0.1059312792650519,0.5,0.10434600829284171
tc_cox,scania,0.95,0.9,4,0.5092706916396359,0.09760949541751197,0.5,0.095915440755327
tc_cox,scania,0.95,0.9,0,0.4999102190654802,0.0949526902742151,0.5,0.10007158565616314
tc_cox,scania,0.95,0.9,3,0.5098358461950219,0.09432559347859783,0.499170451481781,0.08915981774277075
tc_cox,scania,0.95,0.9,6,0.5,0.08616836119753228,0.5,0.08716488329538945
tc_cox,scania,0.95,0.9,2,0.5087047353760445,0.08206821436124775,0.4995708943787164,0.08816188943905798
tc_cox,scania,0.95,0.9,8,0.49923413781591813,0.08657223749573875,0.504533814701314,0.08213605271283475
tc_cox,scania,0.95,0.9,1,0.537435488062971,0.11380971043880315,0.5395760869565217,0.10713926745257411
tc_cox,scania,0.95,0.05,9,0.4994335822774188,0.0885905813219875,0.5,0.08696785996557942
tc_cox,scania,0.95,0.05,7,0.5,0.08716988403933273,0.5,0.09242669901443928
tc_cox,scania,0.95,0.05,5,0.5,0.09178353540276123,0.5,0.08971584021959024
tc_cox,scania,0.95,0.05,4,0.5,0.09020850380074943,0.5,0.08936512053605959
tc_cox,scania,0.95,0.05,0,0.4999900243406089,0.0846065556623103,0.5,0.08875635035101528
tc_cox,scania,0.95,0.05,3,0.5098358461950219,0.09118397135619372,0.5,0.08605753860286458
tc_cox,scania,0.95,0.05,6,0.5,0.0887460923045204,0.5093325260454725,0.09120052751048303
tc_cox,scania,0.95,0.05,2,0.5,0.07936758881933594,0.5,0.08620474387041246
tc_cox,scania,0.95,0.05,8,0.5,0.08758947183379164,0.5,0.08481891008315086
tc_cox,scania,0.95,0.05,1,0.5,0.08506131805085136,0.504554347826087,0.08877755137666306
tc_cox,scania,0.95,0.001,9,0.5286355626416044,0.5252600821548274,0.5385062169255259,0.5233691259184788
tc_cox,scania,0.95,0.001,17,0.5358452335005789,0.3026543129035244,0.594812514141144,0.2967683747263115
tc_cox,scania,0.95,0.001,7,0.5855410429603098,0.4081552335581999,0.6189274195163972,0.4021447498808321
tc_cox,scania,0.95,0.001,5,0.5839913498928656,0.35503458498666635,0.5678307657685304,0.3552608894091256
tc_cox,scania,0.95,0.001,15,0.505132094800922,0.46290957258578597,0.5333300570080598,0.4644802824862529
tc_cox,scania,0.95,0.001,18,0.53771597134429,0.4958889197304425,0.6116169671518846,0.4962239659495965
tc_cox,scania,0.95,0.001,27,0.4891267700606878,0.4185765746036287,0.5614492475797949,0.4240084041929644
tc_cox,scania,0.95,0.001,24,0.583099149020384,0.5163522587263015,0.5044439786185935,0.5163236336872967
tc_cox,scania,0.95,0.001,28,0.5954240436744133,0.319263672325399,0.5607536169293889,0.30907399348209097
tc_cox,scania,0.95,0.001,25,0.590831000868642,0.6041361134619702,0.5166730843280708,0.6037839788823705
tc_cox,scania,0.95,0.001,16,0.590366817938606,0.3617565044318746,0.5747120884217035,0.36108470310391727
tc_cox,scania,0.95,0.001,4,0.5929266506225803,0.27329351757665804,0.5774736670869087,0.27573517860393204
tc_cox,scania,0.95,0.001,26,0.5246055716307263,0.4149055959226588,0.528348005609224,0.4179651371091812
tc_cox,scania,0.95,0.001,11,0.5685337964973224,0.40611498242445837,0.5393521850899743,0.4054290648307281
tc_cox,scania,0.95,0.001,19,0.5704122971951385,0.5757071276998525,0.5576670901118715,0.5784292583101569
tc_cox,scania,0.95,0.001,10,0.5693962381793619,0.3589338516461298,0.5438989877000109,0.35996838457015684
tc_cox,scania,0.95,0.001,23,0.56162372306547,0.49528845687034945,0.5917054189997153,0.5022404331174505
tc_cox,scania,0.95,0.001,0,0.6092135190136068,0.5052883184156071,0.6596782380332354,0.4945179414584194
tc_cox,scania,0.95,0.001,3,0.6043581050941208,0.45246718208793124,0.5704182998403119,0.46324790834927343
tc_cox,scania,0.95,0.001,6,0.5878692366751526,0.37290206869132797,0.5715806835501179,0.36678551118559766
tc_cox,scania,0.95,0.001,12,0.607512060647829,0.49342602110632683,0.58287928704173,0.498285338490979
tc_cox,scania,0.95,0.001,29,0.4827757865392274,0.555562229934017,0.5460085189638657,0.5573592030543513
tc_cox,scania,0.95,0.001,20,0.623546253332017,0.5812132955684669,0.6354929460924248,0.5768748036272453
tc_cox,scania,0.95,0.001,2,0.6371769575982668,0.39446851439921454,0.551850262571773,0.3877235069029238
tc_cox,scania,0.95,0.001,8,0.5454313375095733,0.5410829739469383,0.5692456236094202,0.5383621651677043
tc_cox,scania,0.95,0.001,1,0.6049456057624476,0.36496781847792875,0.5537608695652174,0.3507191499903783
tc_cox,scania,0.95,0.001,21,0.5160647545891924,0.4576730895470436,0.5812440330413847,0.4574391110796853
tc_cox,scania,0.95,0.001,14,0.5384097722128189,0.378037190037589,0.5971182300252229,0.37907174998163173
tc_cox,scania,0.95,0.001,13,0.5280769156140249,0.5893044922766763,0.6148130160271976,0.5862792447512493
tc_cox,scania,0.95,0.001,22,0.5290782542469695,0.5230398394084539,0.5418551606158525,0.5306243948398321
tc_cox,scania,0.95,0.003,9,0.5647079801963582,0.12009263100315237,0.5645463150195758,0.1164271044101067
tc_cox,scania,0.95,0.003,7,0.5672629591419617,0.13339562006820194,0.5322936073882645,0.13804996194963595
tc_cox,scania,0.95,0.003,5,0.5826323307673994,0.15801226235943241,0.5848114732298124,0.1526149017580507
tc_cox,scania,0.95,0.003,4,0.5820445746573193,0.19685353926817334,0.5315994957094636,0.19908219157047735
tc_cox,scania,0.95,0.003,0,0.5836658553130362,0.1378422230328944,0.6422329132919913,0.13344235063190196
tc_cox,scania,0.95,0.003,3,0.6122758497635828,0.1563192047205382,0.5726062340571144,0.15850053971922004
tc_cox,scania,0.95,0.003,6,0.5738574372651231,0.19174046603587347,0.5659957826168653,0.1881092138709151
tc_cox,scania,0.95,0.003,2,0.6470616682141752,0.2003000467107392,0.5727844868101105,0.1947492545066216
tc_cox,scania,0.95,0.003,8,0.5510672976847397,0.15316944197316634,0.5845262583434785,0.1441091234955445
tc_cox,scania,0.95,0.003,1,0.5435618015074444,0.12795528713133336,0.5882608695652174,0.11948199202862195
tc_cox,scania,0.95,0.5,9,0.4994335822774188,0.09119055375801657,0.5,0.09087968642239332
tc_cox,scania,0.95,0.5,7,0.5,0.0888183930329405,0.5,0.09380641442844322
tc_cox,scania,0.95,0.5,5,0.5,0.09206249611813276,0.5,0.09025725313275501
tc_cox,scania,0.95,0.5,4,0.5,0.09178075494555009,0.4991154581316849,0.09037566826277561
tc_cox,scania,0.95,0.5,0,0.4999900243406089,0.08595482555555556,0.5,0.09068970047210749
tc_cox,scania,0.95,0.5,3,0.5,0.0948505621281103,0.5,0.08892687013399025
tc_cox,scania,0.95,0.5,6,0.5,0.0883769235647781,0.5,0.08942728189632068
tc_cox,scania,0.95,0.5,2,0.5176802847415661,0.08116598878425182,0.5154784527677313,0.08692031199170938
tc_cox,scania,0.95,0.5,8,0.5,0.09016701183671862,0.5,0.08802072658766492
tc_cox,scania,0.95,0.5,1,0.4991367467419151,0.08491497365814289,0.5,0.08872749611698229
tc_cox,scania,0.5,0.95,9,0.5,0.09120246349617558,0.5,0.0900257248597023
tc_cox,scania,0.5,0.95,7,0.499377104704806,0.08566513394648373,0.49969950117194545,0.09104776193105033
tc_cox,scania,0.5,0.95,5,0.49849218316006666,0.08825247974029482,0.4964811064056139,0.08601384483146264
tc_cox,scania,0.5,0.95,4,0.5,0.08965012033019583,0.5,0.08804593726207614
tc_cox,scania,0.5,0.95,0,0.5,0.0919176929759721,0.5,0.09837701541690629
tc_cox,scania,0.5,0.95,3,0.49979926844499956,0.08934306450415049,0.49864161430141646,0.08537372584384528
tc_cox,scania,0.5,0.95,6,0.4999292843576999,0.08636403234977483,0.5,0.08848854531546939
tc_cox,scania,0.5,0.95,2,0.4992939492417208,0.08059005489526484,0.5,0.0873811147395018
tc_cox,scania,0.5,0.95,8,0.5,0.10074126255152285,0.5,0.101119303961801
tc_cox,scania,0.5,0.95,1,0.5,0.08477658739382563,0.4981413043478261,0.08669636334626893
tc_cox,scania,0.5,0.1,9,0.4994650499286733,0.08995731906336567,0.5,0.08677956598681473
tc_cox,scania,0.5,0.1,7,0.5,0.08566003991211422,0.5,0.09027201439102056
tc_cox,scania,0.5,0.1,5,0.5,0.0884353439948442,0.4993044047545981,0.08686865983214845
tc_cox,scania,0.5,0.1,4,0.5,0.08780488503303811,0.5,0.0857248575368186
tc_cox,scania,0.5,0.1,0,0.4999900243406089,0.08384465800720727,0.5,0.08772652085483208
tc_cox,scania,0.5,0.1,3,0.5,0.08972903384582576,0.5062630913125531,0.08475452098563317
tc_cox,scania,0.5,0.1,6,0.5,0.08594496432862864,0.5093325260454725,0.0877662616705539
tc_cox,scania,0.5,0.1,2,0.49957443515939337,0.08037151284172742,0.5,0.08613053815895196
tc_cox,scania,0.5,0.1,8,0.5,0.08522955509359446,0.5,0.08370105368971995
tc_cox,scania,0.5,0.1,1,0.4995730145175064,0.08446704083472656,0.4981413043478261,0.08731659489806952
tc_cox,scania,0.5,0.99,9,0.5104577494335822,0.1319689965338694,0.5585552639504366,0.12470262617180584
tc_cox,scania,0.5,0.99,7,0.5040390866797734,0.10043055369548334,0.4867279684275898,0.10268402868094219
tc_cox,scania,0.5,0.99,5,0.5022220458693755,0.08883876018140104,0.5009922461588822,0.08625003433140833
tc_cox,scania,0.5,0.99,4,0.5,0.08986036050356001,0.5,0.08857840596280926
tc_cox,scania,0.5,0.99,0,0.5,0.09860611429306146,0.5,0.1056812579111664
tc_cox,scania,0.5,0.99,3,0.4976023730930502,0.0904640672191008,0.4995022708890686,0.08713165987859227
tc_cox,scania,0.5,0.99,6,0.4999292843576999,0.0860692580018215,0.5,0.08816309322433843
tc_cox,scania,0.5,0.99,2,0.5,0.08128543145161031,0.5,0.08676031338032211
tc_cox,scania,0.5,0.99,8,0.5,0.09981552117671591,0.5,0.10009485625858408
tc_cox,scania,0.5,0.99,1,0.5002506219136376,0.09469134488553672,0.52075,0.09880410552254464
tc_cox,scania,0.5,0.25,9,0.4994335822774188,0.09008884174097974,0.5,0.08727783103808338
tc_cox,scania,0.5,0.25,7,0.49922138088100754,0.08476661613968965,0.49965943466153817,0.08988603876394632
tc_cox,scania,0.5,0.25,5,0.4990476946274105,0.08799711419249288,0.4993044047545981,0.08658487512396132
tc_cox,scania,0.5,0.25,4,0.5,0.08828044190639087,0.5,0.08674930951149488
tc_cox,scania,0.5,0.25,0,0.4999900243406089,0.08474036805436325,0.5,0.0870585375222577
tc_cox,scania,0.5,0.25,3,0.5,0.09018767498221904,0.5062630913125531,0.08482228467502764
tc_cox,scania,0.5,0.25,6,0.5,0.08571695204346434,0.5,0.08808763035714674
tc_cox,scania,0.5,0.25,2,0.49957443515939337,0.08086639759243797,0.5,0.08592029695252011
tc_cox,scania,0.5,0.25,8,0.5,0.08515669507757527,0.5,0.08354437567137456
tc_cox,scania,0.5,0.25,1,0.49940593324174803,0.08525141802640189,0.4969130434782609,0.087514939082025
tc_cox,scania,0.5,0.75,9,0.4980175379709659,0.08870447455925536,0.4998601729552984,0.08603274069916665
tc_cox,scania,0.5,0.75,7,0.49773227181593444,0.08541349707633318,0.498948254101809,0.09073723795987221
tc_cox,scania,0.5,0.75,5,0.4955757479565114,0.09054604221009327,0.4971153255999509,0.08775561771593265
tc_cox,scania,0.5,0.75,4,0.5,0.08724103112675803,0.5,0.08691309028059735
tc_cox,scania,0.5,0.75,0,0.4983639918598619,0.08245472982985454,0.49848829254297883,0.08638572200167202
tc_cox,scania,0.5,0.75,3,0.5,0.08913254294140556,0.4987038304402829,0.08472260531280412
tc_cox,scania,0.5,0.75,6,0.49892916313088453,0.08727736318955089,0.5,0.08862777306977498
tc_cox,scania,0.5,0.75,2,0.5,0.08028360453105854,0.5,0.0867025471217575
tc_cox,scania,0.5,0.75,8,0.4985566443453842,0.08788697607325177,0.49687250745140843,0.08402448069637176
tc_cox,scania,0.5,0.75,1,0.4991367467419151,0.08494912703495833,0.49742391304347827,0.08682968991334152
tc_cox,scania,0.5,0.01,9,0.5407401191575061,0.1285992017808858,0.5742266488835348,0.12273858427099997
tc_cox,scania,0.5,0.01,7,0.5525957214879411,0.13914755598335207,0.5216559488751327,0.14530087133017391
tc_cox,scania,0.5,0.01,5,0.5544599634949607,0.1461799088119761,0.5667157675075186,0.1414632965683151
tc_cox,scania,0.5,0.01,4,0.5533535628335252,0.6113702775111884,0.5582679246817682,0.6143707425019707
tc_cox,scania,0.5,0.01,0,0.5471848689198356,0.18999709685075014,0.6132677156665858,0.1837695163685232
tc_cox,scania,0.5,0.01,3,0.6025626728521724,0.15704301431933163,0.5998154254546962,0.15509816102300877
tc_cox,scania,0.5,0.01,6,0.550258617206126,0.18797768010209798,0.6248616823600643,0.18675841336873267
tc_cox,scania,0.5,0.01,2,0.6145349736923553,0.122420126149904,0.529986309487321,0.1280095387811418
tc_cox,scania,0.5,0.01,8,0.513373131983583,0.16708575744204912,0.5689937450149029,0.15444002067351623
tc_cox,scania,0.5,0.01,1,0.576179779452716,0.22849175796391336,0.546445652173913,0.21593291692656916
tc_cox,scania,0.5,0.9,9,0.5,0.08931521541637195,0.5,0.08775339272614117
tc_cox,scania,0.5,0.9,7,0.49473458820781346,0.08761685968904717,0.49591321593845783,0.09237860903906124
tc_cox,scania,0.5,0.9,5,0.49952384731370525,0.08856527863665423,0.49898729515742957,0.08614013375956503
tc_cox,scania,0.5,0.9,4,0.5930731401067281,0.12563639843061108,0.5613485704990037,0.1297878737895254
tc_cox,scania,0.5,0.9,0,0.5003192211005147,0.08245395450742245,0.4992386290909893,0.08641538160619311
tc_cox,scania,0.5,0.9,3,0.5,0.08935707039040347,0.499170451481781,0.08502771217040556
tc_cox,scania,0.5,0.9,6,0.4999191821230856,0.08738900712928199,0.5,0.08943225005193213
tc_cox,scania,0.5,0.9,2,0.49910051067780875,0.08113341184602117,0.4988863687447639,0.08728012261859687
tc_cox,scania,0.5,0.9,8,0.5,0.08908815961856664,0.5,0.08841368031705579
tc_cox,scania,0.5,0.9,1,0.4991367467419151,0.08471208841627278,0.4980434782608696,0.0866213398188787
tc_cox,scania,0.5,0.05,9,0.4984685743056138,0.08996912571531057,0.5,0.08725159327449984
tc_cox,scania,0.5,0.05,17,0.500260517174836,0.08520988157304002,0.5226669683444063,0.08551048067541168
tc_cox,scania,0.5,0.05,7,0.5,0.08556996360470932,0.4999599334895927,0.09131863945213835
tc_cox,scania,0.5,0.05,5,0.4994147289897627,0.08776333653534556,0.4984758280652223,0.08591449824479856
tc_cox,scania,0.5,0.05,15,0.49916271006126994,0.08877537753989678,0.49977393355612343,0.08511934779135986
tc_cox,scania,0.5,0.05,18,0.5187626673088114,0.08904084685808415,0.5114069976378429,0.08588198618183954
tc_cox,scania,0.5,0.05,27,0.5091558496291302,0.08621227398751834,0.49991373526310745,0.08555160597823694
tc_cox,scania,0.5,0.05,24,0.4993469226202256,0.08588583884978274,0.49663557279111203,0.08630629333523518
tc_cox,scania,0.5,0.05,28,0.4984456154983508,0.0855913892124975,0.500010796804146,0.0895889017997143
tc_cox,scania,0.5,0.05,25,0.49913135797702923,0.08617078166721356,0.5083654216403543,0.08969919797763612
tc_cox,scania,0.5,0.05,16,0.5045183408969303,0.08689942986778271,0.4986860411191838,0.08637180715552956
tc_cox,scania,0.5,0.05,4,0.4990164277492937,0.08759950836041216,0.5,0.08646384735002999
tc_cox,scania,0.5,0.05,26,0.48485648509937274,0.0883347103534379,0.48052352757868494,0.08477221825076771
tc_cox,scania,0.5,0.05,11,0.5171205260219589,0.08730852503731915,0.49626735218509,0.08658852241697117
tc_cox,scania,0.5,0.05,19,0.5019383977204442,0.09110977473406612,0.5069356226693439,0.08683294287359673
tc_cox,scania,0.5,0.05,10,0.5067962173958225,0.08711162375252827,0.5016871666485251,0.08531322769104699
tc_cox,scania,0.5,0.05,23,0.5,0.08831563819344827,0.5,0.08491251532225944
tc_cox,scania,0.5,0.05,0,0.493256454251626,0.08431389012773259,0.49037803720786527,0.08707046035395603
tc_cox,scania,0.5,0.05,3,0.49712284771166027,0.08960564335628296,0.5111677969265227,0.08405386682254917
tc_cox,scania,0.5,0.05,6,0.49639350224269607,0.08590155971830839,0.5032987452241268,0.08701127787923137
tc_cox,scania,0.5,0.05,12,0.4987991562767579,0.08823094863182454,0.49916582192937997,0.0839932160836155
tc_cox,scania,0.5,0.05,29,0.4992588167618036,0.08913038739014081,0.5,0.08983925142317162
tc_cox,scania,0.5,0.05,20,0.4995656037121137,0.08510291804091188,0.5,0.0867536587683003
tc_cox,scania,0.5,0.05,2,0.5175642216032188,0.07992827210645838,0.49222501481436076,0.08628428752554124
tc_cox,scania,0.5,0.05,8,0.5,0.08555770003194564,0.5,0.08306907350687538
tc_cox,scania,0.5,0.05,1,0.5,0.08358864742742556,0.49834782608695655,0.08646910038882012
tc_cox,scania,0.5,0.05,21,0.5010427636333602,0.08724938210619394,0.5036216844464738,0.08547862391494204
tc_cox,scania,0.5,0.05,14,0.49904154006158613,0.08836255873417435,0.4956902544140136,0.08669482271492089
tc_cox,scania,0.5,0.05,13,0.5,0.08756789353621999,0.49926177756192325,0.08661610736518177
tc_cox,scania,0.5,0.05,22,0.49979902261524467,0.08567587292679252,0.5071089146550085,0.08559996583257734
tc_cox,scania,0.5,0.001,9,0.46078081731979526,0.81609077202187,0.42920449167491287,0.8157000652083335
tc_cox,scania,0.5,0.001,7,0.4582854806999786,0.7985454735118253,0.4900434721637919,0.7923256799892391
tc_cox,scania,0.5,0.001,5,0.5581997460519006,0.7610900387332745,0.5554123447697376,0.7619477567217522
tc_cox,scania,0.5,0.001,4,0.5057967981584179,0.8446927569320589,0.5030501443735004,0.846775623845297
tc_cox,scania,0.5,0.001,0,0.5473145524919197,0.8018288338119514,0.5799108423631187,0.794692802545068
tc_cox,scania,0.5,0.001,3,0.4347845481309662,0.7786568610290153,0.47545573321719653,0.7852836517445717
tc_cox,scania,0.5,0.001,6,0.5239523982704974,0.7726944133154136,0.5415996826523581,0.7675494801465063
tc_cox,scania,0.5,0.001,2,0.535486304549675,0.7844397469967487,0.5391814299433989,0.7789448313057505
tc_cox,scania,0.5,0.001,8,0.4753942226498832,0.765609537008609,0.4239221695142941,0.765226462581769
tc_cox,scania,0.5,0.001,1,0.4972710058292801,0.8100271538885103,0.507554347826087,0.802993174269211
tc_cox,scania,0.5,0.003,9,0.5166883443819753,0.5850652931206077,0.46782902379210944,0.5845366865979793
tc_cox,scania,0.5,0.003,7,0.4918439647285539,0.6253793393442117,0.5025141735280566,0.6186741284167304
tc_cox,scania,0.5,0.003,5,0.5744980557098643,0.6402337347546208,0.5430041531127887,0.6396380332073633
tc_cox,scania,0.5,0.003,4,0.5128387569320917,0.7574399752328713,0.5176908373663021,0.7600712658898126
tc_cox,scania,0.5,0.003,0,0.543503850604525,0.6817149167384173,0.5177763555712489,0.6740307242712742
tc_cox,scania,0.5,0.003,3,0.5966522437327147,0.47787589783229933,0.5951181069702814,0.48786590255254775
tc_cox,scania,0.5,0.003,6,0.5189517921364206,0.7091213515470971,0.6099964507171639,0.7036662925909911
tc_cox,scania,0.5,0.003,2,0.6118655215103683,0.6063814883050989,0.5758393101616298,0.6002122088167448
tc_cox,scania,0.5,0.003,8,0.4932250652946606,0.5581983076740273,0.5434700474371353,0.5557550953224933
tc_cox,scania,0.5,0.003,1,0.5430327108008762,0.6326837634310414,0.5279782608695652,0.6237871993133036
tc_cox,scania,0.5,0.5,9,0.4994335822774188,0.08851495285414568,0.5,0.086116881183611
tc_cox,scania,0.5,0.5,7,0.499016993362272,0.08511490233596852,0.49916861990904904,0.091207495463104
tc_cox,scania,0.5,0.5,5,0.498234267121657,0.08929229162948128,0.497544957957405,0.08789136075746315
tc_cox,scania,0.5,0.5,4,0.5,0.08860121246976546,0.5,0.0875157449879713
tc_cox,scania,0.5,0.5,0,0.5,0.08651673220416434,0.49933793833999074,0.08920590872495496
tc_cox,scania,0.5,0.5,3,0.49992193772861093,0.08998919853899179,0.5102345548435264,0.08450983118967058
tc_cox,scania,0.5,0.5,6,0.4999191821230856,0.08725209892230854,0.49899784955216403,0.08862366027240909
tc_cox,scania,0.5,0.5,2,0.5112484524914888,0.08460045587672581,0.49710864545658884,0.09107817014777791
tc_cox,scania,0.5,0.5,8,0.5,0.08613866240848325,0.49945426304521223,0.08376060877609773
tc_cox,scania,0.5,0.5,1,0.49988861248282773,0.08435961865151852,0.49894565217391307,0.08641682545330999
tc_cox,scania,0.1,0.95,9,0.4575711168918352,0.38017902591815744,0.4991287699522437,0.36985749813896307
tc_cox,scania,0.1,0.95,7,0.46221750725089056,0.4402113315890589,0.5237193741611075,0.4446037224315219
tc_cox,scania,0.1,0.95,5,0.5123204507578764,0.16678288517924253,0.5006444485361812,0.15553321134160106
tc_cox,scania,0.1,0.95,4,0.5135607408182484,0.1492961249156998,0.5207308145918906,0.1513803425335974
tc_cox,scania,0.1,0.95,0,0.5313435218067915,0.13612148205620364,0.4953655683799351,0.1303144270239027
tc_cox,scania,0.1,0.95,3,0.5092782585422428,0.21001281069611094,0.503743337688463,0.21174646053236454
tc_cox,scania,0.1,0.95,6,0.5363377379076252,0.17496746953655593,0.570568094035117,0.17691475157550035
tc_cox,scania,0.1,0.95,2,0.5280485917672547,0.13786360737206826,0.5089805676454362,0.14471729787463655
tc_cox,scania,0.1,0.95,8,0.45507923727981464,0.3422253876600865,0.5212312665295328,0.33295713165310176
tc_cox,scania,0.1,0.95,1,0.5540136635354398,0.2869436143938577,0.5074239130434782,0.2873452817107577
tc_cox,scania,0.1,0.1,9,0.4975769908534027,0.09020024248307454,0.4990104547605731,0.08668006003364462
tc_cox,scania,0.1,0.1,7,0.4979463920736574,0.0862810815218672,0.49827714005248713,0.09051412308530238
tc_cox,scania,0.1,0.1,5,0.4991171335608285,0.08895345569695025,0.4998670185560261,0.08752080640655141
tc_cox,scania,0.1,0.1,4,0.49786543894527574,0.08768864934974126,0.49754971735328807,0.08723771117088736
tc_cox,scania,0.1,0.1,0,0.496977375204501,0.08556700803814005,0.5020192880630283,0.08669547160972861
tc_cox,scania,0.1,0.1,3,0.49452448924971004,0.09018670590633299,0.503784815114374,0.08473692121027046
tc_cox,scania,0.1,0.1,6,0.49776740615024045,0.08601479937598044,0.4995824373134017,0.08772100721694
tc_cox,scania,0.1,0.1,2,0.5070314917982048,0.08177434270423219,0.49741514947179144,0.08661003465068183
tc_cox,scania,0.1,0.1,8,0.4998036250810047,0.08518883759527537,0.4990974350363125,0.0835505958647798
tc_cox,scania,0.1,0.1,1,0.4962499535885345,0.08480805693515664,0.4969782608695652,0.08526998931535572
tc_cox,scania,0.1,0.99,9,0.5267789712175883,0.1583081339823709,0.5795831002882589,0.14955266947420454
tc_cox,scania,0.1,0.99,7,0.4862671052887704,0.315224370093992,0.5038964681371076,0.31857646000222656
tc_cox,scania,0.1,0.99,5,0.5101678438219189,0.3118272633676317,0.5282534421735305,0.3130503365530076
tc_cox,scania,0.1,0.99,4,0.5153500052317673,0.33289494541235587,0.5063646345927041,0.34690582172109113
tc_cox,scania,0.1,0.99,0,0.5098958541159571,0.1249685080493784,0.5129764085361816,0.12566699619124475
tc_cox,scania,0.1,0.99,3,0.4766816843607815,0.276949580708634,0.49115493892449036,0.2727216830259376
tc_cox,scania,0.1,0.99,6,0.5412272194609448,0.17159182354598698,0.5519343591456668,0.17074626963339584
tc_cox,scania,0.1,0.99,2,0.5200499071494893,0.30608734892703765,0.48354073438362044,0.30568117302930214
tc_cox,scania,0.1,0.99,8,0.48311175696640024,0.17411981208325591,0.5337307417824608,0.1749943022785869
tc_cox,scania,0.1,0.99,1,0.5347529053577396,0.19034252899183798,0.5251956521739131,0.18175277236096762
tc_cox,scania,0.1,0.25,9,0.5061257027775447,0.10283435275404587,0.5070021081615971,0.09697263005389987
tc_cox,scania,0.1,0.25,7,0.4984622272399899,0.09022408142527852,0.4992187030470581,0.09290442245446076
tc_cox,scania,0.1,0.25,5,0.5287080390445202,0.13044628783380421,0.5096462693590295,0.12401368258892667
tc_cox,scania,0.1,0.25,4,0.5044574657319243,0.12166638999156004,0.5016165765179552,0.12445858406340425
tc_cox,scania,0.1,0.25,0,0.500818004070069,0.10830936568622691,0.4893628759958511,0.10863627687698799
tc_cox,scania,0.1,0.25,3,0.5220804710500491,0.13535542396323644,0.5369149090607437,0.13413660342190722
tc_cox,scania,0.1,0.25,6,0.5153149876752737,0.1355787146048662,0.4624715535419755,0.13861925560331395
tc_cox,scania,0.1,0.25,2,0.515010832559579,0.09596338041346102,0.5184004577126627,0.099667628769271
tc_cox,scania,0.1,0.25,8,0.5028081613416334,0.11586989883961984,0.5087632761009193,0.11359963510344025
tc_cox,scania,0.1,0.25,1,0.5022277503434448,0.17721900651359013,0.49833695652173915,0.17338482203678693
tc_cox,scania,0.1,0.75,9,0.5161114374423093,0.26306140435733766,0.5098309168351762,0.26124741405874674
tc_cox,scania,0.1,0.75,7,0.5074650108033403,0.14737934578848016,0.5294188352665424,0.14800539357604411
tc_cox,scania,0.1,0.75,5,0.5389056424093326,0.327816153800396,0.5297162380572434,0.33308421915652164
tc_cox,scania,0.1,0.75,4,0.5274981688814482,0.24127145466319494,0.5693704502013095,0.2421610493049323
tc_cox,scania,0.1,0.75,0,0.5130880651211045,0.1313715111586038,0.5505153046587072,0.13280698567884167
tc_cox,scania,0.1,0.75,3,0.4850789544116335,0.34745303815492823,0.48246541819614674,0.3540296908583911
tc_cox,scania,0.1,0.75,6,0.4947771447044086,0.17692467774646164,0.51246424619496,0.17687110446642934
tc_cox,scania,0.1,0.75,2,0.5232222995976478,0.22672287799473778,0.4932671284660496,0.23297134131831723
tc_cox,scania,0.1,0.75,8,0.4958859454470475,0.297465001791008,0.5535137063935184,0.2977586403344051
tc_cox,scania,0.1,0.75,1,0.5353841012883823,0.2350770622338566,0.4533260869565217,0.24007759147360408
tc_cox,scania,0.1,0.01,9,0.5881199127297139,0.1941569672475647,0.6240265886503463,0.1861608199982645
tc_cox,scania,0.1,0.01,7,0.5649757654799213,0.3373820481701417,0.5294388685217462,0.3337829176358708
tc_cox,scania,0.1,0.01,5,0.5718395365447186,0.1973127213591583,0.6210847194091532,0.1962237152225368
tc_cox,scania,0.1,0.01,4,0.5078267238673224,0.8165278100741941,0.5,0.8188252992859387
tc_cox,scania,0.1,0.01,0,0.6313096045648617,0.20042478336750041,0.6618520071502659,0.18961640921346226
tc_cox,scania,0.1,0.01,3,0.5830024979926844,0.2189893316068343,0.6216740289097659,0.22138087350180705
tc_cox,scania,0.1,0.01,6,0.5084656726067807,0.6923604591483526,0.6015094891120529,0.6868415694984016
tc_cox,scania,0.1,0.01,2,0.6617823429278861,0.18045227464014355,0.5696887962565643,0.18319855655423292
tc_cox,scania,0.1,0.01,8,0.5830567719890816,0.2580405762450788,0.634901977246967,0.24684241698175305
tc_cox,scania,0.1,0.01,1,0.597816804663424,0.27187273232143805,0.5973478260869565,0.2542994757357499
tc_cox,scania,0.1,0.9,9,0.4620500125870605,0.1805394761413756,0.5214473174719271,0.1732468712725797
tc_cox,scania,0.1,0.9,7,0.43171510326436063,0.31774525053186364,0.4690886872207865,0.3214997062765036
tc_cox,scania,0.1,0.9,5,0.5396992302198238,0.40962357708860536,0.5416743386730498,0.40176447778093227
tc_cox,scania,0.1,0.9,4,0.5090928115517421,0.29290175285298453,0.5182805319451788,0.2945524421796931
tc_cox,scania,0.1,0.9,0,0.5435337775826982,0.2756873691067794,0.4705492904905877,0.26754858714609614
tc_cox,scania,0.1,0.9,3,0.49527165670443396,0.36875374616680573,0.4746365540554553,0.38761127121483924
tc_cox,scania,0.1,0.9,6,0.46665252353820663,0.38903642145129363,0.5588032653402092,0.38706477740307454
tc_cox,scania,0.1,0.9,2,0.4980462705044878,0.18541808224706613,0.5148960951388463,0.18237029315451542
tc_cox,scania,0.1,0.9,8,0.5365748286628832,0.30358674748539866,0.5513307585743672,0.29392145203941983
tc_cox,scania,0.1,0.9,1,0.511825641406453,0.3361659687515643,0.4906195652173913,0.3322610979120563
tc_cox,scania,0.1,0.05,9,0.5007447344130234,0.09000430386153078,0.4937830744740352,0.08625378236215611
tc_cox,scania,0.1,0.05,7,0.49817997780935513,0.0846899992591521,0.5110383236172046,0.08953888739962076
tc_cox,scania,0.1,0.05,5,0.5210895960638044,0.08897444220983076,0.5281102313877125,0.08636753139928556
tc_cox,scania,0.1,0.05,4,0.4992466255100973,0.08709016905519475,0.5076558623774858,0.08680321415284371
tc_cox,scania,0.1,0.05,0,0.49863333466342125,0.08582133234018753,0.5149846622382098,0.08677264847274374
tc_cox,scania,0.1,0.05,3,0.5059104291194576,0.08879460616348278,0.5022605197121467,0.08340363745408877
tc_cox,scania,0.1,0.05,6,0.49501959833515174,0.08553138504807567,0.5169321669415621,0.08670579048847549
tc_cox,scania,0.1,0.05,2,0.5080857319715258,0.08097058872615194,0.49755818467888596,0.08635671373080075
tc_cox,scania,0.1,0.05,8,0.5064607348349469,0.08544319527248523,0.5166974518282188,0.08255097452007547
tc_cox,scania,0.1,0.05,1,0.5173857349719675,0.08559777096244489,0.4945217391304348,0.08669364185586642
tc_cox,scania,0.1,0.001,9,0.539460434673156,0.8426545740965203,0.49920406143785223,0.8420967416133803
tc_cox,scania,0.1,0.001,7,0.5161758121970685,0.8252890067326791,0.49880802131538354,0.8189846607568623
tc_cox,scania,0.1,0.001,5,0.5264363939369892,0.858866103382324,0.5221976718017963,0.8602994895481055
tc_cox,scania,0.1,0.001,4,0.5032227686512504,0.8565136526834578,0.49924763105453657,0.8585962038606169
tc_cox,scania,0.1,0.001,0,0.4965683731694665,0.8301518225468492,0.5044027100390617,0.8232013552166564
tc_cox,scania,0.1,0.001,3,0.5128579712730841,0.8545785966445572,0.49922229826416975,0.8613170150809987
tc_cox,scania,0.1,0.001,6,0.5289934133430315,0.7984792659201426,0.5955383426936969,0.7933852893809398
tc_cox,scania,0.1,0.001,2,0.5568902816465491,0.8583202218337481,0.5310488567400233,0.8529664329502056
tc_cox,scania,0.1,0.001,8,0.4486283211908175,0.8170806237398083,0.44866924142563286,0.8170781355602393
tc_cox,scania,0.1,0.001,1,0.5204767385734972,0.7967365145776988,0.47946739130434785,0.7893955123002732
tc_cox,scania,0.1,0.003,9,0.46554292187631113,0.7267346756536187,0.4629028094480058,0.7262604284843214
tc_cox,scania,0.1,0.003,7,0.47617425495883053,0.6903347830974668,0.49838732295610716,0.6837020932849943
tc_cox,scania,0.1,0.003,5,0.5292238711213396,0.6940156589451763,0.5365596677509769,0.6941887880661126
tc_cox,scania,0.1,0.003,4,0.5073349377419692,0.8256084830340235,0.5008337061287568,0.8277915837177614
tc_cox,scania,0.1,0.003,0,0.5380970432145565,0.7482017725685823,0.5291858848454086,0.7408925455364298
tc_cox,scania,0.1,0.003,3,0.5779172985993398,0.6218760205544671,0.5371741429726871,0.6295756137422476
tc_cox,scania,0.1,0.003,6,0.5250434396088415,0.755839101412041,0.5990354301939579,0.7505892017302825
tc_cox,scania,0.1,0.003,2,0.5811764933457134,0.6791019283125712,0.5449641390302213,0.6737646070813806
tc_cox,scania,0.1,0.003,8,0.462531665455688,0.6790958542264752,0.4384156836404853,0.6785740242974392
tc_cox,scania,0.1,0.003,1,0.5457895518508893,0.720612573629775,0.5184130434782609,0.7130263825857731
tc_cox,scania,0.1,0.5,9,0.4998007048753881,0.15118771731775243,0.5497784279137805,0.14640097939098812
tc_cox,scania,0.1,0.5,7,0.5060148326942168,0.18510486877440405,0.5140332952701484,0.18061175390096706
tc_cox,scania,0.1,0.5,5,0.5296305848742163,0.22578160594056956,0.5372143456290023,0.22415793991194585
tc_cox,scania,0.1,0.5,4,0.5412786439259182,0.1646914917943202,0.4991662938712432,0.16818078586023663
tc_cox,scania,0.1,0.5,0,0.5772016280276127,0.15831478497350593,0.523072848851323,0.15835245992529337
tc_cox,scania,0.1,0.5,3,0.5253479346953341,0.2220686483927035,0.5199817499325992,0.2271755749745784
tc_cox,scania,0.1,0.5,6,0.5281145189315877,0.23782798338620512,0.5097709668664008,0.23283807731682257
tc_cox,scania,0.1,0.5,2,0.5296057722067471,0.18121439778087076,0.5211385602484726,0.1851471335126246
tc_cox,scania,0.1,0.5,8,0.46573257663531215,0.15131175566002322,0.49381847949288443,0.14930808462912523
tc_cox,scania,0.1,0.5,1,0.5089110013737794,0.2125016290146587,0.44116304347826085,0.20663206767411663
inc_tc_cox,big_rw,0.95,1.0,9,0.7193185745414897,0.19541090689007978,0.7406519951979539,0.18869079452911167
inc_tc_cox,big_rw,0.95,1.0,17,0.7436675169966619,0.17087283443714235,0.745405525180355,0.16923529774640192
inc_tc_cox,big_rw,0.95,1.0,7,0.7454902926017107,0.1699313491151357,0.738532028098691,0.17308359585531066
inc_tc_cox,big_rw,0.95,1.0,5,0.7313570836659692,0.17510023362402563,0.7348283259128254,0.1725310633562056
inc_tc_cox,big_rw,0.95,1.0,15,0.7380473789375919,0.1754557006016112,0.7443349206607183,0.1693972964744882
inc_tc_cox,big_rw,0.95,1.0,18,0.7351440746907114,0.1721145789152293,0.7375724426682716,0.1714677808937543
inc_tc_cox,big_rw,0.95,1.0,27,0.7425752768437509,0.17059450327137696,0.7454783232068942,0.1700921955380838
inc_tc_cox,big_rw,0.95,1.0,24,0.7382681148880837,0.17419241175404657,0.7397232069760121,0.17161738875202068
inc_tc_cox,big_rw,0.95,1.0,28,0.7470787602100794,0.1711089530949353,0.738994634915023,0.17481008813744062
inc_tc_cox,big_rw,0.95,1.0,25,0.7434609920617707,0.17219459230714296,0.7386230425655529,0.1717938583979604
inc_tc_cox,big_rw,0.95,1.0,16,0.7359720612297787,0.17408399958375087,0.7469274968319126,0.17015358829554947
inc_tc_cox,big_rw,0.95,1.0,4,0.7427705783374862,0.17353990849797007,0.7495896643171873,0.1704592641086157
inc_tc_cox,big_rw,0.95,1.0,26,0.7363336861567782,0.17706473099122286,0.7369244328973186,0.17472840447410837
inc_tc_cox,big_rw,0.95,1.0,11,0.7429931084024103,0.17079950153501425,0.7331650662849912,0.1764471724577444
inc_tc_cox,big_rw,0.95,1.0,19,0.7352261379311467,0.1758819170909716,0.7407555986454899,0.1751018384821017
inc_tc_cox,big_rw,0.95,1.0,10,0.7368846478993679,0.174841598315297,0.7461074938984977,0.17037411805279387
inc_tc_cox,big_rw,0.95,1.0,23,0.7399220700469218,0.17128713118860942,0.7464660562660236,0.17016031848428656
inc_tc_cox,big_rw,0.95,1.0,0,0.7390937151327095,0.17415940826869478,0.7522818170267802,0.16837813707714183
inc_tc_cox,big_rw,0.95,1.0,3,0.741453463474259,0.17160000269288533,0.74319177552806,0.1714591977928482
inc_tc_cox,big_rw,0.95,1.0,6,0.7418256484898893,0.17166661035493203,0.7466868736573533,0.1694362370091487
inc_tc_cox,big_rw,0.95,1.0,12,0.7381884854874473,0.17109203370749557,0.7355829508950926,0.17565332111647605
inc_tc_cox,big_rw,0.95,1.0,29,0.7423565699112699,0.17292471158666003,0.7392168904576785,0.17412669120111374
inc_tc_cox,big_rw,0.95,1.0,20,0.7415586848157019,0.1700651182345487,0.739885033976353,0.1727840011011372
inc_tc_cox,big_rw,0.95,1.0,2,0.746118007365011,0.17384346801775127,0.7423465106736348,0.17446262073207414
inc_tc_cox,big_rw,0.95,1.0,8,0.7246792657399598,0.1805243142537613,0.7275641424607476,0.17935734785161817
inc_tc_cox,big_rw,0.95,1.0,1,0.7311886400824192,0.1754072857313995,0.7408134063529214,0.17544347291750687
inc_tc_cox,big_rw,0.95,1.0,21,0.7413320505176433,0.1813628999458188,0.7359776008101788,0.18308390331512112
inc_tc_cox,big_rw,0.95,1.0,14,0.741035560386345,0.17228624911689128,0.7325302452644085,0.17306635642917653
inc_tc_cox,big_rw,0.95,1.0,13,0.7387906376494894,0.17873191783580802,0.7271966205670919,0.18413831106053274
inc_tc_cox,big_rw,0.95,1.0,22,0.7315136403732915,0.18107665668812875,0.7314712224483225,0.17989703741627525
inc_tc_cox,big_rw,0.5,1.0,9,0.7387893413492975,0.17817877328430232,0.7608886068846726,0.170802540351565
inc_tc_cox,big_rw,0.5,1.0,17,0.7349989754842599,0.18214161767402856,0.7401162311924776,0.1769618673781374
inc_tc_cox,big_rw,0.5,1.0,7,0.7521440525751673,0.17055659456643613,0.7348133226664182,0.17664879161735814
inc_tc_cox,big_rw,0.5,1.0,5,0.7328423601615296,0.18615414877602027,0.7449152317371249,0.18170781859978677
inc_tc_cox,big_rw,0.5,1.0,15,0.739094218848981,0.17790138947519815,0.7454073147079697,0.1741378046334049
inc_tc_cox,big_rw,0.5,1.0,18,0.7331682674965635,0.1821051464813366,0.7392994845394303,0.1811375023813356
inc_tc_cox,big_rw,0.5,1.0,27,0.7306729599453764,0.18312439377829956,0.7423742846785611,0.17740384397366765
inc_tc_cox,big_rw,0.5,1.0,24,0.7393890682221262,0.17603993355112096,0.7397150797095207,0.17536879576949924
inc_tc_cox,big_rw,0.5,1.0,28,0.7507263035981634,0.16713730032575141,0.7432800873683537,0.170584562709853
inc_tc_cox,big_rw,0.5,1.0,25,0.742445668676528,0.17216133445191545,0.736481580447774,0.17292904154051345
inc_tc_cox,big_rw,0.5,1.0,16,0.7250583096859681,0.19177680355278273,0.7305333217801943,0.19362264938144866
inc_tc_cox,big_rw,0.5,1.0,4,0.7414811236506352,0.17497679211876221,0.7518402686938842,0.1722715615549993
inc_tc_cox,big_rw,0.5,1.0,26,0.726840750295749,0.1822172970131127,0.7376273184388411,0.17435312588476107
inc_tc_cox,big_rw,0.5,1.0,11,0.7365271491616905,0.17219611137638066,0.7316711174964815,0.1749010518034318
inc_tc_cox,big_rw,0.5,1.0,19,0.7372841316964128,0.17830122893064326,0.7477895297973772,0.17674955843255422
inc_tc_cox,big_rw,0.5,1.0,10,0.7355589327600746,0.1760554979652601,0.7458635423501516,0.16990741010381452
inc_tc_cox,big_rw,0.5,1.0,23,0.7323384355540224,0.17915397602792077,0.741321403483228,0.17852846407011536
inc_tc_cox,big_rw,0.5,1.0,0,0.7319395918677601,0.18054181160357421,0.7430098483277172,0.1750654961913216
inc_tc_cox,big_rw,0.5,1.0,3,0.7421617737174021,0.17183521494751564,0.7419062268644662,0.17299033312182532
inc_tc_cox,big_rw,0.5,1.0,6,0.7365661442359343,0.17597877002761347,0.7439167672861358,0.1738755606363031
inc_tc_cox,big_rw,0.5,1.0,12,0.7318522092715676,0.18968622514479289,0.7269588984910621,0.19024793289361097
inc_tc_cox,big_rw,0.5,1.0,29,0.7425409943819797,0.17379084989413313,0.7349100969387644,0.17593798828612
inc_tc_cox,big_rw,0.5,1.0,20,0.7367493059856304,0.17354190017214408,0.7357467667839063,0.17542634488632952
inc_tc_cox,big_rw,0.5,1.0,2,0.733769889003726,0.17975904774969007,0.7343868926010495,0.1789749298696029
inc_tc_cox,big_rw,0.5,1.0,8,0.7349044032554669,0.18363475417305156,0.7363281725669919,0.18594733935008237
inc_tc_cox,big_rw,0.5,1.0,1,0.7257284731661284,0.17776961676319925,0.7374162035063521,0.17589645369730697
inc_tc_cox,big_rw,0.5,1.0,21,0.7491812564366632,0.17077400418856045,0.7403947128023329,0.17307712675771
inc_tc_cox,big_rw,0.5,1.0,14,0.7273662110397767,0.17841262730489688,0.7188485028248435,0.17809877190226217
inc_tc_cox,big_rw,0.5,1.0,13,0.7401069301239837,0.18857871197660414,0.7334280723248862,0.19214854366783538
inc_tc_cox,big_rw,0.5,1.0,22,0.7445786799386744,0.1724390267844053,0.7433749131344977,0.1719541032875244
inc_tc_cox,big_rw,0.1,1.0,9,0.7205744041164385,0.18248208062454066,0.7448945637706501,0.17455114615705564
inc_tc_cox,big_rw,0.1,1.0,17,0.7353678553578921,0.17243239501737379,0.7353180511040175,0.17089982380438692
inc_tc_cox,big_rw,0.1,1.0,7,0.7344578890671345,0.1738097498722741,0.7241062351079809,0.17621430767199697
inc_tc_cox,big_rw,0.1,1.0,5,0.7279594560977632,0.17734402766117244,0.7356183296027603,0.17468470050893523
inc_tc_cox,big_rw,0.1,1.0,15,0.7431911979680937,0.17207275928705745,0.7458041465541994,0.16954430578198815
inc_tc_cox,big_rw,0.1,1.0,18,0.733801143238439,0.1742502055622961,0.7408268152070611,0.17159461249717528
inc_tc_cox,big_rw,0.1,1.0,27,0.7210864576192657,0.17929405186670758,0.7263493505008672,0.17664077449379148
inc_tc_cox,big_rw,0.1,1.0,24,0.7287230520756224,0.177699233381691,0.7306946266306683,0.1766848203974336
inc_tc_cox,big_rw,0.1,1.0,28,0.7328234902989307,0.18740550745215143,0.7311376105796396,0.18629842035376884
inc_tc_cox,big_rw,0.1,1.0,25,0.7370792304689194,0.1771555282516422,0.7333538545505934,0.17743320953793143
inc_tc_cox,big_rw,0.1,1.0,16,0.7352859533023722,0.18025779984835658,0.7448333098660197,0.1796255767509818
inc_tc_cox,big_rw,0.1,1.0,4,0.7482720169919909,0.17084555459552533,0.7535673694117545,0.16896962108234148
inc_tc_cox,big_rw,0.1,1.0,26,0.7174915606617199,0.18418483142960068,0.7242413440796723,0.18040691509052223
inc_tc_cox,big_rw,0.1,1.0,11,0.6926850428134125,0.18687816930569293,0.6767202791815103,0.18863316332254898
inc_tc_cox,big_rw,0.1,1.0,19,0.7402520581293737,0.17836902399100774,0.7519053905724966,0.1769017309391709
inc_tc_cox,big_rw,0.1,1.0,10,0.7076150008497133,0.20063846344401584,0.718091056068695,0.19349117179043454
inc_tc_cox,big_rw,0.1,1.0,23,0.7431801799309761,0.17458435177717313,0.743963134742148,0.1758685458674225
inc_tc_cox,big_rw,0.1,1.0,0,0.7355281910951486,0.17563592499023015,0.741590805186851,0.17187692868894217
inc_tc_cox,big_rw,0.1,1.0,3,0.6960798148949231,0.19773357276149164,0.7027527621520578,0.19654382073622706
inc_tc_cox,big_rw,0.1,1.0,6,0.7323249142277902,0.18578093375409777,0.7412577578152605,0.18285329837913955
inc_tc_cox,big_rw,0.1,1.0,12,0.7007937181962317,0.19474517697284932,0.6973131758224886,0.19570214855309043
inc_tc_cox,big_rw,0.1,1.0,29,0.7440457242313655,0.18926839989379857,0.745527341674996,0.1875720588775742
inc_tc_cox,big_rw,0.1,1.0,20,0.6953471804177512,0.20223400346074247,0.7032023383581719,0.20192757626421978
inc_tc_cox,big_rw,0.1,1.0,2,0.7261825923449049,0.1859488663854357,0.7190474334447414,0.18552556280024768
inc_tc_cox,big_rw,0.1,1.0,8,0.7306183883133865,0.1772435667496621,0.7316337459673339,0.1789880033555837
inc_tc_cox,big_rw,0.1,1.0,1,0.717300141982737,0.18643027886650723,0.7306932064088536,0.18643345513483972
inc_tc_cox,big_rw,0.1,1.0,21,0.7459098054095072,0.18994290177572395,0.73133821009243,0.19316587773905516
inc_tc_cox,big_rw,0.1,1.0,14,0.7335049372995248,0.17897490282493084,0.7163761208953824,0.18202766548404709
inc_tc_cox,big_rw,0.1,1.0,13,0.7394101491436643,0.18872614662333848,0.7264395384125844,0.19379848795891738
inc_tc_cox,big_rw,0.1,1.0,22,0.7467980955667024,0.17407818302195763,0.7457613429271154,0.1730303809920763
inc_tc_cox,nasa,0.95,1.0,9,0.5,0.29053441133871066,0.5,0.3806215603716084
inc_tc_cox,nasa,0.95,1.0,17,0.5548245614035088,0.3079976909596251,0.5,0.22406032501834242
inc_tc_cox,nasa,0.95,1.0,7,0.5,0.26428302277860405,0.5,0.33605416497204954
inc_tc_cox,nasa,0.95,1.0,5,0.6216730038022814,0.19474373456928887,0.5383211678832117,0.2907327073117895
inc_tc_cox,nasa,0.95,1.0,15,0.5,0.27291286379974256,0.48148148148148145,0.25479279192331833
inc_tc_cox,nasa,0.95,1.0,18,0.5,0.26882542996684927,0.5,0.3048825787269609
inc_tc_cox,nasa,0.95,1.0,27,0.5,0.35676036707893577,0.5,0.3517380355077645
inc_tc_cox,nasa,0.95,1.0,24,0.4398496240601504,0.14699060541450223,0.6199186991869918,0.11111457322607066
inc_tc_cox,nasa,0.95,1.0,28,0.5,0.29848829095128526,0.5,0.3466192301896998
inc_tc_cox,nasa,0.95,1.0,25,0.36706349206349204,0.39652558114193076,0.5483193277310925,0.38180222850564954
inc_tc_cox,nasa,0.95,1.0,16,0.5,0.2625429870955916,0.5,0.35712857318792035
inc_tc_cox,nasa,0.95,1.0,4,0.5,0.2334988223046595,0.5,0.3227388284884734
inc_tc_cox,nasa,0.95,1.0,26,0.4595744680851064,0.11770480915969729,0.5392156862745098,0.13568917081586274
inc_tc_cox,nasa,0.95,1.0,11,0.5,0.3967128269544938,0.5,0.23839399202496073
inc_tc_cox,nasa,0.95,1.0,19,0.5,0.33754160077179873,0.5,0.34669490047750856
inc_tc_cox,nasa,0.95,1.0,10,0.5,0.24622404394713485,0.5,0.36418701284515564
inc_tc_cox,nasa,0.95,1.0,23,0.5,0.2542262672746641,0.5,0.37549366387844557
inc_tc_cox,nasa,0.95,1.0,0,0.541095890410959,0.3838143492848151,0.5531135531135531,0.3236020227008086
inc_tc_cox,nasa,0.95,1.0,3,0.5,0.22830079279397328,0.5,0.2686892950669017
inc_tc_cox,nasa,0.95,1.0,6,0.4409282700421941,0.370292728726737,0.4645390070921986,0.20497455382090363
inc_tc_cox,nasa,0.95,1.0,12,0.5,0.37570994140564856,0.5,0.4102159657079052
inc_tc_cox,nasa,0.95,1.0,29,0.5,0.33797769307599507,0.5,0.3154416255366014
inc_tc_cox,nasa,0.95,1.0,20,0.5,0.29301688835173917,0.5,0.2844700592566207
inc_tc_cox,nasa,0.95,1.0,2,0.5,0.3512751345525592,0.5,0.2672144253423708
inc_tc_cox,nasa,0.95,1.0,8,0.5,0.2696805239774727,0.5,0.28354576640610385
inc_tc_cox,nasa,0.95,1.0,1,0.5211267605633803,0.2951960640407447,0.5723140495867769,0.26106838333323534
inc_tc_cox,nasa,0.95,1.0,21,0.5,0.2721063071259985,0.5,0.37387552776984906
inc_tc_cox,nasa,0.95,1.0,14,0.5,0.22214390632026387,0.5,0.36936158807028063
inc_tc_cox,nasa,0.95,1.0,13,0.5568627450980392,0.2843728761107692,0.4880952380952381,0.31777195256519425
inc_tc_cox,nasa,0.95,1.0,22,0.5,0.3540197644153053,0.5,0.2844323422472242
inc_tc_cox,nasa,0.5,1.0,9,0.5126582278481012,0.3324827543597141,0.5055970149253731,0.29077283932632697
inc_tc_cox,nasa,0.5,1.0,7,0.49523809523809526,0.1987691812586136,0.5074074074074074,0.23685584206833665
inc_tc_cox,nasa,0.5,1.0,5,0.46387832699619774,0.6201707250316609,0.5291970802919708,0.5394727779785753
inc_tc_cox,nasa,0.5,1.0,4,0.3418803418803419,0.6331286035226767,0.5252100840336135,0.560454998127462
inc_tc_cox,nasa,0.5,1.0,0,0.4680365296803653,0.5355229367906822,0.4249084249084249,0.5968552055245966
inc_tc_cox,nasa,0.5,1.0,3,0.458984375,0.6569294450024229,0.5295275590551181,0.6277290861543612
inc_tc_cox,nasa,0.5,1.0,6,0.43037974683544306,0.3277949555019134,0.374113475177305,0.4298903614512352
inc_tc_cox,nasa,0.5,1.0,2,0.648854961832061,0.3430157616199043,0.5173076923076924,0.4053224774606954
inc_tc_cox,nasa,0.5,1.0,8,0.35537190082644626,0.24548607269577954,0.48653846153846153,0.24171587487005625
inc_tc_cox,nasa,0.5,1.0,1,0.6742957746478874,0.3266971898018883,0.3925619834710744,0.3831947149346815
inc_tc_cox,nasa,0.1,1.0,9,0.5443037974683544,0.6130097069053023,0.542910447761194,0.5407329689940542
inc_tc_cox,nasa,0.1,1.0,17,0.5021929824561403,0.6291217614772583,0.4433198380566802,0.7231237658999271
inc_tc_cox,nasa,0.1,1.0,7,0.5523809523809524,0.6580075141813909,0.5722222222222222,0.6011945155725782
inc_tc_cox,nasa,0.1,1.0,5,0.5209125475285171,0.6993188642057447,0.49452554744525545,0.6164383107993597
inc_tc_cox,nasa,0.1,1.0,15,0.42355371900826444,0.6410376353771434,0.6069958847736625,0.6566723495729184
inc_tc_cox,nasa,0.1,1.0,18,0.49770642201834864,0.679418166165798,0.5042735042735043,0.6459277930498187
inc_tc_cox,nasa,0.1,1.0,27,0.3333333333333333,0.5625638196242196,0.46875,0.5781920452594335
inc_tc_cox,nasa,0.1,1.0,24,0.6259398496240601,0.6006814843997442,0.5203252032520326,0.6541532974597977
inc_tc_cox,nasa,0.1,1.0,28,0.6384297520661157,0.6424833541876399,0.45021645021645024,0.5854956200284979
inc_tc_cox,nasa,0.1,1.0,25,0.5932539682539683,0.6776636232609211,0.49789915966386555,0.6295161439538935
inc_tc_cox,nasa,0.1,1.0,16,0.5122448979591837,0.6527956882427249,0.46208530805687204,0.5602712751441054
inc_tc_cox,nasa,0.1,1.0,4,0.5470085470085471,0.6610840343509669,0.3949579831932773,0.5874516307089518
inc_tc_cox,nasa,0.1,1.0,26,0.4787234042553192,0.6243819202493757,0.4666666666666667,0.6135659660290935
inc_tc_cox,nasa,0.1,1.0,11,0.6353383458646616,0.3718077994395182,0.546875,0.4510561171453566
inc_tc_cox,nasa,0.1,1.0,19,0.4834710743801653,0.6283604325739187,0.552734375,0.6043457807327605
inc_tc_cox,nasa,0.1,1.0,10,0.5199115044247787,0.6814989866412053,0.5957446808510638,0.5756868010921892
inc_tc_cox,nasa,0.1,1.0,23,0.4163265306122449,0.7041866220807967,0.4097560975609756,0.5857993083410703
inc_tc_cox,nasa,0.1,1.0,0,0.5525114155251142,0.568585234433433,0.5421245421245421,0.6324545522452961
inc_tc_cox,nasa,0.1,1.0,3,0.474609375,0.7358421346172986,0.5531496062992126,0.7010054566163617
inc_tc_cox,nasa,0.1,1.0,6,0.4978902953586498,0.586022910158182,0.5053191489361702,0.7510727598547069
inc_tc_cox,nasa,0.1,1.0,12,0.3790983606557377,0.5891400376596488,0.518595041322314,0.5499529777863295
inc_tc_cox,nasa,0.1,1.0,29,0.49137931034482757,0.6281993583278273,0.4787234042553192,0.6453866039970845
inc_tc_cox,nasa,0.1,1.0,20,0.45864661654135336,0.5647317521940829,0.5396551724137931,0.5456541125355511
inc_tc_cox,nasa,0.1,1.0,2,0.4064885496183206,0.5717805087467004,0.47115384615384615,0.6480520364819671
inc_tc_cox,nasa,0.1,1.0,8,0.5,0.4645068402931972,0.5019230769230769,0.4522850778147905
inc_tc_cox,nasa,0.1,1.0,1,0.6267605633802817,0.5861154025031025,0.5640495867768595,0.6549971193843835
inc_tc_cox,nasa,0.1,1.0,21,0.5101626016260162,0.6532345277497594,0.4342105263157895,0.5519221105405575
inc_tc_cox,nasa,0.1,1.0,14,0.5330739299610895,0.7151673213505001,0.5138339920948617,0.5745786864560316
inc_tc_cox,nasa,0.1,1.0,13,0.39019607843137255,0.5667627710776115,0.5289115646258503,0.5604246755240285
inc_tc_cox,nasa,0.1,1.0,22,0.36531365313653136,0.5509103238854544,0.4610091743119266,0.6116254364967628
inc_tc_cox,churn_lastfm_months,0.95,1.0,9,0.5279780870926267,0.1876218882620434,0.5359218464603974,0.18008858476414158
inc_tc_cox,churn_lastfm_months,0.95,1.0,17,0.5826357528362155,0.17297031247679198,0.5365615950100245,0.1809473749954962
inc_tc_cox,churn_lastfm_months,0.95,1.0,7,0.5641376613218616,0.19295155865971697,0.5121510399288177,0.20207370821135143
inc_tc_cox,churn_lastfm_months,0.95,1.0,5,0.5146488701816571,0.1882449785141306,0.5647656940760389,0.1852174791136272
inc_tc_cox,churn_lastfm_months,0.95,1.0,15,0.5304796055580457,0.18049809512205886,0.5243307000219443,0.18748469467201448
inc_tc_cox,churn_lastfm_months,0.95,1.0,18,0.5829181494661921,0.17191778276699296,0.530898250306475,0.18360293687262091
inc_tc_cox,churn_lastfm_months,0.95,1.0,27,0.5379228910369068,0.18534242945250876,0.5870853755841787,0.1759869722022294
inc_tc_cox,churn_lastfm_months,0.95,1.0,24,0.508218185870292,0.19246092039926513,0.5705110382027471,0.18489175210543451
inc_tc_cox,churn_lastfm_months,0.95,1.0,28,0.5502825181211118,0.1787834147899572,0.5604663923182441,0.1873876242216728
inc_tc_cox,churn_lastfm_months,0.95,1.0,25,0.552062596770626,0.18521214369440686,0.4858458961474037,0.19336490430243783
inc_tc_cox,churn_lastfm_months,0.95,1.0,16,0.5228285683226438,0.18542545306271496,0.5449839441922267,0.18098483691095166
inc_tc_cox,churn_lastfm_months,0.95,1.0,4,0.5751612185901712,0.18682379248182757,0.5512418007512474,0.17941900726086477
inc_tc_cox,churn_lastfm_months,0.95,1.0,26,0.5488837783262284,0.18515192725849453,0.5442605653357028,0.19102445688393388
inc_tc_cox,churn_lastfm_months,0.95,1.0,11,0.542535115541459,0.1784803621044833,0.552088061733999,0.17008240918587764
inc_tc_cox,churn_lastfm_months,0.95,1.0,19,0.5414332784184513,0.18956970115999155,0.5464761376248612,0.17483558542638888
inc_tc_cox,churn_lastfm_months,0.95,1.0,10,0.5434428988108593,0.17914477101185508,0.5387667887667887,0.18300420535470777
inc_tc_cox,churn_lastfm_months,0.95,1.0,23,0.5648190695002872,0.18003906581447549,0.5155437548401371,0.1951935491082035
inc_tc_cox,churn_lastfm_months,0.95,1.0,0,0.5474096891626995,0.18001316062902797,0.5128526820564291,0.1944572669461999
inc_tc_cox,churn_lastfm_months,0.95,1.0,3,0.5676116268788682,0.21885212143601673,0.5264353801817778,0.22149135964227823
inc_tc_cox,churn_lastfm_months,0.95,1.0,6,0.5241609996129817,0.19276496595780304,0.5284112556468731,0.18964087778614494
inc_tc_cox,churn_lastfm_months,0.95,1.0,12,0.5446302866475193,0.18718415948262596,0.5487047501818385,0.1817574939895199
inc_tc_cox,churn_lastfm_months,0.95,1.0,29,0.5493779588241771,0.19493716512858836,0.5497202014549525,0.19005926232865056
inc_tc_cox,churn_lastfm_months,0.95,1.0,20,0.5544490574506283,0.1848279197923582,0.5736005922213997,0.18293768553647727
inc_tc_cox,churn_lastfm_months,0.95,1.0,2,0.5318872616744957,0.19272564816994675,0.5733425797503467,0.17853905011284113
inc_tc_cox,churn_lastfm_months,0.95,1.0,8,0.46510545056149,0.20067581961646153,0.48730095314194394,0.20617547437677933
inc_tc_cox,churn_lastfm_months,0.95,1.0,1,0.5238569138054957,0.19644493931028295,0.5307636118446929,0.19068564662599002
inc_tc_cox,churn_lastfm_months,0.95,1.0,21,0.5638375554681795,0.18182825197908434,0.5415763813651138,0.17854255213896453
inc_tc_cox,churn_lastfm_months,0.95,1.0,14,0.5581694953229149,0.18384069398490702,0.5674045927639187,0.17520260115765302
inc_tc_cox,churn_lastfm_months,0.95,1.0,13,0.5120047011417058,0.18284485669889985,0.5514271517694473,0.1826694229479383
inc_tc_cox,churn_lastfm_months,0.95,1.0,22,0.5588916506609423,0.18251578246282368,0.5540698972755694,0.18938274813970082
inc_tc_cox,churn_lastfm_months,0.5,1.0,9,0.5174688355972944,0.19670290046457092,0.5377760557923286,0.18684468097544338
inc_tc_cox,churn_lastfm_months,0.5,1.0,7,0.5432705737750713,0.22086411279439758,0.5650372594817039,0.19468073926309243
inc_tc_cox,churn_lastfm_months,0.5,1.0,5,0.505012184315463,0.20147850750062377,0.5323828470380194,0.18949523485775654
inc_tc_cox,churn_lastfm_months,0.5,1.0,4,0.5015565932844118,0.2703330157213587,0.5181644895442059,0.26950141838182584
inc_tc_cox,churn_lastfm_months,0.5,1.0,0,0.5622794735368244,0.1802107733467469,0.516226162596186,0.21180585298905424
inc_tc_cox,churn_lastfm_months,0.5,1.0,3,0.5087864721485411,0.2117608440175255,0.5451950786965196,0.2106346747355172
inc_tc_cox,churn_lastfm_months,0.5,1.0,6,0.4814507657433516,0.19703238378695578,0.4897948075981059,0.19384570343821858
inc_tc_cox,churn_lastfm_months,0.5,1.0,2,0.49894998618402875,0.18414791652631768,0.5426352288488211,0.1931433170568069
inc_tc_cox,churn_lastfm_months,0.5,1.0,8,0.5166529717885511,0.20647058148988626,0.47819759146167456,0.2225152791016763
inc_tc_cox,churn_lastfm_months,0.5,1.0,1,0.4561839995576934,0.20802734330000172,0.47288868910490534,0.2247043655320723
inc_tc_cox,churn_lastfm_months,0.1,1.0,9,0.4764100844094136,0.22770864301063867,0.5439475286433829,0.22023233764291347
inc_tc_cox,churn_lastfm_months,0.1,1.0,7,0.5083244874015308,0.2939989307973471,0.5326159492826159,0.2635802238847174
inc_tc_cox,churn_lastfm_months,0.1,1.0,5,0.5188579973416039,0.23879823950637735,0.5265251989389921,0.2220203606099004
inc_tc_cox,churn_lastfm_months,0.1,1.0,4,0.528407827440516,0.3012124727447533,0.5010371699276784,0.30804742935161783
inc_tc_cox,churn_lastfm_months,0.1,1.0,0,0.5054886586390367,0.23021132619985424,0.445020631203301,0.2711887809016742
inc_tc_cox,churn_lastfm_months,0.1,1.0,3,0.4786416887709991,0.2536545745577738,0.49933495898913766,0.2563959696223886
inc_tc_cox,churn_lastfm_months,0.1,1.0,6,0.5176093326698734,0.24584092231071714,0.5216894355848256,0.23640762259573847
inc_tc_cox,churn_lastfm_months,0.1,1.0,2,0.5408123791102515,0.1951842893397769,0.5351733703190014,0.2115786229040344
inc_tc_cox,churn_lastfm_months,0.1,1.0,8,0.4743631881676253,0.22340491145927427,0.47520118714685233,0.2280838919677028
inc_tc_cox,churn_lastfm_months,0.1,1.0,1,0.4956875103665616,0.22628864387863198,0.5200876552227903,0.24996442179832543
inc_tc_cox,scania,0.95,1.0,9,0.5,0.09412997936868359,0.5,0.09367346693430358
inc_tc_cox,scania,0.95,1.0,17,0.49801235044384407,0.09850611524092896,0.5075179463973507,0.10117008550410181
inc_tc_cox,scania,0.95,1.0,7,0.5,0.09781078487869055,0.5036360358194603,0.1030164470014777
inc_tc_cox,scania,0.95,1.0,5,0.494415125783668,0.09000232126609221,0.49073221628920394,0.08728173856005057
inc_tc_cox,scania,0.95,1.0,15,0.49477925097027126,0.09788383135739527,0.5012581089050521,0.09530362162628371
inc_tc_cox,scania,0.95,1.0,18,0.5118194770533582,0.09340009632057249,0.5126991177242535,0.09176985876923323
inc_tc_cox,scania,0.95,1.0,27,0.5,0.09215891757846852,0.5,0.08953207334017417
inc_tc_cox,scania,0.95,1.0,24,0.5,0.10052870105942578,0.5,0.10116307713070874
inc_tc_cox,scania,0.95,1.0,28,0.5007392804337112,0.086372139961353,0.507525372489743,0.09087365542451793
inc_tc_cox,scania,0.95,1.0,25,0.5,0.10125360344297096,0.5083654216403543,0.1023546763505459
inc_tc_cox,scania,0.95,1.0,16,0.49921721725689144,0.10147555531702047,0.5,0.09945746616266343
inc_tc_cox,scania,0.95,1.0,4,0.5,0.10283029968673486,0.5,0.10124698630194653
inc_tc_cox,scania,0.95,1.0,26,0.4991762941685851,0.09946254650586689,0.5,0.09498188938104964
inc_tc_cox,scania,0.95,1.0,11,0.5,0.09311717428906838,0.5,0.09314501946123037
inc_tc_cox,scania,0.95,1.0,19,0.4994669406268778,0.09187841799837224,0.49886284473220505,0.08969246703539357
inc_tc_cox,scania,0.95,1.0,10,0.5,0.10225850241366147,0.4999891150538805,0.09927842551470027
inc_tc_cox,scania,0.95,1.0,23,0.49873857479631084,0.09597952533351436,0.4985384834393091,0.09032656251268592
inc_tc_cox,scania,0.95,1.0,0,0.4999900243406089,0.09887489643714059,0.5,0.10594641052635738
inc_tc_cox,scania,0.95,1.0,3,0.5130698545811402,0.09218382933161598,0.4984031191024285,0.0882181268544266
inc_tc_cox,scania,0.95,1.0,6,0.5,0.10006023885430547,0.5,0.1043867058497344
inc_tc_cox,scania,0.95,1.0,12,0.5062130610028611,0.10373621820904855,0.4640353100185842,0.09911011640610928
inc_tc_cox,scania,0.95,1.0,29,0.5,0.10515009561873176,0.5,0.1047605841972033
inc_tc_cox,scania,0.95,1.0,20,0.5,0.09635551705550822,0.5,0.09970414169726748
inc_tc_cox,scania,0.95,1.0,2,0.5,0.09035624782532943,0.5,0.09586961623222008
inc_tc_cox,scania,0.95,1.0,8,0.5,0.09914629188089208,0.5,0.09932123989243512
inc_tc_cox,scania,0.95,1.0,1,0.4991367467419151,0.08486967802862343,0.5107282608695652,0.08477976692996639
inc_tc_cox,scania,0.95,1.0,21,0.509230006814099,0.10120093718280285,0.5,0.10097193236900782
inc_tc_cox,scania,0.95,1.0,14,0.504547586516304,0.08857567441949447,0.5051736807610574,0.08623985704441377
inc_tc_cox,scania,0.95,1.0,13,0.5,0.09185951317687154,0.5,0.0925434532283908
inc_tc_cox,scania,0.95,1.0,22,0.5008039095390213,0.08756529314418639,0.5082588861433187,0.08643916122070185
inc_tc_cox,scania,0.5,1.0,9,0.5,0.10506344296484207,0.5,0.10567443458227137
inc_tc_cox,scania,0.5,1.0,17,0.5,0.09060954375661888,0.5,0.09246714654523962
inc_tc_cox,scania,0.5,1.0,7,0.4850018492204076,0.09257229103942044,0.49675461265701065,0.09739896039918287
inc_tc_cox,scania,0.5,1.0,5,0.4995337671613364,0.08799073931913723,0.4992021113361566,0.0858348299178206
inc_tc_cox,scania,0.5,1.0,15,0.5,0.10269230186704964,0.49999017102417925,0.09894438150969434
inc_tc_cox,scania,0.5,1.0,18,0.5036220978066743,0.09268127740698293,0.5029274595707739,0.0887775942323426
inc_tc_cox,scania,0.5,1.0,27,0.4928038604180715,0.09560263766011073,0.48873765935013896,0.09948701150541717
inc_tc_cox,scania,0.5,1.0,24,0.5,0.08814972691489587,0.5,0.08872135317586795
inc_tc_cox,scania,0.5,1.0,28,0.508103650907988,0.10484501567136664,0.50638091125027,0.10661697938249974
inc_tc_cox,scania,0.5,1.0,25,0.5,0.10142797711029061,0.5,0.10325719330849782
inc_tc_cox,scania,0.5,1.0,16,0.5,0.1022000593013427,0.5,0.10034410873012521
inc_tc_cox,scania,0.5,1.0,4,0.5,0.09229356261481078,0.5,0.09046487593362673
inc_tc_cox,scania,0.5,1.0,26,0.5033370646503474,0.09112437451936695,0.49423496416329077,0.08939401031406742
inc_tc_cox,scania,0.5,1.0,11,0.5073816760746852,0.09145266076731258,0.4994035989717224,0.09171229234974994
inc_tc_cox,scania,0.5,1.0,19,0.5,0.10779453664529698,0.5,0.10352278320894438
inc_tc_cox,scania,0.5,1.0,10,0.5,0.10321061655194157,0.5,0.09985003628274727
inc_tc_cox,scania,0.5,1.0,23,0.5,0.10455811042182848,0.5,0.09701266055375067
inc_tc_cox,scania,0.5,1.0,0,0.5,0.09676531465542994,0.5,0.10377224218904857
inc_tc_cox,scania,0.5,1.0,3,0.5657284325095905,0.12155365990779324,0.5413115162073042,0.12021243960498072
inc_tc_cox,scania,0.5,1.0,6,0.5007576675960722,0.09173926938117632,0.5103868718291333,0.09307154914511424
inc_tc_cox,scania,0.5,1.0,12,0.49956143098803335,0.08925657482583549,0.49916582192937997,0.08433678120171195
inc_tc_cox,scania,0.5,1.0,29,0.5,0.0995567321117128,0.5,0.09908524331111515
inc_tc_cox,scania,0.5,1.0,20,0.5,0.08711576960098921,0.49933804972901413,0.08737344491059318
inc_tc_cox,scania,0.5,1.0,2,0.5,0.08254869746495426,0.5,0.08833950035987359
inc_tc_cox,scania,0.5,1.0,8,0.5,0.09909310253048777,0.5,0.09933053072966623
inc_tc_cox,scania,0.5,1.0,1,0.5761333679872276,0.3360550605012312,0.5570326086956522,0.3118204654721462
inc_tc_cox,scania,0.5,1.0,21,0.5,0.09454705494526863,0.5,0.09351254876369011
inc_tc_cox,scania,0.5,1.0,14,0.5,0.1055030286107744,0.5,0.10233359725824352
inc_tc_cox,scania,0.5,1.0,13,0.49840891010342087,0.08834087338452526,0.5,0.08999921843407607
inc_tc_cox,scania,0.5,1.0,22,0.5098161585817343,0.08697954528841051,0.49826078692263825,0.08586427809829764
inc_tc_cox,scania,0.1,1.0,9,0.5142968028866325,0.3211284867492777,0.5579529320655682,0.3237460646750372
inc_tc_cox,scania,0.1,1.0,7,0.494364744126292,0.16225242963724107,0.5165374521706032,0.15904318373334245
inc_tc_cox,scania,0.1,1.0,5,0.4794659154035394,0.23000410755393838,0.4932690930665521,0.22275439881502695
inc_tc_cox,scania,0.1,1.0,4,0.5008370827665586,0.10329857399321692,0.5011488877140184,0.10709748821887247
inc_tc_cox,scania,0.1,1.0,0,0.4920693507840868,0.23595983680964303,0.4741795952596385,0.23916694814314204
inc_tc_cox,scania,0.1,1.0,3,0.5153782674636452,0.15783567578074154,0.507020054335428,0.15184478214276084
inc_tc_cox,scania,0.1,1.0,6,0.5112740938295551,0.4672156014711006,0.5791176900432178,0.46075628466120183
inc_tc_cox,scania,0.1,1.0,2,0.5338227329000309,0.3254124828111926,0.519503872167392,0.3195510015374974
inc_tc_cox,scania,0.1,1.0,8,0.4479115527364845,0.19577705051130556,0.4820746400235087,0.19379377743308981
inc_tc_cox,scania,0.1,1.0,1,0.5325251550142948,0.33915483170773353,0.4792282608695652,0.33148020134158634
cox,big_rw,0.0,1.0,9,0.7309750202409224,0.17697408101936124,0.7496180437751737,0.17036543116647881
cox,big_rw,0.0,1.0,17,0.7444716805418984,0.1737393643664315,0.7411873091617528,0.17360202955713644
cox,big_rw,0.0,1.0,7,0.7409587638199836,0.1796818073588521,0.7318550953387134,0.18302651928288677
cox,big_rw,0.0,1.0,5,0.7314771306441726,0.18014768895081895,0.7347467788927052,0.17809555678530306
cox,big_rw,0.0,1.0,15,0.7260585242407086,0.19128030436357105,0.7268667349271617,0.1845840147599363
cox,big_rw,0.0,1.0,18,0.7311401945693466,0.17686370668626616,0.7338794090713266,0.175445272919246
cox,big_rw,0.0,1.0,27,0.739098980954884,0.17782946823573417,0.7382355666407838,0.18074740488716368
cox,big_rw,0.0,1.0,24,0.7418922864517418,0.17463154834317698,0.7373690087823241,0.17766845400230818
cox,big_rw,0.0,1.0,28,0.7400895140664961,0.17429754343675935,0.7260989639648922,0.18037024989915432
cox,big_rw,0.0,1.0,25,0.7339958465275669,0.17648811819900054,0.7281233807053993,0.17542189575436704
cox,big_rw,0.0,1.0,16,0.7261982084748831,0.18115162679593985,0.7387178181896953,0.17466184774914859
cox,big_rw,0.0,1.0,4,0.7344641289519674,0.17586741259214533,0.7418790443303658,0.1742511095651936
cox,big_rw,0.0,1.0,26,0.6952176631898669,0.20406889115987673,0.6860081626815719,0.20293016296468513
cox,big_rw,0.0,1.0,11,0.7212245145986629,0.1848931849789324,0.708789584081619,0.19091730116340835
cox,big_rw,0.0,1.0,19,0.7350191994436799,0.17847660248879682,0.7486417985149896,0.1761893662188524
cox,big_rw,0.0,1.0,10,0.7233065538333977,0.18463431247533832,0.7348713406589351,0.1783369471904575
cox,big_rw,0.0,1.0,23,0.7331639463320365,0.17610194182808173,0.7414512489888078,0.1754048247303022
cox,big_rw,0.0,1.0,0,0.732591398112178,0.18134376226481044,0.7384079351306975,0.1766161569061073
cox,big_rw,0.0,1.0,3,0.732210693259329,0.17559933880385178,0.7384273481820491,0.17256276620634434
cox,big_rw,0.0,1.0,6,0.730703148013377,0.17929958911738772,0.7309208686585348,0.1784887660428511
cox,big_rw,0.0,1.0,12,0.7238490328841565,0.1814912533721377,0.7252822103962799,0.18242493922715455
cox,big_rw,0.0,1.0,29,0.739801788509948,0.17569627522791084,0.7313141913060823,0.1779217417302119
cox,big_rw,0.0,1.0,20,0.728023780548542,0.18207412123135533,0.7265994748345099,0.1839808275825747
cox,big_rw,0.0,1.0,2,0.7357061356273721,0.17884032724732696,0.7450158667259977,0.1714493194295006
cox,big_rw,0.0,1.0,8,0.7269364298826458,0.18096958592458975,0.7281077845542866,0.18245496844215356
cox,big_rw,0.0,1.0,1,0.7250886309920611,0.17804330480569555,0.7373293185230639,0.17803514937734144
cox,big_rw,0.0,1.0,21,0.7423632717220445,0.17715732404564488,0.7376902312837247,0.17881211858571494
cox,big_rw,0.0,1.0,14,0.7398232806546962,0.1749583920841954,0.7299185054764384,0.17552143897267833
cox,big_rw,0.0,1.0,13,0.726418030631251,0.17752311751311375,0.7162024239616772,0.18278119018647865
cox,big_rw,0.0,1.0,22,0.7303038391387517,0.17989847936095932,0.7260739069582385,0.18078437761568072
cox,nasa,0.0,1.0,9,0.6286919831223629,0.10029407277237155,0.4832089552238806,0.10852776982418842
cox,nasa,0.0,1.0,17,0.5723684210526315,0.10219883646514889,0.4352226720647773,0.10026147768612095
cox,nasa,0.0,1.0,7,0.5738095238095238,0.09061634378852025,0.3574074074074074,0.1299006392409016
cox,nasa,0.0,1.0,5,0.5247148288973384,0.10403079930431336,0.39963503649635035,0.10765216401484794
cox,nasa,0.0,1.0,15,0.5475206611570248,0.09983574354838377,0.5082304526748971,0.09796140540706312
cox,nasa,0.0,1.0,18,0.6857798165137615,0.09080489168727143,0.3611111111111111,0.11085740614809113
cox,nasa,0.0,1.0,27,0.4540229885057471,0.0965020011211164,0.475,0.12366819711783109
cox,nasa,0.0,1.0,24,0.3966165413533835,0.11943184030595293,0.6910569105691057,0.07076044184814789
cox,nasa,0.0,1.0,28,0.493801652892562,0.10385619062040839,0.6731601731601732,0.0883843990188768
cox,nasa,0.0,1.0,25,0.5396825396825397,0.10807628509363451,0.5609243697478992,0.11190005240352903
cox,nasa,0.0,1.0,16,0.536734693877551,0.09743597950697931,0.46919431279620855,0.07939386058355503
cox,nasa,0.0,1.0,4,0.5021367521367521,0.0933908938373914,0.5336134453781513,0.09656661075217311
cox,nasa,0.0,1.0,26,0.6531914893617021,0.07750113200882662,0.4980392156862745,0.09954126950911471
cox,nasa,0.0,1.0,11,0.674812030075188,0.09948099440888009,0.5267857142857143,0.09450869116615747
cox,nasa,0.0,1.0,19,0.4214876033057851,0.10620584916553023,0.5078125,0.10789860009455725
cox,nasa,0.0,1.0,10,0.3694690265486726,0.1261731134577531,0.425531914893617,0.12256702537751092
cox,nasa,0.0,1.0,23,0.5489795918367347,0.10801712146727277,0.5829268292682926,0.07436105399799316
cox,nasa,0.0,1.0,0,0.7374429223744292,0.06901143887577728,0.6282051282051282,0.09178049208859226
cox,nasa,0.0,1.0,3,0.50390625,0.08979360855298138,0.41338582677165353,0.11313342329625936
cox,nasa,0.0,1.0,6,0.5210970464135021,0.1015516278228158,0.37943262411347517,0.1180448026905639
cox,nasa,0.0,1.0,12,0.5081967213114754,0.10003221426831913,0.5723140495867769,0.08050242698235287
cox,nasa,0.0,1.0,29,0.5948275862068966,0.11172505524005212,0.4379432624113475,0.10600091966884273
cox,nasa,0.0,1.0,20,0.518796992481203,0.09303454746958562,0.45689655172413796,0.10289343687599509
cox,nasa,0.0,1.0,2,0.47900763358778625,0.09470608673108596,0.3730769230769231,0.12820487671700725
cox,nasa,0.0,1.0,8,0.5599173553719008,0.10001249669022665,0.49230769230769234,0.09732068370165484
cox,nasa,0.0,1.0,1,0.6161971830985915,0.11851735619018777,0.6652892561983471,0.10963663158819364
cox,nasa,0.0,1.0,21,0.5752032520325203,0.10181651935843908,0.4692982456140351,0.11493229220140398
cox,nasa,0.0,1.0,14,0.35019455252918286,0.11467510168908664,0.4189723320158103,0.13895269900397875
cox,nasa,0.0,1.0,13,0.5901960784313726,0.08173424197659403,0.48639455782312924,0.12094242731100902
cox,nasa,0.0,1.0,22,0.45018450184501846,0.12000538638409314,0.6009174311926605,0.09809701834726238
cox,churn_lastfm_months,0.0,1.0,9,0.5385991391357817,0.18484888193746254,0.5619084518735816,0.1764026890467017
cox,churn_lastfm_months,0.0,1.0,17,0.5727503028967948,0.162504207429652,0.5384272666518155,0.17489354401657528
cox,churn_lastfm_months,0.0,1.0,7,0.5605341080507291,0.1799371564260589,0.5242742742742743,0.18631726417620711
cox,churn_lastfm_months,0.0,1.0,5,0.5373560035445282,0.18930315965790687,0.5780006631299734,0.19794520598855253
cox,churn_lastfm_months,0.0,1.0,15,0.5229717615419095,0.1710754306513432,0.5473447443493527,0.17016357436399904
cox,churn_lastfm_months,0.0,1.0,18,0.5845332603339721,0.17738615910829983,0.544606040343252,0.18913194346910384
cox,churn_lastfm_months,0.0,1.0,27,0.5460511862917399,0.1737579153560938,0.5506098256012767,0.17720879190751238
cox,churn_lastfm_months,0.0,1.0,24,0.5113104524180967,0.17550690779384134,0.5342267697269644,0.1748838060361189
cox,churn_lastfm_months,0.0,1.0,28,0.542777238742081,0.17264568673064026,0.5782441700960219,0.1816533379037461
cox,churn_lastfm_months,0.0,1.0,25,0.5626520681265207,0.17074360584516943,0.49715242881072025,0.17963159047394187
cox,churn_lastfm_months,0.0,1.0,16,0.5487552994890749,0.17319081946943465,0.5426863027350238,0.1751555770120127
cox,churn_lastfm_months,0.0,1.0,4,0.5683233266622193,0.1702502610921641,0.5595111285530078,0.16375752310459024
cox,churn_lastfm_months,0.0,1.0,26,0.5501177922369307,0.17489374910475486,0.5282945521186205,0.19118826944884104
cox,churn_lastfm_months,0.0,1.0,11,0.5367014046216584,0.17508222202255033,0.5499319110304131,0.16272878721199094
cox,churn_lastfm_months,0.0,1.0,19,0.521334431630972,0.19400748686979902,0.5323529411764706,0.17141846296894847
cox,churn_lastfm_months,0.0,1.0,10,0.5411431456136414,0.1875507714735055,0.5174825174825175,0.19020116604145906
cox,churn_lastfm_months,0.0,1.0,23,0.5757036186099943,0.16606802854210384,0.5452760261090829,0.17533708254401809
cox,churn_lastfm_months,0.0,1.0,0,0.5352282273872865,0.1673868913825243,0.5230010036801606,0.18018840230248795
cox,churn_lastfm_months,0.0,1.0,3,0.5692418213969939,0.18026070657384202,0.5807747727776547,0.1718132834752209
cox,churn_lastfm_months,0.0,1.0,6,0.5403604799026925,0.1796142968047928,0.5147226909051326,0.17901331102177348
cox,churn_lastfm_months,0.0,1.0,12,0.5515008165793771,0.16650236769648846,0.5048117271862586,0.17318890352062716
cox,churn_lastfm_months,0.0,1.0,29,0.5682318617196961,0.17891256258262114,0.5801902630106324,0.16987739718147898
cox,churn_lastfm_months,0.0,1.0,20,0.5395814631956912,0.17708751553938426,0.5475200728887877,0.1811679854317228
cox,churn_lastfm_months,0.0,1.0,2,0.552003315833103,0.16540307862700823,0.5636338418862691,0.17181917815766562
cox,churn_lastfm_months,0.0,1.0,8,0.5275540947685565,0.17415879407058116,0.5311055305062496,0.17855860349362518
cox,churn_lastfm_months,0.0,1.0,1,0.5494277657986399,0.1751089286604341,0.5418328931842445,0.17385041524788125
cox,churn_lastfm_months,0.0,1.0,21,0.5296017525136213,0.17286527220902406,0.5552546045503792,0.1678648291114107
cox,churn_lastfm_months,0.0,1.0,14,0.5271663025821991,0.18131110185416804,0.5238999944930888,0.17419022207347623
cox,churn_lastfm_months,0.0,1.0,13,0.48757555406312963,0.1703836143903109,0.5211450339535141,0.172760058202893
cox,churn_lastfm_months,0.0,1.0,22,0.537312168116597,0.17867693929523853,0.6004075480125056,0.17054239852483713
cox,scania,0.0,1.0,9,0.5097969287572376,0.08997825789762398,0.49479413156649316,0.08866566436365855
cox,scania,0.0,1.0,17,0.5063103049015824,0.08635538298455643,0.5136269206244729,0.08702078229853472
cox,scania,0.0,1.0,7,0.47420824168337455,0.08791699682976674,0.4935893583348358,0.09385221435173162
cox,scania,0.0,1.0,5,0.509324656773272,0.10700694370925291,0.5201415740911229,0.09778950089521729
cox,scania,0.0,1.0,15,0.4965720364861404,0.0899211740319582,0.49976410458030274,0.08692966582794513
cox,scania,0.0,1.0,18,0.5038027010214116,0.090245985853869,0.49258040419131455,0.08927304074212938
cox,scania,0.0,1.0,27,0.519270482130816,0.08222495426544017,0.5060577015240103,0.08394895724077307
cox,scania,0.0,1.0,24,0.5294082723134771,0.09543059390681764,0.5728749606959438,0.10051905120353304
cox,scania,0.0,1.0,28,0.5200079614815938,0.0821500111620421,0.49475275318505724,0.09164306514280811
cox,scania,0.0,1.0,25,0.5326512884856675,0.08393500529699201,0.4882556796303427,0.08839435759048894
cox,scania,0.0,1.0,16,0.5210855908523414,0.08379624627669227,0.5218735507806461,0.08446416818996089
cox,scania,0.0,1.0,4,0.48842733075232814,0.09396974081934423,0.48791126113302696,0.09519214753925556
cox,scania,0.0,1.0,26,0.6109468392928802,0.19484646120520546,0.5766593954502961,0.19455524991917342
cox,scania,0.0,1.0,11,0.5029361288588383,0.08426013357699033,0.5165347043701799,0.08473756977934299
cox,scania,0.0,1.0,19,0.5,0.09725157271490367,0.5,0.09293386524423893
cox,scania,0.0,1.0,10,0.4910007274238803,0.0943571088517976,0.5061064547730488,0.09214187994015792
cox,scania,0.0,1.0,23,0.4917903966251706,0.08684731527311919,0.505997912119199,0.08294832297018379
cox,scania,0.0,1.0,0,0.4959798092653924,0.08527332269843427,0.5150950058482113,0.08940457479502922
cox,scania,0.0,1.0,3,0.5704344722990454,0.08747282396473609,0.5477716252929343,0.08378001232886992
cox,scania,0.0,1.0,6,0.4896452095203459,0.091590341350781,0.48886151533498967,0.0971135215981818
cox,scania,0.0,1.0,12,0.5,0.09933339690319033,0.4999366447034972,0.0931548299995794
cox,scania,0.0,1.0,29,0.49912606752511174,0.09617614323274681,0.4997350561477164,0.09403127533109895
cox,scania,0.0,1.0,20,0.5546352058446046,0.09104674421449797,0.5469467543750776,0.092891846356284
cox,scania,0.0,1.0,2,0.5293833178582482,0.07712785542137378,0.49527983816587995,0.08456733417432717
cox,scania,0.0,1.0,8,0.48777566129253974,0.08768524028626758,0.5072520045338147,0.08753374478547372
cox,scania,0.0,1.0,1,0.4974752162774292,0.08707859352525404,0.5032717391304348,0.09095323380659405
cox,scania,0.0,1.0,21,0.5185322843750645,0.08961158222516298,0.4998858494873604,0.08860510549081978
cox,scania,0.0,1.0,14,0.5153455553969452,0.08682796194848096,0.5343389406367302,0.08402994988196437
cox,scania,0.0,1.0,13,0.49510060733065564,0.08937962525783698,0.5071102476930549,0.08902764003004773
cox,scania,0.0,1.0,22,0.5012799086081787,0.08407110799984574,0.5314674016346702,0.08148052886060252
ddh,big_rw,0.0,1.0,9,0.705063935354523,0.2577096337289279,0.7311849179215492,0.24135219114127604
ddh,big_rw,0.0,1.0,17,0.7272858355549243,0.25065586636185766,0.718648621413758,0.25558295789853497
ddh,big_rw,0.0,1.0,7,0.7258608061388295,0.2352186484879107,0.7182536952790234,0.23757176993213763
ddh,big_rw,0.0,1.0,5,0.714393063615143,0.24789690871040365,0.7210731587847814,0.2453853017242527
ddh,big_rw,0.0,1.0,15,0.7237688842374733,0.264267967652903,0.7174069679879949,0.26840569128933306
ddh,big_rw,0.0,1.0,18,0.7123369877822756,0.25009093708326025,0.7230092202711743,0.24864513064586663
ddh,big_rw,0.0,1.0,27,0.722337707378797,0.2350997355381061,0.7209792581843718,0.24136518227001996
ddh,big_rw,0.0,1.0,24,0.7154990046824427,0.2531269959352832,0.7187881812207045,0.25121876188710246
ddh,big_rw,0.0,1.0,28,0.7254805989478648,0.2474810225898296,0.7251611314939272,0.24372050847208
ddh,big_rw,0.0,1.0,25,0.7177658547694443,0.2352989519604798,0.7090077856090496,0.2413007712194761
ddh,big_rw,0.0,1.0,16,0.7124660199017383,0.25222588302851995,0.7211880056754796,0.2580332245412526
ddh,big_rw,0.0,1.0,4,0.7226944024885772,0.23985583008298686,0.7269007063635683,0.2367818610599746
ddh,big_rw,0.0,1.0,26,0.7078029025368096,0.2684669528068192,0.7122717044012824,0.2585416683021346
ddh,big_rw,0.0,1.0,11,0.7212950474034704,0.25774901051539834,0.7173930146025559,0.256671455993429
ddh,big_rw,0.0,1.0,19,0.7191879983271342,0.2440645898229936,0.7244229815073974,0.24617082649827252
ddh,big_rw,0.0,1.0,10,0.7140871643497095,0.2456219311174617,0.7281161350476696,0.22333573862776834
ddh,big_rw,0.0,1.0,23,0.7155757395291117,0.2393232508202367,0.7157364060176601,0.24098957124772327
ddh,big_rw,0.0,1.0,0,0.7176313453378615,0.250657156640097,0.728029943520617,0.24331179957598142
ddh,big_rw,0.0,1.0,3,0.7316595139092049,0.2588585693969548,0.7204114841261743,0.2634329059671275
ddh,big_rw,0.0,1.0,6,0.7191710094262792,0.2696826934384968,0.7202249468360686,0.2651628954299802
ddh,big_rw,0.0,1.0,12,0.7102052264339047,0.25461659100062595,0.7164547093478413,0.24985635639735362
ddh,big_rw,0.0,1.0,29,0.7209087373197991,0.255416850207736,0.7282874296158658,0.25719661479411543
ddh,big_rw,0.0,1.0,20,0.7207201184046981,0.2562588031734097,0.7172621451974684,0.2519356176472907
ddh,big_rw,0.0,1.0,2,0.7211609445973997,0.2586596264961416,0.7215974236464562,0.25616105936516115
ddh,big_rw,0.0,1.0,8,0.7033330501959328,0.2525787768988301,0.711591780802642,0.252626783315326
ddh,big_rw,0.0,1.0,1,0.7154174097673734,0.22888508970860064,0.7196862366041005,0.2333400851049938
ddh,big_rw,0.0,1.0,21,0.7293124288579327,0.26202945311553866,0.7217048669824471,0.2635619539053162
ddh,big_rw,0.0,1.0,14,0.7195433710167467,0.2485767633780784,0.7076808954474445,0.24386043024152748
ddh,big_rw,0.0,1.0,13,0.7143542304365862,0.2564319597562404,0.7133948884237322,0.25916550977083463
ddh,big_rw,0.0,1.0,22,0.7200028970128217,0.25401004551339323,0.7224147146095579,0.2452494912351917
ddh,nasa,0.0,1.0,9,0.6265822784810127,0.19563965803170938,0.5242537313432836,0.2119928857021059
ddh,nasa,0.0,1.0,17,0.5877192982456141,0.2018138141992074,0.5789473684210527,0.20106465813309096
ddh,nasa,0.0,1.0,7,0.5357142857142857,0.0757928891270864,0.5537037037037037,0.13036655218235085
ddh,nasa,0.0,1.0,5,0.5095057034220533,0.2947039385445698,0.5346715328467153,0.191291322863662
ddh,nasa,0.0,1.0,15,0.5206611570247934,0.2365021126252552,0.6604938271604939,0.22705956533081478
ddh,nasa,0.0,1.0,18,0.5068807339449541,0.2520693075810671,0.5641025641025641,0.24007330732696971
ddh,nasa,0.0,1.0,27,0.6091954022988506,0.20061589038021535,0.6770833333333334,0.21846050078568097
ddh,nasa,0.0,1.0,24,0.6015037593984962,0.262555357572835,0.5386178861788617,0.249881334189173
ddh,nasa,0.0,1.0,28,0.5144628099173554,0.1760117952087123,0.6623376623376623,0.18683951369016852
ddh,nasa,0.0,1.0,25,0.5496031746031746,0.1644363847369325,0.523109243697479,0.17118820854858882
ddh,nasa,0.0,1.0,16,0.6489795918367347,0.11416662923519352,0.514218009478673,0.10826045436519058
ddh,nasa,0.0,1.0,4,0.532051282051282,0.21061502106019095,0.5483193277310925,0.19630065313414552
ddh,nasa,0.0,1.0,26,0.6148936170212767,0.12184093916125385,0.6078431372549019,0.13163028241778385
ddh,nasa,0.0,1.0,11,0.5977443609022557,0.1537779370228994,0.4419642857142857,0.15611049074898364
ddh,nasa,0.0,1.0,19,0.628099173553719,0.15167392550628842,0.580078125,0.15256692566867378
ddh,nasa,0.0,1.0,10,0.4911504424778761,0.4059006192142996,0.5702127659574469,0.23625864430484456
ddh,nasa,0.0,1.0,23,0.49387755102040815,0.20325792681242652,0.5439024390243903,0.19633421012997462
ddh,nasa,0.0,1.0,0,0.6232876712328768,0.23180870347508872,0.5915750915750916,0.2349362107416425
ddh,nasa,0.0,1.0,3,0.537109375,0.18304294936445364,0.452755905511811,0.23780586176725135
ddh,nasa,0.0,1.0,6,0.5590717299578059,0.17101540707915494,0.5,0.20393276677137223
ddh,nasa,0.0,1.0,12,0.5512295081967213,0.18342521078665164,0.5392561983471075,0.13704235597501058
ddh,nasa,0.0,1.0,29,0.646551724137931,0.21501103505478208,0.4734042553191489,0.20656770173647251
ddh,nasa,0.0,1.0,20,0.5263157894736842,0.2731513444586996,0.44655172413793104,0.19879842604123202
ddh,nasa,0.0,1.0,2,0.5229007633587787,0.2367141422311266,0.4634615384615385,0.23887866442648378
ddh,nasa,0.0,1.0,8,0.5413223140495868,0.13304158452713646,0.49423076923076925,0.1838079284313904
ddh,nasa,0.0,1.0,1,0.5035211267605634,0.1613500513333358,0.5929752066115702,0.18393130320913367
ddh,nasa,0.0,1.0,21,0.4959349593495935,0.20754032372482142,0.6008771929824561,0.1766524654434679
ddh,nasa,0.0,1.0,14,0.6400778210116731,0.17935424655774132,0.5098814229249012,0.2847050671324555
ddh,nasa,0.0,1.0,13,0.5568627450980392,0.21201460136942418,0.6054421768707483,0.21664675221460608
ddh,nasa,0.0,1.0,22,0.584870848708487,0.18235406114373495,0.6009174311926605,0.20681979177212984
ddh,churn_lastfm_months,0.0,1.0,9,0.5463692772094584,0.2969463591087004,0.5431726351912326,0.2927494605976853
ddh,churn_lastfm_months,0.0,1.0,17,0.6026820134376033,0.2983487600130829,0.5610102472711072,0.31710115738434236
ddh,churn_lastfm_months,0.0,1.0,7,0.5730487736745069,0.3073432980800877,0.5549160271382494,0.30182169878856796
ddh,churn_lastfm_months,0.0,1.0,5,0.4983661940629154,0.33529150605646607,0.5461151635720601,0.30427605373709754
ddh,churn_lastfm_months,0.0,1.0,15,0.5319643657552667,0.2876254998142199,0.5992154926486724,0.2694552825334411
ddh,churn_lastfm_months,0.0,1.0,18,0.6040514645496852,0.32852697262339636,0.5280563913964115,0.33028568137694564
ddh,churn_lastfm_months,0.0,1.0,27,0.5777130931458699,0.3103742844472815,0.5691610623503932,0.3365823040544188
ddh,churn_lastfm_months,0.0,1.0,24,0.5788667260976154,0.3404574641648388,0.539064672190402,0.3261006524814286
ddh,churn_lastfm_months,0.0,1.0,28,0.5818446435705724,0.315822639337159,0.5768724279835391,0.2805318529849223
ddh,churn_lastfm_months,0.0,1.0,25,0.5782736120327361,0.2826443513866305,0.5380792853154662,0.309602524331395
ddh,churn_lastfm_months,0.0,1.0,16,0.5442439395586477,0.33375455383866826,0.5724725943970768,0.32302550699255494
ddh,churn_lastfm_months,0.0,1.0,4,0.578024238381143,0.27487394382150715,0.5670796658630936,0.2876038681356039
ddh,churn_lastfm_months,0.0,1.0,26,0.5332903298182634,0.30783663172558423,0.589104237241073,0.3254661993873735
ddh,churn_lastfm_months,0.0,1.0,11,0.5742240598096964,0.3354913263546734,0.6139922832501135,0.2759134282479472
ddh,churn_lastfm_months,0.0,1.0,19,0.5329763866007688,0.2839613752125115,0.5516093229744728,0.2851625057177518
ddh,churn_lastfm_months,0.0,1.0,10,0.5990015705631591,0.3199110599518466,0.5587468087468087,0.3191391043230513
ddh,churn_lastfm_months,0.0,1.0,23,0.5633543940264216,0.30840463077741753,0.5551775638898108,0.30440327079601165
ddh,churn_lastfm_months,0.0,1.0,0,0.5698123774852982,0.28263584916295287,0.5779524924723988,0.3298947275256512
ddh,churn_lastfm_months,0.0,1.0,3,0.5541279840848806,0.3321487270411222,0.5697738860563069,0.33239272798376096
ddh,churn_lastfm_months,0.0,1.0,6,0.5387294742079947,0.3134527604513574,0.5206280955750285,0.30870368645937263
ddh,churn_lastfm_months,0.0,1.0,12,0.5598355578081883,0.3121221493330076,0.5280590835338219,0.34128075088660625
ddh,churn_lastfm_months,0.0,1.0,29,0.574837608719586,0.3196375343102146,0.5780637940682708,0.30787283005693256
ddh,churn_lastfm_months,0.0,1.0,20,0.5689239228007181,0.30993481352538715,0.557371448095211,0.29649351786373007
ddh,churn_lastfm_months,0.0,1.0,2,0.5598231555678365,0.29081716774154953,0.5927600554785021,0.35226561327615646
ddh,churn_lastfm_months,0.0,1.0,8,0.5800328677074774,0.30844061901826186,0.5430911477655385,0.3126435313996382
ddh,churn_lastfm_months,0.0,1.0,1,0.581356775584674,0.24487788315088468,0.5453447210203967,0.2855392208986614
ddh,churn_lastfm_months,0.0,1.0,21,0.5592596753356176,0.3198471100305339,0.5631094257854822,0.32427723088603927
ddh,churn_lastfm_months,0.0,1.0,14,0.5541645661793536,0.34997111088725735,0.5857150724158819,0.3224354697922355
ddh,churn_lastfm_months,0.0,1.0,13,0.597268860532796,0.32033607854503415,0.5934411748467951,0.31265064230476075
ddh,churn_lastfm_months,0.0,1.0,22,0.5417466952886679,0.2856475058404205,0.5833519428316213,0.30968276413051266
ddh,scania,0.0,1.0,9,0.5632919358899052,0.39316733306013907,0.6096028911930473,0.3844969033594327
ddh,scania,0.0,1.0,17,0.50733307603242,0.6925483882967695,0.5018717732480408,0.6979799217168777
ddh,scania,0.0,1.0,7,0.5016740311058338,0.5171262325422982,0.5,0.5148996201759202
ddh,scania,0.0,1.0,5,0.5193139433378303,0.41061429816199335,0.5407639272489208,0.40145303968661067
ddh,scania,0.0,1.0,15,0.4978328966291692,0.3480764647451238,0.5096029093768429,0.35105186043337433
ddh,scania,0.0,1.0,18,0.5395521040274517,0.38783413169484676,0.5297894248046677,0.4017271705489976
ddh,scania,0.0,1.0,27,0.5428396830748483,0.7122263145253402,0.5983705549698073,0.713540319256116
ddh,scania,0.0,1.0,24,0.5789036216109242,0.11767968822391224,0.521077455193376,0.1205604401866396
ddh,scania,0.0,1.0,28,0.5,0.7361306127200106,0.5,0.728295833965887
ddh,scania,0.0,1.0,25,0.5,0.12758321329621922,0.5083654216403543,0.12853700770293106
ddh,scania,0.0,1.0,16,0.5174887536909692,0.5394715487636179,0.5601039573349822,0.5368409569522788
ddh,scania,0.0,1.0,4,0.5484880192529036,0.6560533390731799,0.5522083045264142,0.659754725692046
ddh,scania,0.0,1.0,26,0.49995775867531206,0.09217142384950847,0.4988995793081957,0.08956552324847901
ddh,scania,0.0,1.0,11,0.5562206645576163,0.8645284838447325,0.5110231362467866,0.8660737906486777
ddh,scania,0.0,1.0,19,0.6173796739615034,0.17436898830780437,0.5899274679342704,0.17312009178326818
ddh,scania,0.0,1.0,10,0.4983477086147771,0.4032837438549216,0.49896593011864593,0.4057654463336703
ddh,scania,0.0,1.0,23,0.44844699946234334,0.10360670467133096,0.5053715478789029,0.10336394042845894
ddh,scania,0.0,1.0,0,0.5374286740353538,0.2347693701444723,0.567640632930947,0.2265577674095028
ddh,scania,0.0,1.0,3,0.5798130966187884,0.3953730402851084,0.5698272465210809,0.40189536746091814
ddh,scania,0.0,1.0,6,0.4987675273770558,0.0952358855652335,0.5083094974633067,0.09560139022128512
ddh,scania,0.0,1.0,12,0.5573167930163105,0.5019168714641414,0.5607154924818382,0.505844432782707
ddh,scania,0.0,1.0,29,0.5,0.41160277676389007,0.5000305704444943,0.4128404852169899
ddh,scania,0.0,1.0,20,0.559304965939382,0.6579844633375118,0.5431301973439245,0.6538679524910331
ddh,scania,0.0,1.0,2,0.5482629216960694,0.27588870667912213,0.5312531927501584,0.2695007871086067
ddh,scania,0.0,1.0,8,0.44960037703984446,0.12945105442730798,0.41370009655346124,0.12743176759954342
ddh,scania,0.0,1.0,1,0.5600100248765455,0.20990586619837592,0.5610326086956522,0.20896910632303903
ddh,scania,0.0,1.0,21,0.5172727085011047,0.3391684282044346,0.503517911253165,0.33752003478171705
ddh,scania,0.0,1.0,14,0.5098395089422273,0.7183240691154011,0.5101090345772675,0.7175405081832891
ddh,scania,0.0,1.0,13,0.49318935910122824,0.4018568499155174,0.5167071393880525,0.40103560358395957
ddh,scania,0.0,1.0,22,0.584674945524551,0.2659724929472627,0.5511214597985173,0.27048330078649296
tc_ddh,big_rw,0.95,0.95,9,0.716542715241996,0.2614722778842748,0.7367674596132265,0.2494860118281859
tc_ddh,big_rw,0.95,0.95,7,0.7236144234736281,0.25109856728532004,0.7146817772871623,0.25697870952979873
tc_ddh,big_rw,0.95,0.95,5,0.7180519220794847,0.24658908538980934,0.7310706608993146,0.2438072160667523
tc_ddh,big_rw,0.95,0.95,4,0.7227547864438832,0.25724876741434105,0.7292883606872362,0.2507913643658746
tc_ddh,big_rw,0.95,0.95,0,0.7120734822633232,0.2449740495381278,0.7296213785486938,0.23271605680348345
tc_ddh,big_rw,0.95,0.95,3,0.7234211330467164,0.26407452394699227,0.7215428863593436,0.2696128893358256
tc_ddh,big_rw,0.95,0.95,6,0.720970114016392,0.26038888414012706,0.7279621685247849,0.25895704791139557
tc_ddh,big_rw,0.95,0.95,2,0.7247188724063958,0.25034629314106116,0.7222207786442855,0.24670946984758352
tc_ddh,big_rw,0.95,0.95,8,0.7132792883548833,0.2570681915424454,0.715679785335789,0.26221618484510123
tc_ddh,big_rw,0.95,0.95,1,0.7122273974737462,0.25803067928106105,0.7148328957407352,0.26527279133210563
tc_ddh,big_rw,0.95,0.1,9,0.7102870938902972,0.2680959404755735,0.735743110107785,0.2544964148052984
tc_ddh,big_rw,0.95,0.1,7,0.730781866945402,0.2568638273313311,0.7206735214415285,0.2618543951325626
tc_ddh,big_rw,0.95,0.1,5,0.7164907693900259,0.253713415617522,0.7236366069720805,0.25199172883273774
tc_ddh,big_rw,0.95,0.1,4,0.7222887739457584,0.2524447060610329,0.7286603734054714,0.24944533271358077
tc_ddh,big_rw,0.95,0.1,0,0.7215918623307027,0.24684823206992576,0.7350811789324626,0.23265851301905574
tc_ddh,big_rw,0.95,0.1,3,0.7241248297748659,0.27044358183578,0.7292865734116947,0.27176834033269104
tc_ddh,big_rw,0.95,0.1,6,0.7204034434509885,0.2697846001076603,0.7256624626876995,0.2681096241018464
tc_ddh,big_rw,0.95,0.1,2,0.7242135049809361,0.26325434405694287,0.7234607218683652,0.2584970346490198
tc_ddh,big_rw,0.95,0.1,8,0.7142190520451628,0.25406827333238596,0.713959559955686,0.26069198039623404
tc_ddh,big_rw,0.95,0.1,1,0.7149934635996087,0.231618177890016,0.7208236153384577,0.23672223124943048
tc_ddh,big_rw,0.95,0.99,9,0.714994291437914,0.2596915766994992,0.735638717801498,0.2508940509022467
tc_ddh,big_rw,0.95,0.99,7,0.7189660621917561,0.24344600733603577,0.7090591683381116,0.2509887482842959
tc_ddh,big_rw,0.95,0.99,5,0.7158436538506355,0.25622683429762755,0.7259147760491255,0.2543452635359456
tc_ddh,big_rw,0.95,0.99,4,0.7245868843882834,0.26038817385335883,0.7267324470227324,0.25845497638563103
tc_ddh,big_rw,0.95,0.99,0,0.7146475875567717,0.24741113708611523,0.7291310797324695,0.24091601733948192
tc_ddh,big_rw,0.95,0.99,3,0.72402523212765,0.2658804924452556,0.7234423068990298,0.2709328200634994
tc_ddh,big_rw,0.95,0.99,6,0.7169877168130859,0.25924187059108905,0.7266566444617383,0.25684533841559504
tc_ddh,big_rw,0.95,0.99,2,0.721723579760116,0.2620926619637453,0.7249212618459103,0.257205256880689
tc_ddh,big_rw,0.95,0.99,8,0.7155288781212517,0.2524208425569046,0.7185998658889887,0.2556304539951247
tc_ddh,big_rw,0.95,0.99,1,0.7126315937562225,0.23718103800534016,0.7185214347968928,0.23967125458361466
tc_ddh,big_rw,0.95,0.25,9,0.7121751649696021,0.2608759008380217,0.732203014762812,0.24710908383272176
tc_ddh,big_rw,0.95,0.25,7,0.7231319133802218,0.2552194291092878,0.7098012303062441,0.26326080905017274
tc_ddh,big_rw,0.95,0.25,5,0.7163639477516529,0.24300287818975083,0.7243090312376562,0.24294347601812194
tc_ddh,big_rw,0.95,0.25,4,0.7272684194079989,0.25871436163914724,0.7282527515829947,0.2567315384634844
tc_ddh,big_rw,0.95,0.25,0,0.7153610181316697,0.24307172770055557,0.7299102367660042,0.2339011450765212
tc_ddh,big_rw,0.95,0.25,3,0.7257040088188697,0.24605130155681773,0.7249346505978059,0.25067233938560457
tc_ddh,big_rw,0.95,0.25,6,0.7143901834139073,0.26924738697393175,0.7174862727586064,0.26675799147367163
tc_ddh,big_rw,0.95,0.25,2,0.7242186617913999,0.257686856477344,0.7198423937698063,0.2585719655740496
tc_ddh,big_rw,0.95,0.25,8,0.7131802804358729,0.2499543165530542,0.7158573011214343,0.25176447295785165
tc_ddh,big_rw,0.95,0.25,1,0.7142421563195304,0.25583353869761793,0.717965642419421,0.26084887052636224
tc_ddh,big_rw,0.95,0.75,9,0.7147300912883178,0.265067634443667,0.7350093735591687,0.25299637306313844
tc_ddh,big_rw,0.95,0.75,7,0.7239746796051658,0.24605738187125514,0.715307925925966,0.25493263714478787
tc_ddh,big_rw,0.95,0.75,5,0.7155092566246692,0.25370130008746916,0.7187963443093996,0.25574683407001475
tc_ddh,big_rw,0.95,0.75,4,0.7209849679152697,0.2557202702547866,0.7267392316735726,0.25173989461043006
tc_ddh,big_rw,0.95,0.75,0,0.7127282747087775,0.25366798584362166,0.7360986982919357,0.24126217047859355
tc_ddh,big_rw,0.95,0.75,3,0.7306108890894712,0.26391153071050566,0.7286623889222994,0.26739140957351304
tc_ddh,big_rw,0.95,0.75,6,0.7212757858120635,0.2707218972593944,0.7232118276469784,0.2673375496951058
tc_ddh,big_rw,0.95,0.75,2,0.7210854923179809,0.2547109412140146,0.7225601999066726,0.24924947605392456
tc_ddh,big_rw,0.95,0.75,8,0.710249267314348,0.26034971761229525,0.7100382470749133,0.26717673696568867
tc_ddh,big_rw,0.95,0.75,1,0.7155318508834962,0.23123056100218856,0.7169585911599959,0.23916998475146664
tc_ddh,big_rw,0.95,0.01,9,0.709246518480219,0.27650471327984805,0.7357795386729998,0.26071653610087026
tc_ddh,big_rw,0.95,0.01,7,0.7250080102096967,0.25544587114060263,0.7117698611260818,0.26325965500301063
tc_ddh,big_rw,0.95,0.01,5,0.7118262803701241,0.25434682846537554,0.7145894933843964,0.2549377094941522
tc_ddh,big_rw,0.95,0.01,4,0.7184339488886373,0.2663356012864497,0.7197711238746978,0.26180525863490234
tc_ddh,big_rw,0.95,0.01,0,0.7138470142061728,0.2599267482428644,0.7300660681727111,0.24876950532987052
tc_ddh,big_rw,0.95,0.01,3,0.723751406443615,0.23778607210856909,0.7266226625647795,0.24153929419808937
tc_ddh,big_rw,0.95,0.01,6,0.710799284365199,0.24552747585102708,0.7171581304505223,0.2401091417383026
tc_ddh,big_rw,0.95,0.01,2,0.7234619677085957,0.256289181498153,0.7268909337170364,0.2542781839598402
tc_ddh,big_rw,0.95,0.01,8,0.7005432450900458,0.2675643129570206,0.7123832955480881,0.2669499064464521
tc_ddh,big_rw,0.95,0.01,1,0.7098211580250547,0.23095695099485927,0.7198570198993763,0.23377393763759305
tc_ddh,big_rw,0.95,0.9,9,0.7120215665202975,0.265848584377242,0.737145881723517,0.2543634773107755
tc_ddh,big_rw,0.95,0.9,7,0.7273910137103345,0.23309432855764023,0.7130086171268986,0.24401757440660657
tc_ddh,big_rw,0.95,0.9,5,0.7129243172903961,0.2587354230529477,0.7241952446979536,0.2554917658113359
tc_ddh,big_rw,0.95,0.9,4,0.7261839452331065,0.25812797143656235,0.7296102245230933,0.25475908674391046
tc_ddh,big_rw,0.95,0.9,0,0.7186444819076938,0.25124214569485026,0.7361804147613065,0.24221312820913246
tc_ddh,big_rw,0.95,0.9,3,0.7289451387935278,0.26780045549359033,0.7251596283985489,0.27244674001800817
tc_ddh,big_rw,0.95,0.9,6,0.7188853728058776,0.2636877733135078,0.7231950276279023,0.26459088294447713
tc_ddh,big_rw,0.95,0.9,2,0.7257125083594612,0.2534138102446819,0.7217906826427437,0.25088738403613836
tc_ddh,big_rw,0.95,0.9,8,0.7074594622084609,0.2679935445019968,0.7125348334138829,0.2713289700138499
tc_ddh,big_rw,0.95,0.9,1,0.7121440691906118,0.25571631119055316,0.7153126637578299,0.2655660462234587
tc_ddh,big_rw,0.95,0.05,9,0.717844245764009,0.2633989387678357,0.7428866430044105,0.248189466597547
tc_ddh,big_rw,0.95,0.05,7,0.7272939695454809,0.2596121940014771,0.7194948887096626,0.2658670323081383
tc_ddh,big_rw,0.95,0.05,5,0.7130587265481589,0.26293610457654615,0.7231863373792575,0.26380243967032097
tc_ddh,big_rw,0.95,0.05,4,0.7276916486552791,0.2596288073400412,0.7290992046218127,0.25603813285356763
tc_ddh,big_rw,0.95,0.05,0,0.723071660680691,0.2586017605102697,0.7351631668851202,0.2496300097241636
tc_ddh,big_rw,0.95,0.05,3,0.7230474383322306,0.24904909281009044,0.7259078356321415,0.25170793834583327
tc_ddh,big_rw,0.95,0.05,6,0.710089389371177,0.2694915511761884,0.7178645441558695,0.2677477408708102
tc_ddh,big_rw,0.95,0.05,2,0.7176591988813521,0.2594844988588182,0.7218472528531416,0.2524303104336808
tc_ddh,big_rw,0.95,0.05,8,0.7120752330338028,0.2523968239196117,0.7181947727013194,0.25607040174994056
tc_ddh,big_rw,0.95,0.05,1,0.7162046997151688,0.24130879748073356,0.7221391082885559,0.24541395862294998
tc_ddh,big_rw,0.95,0.001,9,0.7025868899396801,0.2687156796454189,0.7225839705613696,0.25669370718117523
tc_ddh,big_rw,0.95,0.001,17,0.7188753202289277,0.27403641771764015,0.7194815917616388,0.27348262353945935
tc_ddh,big_rw,0.95,0.001,7,0.7222436068767989,0.2726144188878705,0.7046552743002275,0.2781679978968086
tc_ddh,big_rw,0.95,0.001,5,0.6989240755705213,0.2549994484826178,0.7110618397332843,0.25468377465530434
tc_ddh,big_rw,0.95,0.001,15,0.7243089960921958,0.2735280379580832,0.7263591152139641,0.27591086231832535
tc_ddh,big_rw,0.95,0.001,18,0.7181755846991931,0.27869800835737635,0.7242004515962824,0.2790337152253124
tc_ddh,big_rw,0.95,0.001,27,0.7134554055994646,0.27783301949893136,0.7184303540668404,0.2798019538459415
tc_ddh,big_rw,0.95,0.001,24,0.7166196866649155,0.2796193798416437,0.7220144351089244,0.2822571937189968
tc_ddh,big_rw,0.95,0.001,28,0.7241635285860494,0.27034770578557626,0.7212896918139887,0.2737367462527199
tc_ddh,big_rw,0.95,0.001,25,0.725027924782024,0.2675095818607431,0.709132320700602,0.2682475261366506
tc_ddh,big_rw,0.95,0.001,16,0.710401732320861,0.274341815403343,0.7229464295384882,0.2794902203140404
tc_ddh,big_rw,0.95,0.001,4,0.7136040448043532,0.276180876301453,0.7093322600920324,0.2752784809942425
tc_ddh,big_rw,0.95,0.001,26,0.7092533588160292,0.28104989583458767,0.7141216883121104,0.2735801586061896
tc_ddh,big_rw,0.95,0.001,11,0.7129526442748523,0.2702420404434028,0.7095060392750917,0.26741452216631606
tc_ddh,big_rw,0.95,0.001,19,0.7031227370340697,0.26773086083537856,0.7175652039853605,0.2676733437682621
tc_ddh,big_rw,0.95,0.001,10,0.7159903598129981,0.2804384098305031,0.7167350762165421,0.2699802349387661
tc_ddh,big_rw,0.95,0.001,23,0.7236236560364526,0.2795843872187233,0.7243765650050608,0.2757896899259735
tc_ddh,big_rw,0.95,0.001,0,0.7149337199106311,0.2661199635974621,0.7211003326213231,0.2594283266891098
tc_ddh,big_rw,0.95,0.001,3,0.7192752113668325,0.27424370566274736,0.7253637095881251,0.2759358753135085
tc_ddh,big_rw,0.95,0.001,6,0.7094022370085425,0.26959442418746815,0.7159585548948753,0.26557399231962037
tc_ddh,big_rw,0.95,0.001,12,0.7062769353270862,0.26865974786510594,0.7114669623815318,0.2622038232349756
tc_ddh,big_rw,0.95,0.001,29,0.7159488326664356,0.27426148677963436,0.7184743039640604,0.27348756069057567
tc_ddh,big_rw,0.95,0.001,20,0.713142802388882,0.2774910177129995,0.71967407858831,0.2743077151185984
tc_ddh,big_rw,0.95,0.001,2,0.7168436085948289,0.2690711942247682,0.7185656393083385,0.2673871465214148
tc_ddh,big_rw,0.95,0.001,8,0.7002048327767069,0.2755789245951864,0.7015242544472304,0.27846501498618187
tc_ddh,big_rw,0.95,0.001,1,0.7087029898620862,0.26841364837988574,0.717709060203148,0.2734976038458185
tc_ddh,big_rw,0.95,0.001,21,0.7229942002276546,0.2743162475949824,0.7157307196246634,0.2762448532110277
tc_ddh,big_rw,0.95,0.001,14,0.7104043338186432,0.2728580499308345,0.70296740056383,0.2657592264644695
tc_ddh,big_rw,0.95,0.001,13,0.7141156439530527,0.27693596233348144,0.7127211448337666,0.28376174384293795
tc_ddh,big_rw,0.95,0.001,22,0.7108222416803108,0.26794207104427925,0.7182633295858751,0.26008674469574744
tc_ddh,big_rw,0.95,0.003,9,0.710350642544499,0.25661672466285057,0.7290736922688797,0.24871565266561585
tc_ddh,big_rw,0.95,0.003,7,0.7245222472392562,0.26293680657828394,0.7079078889853629,0.2671556015082462
tc_ddh,big_rw,0.95,0.003,5,0.7063962547510692,0.2386735825935243,0.7100309878676456,0.23915769200732004
tc_ddh,big_rw,0.95,0.003,4,0.7089403996822126,0.2693757734769568,0.7116957610587095,0.2664475540620346
tc_ddh,big_rw,0.95,0.003,0,0.709972282624925,0.2628575827759668,0.7224718661869738,0.25580971503329575
tc_ddh,big_rw,0.95,0.003,3,0.7122290170553508,0.26816987986035307,0.7144258262574332,0.2688638160922374
tc_ddh,big_rw,0.95,0.003,6,0.7123021932560517,0.25890226226595797,0.717967782982773,0.2552894987280721
tc_ddh,big_rw,0.95,0.003,2,0.7002503495774672,0.2712442666975945,0.7038887824250161,0.2682445182891556
tc_ddh,big_rw,0.95,0.003,8,0.7034174503891877,0.2732545129503739,0.7073186835905598,0.27376485430182323
tc_ddh,big_rw,0.95,0.003,1,0.691788971664055,0.25948434856276614,0.7044593717672677,0.26012757396960795
tc_ddh,big_rw,0.95,0.5,9,0.7109574645871745,0.25472384632272477,0.7384997194456768,0.2426931049961377
tc_ddh,big_rw,0.95,0.5,17,0.7254490251922457,0.2541271203071534,0.7220151760425267,0.2544123115823165
tc_ddh,big_rw,0.95,0.5,7,0.7257203902801865,0.23836809683890944,0.7127776029448486,0.247046214484982
tc_ddh,big_rw,0.95,0.5,5,0.718510702066163,0.24801861525322666,0.7262065572473627,0.24853423106163275
tc_ddh,big_rw,0.95,0.5,15,0.7293844190486323,0.2539418394181814,0.7365264076018354,0.25177975309604805
tc_ddh,big_rw,0.95,0.5,18,0.7193747176837993,0.27044927500424604,0.7264143233524638,0.27395468405001033
tc_ddh,big_rw,0.95,0.5,27,0.7224081545285325,0.2552636863715297,0.7161027992971006,0.2578221753131686
tc_ddh,big_rw,0.95,0.5,24,0.7298700551603471,0.25770810128835236,0.7281944085490174,0.2583401246408667
tc_ddh,big_rw,0.95,0.5,28,0.7214079751068541,0.25022613143350003,0.7197247397982589,0.25027339404305415
tc_ddh,big_rw,0.95,0.5,25,0.7254652322908082,0.24391517081699296,0.7121639379945194,0.2478386967915013
tc_ddh,big_rw,0.95,0.5,16,0.7137851037321452,0.2540311391068171,0.7169246265989364,0.2592867227906831
tc_ddh,big_rw,0.95,0.5,4,0.7228644523716814,0.2386426151296108,0.7364445390074001,0.23458515051716158
tc_ddh,big_rw,0.95,0.5,26,0.7160302760414834,0.24512984687611836,0.721700934255418,0.23919711804888136
tc_ddh,big_rw,0.95,0.5,11,0.7157026098222898,0.2465578281241681,0.7108353200202702,0.24626330817041855
tc_ddh,big_rw,0.95,0.5,19,0.7171411244543794,0.26488349026388874,0.7275788185709896,0.26663483625500817
tc_ddh,big_rw,0.95,0.5,10,0.7208502328863949,0.26138691650381557,0.7286170633660755,0.2448053353066709
tc_ddh,big_rw,0.95,0.5,23,0.725947235650784,0.2532078285919473,0.7320640708793474,0.24868206563541873
tc_ddh,big_rw,0.95,0.5,0,0.71211637496912,0.24863279402366514,0.7285954432073253,0.23811407729887596
tc_ddh,big_rw,0.95,0.5,3,0.7263043085345142,0.24850680998960786,0.724065948619304,0.25214792026742344
tc_ddh,big_rw,0.95,0.5,6,0.7178627666302785,0.27227499208518924,0.7215711161065577,0.2723786622781402
tc_ddh,big_rw,0.95,0.5,12,0.7184196390754073,0.25741217950630174,0.7214961667562745,0.25069997688853285
tc_ddh,big_rw,0.95,0.5,29,0.7275072764824305,0.2572014591376795,0.7280806406501034,0.257303406873896
tc_ddh,big_rw,0.95,0.5,20,0.7202707955288584,0.24968199456902465,0.7188307016321553,0.25056159065046696
tc_ddh,big_rw,0.95,0.5,2,0.716443277256186,0.24787009674110339,0.7160324307001389,0.24575860475437344
tc_ddh,big_rw,0.95,0.5,8,0.7059491856733918,0.264455032003574,0.7148587748271792,0.26596489309590543
tc_ddh,big_rw,0.95,0.5,1,0.7174608465287818,0.2488543774567772,0.719396257972376,0.25577224141897137
tc_ddh,big_rw,0.95,0.5,21,0.7319545774838745,0.2493134277917172,0.7192478738497754,0.25215389484245654
tc_ddh,big_rw,0.95,0.5,14,0.7155722595233689,0.2508227811723759,0.7088543211509983,0.24251339019754659
tc_ddh,big_rw,0.95,0.5,13,0.7227088241753177,0.2716517365338559,0.7124486710204753,0.27661874633539585
tc_ddh,big_rw,0.95,0.5,22,0.720200913806816,0.2493558930710305,0.7259251108246613,0.2431458053687549
tc_ddh,big_rw,0.5,0.95,9,0.7127776602953958,0.25197930736039875,0.7368104126975842,0.23458919927537233
tc_ddh,big_rw,0.5,0.95,7,0.7241785265659757,0.24940158506705618,0.7153685908459886,0.25377881995261026
tc_ddh,big_rw,0.5,0.95,5,0.7066428523812388,0.2650876728917031,0.7149053864922373,0.2658505752876061
tc_ddh,big_rw,0.5,0.95,4,0.7247301270445926,0.23646305120305194,0.7271346411245369,0.237063719014184
tc_ddh,big_rw,0.5,0.95,0,0.7120170159164515,0.24498473067910592,0.7274598286180306,0.23620799117154784
tc_ddh,big_rw,0.5,0.95,3,0.723511503663945,0.24357145668714758,0.7261366128167329,0.2472555244929676
tc_ddh,big_rw,0.5,0.95,6,0.7067543449255774,0.2602883876318132,0.7200122369171206,0.2513980030137286
tc_ddh,big_rw,0.5,0.95,2,0.7178196028278863,0.24008850812452762,0.718055424731305,0.237201730597277
tc_ddh,big_rw,0.5,0.95,8,0.706253513293301,0.270334137495295,0.7143132385103178,0.27218776228858166
tc_ddh,big_rw,0.5,0.95,1,0.7091875384175851,0.241352597190008,0.7229140137332577,0.24206730298009382
tc_ddh,big_rw,0.5,0.1,9,0.7084409378807849,0.25935647511703197,0.7314787931379457,0.24432804036004577
tc_ddh,big_rw,0.5,0.1,7,0.7266585742314672,0.2511271121373905,0.7186691416509633,0.25795340746450895
tc_ddh,big_rw,0.5,0.1,5,0.717316464971484,0.2652099145585605,0.7242147509619027,0.26330623120870733
tc_ddh,big_rw,0.5,0.1,4,0.7251070529001358,0.24395860283456253,0.7248001784634557,0.24310245310624853
tc_ddh,big_rw,0.5,0.1,0,0.720661796444249,0.2539809930073513,0.7319059104083434,0.2437412105344543
tc_ddh,big_rw,0.5,0.1,3,0.7263157066303809,0.25421345722231825,0.7266630988643099,0.25987683035696973
tc_ddh,big_rw,0.5,0.1,6,0.713600959955641,0.24250730557067987,0.7188514097925686,0.23815950963135657
tc_ddh,big_rw,0.5,0.1,2,0.7141208126699033,0.24994490453993243,0.7250879950976094,0.24042251925417088
tc_ddh,big_rw,0.5,0.1,8,0.7079396235643175,0.2585370759660686,0.7104750008524005,0.26316835320236864
tc_ddh,big_rw,0.5,0.1,1,0.7036083310968166,0.2374045551794758,0.7165963893859132,0.2425806453976531
tc_ddh,big_rw,0.5,0.99,9,0.7079379570432731,0.24687244804269126,0.7383980456890327,0.22542272166316912
tc_ddh,big_rw,0.5,0.99,7,0.7241262094603422,0.25387003844750766,0.7142912468645174,0.2576547791637903
tc_ddh,big_rw,0.5,0.99,5,0.7138995973683968,0.2613172819798171,0.7237352219731561,0.25822930300421104
tc_ddh,big_rw,0.5,0.99,4,0.7208076069703122,0.2538445447281809,0.7232136557109934,0.24974931738813344
tc_ddh,big_rw,0.5,0.99,0,0.7171255914714099,0.2493217335289856,0.7319306153874555,0.2434794132206776
tc_ddh,big_rw,0.5,0.99,3,0.7226240804857543,0.2490275454165303,0.7217727490821774,0.25676185979794747
tc_ddh,big_rw,0.5,0.99,6,0.7014664123823882,0.2512868896472357,0.7215965871032215,0.23430659644484084
tc_ddh,big_rw,0.5,0.99,2,0.7097198820556023,0.259087192822553,0.7112423684350135,0.25945294155994447
tc_ddh,big_rw,0.5,0.99,8,0.7107524223125977,0.2640602315577283,0.7118134049313669,0.26719685015880645
tc_ddh,big_rw,0.5,0.99,1,0.7065732488074316,0.24210697246602603,0.7145312419393814,0.24637337510242333
tc_ddh,big_rw,0.5,0.25,9,0.7100426343864743,0.26250306926701406,0.7356438830458195,0.2507218644498235
tc_ddh,big_rw,0.5,0.25,7,0.7266000224448516,0.2547687945977731,0.7138841960841877,0.25879124751515736
tc_ddh,big_rw,0.5,0.25,5,0.7159655977336865,0.27069680367164645,0.723022701498352,0.2712867453672643
tc_ddh,big_rw,0.5,0.25,4,0.7274915421845561,0.25087490737573903,0.7281876189349292,0.24881601821853627
tc_ddh,big_rw,0.5,0.25,0,0.7244648592006211,0.2631012545633435,0.7361011416415183,0.25714771466073255
tc_ddh,big_rw,0.5,0.25,3,0.7273363789769177,0.24078205469831399,0.722581746457346,0.24466889378134013
tc_ddh,big_rw,0.5,0.25,6,0.7216754063350141,0.2587965627132827,0.7243721128354313,0.2563295218060779
tc_ddh,big_rw,0.5,0.25,2,0.7126123099036816,0.26676621791729416,0.719255579338502,0.2628856006620017
tc_ddh,big_rw,0.5,0.25,8,0.7095627042038329,0.2591791184851183,0.715956883147528,0.25873757965623106
tc_ddh,big_rw,0.5,0.25,1,0.7168118057780049,0.25840936465502645,0.716678930120037,0.2660209172437342
tc_ddh,big_rw,0.5,0.75,9,0.7061264147688154,0.27370788769293547,0.7352048372784926,0.2571878760020608
tc_ddh,big_rw,0.5,0.75,7,0.7261698294570785,0.2477877165068144,0.7114768278963302,0.25975065606900904
tc_ddh,big_rw,0.5,0.75,5,0.7143109547338886,0.2610151777949698,0.7185706676723229,0.2656359961438177
tc_ddh,big_rw,0.5,0.75,4,0.7249131743709915,0.23863510524216783,0.7260037755224995,0.23938131047659986
tc_ddh,big_rw,0.5,0.75,0,0.7149109161936252,0.24846121531620577,0.7299973829011138,0.24820855024324345
tc_ddh,big_rw,0.5,0.75,3,0.7164794212806792,0.2536049502536032,0.7164563255398925,0.2562291203151983
tc_ddh,big_rw,0.5,0.75,6,0.7130288744780025,0.25350667370391633,0.7185330223342705,0.2509695956268328
tc_ddh,big_rw,0.5,0.75,2,0.7162228914616247,0.2616158898727371,0.7227456094479289,0.2600858623117412
tc_ddh,big_rw,0.5,0.75,8,0.7105717193347317,0.2538579871897828,0.7099546306453943,0.25919021686360016
tc_ddh,big_rw,0.5,0.75,1,0.7030009544876068,0.2428778689321874,0.7216949088114949,0.2441631569830941
tc_ddh,big_rw,0.5,0.01,9,0.6895553595312435,0.2605114516981274,0.7079383280702213,0.24963153149026288
tc_ddh,big_rw,0.5,0.01,7,0.7269949759314207,0.262629785887657,0.7075479618482651,0.2709918434671691
tc_ddh,big_rw,0.5,0.01,5,0.704681723755373,0.2463935467697803,0.7161440342529994,0.24424887369498094
tc_ddh,big_rw,0.5,0.01,4,0.6955067296970459,0.24234290539914793,0.7074952480305515,0.24227350733052194
tc_ddh,big_rw,0.5,0.01,0,0.6963185570676592,0.26834017012348577,0.7123764886786039,0.25976116140853717
tc_ddh,big_rw,0.5,0.01,3,0.7208055414285505,0.27222235908660025,0.7209531677091452,0.2767774241569586
tc_ddh,big_rw,0.5,0.01,6,0.6987172614406266,0.2536073802478015,0.7039240509073094,0.2504829314334481
tc_ddh,big_rw,0.5,0.01,2,0.7151912579577728,0.24637740911813702,0.7129221518117084,0.24303178045038218
tc_ddh,big_rw,0.5,0.01,8,0.6940081814084769,0.2564189745245978,0.6926920323013785,0.26114473926424897
tc_ddh,big_rw,0.5,0.01,1,0.6953047217917528,0.2589764820371741,0.7063939202232944,0.26144237566160866
tc_ddh,big_rw,0.5,0.9,9,0.7094090407830925,0.26027399439466453,0.7350947360179555,0.24596508870260128
tc_ddh,big_rw,0.5,0.9,7,0.7203788951169436,0.2450340751262525,0.7082800032715725,0.25290364401318016
tc_ddh,big_rw,0.5,0.9,5,0.7076858790609345,0.27040803061605206,0.7192252111959453,0.2678710786329124
tc_ddh,big_rw,0.5,0.9,4,0.7194409799638996,0.250354912944848,0.7221237694000306,0.24698765068213355
tc_ddh,big_rw,0.5,0.9,0,0.7064450362551953,0.24805675468650404,0.7299132230821607,0.23577873257062731
tc_ddh,big_rw,0.5,0.9,3,0.7233465026571132,0.2513289295787823,0.7235307782657875,0.2553023141127678
tc_ddh,big_rw,0.5,0.9,6,0.7075308433400912,0.26447567126729904,0.7198401722056149,0.2565527535935406
tc_ddh,big_rw,0.5,0.9,2,0.7168197244200488,0.25395390198714923,0.7153446560368806,0.25271644105276236
tc_ddh,big_rw,0.5,0.9,8,0.7101115759734291,0.27615035227653295,0.7113341664307907,0.27831652403617
tc_ddh,big_rw,0.5,0.9,1,0.7067718298458102,0.24208694638605732,0.719110623589816,0.24675142682636755
tc_ddh,big_rw,0.5,0.05,9,0.7025409185728108,0.24667767308631589,0.7214294025280337,0.23393978125750575
tc_ddh,big_rw,0.5,0.05,7,0.7170465936684917,0.25453045824336173,0.7124285088291833,0.25556038016984106
tc_ddh,big_rw,0.5,0.05,5,0.7051865714312039,0.25003041083091804,0.7129189986134298,0.25065100500975607
tc_ddh,big_rw,0.5,0.05,4,0.7097803594551255,0.2489751804721,0.7096294277988313,0.24861922175065068
tc_ddh,big_rw,0.5,0.05,0,0.7073517554790002,0.26109755851856514,0.7263986004493591,0.24951078226942966
tc_ddh,big_rw,0.5,0.05,3,0.7203455468453599,0.26146351712355187,0.7236173499406211,0.26390575101136005
tc_ddh,big_rw,0.5,0.05,6,0.7026595882933929,0.2460346202990592,0.7036395344552133,0.24344665278440825
tc_ddh,big_rw,0.5,0.05,2,0.7153038935547469,0.25266607163886273,0.7133092111460096,0.24864276425522597
tc_ddh,big_rw,0.5,0.05,8,0.7037921115034759,0.2728277335098716,0.7085171857469978,0.27664144997660317
tc_ddh,big_rw,0.5,0.05,1,0.699216281264339,0.24956742443443772,0.7105348042236963,0.25220274825883576
tc_ddh,big_rw,0.5,0.001,9,0.7214884230577233,0.30445925539414126,0.7398576349923011,0.29083779891112377
tc_ddh,big_rw,0.5,0.001,7,0.7417793020518606,0.2832901929837412,0.7270352132778177,0.287543093241234
tc_ddh,big_rw,0.5,0.001,5,0.7070775145777137,0.27134630929764697,0.7217098215664505,0.2677390008514415
tc_ddh,big_rw,0.5,0.001,4,0.7325367164234069,0.26434795170375813,0.7346156685269275,0.2623217096278798
tc_ddh,big_rw,0.5,0.001,0,0.7089390570663018,0.27522526545935183,0.7226331272594196,0.2691684610805323
tc_ddh,big_rw,0.5,0.001,3,0.7333182082410404,0.2801645561334484,0.7338588604887961,0.28447719005128985
tc_ddh,big_rw,0.5,0.001,6,0.7178021196132454,0.2754418746666105,0.7254053140086146,0.2726993992726186
tc_ddh,big_rw,0.5,0.001,2,0.71777699128879,0.2721006469561944,0.7221257731713205,0.27013102339193257
tc_ddh,big_rw,0.5,0.001,8,0.7154250009603227,0.28047994909532686,0.721512098945567,0.28510835377499383
tc_ddh,big_rw,0.5,0.001,1,0.7121197200169687,0.2607358583260069,0.7208594553940642,0.2654254273282001
tc_ddh,big_rw,0.5,0.003,9,0.6871080602949631,0.25643278500879246,0.7076697353655036,0.2449950864889252
tc_ddh,big_rw,0.5,0.003,7,0.7308146667888302,0.2801533156955859,0.7092349341108554,0.28756454282384186
tc_ddh,big_rw,0.5,0.003,5,0.7032048478384227,0.2552230944286518,0.7138953954922108,0.25096591370022514
tc_ddh,big_rw,0.5,0.003,4,0.7217415274270423,0.26063902632853997,0.7267571431517905,0.25775191540139414
tc_ddh,big_rw,0.5,0.003,0,0.7141480775652146,0.28145165515727677,0.7238222240562426,0.2757909596892887
tc_ddh,big_rw,0.5,0.003,3,0.7315173090941065,0.27840771252779056,0.7322137272823984,0.28414168037889226
tc_ddh,big_rw,0.5,0.003,6,0.7120969680823414,0.27260935567359545,0.7180005701167764,0.27073080085042944
tc_ddh,big_rw,0.5,0.003,2,0.708107157435795,0.27087426054866065,0.7042598721783916,0.2688242795217108
tc_ddh,big_rw,0.5,0.003,8,0.713059360928229,0.277996148301852,0.7214522956092445,0.282724665021524
tc_ddh,big_rw,0.5,0.003,1,0.6979103539179443,0.25201452555087794,0.7066342115052009,0.25436563546589985
tc_ddh,big_rw,0.5,0.5,9,0.7141708631313424,0.25967136982447725,0.731530717436125,0.24804107722287505
tc_ddh,big_rw,0.5,0.5,7,0.7255352473623233,0.2644734567009446,0.7124604662424094,0.2690719135047016
tc_ddh,big_rw,0.5,0.5,5,0.7178429915598574,0.2518028982304565,0.7247078259672805,0.2527499357722727
tc_ddh,big_rw,0.5,0.5,4,0.7258614461713594,0.24563999405252815,0.7343860759424966,0.23942518250033423
tc_ddh,big_rw,0.5,0.5,0,0.7184650383726833,0.2418298970201819,0.7302829833189809,0.23765263405498321
tc_ddh,big_rw,0.5,0.5,3,0.7261105409047809,0.26779975415077284,0.7203466232161893,0.27395023287099896
tc_ddh,big_rw,0.5,0.5,6,0.7187432313597061,0.26071357475941614,0.72552128833385,0.25352153312817816
tc_ddh,big_rw,0.5,0.5,2,0.7215276209624888,0.25764255590879737,0.7222605672611682,0.2574915722411102
tc_ddh,big_rw,0.5,0.5,8,0.7032848988036272,0.26247091861226773,0.7104433402625826,0.2633358187737395
tc_ddh,big_rw,0.5,0.5,1,0.7098904178967509,0.23776655594269155,0.7202262810783513,0.2426996528184536
tc_ddh,big_rw,0.1,0.95,9,0.7029297822525645,0.2493437869003487,0.726645211872885,0.232580771412072
tc_ddh,big_rw,0.1,0.95,7,0.7244574607716583,0.25109770084217653,0.7129159947936499,0.26021388836119586
tc_ddh,big_rw,0.1,0.95,5,0.6950121158022471,0.2549895514172621,0.7117497064578197,0.24585654495750656
tc_ddh,big_rw,0.1,0.95,4,0.7176735984559037,0.2411110478070981,0.7217734100306449,0.23790262440178825
tc_ddh,big_rw,0.1,0.95,0,0.6989464139797644,0.25315003526374424,0.7135745444238962,0.24291465286775313
tc_ddh,big_rw,0.1,0.95,3,0.7089656336554291,0.25260179014787976,0.7187465398468522,0.2507698551354687
tc_ddh,big_rw,0.1,0.95,6,0.7049920617386634,0.26502238914054854,0.7199144174512095,0.25091451188893793
tc_ddh,big_rw,0.1,0.95,2,0.7178310020931222,0.25214555838330754,0.7107949494982303,0.2515711304213267
tc_ddh,big_rw,0.1,0.95,8,0.698717008857151,0.25437369092165274,0.6949599588249971,0.2632949325824402
tc_ddh,big_rw,0.1,0.95,1,0.7021511683274607,0.24500397957138342,0.7081902672527783,0.25052119898351316
tc_ddh,big_rw,0.1,0.1,9,0.7171411542707129,0.25629563150232554,0.7363210737618637,0.24297362170109907
tc_ddh,big_rw,0.1,0.1,7,0.7164594493638186,0.245457193101801,0.7111063385633355,0.244298407199664
tc_ddh,big_rw,0.1,0.1,5,0.7115078713421578,0.2550125756440527,0.7230847422545231,0.25008899358941283
tc_ddh,big_rw,0.1,0.1,4,0.726480720188333,0.2495133559323727,0.7190660629593887,0.2525296719532177
tc_ddh,big_rw,0.1,0.1,0,0.7111773504795568,0.25012396492730404,0.7253026224199586,0.24204739733451885
tc_ddh,big_rw,0.1,0.1,3,0.7246119626815486,0.25125251219089056,0.7249289515220332,0.255802512664911
tc_ddh,big_rw,0.1,0.1,6,0.7154926595449741,0.24785582006884757,0.7142284238980813,0.24678700883663407
tc_ddh,big_rw,0.1,0.1,2,0.7168047968108113,0.24538224127498845,0.717016319287681,0.23906539957387885
tc_ddh,big_rw,0.1,0.1,8,0.7060519807805611,0.25834742720749454,0.7111049654087761,0.2579414989942493
tc_ddh,big_rw,0.1,0.1,1,0.7082952764767503,0.2491357072720254,0.7223161364420057,0.24893921978877515
tc_ddh,big_rw,0.1,0.99,9,0.7058508569874044,0.25692975125259243,0.7276877756609338,0.2438349247744313
tc_ddh,big_rw,0.1,0.99,7,0.7231110407525856,0.2484074825025196,0.7148846256134875,0.2500484505191247
tc_ddh,big_rw,0.1,0.99,5,0.7000175057218779,0.24896557114405804,0.7128469338049515,0.24850503803727733
tc_ddh,big_rw,0.1,0.99,4,0.7166002262638254,0.24843015022139356,0.7152226939514567,0.24822428975996216
tc_ddh,big_rw,0.1,0.99,0,0.7018457437133682,0.25671613971811125,0.7199239955389867,0.24225705040709308
tc_ddh,big_rw,0.1,0.99,3,0.7140833786995641,0.24805812565652116,0.721423205768116,0.24886569043958492
tc_ddh,big_rw,0.1,0.99,6,0.7128133609710454,0.251082078280591,0.7180257701453906,0.2483321665876322
tc_ddh,big_rw,0.1,0.99,2,0.7176355861176491,0.2482176646268235,0.7092691778426666,0.24849846630074493
tc_ddh,big_rw,0.1,0.99,8,0.692108636033364,0.25171541418845056,0.6972652286084007,0.2582219163805317
tc_ddh,big_rw,0.1,0.99,1,0.7047178417758231,0.2443259475679459,0.7050675666502852,0.25139402267552136
tc_ddh,big_rw,0.1,0.25,9,0.7160397344044842,0.2634008846396441,0.7363520652277927,0.2513830853930966
tc_ddh,big_rw,0.1,0.25,7,0.7285617783695605,0.26012434432705206,0.7197259028917126,0.2673126227216655
tc_ddh,big_rw,0.1,0.25,5,0.7144415701819565,0.2571121394872389,0.7231373007990525,0.25594170578274755
tc_ddh,big_rw,0.1,0.25,4,0.7242207897354858,0.2629856066622894,0.729094862445275,0.2578544913051198
tc_ddh,big_rw,0.1,0.25,0,0.7116480843520351,0.24467632103304685,0.7206651449123489,0.23847715685181914
tc_ddh,big_rw,0.1,0.25,3,0.7263946791517428,0.2509595652941829,0.7250426616529274,0.2551372723855041
tc_ddh,big_rw,0.1,0.25,6,0.7181484032506801,0.2655240116810196,0.726982889993475,0.26102927882970806
tc_ddh,big_rw,0.1,0.25,2,0.7237420639401072,0.24606596313073958,0.7233427093720328,0.24813521780769
tc_ddh,big_rw,0.1,0.25,8,0.7024395443038797,0.2697288241871987,0.7078780206773417,0.27394933357491824
tc_ddh,big_rw,0.1,0.25,1,0.7129543555801813,0.25490188037365297,0.7246739776759896,0.2579322732117483
tc_ddh,big_rw,0.1,0.75,9,0.7035398493329014,0.25005157987493126,0.7264225626571321,0.23535066183510117
tc_ddh,big_rw,0.1,0.75,17,0.7151678200148094,0.24923631294316637,0.7131320551911254,0.25310732709887046
tc_ddh,big_rw,0.1,0.75,7,0.7243980957657842,0.24634865983234958,0.7048573101499452,0.25677036734650177
tc_ddh,big_rw,0.1,0.75,5,0.7067301100042219,0.2431999978753827,0.7141652321435055,0.24085787160464406
tc_ddh,big_rw,0.1,0.75,15,0.7159255915853288,0.24328202183392716,0.717502315981082,0.2449583044766869
tc_ddh,big_rw,0.1,0.75,18,0.7036708959484037,0.25782498152833144,0.7181444393689775,0.2530802679539092
tc_ddh,big_rw,0.1,0.75,27,0.7113671895109613,0.24058232285306652,0.7119407813279769,0.24491147685065076
tc_ddh,big_rw,0.1,0.75,24,0.7110059653929062,0.2490800839022066,0.7092345794600136,0.24826878879804767
tc_ddh,big_rw,0.1,0.75,28,0.7075837612204943,0.25394667813202176,0.706239364996047,0.2541828395924747
tc_ddh,big_rw,0.1,0.75,25,0.7174803713182666,0.2513221859837207,0.7059818536127901,0.25369365636120017
tc_ddh,big_rw,0.1,0.75,16,0.697121979200439,0.2524903452311735,0.6961950458695723,0.25593825679345844
tc_ddh,big_rw,0.1,0.75,4,0.7176194424421762,0.23680497331539319,0.7142337632449953,0.23721658103293228
tc_ddh,big_rw,0.1,0.75,26,0.7046762190681671,0.24534352055203315,0.7104813100161325,0.23721512864057415
tc_ddh,big_rw,0.1,0.75,11,0.7060624030852134,0.2573799511427249,0.6993709517975674,0.25453702033503234
tc_ddh,big_rw,0.1,0.75,19,0.7009003858331485,0.24611973110980176,0.7112231304644268,0.24968259080477417
tc_ddh,big_rw,0.1,0.75,10,0.7016962334427678,0.26723463202822767,0.7198513605115439,0.24780361010997703
tc_ddh,big_rw,0.1,0.75,23,0.7042683571738894,0.25481209983424263,0.711094836658157,0.2435820721365395
tc_ddh,big_rw,0.1,0.75,0,0.7061713916511249,0.2551329904621578,0.7228204507274123,0.24886403809053517
tc_ddh,big_rw,0.1,0.75,3,0.7121741976418968,0.2550652427200789,0.7173578650502278,0.2584315033414561
tc_ddh,big_rw,0.1,0.75,6,0.7075148693489975,0.2523383277743101,0.7154046962014615,0.24455462840390874
tc_ddh,big_rw,0.1,0.75,12,0.7032779755506883,0.2607941301981823,0.7092903331512241,0.25409377334909555
tc_ddh,big_rw,0.1,0.75,29,0.7153599780972175,0.24983464138307007,0.7198987899457742,0.24937867608668743
tc_ddh,big_rw,0.1,0.75,20,0.710625511578455,0.24736057279170123,0.7137403483355572,0.24220913682716033
tc_ddh,big_rw,0.1,0.75,2,0.7126364654895387,0.25228355599890356,0.6979418728907973,0.253174126976244
tc_ddh,big_rw,0.1,0.75,8,0.6986280099354176,0.25482003990926655,0.7069988304524001,0.2542066835888574
tc_ddh,big_rw,0.1,0.75,1,0.7075894209874726,0.2434585827081679,0.7114487256416592,0.24987174753321018
tc_ddh,big_rw,0.1,0.75,21,0.7251365927692558,0.23731522539011707,0.71162018963086,0.2434379348483895
tc_ddh,big_rw,0.1,0.75,14,0.7176085530296412,0.25646123108253055,0.7068680649808885,0.25448879313552514
tc_ddh,big_rw,0.1,0.75,13,0.7045724557327181,0.2504333648258115,0.7053440583932757,0.25388759059363064
tc_ddh,big_rw,0.1,0.75,22,0.7083405216142112,0.24739351883096142,0.710176571411845,0.24174889462761673
tc_ddh,big_rw,0.1,0.01,9,0.6976360441476557,0.28229490410322455,0.7147969569642717,0.269889292614803
tc_ddh,big_rw,0.1,0.01,7,0.696569190592029,0.2505267586435173,0.6854802847134693,0.25838192088809364
tc_ddh,big_rw,0.1,0.01,5,0.6997202336336404,0.251480159330157,0.711135800984091,0.24336060831964043
tc_ddh,big_rw,0.1,0.01,4,0.7079165802426948,0.23578243106594787,0.7036787462399465,0.2446419996159269
tc_ddh,big_rw,0.1,0.01,0,0.69180586435589,0.25510566141354024,0.7088667527449675,0.23974759841787413
tc_ddh,big_rw,0.1,0.01,3,0.7021647697883157,0.24862151451613396,0.7004136986241888,0.25151171957659296
tc_ddh,big_rw,0.1,0.01,6,0.6956405083086413,0.24822653999225394,0.7038712121376344,0.23901817694421745
tc_ddh,big_rw,0.1,0.01,2,0.7051072508012055,0.2737668854479951,0.7084912697819801,0.27392552013562643
tc_ddh,big_rw,0.1,0.01,8,0.6848228975560193,0.2586036625841032,0.6956662335209336,0.2608214610151878
tc_ddh,big_rw,0.1,0.01,1,0.6960562996182049,0.25254274026415013,0.7081704466159656,0.25209300473619406
tc_ddh,big_rw,0.1,0.9,9,0.7043878858417384,0.24829156622210696,0.7241759532322468,0.2375421966041102
tc_ddh,big_rw,0.1,0.9,7,0.7259616453268898,0.2500382968113781,0.7050219720757207,0.259379024333891
tc_ddh,big_rw,0.1,0.9,5,0.7063707820288319,0.24061857604439252,0.7165357850539754,0.2382260659604771
tc_ddh,big_rw,0.1,0.9,4,0.7138534332475682,0.2575197179049694,0.7162417485076482,0.2579757004777735
tc_ddh,big_rw,0.1,0.9,0,0.7027302021658102,0.24739483064042017,0.7181281335958396,0.24206306051382628
tc_ddh,big_rw,0.1,0.9,3,0.7131707168805257,0.24326140122971163,0.7123831146697467,0.24886736654112723
tc_ddh,big_rw,0.1,0.9,6,0.7090697613973073,0.24592306527406896,0.72338687300703,0.24406392163451102
tc_ddh,big_rw,0.1,0.9,2,0.7171318471586517,0.26126108054873626,0.7101702411460854,0.2632133523820957
tc_ddh,big_rw,0.1,0.9,8,0.697856235091328,0.25064444862602414,0.6923194115135223,0.257743078120874
tc_ddh,big_rw,0.1,0.9,1,0.6997224735297428,0.25328417425560545,0.7051305582631692,0.26040701143230816
tc_ddh,big_rw,0.1,0.05,9,0.7036358483637168,0.2572162235300097,0.7220111721516125,0.24507550954991164
tc_ddh,big_rw,0.1,0.05,7,0.7097872564205016,0.2554989605521918,0.7036491574346755,0.26074423789875917
tc_ddh,big_rw,0.1,0.05,5,0.7081923526552061,0.2485892078596187,0.717360737466819,0.24694721567185615
tc_ddh,big_rw,0.1,0.05,4,0.7205641756886072,0.24570388168315552,0.7161625037858351,0.24971874838465333
tc_ddh,big_rw,0.1,0.05,0,0.7049370047317712,0.25355225532980774,0.7160857648281457,0.24412913869391975
tc_ddh,big_rw,0.1,0.05,3,0.7201623631617884,0.24787549908684814,0.7171212177133788,0.25563241984694474
tc_ddh,big_rw,0.1,0.05,6,0.7049787952036873,0.24850616151051202,0.7133634938837092,0.24154242560376551
tc_ddh,big_rw,0.1,0.05,2,0.7095209377361277,0.2510867906152152,0.7045624822033908,0.25016709077685106
tc_ddh,big_rw,0.1,0.05,8,0.7043212357919578,0.25742521115675615,0.7029346390124493,0.26226818938363533
tc_ddh,big_rw,0.1,0.05,1,0.6960960699351555,0.2652999804083523,0.7158977798171614,0.26461118835874725
tc_ddh,big_rw,0.1,0.001,9,0.7208085876676671,0.2895003209461565,0.7381775713129942,0.27753726175527516
tc_ddh,big_rw,0.1,0.001,17,0.7234747996231516,0.278194740770261,0.725485479498365,0.2775802073764697
tc_ddh,big_rw,0.1,0.001,7,0.7327509418434379,0.26485978135878835,0.7156816651653904,0.2711310919945369
tc_ddh,big_rw,0.1,0.001,5,0.7215237999231483,0.28704054973250026,0.7255441570340943,0.28767920972918165
tc_ddh,big_rw,0.1,0.001,15,0.7267063870533831,0.26318622708586403,0.7205967917567326,0.26762480542580397
tc_ddh,big_rw,0.1,0.001,18,0.7204192199244557,0.2899616756066544,0.7256522816869697,0.29029504496557473
tc_ddh,big_rw,0.1,0.001,27,0.7224292886734531,0.2757873176486105,0.723216051593634,0.2771494225884361
tc_ddh,big_rw,0.1,0.001,24,0.7244015069780769,0.2664258887729689,0.7180030872776312,0.2687744494625988
tc_ddh,big_rw,0.1,0.001,28,0.7218996017009737,0.2800475322997044,0.7205270081652971,0.28370006456395236
tc_ddh,big_rw,0.1,0.001,25,0.7257970763024335,0.27253226982652495,0.7185187471336625,0.27223713613916734
tc_ddh,big_rw,0.1,0.001,16,0.7237348885474464,0.2870248420632929,0.7312627941988801,0.2939368539825152
tc_ddh,big_rw,0.1,0.001,4,0.7286006573456946,0.2844314534465785,0.7384025892398695,0.2802812940545225
tc_ddh,big_rw,0.1,0.001,26,0.6866843890514644,0.2704454924996322,0.703189448103482,0.26146762055227674
tc_ddh,big_rw,0.1,0.001,11,0.7212614086811776,0.27515262069302815,0.7130511496379474,0.27439146791999014
tc_ddh,big_rw,0.1,0.001,19,0.73403875038445,0.2868116322653446,0.7369898737448036,0.2896410472300027
tc_ddh,big_rw,0.1,0.001,10,0.7228205394651244,0.2909133983615318,0.7298490322531626,0.28084947493054085
tc_ddh,big_rw,0.1,0.001,23,0.7242143138795915,0.28084936434264035,0.7294451576590648,0.27397000223099527
tc_ddh,big_rw,0.1,0.001,0,0.7289066975059791,0.27943270890759,0.7391300806739736,0.2743558107000225
tc_ddh,big_rw,0.1,0.001,3,0.7333621723250976,0.2753066275242863,0.7328856754544606,0.2812369951475512
tc_ddh,big_rw,0.1,0.001,6,0.7210781415154823,0.28995961429233535,0.729624557509175,0.28829410644380926
tc_ddh,big_rw,0.1,0.001,12,0.7232128899012843,0.2959569011739739,0.727571143278301,0.2880823201103481
tc_ddh,big_rw,0.1,0.001,29,0.7290674151565951,0.27642715358425474,0.7311046921310701,0.2786397139873257
tc_ddh,big_rw,0.1,0.001,20,0.7091302949723477,0.2799001365123681,0.7173358830734163,0.2753651241897058
tc_ddh,big_rw,0.1,0.001,2,0.7192312118396026,0.2903535072200837,0.7245815699126599,0.2911302343144265
tc_ddh,big_rw,0.1,0.001,8,0.7131091354011742,0.28212171665340907,0.7168804523188811,0.2867351706038239
tc_ddh,big_rw,0.1,0.001,1,0.7149068887599885,0.2636988546062876,0.7182100064349191,0.26895338763842647
tc_ddh,big_rw,0.1,0.001,21,0.7283825681608759,0.2672179085520422,0.7220526518665178,0.26940360913654676
tc_ddh,big_rw,0.1,0.001,14,0.7274036538783998,0.28233418493652734,0.7203009153696535,0.2742096296329746
tc_ddh,big_rw,0.1,0.001,13,0.7109589821033026,0.2733415227812308,0.716019512047293,0.2762702988989218
tc_ddh,big_rw,0.1,0.001,22,0.7247571988598572,0.2794178486407832,0.7242710073579552,0.274728605228016
tc_ddh,big_rw,0.1,0.003,9,0.7042110312891939,0.2810556628433482,0.7256407077798366,0.2675060614366722
tc_ddh,big_rw,0.1,0.003,7,0.7299130777041845,0.28377223692322706,0.7212560671690661,0.2886950643155008
tc_ddh,big_rw,0.1,0.003,5,0.7213286897102668,0.275256917992994,0.7318346562373176,0.27465307163192976
tc_ddh,big_rw,0.1,0.003,4,0.7279421202187686,0.27839434605823155,0.7362537546257749,0.27253547396787475
tc_ddh,big_rw,0.1,0.003,0,0.7023034468904146,0.2573411049567693,0.7111787044165987,0.2507609637598933
tc_ddh,big_rw,0.1,0.003,3,0.6911173010611628,0.25592171480850906,0.6999716131749606,0.25786935697385593
tc_ddh,big_rw,0.1,0.003,6,0.7129814939959453,0.26839153378037184,0.7150925410083047,0.2670331394962726
tc_ddh,big_rw,0.1,0.003,2,0.7132330270368858,0.2805723862764923,0.7189859911588069,0.27997354552594306
tc_ddh,big_rw,0.1,0.003,8,0.6992612818982685,0.2608155695160581,0.7089401387545644,0.26027632799425743
tc_ddh,big_rw,0.1,0.003,1,0.6932664254114469,0.25981572818567705,0.7067767571809082,0.2647679218113529
tc_ddh,big_rw,0.1,0.5,9,0.7048649063779593,0.26333798606678377,0.7256999721620516,0.25210533530029355
tc_ddh,big_rw,0.1,0.5,7,0.7214279479604732,0.24246418169179196,0.7128428718989799,0.24605479660541166
tc_ddh,big_rw,0.1,0.5,5,0.7125473751985653,0.26605177218838677,0.7190282521141268,0.2662424146733718
tc_ddh,big_rw,0.1,0.5,4,0.7202906878192835,0.2472661712008174,0.725630619726291,0.2436591539570216
tc_ddh,big_rw,0.1,0.5,0,0.7173894630539064,0.2503758862388775,0.7310838590154712,0.24174958660762957
tc_ddh,big_rw,0.1,0.5,3,0.7029764770439635,0.2535655188115522,0.7178946637111079,0.25024802661486123
tc_ddh,big_rw,0.1,0.5,6,0.7101083415639999,0.24493782421600027,0.7203791276562997,0.24153564136313727
tc_ddh,big_rw,0.1,0.5,2,0.7150061556032274,0.24221088628945983,0.7146874671811578,0.2431390143931107
tc_ddh,big_rw,0.1,0.5,8,0.7026086152038292,0.2510924077344543,0.7010155201834907,0.25598472142217293
tc_ddh,big_rw,0.1,0.5,1,0.7041237219389301,0.23731461097500844,0.717809520965075,0.24131993702366136
tc_ddh,nasa,0.95,0.95,9,0.569620253164557,0.21382676759420569,0.5373134328358209,0.22572815991972062
tc_ddh,nasa,0.95,0.95,7,0.5071428571428571,0.16580895379366925,0.5833333333333334,0.20954004438529367
tc_ddh,nasa,0.95,0.95,5,0.5190114068441065,0.26960838968498346,0.551094890510949,0.17059854330627583
tc_ddh,nasa,0.95,0.95,4,0.5341880341880342,0.3120614369484103,0.6071428571428571,0.2489076802950424
tc_ddh,nasa,0.95,0.95,0,0.6073059360730594,0.19712398449568924,0.5879120879120879,0.20684631788321423
tc_ddh,nasa,0.95,0.95,3,0.5703125,0.18154977928425717,0.4625984251968504,0.2355817464956691
tc_ddh,nasa,0.95,0.95,6,0.5822784810126582,0.239722552353204,0.5159574468085106,0.27963619892946695
tc_ddh,nasa,0.95,0.95,2,0.5381679389312977,0.22001682929191918,0.4403846153846154,0.21235172882086098
tc_ddh,nasa,0.95,0.95,8,0.5227272727272727,0.16569474352816785,0.5307692307692308,0.2072784195992507
tc_ddh,nasa,0.95,0.95,1,0.5,0.13034661541069745,0.5950413223140496,0.15692503992413287
tc_ddh,nasa,0.95,0.1,9,0.5506329113924051,0.15867526467441656,0.667910447761194,0.15335226740280347
tc_ddh,nasa,0.95,0.1,17,0.5570175438596491,0.15250882288463924,0.5506072874493927,0.15247497578734553
tc_ddh,nasa,0.95,0.1,7,0.5142857142857142,0.15110484916785127,0.4537037037037037,0.22488404716274243
tc_ddh,nasa,0.95,0.1,5,0.5285171102661597,0.25432756095434367,0.5,0.16400965125052608
tc_ddh,nasa,0.95,0.1,15,0.40082644628099173,0.20600171756820027,0.6049382716049383,0.19082050382598945
tc_ddh,nasa,0.95,0.1,18,0.45871559633027525,0.17101848591795887,0.4893162393162393,0.1853533944041972
tc_ddh,nasa,0.95,0.1,27,0.60727969348659,0.1502114172055438,0.65,0.1696248887475674
tc_ddh,nasa,0.95,0.1,24,0.6691729323308271,0.16089351871745308,0.516260162601626,0.16099902983319997
tc_ddh,nasa,0.95,0.1,28,0.3450413223140496,0.19855203912302757,0.6320346320346321,0.18526643117593405
tc_ddh,nasa,0.95,0.1,25,0.5099206349206349,0.16137956943473114,0.5798319327731093,0.16378952827405108
tc_ddh,nasa,0.95,0.1,16,0.6306122448979592,0.13622795559904385,0.490521327014218,0.12969121488562063
tc_ddh,nasa,0.95,0.1,4,0.5512820512820513,0.15801634199509004,0.5714285714285714,0.14751231089916886
tc_ddh,nasa,0.95,0.1,26,0.5191489361702127,0.12817664041912658,0.6254901960784314,0.15420618882287604
tc_ddh,nasa,0.95,0.1,11,0.5845864661654135,0.158544803066128,0.578125,0.1350586286778367
tc_ddh,nasa,0.95,0.1,19,0.5681818181818182,0.13078254982163884,0.533203125,0.16356818845839835
tc_ddh,nasa,0.95,0.1,10,0.48008849557522126,0.2634144509447739,0.5382978723404256,0.17377850175610451
tc_ddh,nasa,0.95,0.1,23,0.47551020408163264,0.2356032704218282,0.44634146341463415,0.21018088494132967
tc_ddh,nasa,0.95,0.1,0,0.636986301369863,0.12120377254324696,0.5256410256410257,0.15139740158219706
tc_ddh,nasa,0.95,0.1,3,0.4765625,0.1925721931238294,0.4921259842519685,0.2168433831478815
tc_ddh,nasa,0.95,0.1,6,0.4620253164556962,0.16306905991731308,0.5460992907801419,0.18097977143229355
tc_ddh,nasa,0.95,0.1,12,0.5040983606557377,0.17938959442661462,0.5764462809917356,0.14418264302894798
tc_ddh,nasa,0.95,0.1,29,0.6314655172413793,0.1905377688931225,0.5212765957446809,0.15394941553664207
tc_ddh,nasa,0.95,0.1,20,0.5244360902255639,0.2837900486600867,0.4879310344827586,0.18058629247598712
tc_ddh,nasa,0.95,0.1,2,0.48282442748091603,0.14517344248657413,0.39807692307692305,0.14276774557298574
tc_ddh,nasa,0.95,0.1,8,0.5371900826446281,0.17130540504872574,0.5019230769230769,0.19913834455638754
tc_ddh,nasa,0.95,0.1,1,0.5052816901408451,0.27475720641427287,0.5723140495867769,0.27788941169590164
tc_ddh,nasa,0.95,0.1,21,0.491869918699187,0.2218970064030198,0.6140350877192983,0.16853555512061902
tc_ddh,nasa,0.95,0.1,14,0.4961089494163424,0.12870855975184442,0.4150197628458498,0.20158910434224148
tc_ddh,nasa,0.95,0.1,13,0.5,0.18941865183791934,0.4710884353741497,0.21101831080370984
tc_ddh,nasa,0.95,0.1,22,0.5295202952029521,0.20837864326890132,0.46559633027522934,0.20794223130662723
tc_ddh,nasa,0.95,0.99,9,0.630801687763713,0.211975583179609,0.5223880597014925,0.22440852689409768
tc_ddh,nasa,0.95,0.99,7,0.49047619047619045,0.2042380759501431,0.6148148148148148,0.24405001465285456
tc_ddh,nasa,0.95,0.99,5,0.5190114068441065,0.26914929969811296,0.5456204379562044,0.17127690149922034
tc_ddh,nasa,0.95,0.99,4,0.5341880341880342,0.310670127180741,0.6134453781512605,0.24859075575368064
tc_ddh,nasa,0.95,0.99,0,0.6095890410958904,0.20292588907171275,0.5879120879120879,0.21263328627741743
tc_ddh,nasa,0.95,0.99,3,0.5625,0.18244905428258026,0.4625984251968504,0.23518431248826188
tc_ddh,nasa,0.95,0.99,6,0.5780590717299579,0.23593708870175453,0.5230496453900709,0.2752097893671429
tc_ddh,nasa,0.95,0.99,2,0.5343511450381679,0.2248571968796129,0.4423076923076923,0.21768328819747182
tc_ddh,nasa,0.95,0.99,8,0.512396694214876,0.14134570521262507,0.5019230769230769,0.18921307863319387
tc_ddh,nasa,0.95,0.99,1,0.522887323943662,0.13408491546341875,0.5950413223140496,0.16167779689153597
tc_ddh,nasa,0.95,0.25,9,0.5864978902953587,0.21863869297727526,0.6063432835820896,0.22110359411089822
tc_ddh,nasa,0.95,0.25,7,0.48095238095238096,0.16849262709078924,0.4962962962962963,0.23939423789998276
tc_ddh,nasa,0.95,0.25,5,0.5019011406844106,0.2388808576241274,0.5620437956204379,0.1375459313217644
tc_ddh,nasa,0.95,0.25,4,0.5512820512820513,0.20269156763562754,0.5987394957983193,0.1861741570568925
tc_ddh,nasa,0.95,0.25,0,0.589041095890411,0.12978782204877962,0.5805860805860806,0.15847707559045304
tc_ddh,nasa,0.95,0.25,3,0.529296875,0.21545580637972736,0.4704724409448819,0.26606687295921805
tc_ddh,nasa,0.95,0.25,6,0.5611814345991561,0.17232527784541452,0.5070921985815603,0.19719758564418033
tc_ddh,nasa,0.95,0.25,2,0.5286259541984732,0.24020776565237456,0.4461538461538462,0.24343457680322336
tc_ddh,nasa,0.95,0.25,8,0.5206611570247934,0.18133352686712667,0.5346153846153846,0.2418699361049445
tc_ddh,nasa,0.95,0.25,1,0.5070422535211268,0.23247661645259687,0.5971074380165289,0.2453686446930833
tc_ddh,nasa,0.95,0.75,9,0.5717299578059072,0.22352335417271252,0.5298507462686567,0.2320364651667236
tc_ddh,nasa,0.95,0.75,7,0.4880952380952381,0.19449887192757123,0.6111111111111112,0.23739259564389575
tc_ddh,nasa,0.95,0.75,5,0.5133079847908745,0.2717407530607985,0.5565693430656934,0.17158492988532273
tc_ddh,nasa,0.95,0.75,4,0.5427350427350427,0.25514703212566764,0.5966386554621849,0.19669302694900814
tc_ddh,nasa,0.95,0.75,0,0.5821917808219178,0.19501556838492282,0.5714285714285714,0.21358272630587757
tc_ddh,nasa,0.95,0.75,3,0.583984375,0.17412885017083019,0.4330708661417323,0.23427599304792285
tc_ddh,nasa,0.95,0.75,6,0.5780590717299579,0.2353293726945716,0.4946808510638298,0.27704303739582903
tc_ddh,nasa,0.95,0.75,2,0.5438931297709924,0.19815361987224928,0.4673076923076923,0.18952864420066337
tc_ddh,nasa,0.95,0.75,8,0.5557851239669421,0.1531477128038115,0.5173076923076924,0.20526777911967567
tc_ddh,nasa,0.95,0.75,1,0.5052816901408451,0.16300211007715118,0.5888429752066116,0.18679141447054282
tc_ddh,nasa,0.95,0.01,9,0.6244725738396625,0.4644836687732196,0.5802238805970149,0.424167153427541
tc_ddh,nasa,0.95,0.01,17,0.6337719298245614,0.48274326456588995,0.6214574898785425,0.5395050948276208
tc_ddh,nasa,0.95,0.01,7,0.5,0.1957076594562984,0.46296296296296297,0.22902279718508645
tc_ddh,nasa,0.95,0.01,5,0.29277566539923955,0.2217105143578437,0.39963503649635035,0.15802668679363702
tc_ddh,nasa,0.95,0.01,15,0.39669421487603307,0.1875349309159365,0.6378600823045267,0.16158195179187607
tc_ddh,nasa,0.95,0.01,18,0.5756880733944955,0.5256652381540651,0.6688034188034188,0.5073163827934462
tc_ddh,nasa,0.95,0.01,27,0.5019157088122606,0.17115772456977518,0.6,0.2055573995214066
tc_ddh,nasa,0.95,0.01,24,0.7180451127819549,0.440807753037947,0.6686991869918699,0.48326212040902916
tc_ddh,nasa,0.95,0.01,28,0.6570247933884298,0.4730313128477546,0.5432900432900433,0.4407926622711757
tc_ddh,nasa,0.95,0.01,25,0.5892857142857143,0.4788742086042354,0.49159663865546216,0.4526894844806769
tc_ddh,nasa,0.95,0.01,16,0.5224489795918368,0.13323979778478937,0.504739336492891,0.12513178801934235
tc_ddh,nasa,0.95,0.01,4,0.6111111111111112,0.5203679620309032,0.6596638655462185,0.4577464492907327
tc_ddh,nasa,0.95,0.01,26,0.6638297872340425,0.4807471159367296,0.6823529411764706,0.48587477526456485
tc_ddh,nasa,0.95,0.01,11,0.44360902255639095,0.17708665699542783,0.5044642857142857,0.1635532124838558
tc_ddh,nasa,0.95,0.01,19,0.5661157024793388,0.4418024764475718,0.595703125,0.4330472246624733
tc_ddh,nasa,0.95,0.01,10,0.6349557522123894,0.559177018740441,0.597872340425532,0.47159163725856723
tc_ddh,nasa,0.95,0.01,23,0.5551020408163265,0.5376226159782272,0.5707317073170731,0.45692245236015233
tc_ddh,nasa,0.95,0.01,0,0.5,0.20025030986979772,0.5,0.22570702006841364
tc_ddh,nasa,0.95,0.01,3,0.64453125,0.516789047695874,0.468503937007874,0.5095586998154242
tc_ddh,nasa,0.95,0.01,6,0.5864978902953587,0.15064040650628974,0.5141843971631206,0.18866208351634658
tc_ddh,nasa,0.95,0.01,12,0.5573770491803278,0.40896661828939007,0.5971074380165289,0.3849281453490655
tc_ddh,nasa,0.95,0.01,29,0.6487068965517241,0.45038110419834854,0.5372340425531915,0.4490284342461936
tc_ddh,nasa,0.95,0.01,20,0.5093984962406015,0.32301544550065464,0.506896551724138,0.21194912784372394
tc_ddh,nasa,0.95,0.01,2,0.5229007633587787,0.1946654778622453,0.5307692307692308,0.18620940146711623
tc_ddh,nasa,0.95,0.01,8,0.5020661157024794,0.19020046991010633,0.4442307692307692,0.20848162895685762
tc_ddh,nasa,0.95,0.01,1,0.5070422535211268,0.1947389608174196,0.5454545454545454,0.18497979801392686
tc_ddh,nasa,0.95,0.01,21,0.5304878048780488,0.20060757734902107,0.5350877192982456,0.15493394302221952
tc_ddh,nasa,0.95,0.01,14,0.48638132295719844,0.11273299287172271,0.424901185770751,0.15884803171882741
tc_ddh,nasa,0.95,0.01,13,0.6235294117647059,0.40584556649836556,0.5782312925170068,0.41078406868855055
tc_ddh,nasa,0.95,0.01,22,0.6420664206642066,0.21328039611316635,0.3738532110091743,0.22079752046391843
tc_ddh,nasa,0.95,0.9,9,0.5843881856540084,0.2386954855547333,0.503731343283582,0.24550630851590027
tc_ddh,nasa,0.95,0.9,7,0.5,0.16858962487158982,0.5648148148148148,0.21210584485389308
tc_ddh,nasa,0.95,0.9,5,0.526615969581749,0.27278771243795846,0.572992700729927,0.17295077574325612
tc_ddh,nasa,0.95,0.9,4,0.5427350427350427,0.30896529125268424,0.6134453781512605,0.2443920096083061
tc_ddh,nasa,0.95,0.9,0,0.5821917808219178,0.19109997115440933,0.5805860805860806,0.20699182292175822
tc_ddh,nasa,0.95,0.9,3,0.57421875,0.18009279436771516,0.47244094488188976,0.23725028542307916
tc_ddh,nasa,0.95,0.9,6,0.5590717299578059,0.2153269718376366,0.526595744680851,0.2501105202990227
tc_ddh,nasa,0.95,0.9,2,0.5400763358778626,0.21589936499846835,0.4480769230769231,0.20795008196430634
tc_ddh,nasa,0.95,0.9,8,0.53099173553719,0.16375280356140173,0.525,0.2075065775474308
tc_ddh,nasa,0.95,0.9,1,0.5193661971830986,0.14680326915880523,0.6012396694214877,0.17323077848905444
tc_ddh,nasa,0.95,0.05,9,0.5464135021097046,0.17613579222292514,0.6902985074626866,0.1680071313204912
tc_ddh,nasa,0.95,0.05,17,0.6381578947368421,0.15188597820662061,0.6133603238866396,0.13543574268919292
tc_ddh,nasa,0.95,0.05,7,0.5904761904761905,0.11308470117528062,0.48333333333333334,0.17666156152287524
tc_ddh,nasa,0.95,0.05,5,0.5171102661596958,0.24690375140721804,0.5054744525547445,0.15846071194310699
tc_ddh,nasa,0.95,0.05,15,0.3367768595041322,0.21001007695836255,0.5576131687242798,0.18770899552889878
tc_ddh,nasa,0.95,0.05,18,0.44724770642201833,0.21286715367388442,0.405982905982906,0.2328237793056663
tc_ddh,nasa,0.95,0.05,27,0.5804597701149425,0.1680270527064883,0.63125,0.19355246883172927
tc_ddh,nasa,0.95,0.05,24,0.6203007518796992,0.163081701933881,0.6036585365853658,0.1626456655978968
tc_ddh,nasa,0.95,0.05,28,0.3367768595041322,0.1990830935605375,0.6212121212121212,0.17421110841754694
tc_ddh,nasa,0.95,0.05,25,0.4642857142857143,0.19047902359693664,0.5840336134453782,0.1932766958592435
tc_ddh,nasa,0.95,0.05,16,0.6816326530612244,0.13819561873263686,0.5379146919431279,0.13092396420754
tc_ddh,nasa,0.95,0.05,4,0.48504273504273504,0.20871107028949626,0.542016806722689,0.19528703662734362
tc_ddh,nasa,0.95,0.05,26,0.5872340425531914,0.12942836930190565,0.5843137254901961,0.15705681988227468
tc_ddh,nasa,0.95,0.05,11,0.4323308270676692,0.18998587178107376,0.5267857142857143,0.1815474799227353
tc_ddh,nasa,0.95,0.05,19,0.5971074380165289,0.1531779295881815,0.54296875,0.1766872875122243
tc_ddh,nasa,0.95,0.05,10,0.5176991150442478,0.26759715832779385,0.5574468085106383,0.21833909472296426
tc_ddh,nasa,0.95,0.05,23,0.6285714285714286,0.1398750259784099,0.6634146341463415,0.12866851724110823
tc_ddh,nasa,0.95,0.05,0,0.5502283105022832,0.15155485500723062,0.4652014652014652,0.18186411343171763
tc_ddh,nasa,0.95,0.05,3,0.361328125,0.21454336315741965,0.44881889763779526,0.2489567574026274
tc_ddh,nasa,0.95,0.05,6,0.5042194092827004,0.12102577881507189,0.5425531914893617,0.12380587221274766
tc_ddh,nasa,0.95,0.05,12,0.5450819672131147,0.1867072777136932,0.5454545454545454,0.14224283747844027
tc_ddh,nasa,0.95,0.05,29,0.6443965517241379,0.18664723348615497,0.45567375886524825,0.17531800248785742
tc_ddh,nasa,0.95,0.05,20,0.5413533834586466,0.2629947614515666,0.49137931034482757,0.1513433391926277
tc_ddh,nasa,0.95,0.05,2,0.41030534351145037,0.13188232287331703,0.38269230769230766,0.14973277718619063
tc_ddh,nasa,0.95,0.05,8,0.5082644628099173,0.18837607273432877,0.47115384615384615,0.22204294655222173
tc_ddh,nasa,0.95,0.05,1,0.49471830985915494,0.241496915235388,0.5454545454545454,0.23019371685506004
tc_ddh,nasa,0.95,0.05,21,0.483739837398374,0.17596903777386716,0.5241228070175439,0.1380772491281909
tc_ddh,nasa,0.95,0.05,14,0.5797665369649806,0.12512489659927628,0.4367588932806324,0.20236506519045314
tc_ddh,nasa,0.95,0.05,13,0.5627450980392157,0.1921776529619155,0.4710884353741497,0.21355013028573416
tc_ddh,nasa,0.95,0.05,22,0.5719557195571956,0.22294375408120934,0.4036697247706422,0.22486927444138646
tc_ddh,nasa,0.95,0.001,9,0.5632911392405063,0.6713918402220135,0.5410447761194029,0.5887481771278812
tc_ddh,nasa,0.95,0.001,7,0.45476190476190476,0.6890583932424991,0.6777777777777778,0.6245214382878478
tc_ddh,nasa,0.95,0.001,5,0.5095057034220533,0.7096818452556802,0.5383211678832117,0.627352012401006
tc_ddh,nasa,0.95,0.001,4,0.5576923076923077,0.69948184538956,0.7184873949579832,0.6139794238691293
tc_ddh,nasa,0.95,0.001,0,0.6255707762557078,0.5618096736384433,0.575091575091575,0.6241976572569695
tc_ddh,nasa,0.95,0.001,3,0.591796875,0.7225612691717463,0.5078740157480315,0.6890500880523539
tc_ddh,nasa,0.95,0.001,6,0.630801687763713,0.587479472956169,0.5354609929078015,0.7546204643104601
tc_ddh,nasa,0.95,0.001,2,0.5534351145038168,0.5996141579472892,0.55,0.6827910750888522
tc_ddh,nasa,0.95,0.001,8,0.5475206611570248,0.6840000007833427,0.5173076923076924,0.6736588612924378
tc_ddh,nasa,0.95,0.001,1,0.5017605633802817,0.5942005285643971,0.5867768595041323,0.6648885131490004
tc_ddh,nasa,0.95,0.003,9,0.6265822784810127,0.6317100249950746,0.5205223880597015,0.5573854016506874
tc_ddh,nasa,0.95,0.003,17,0.6578947368421053,0.6027115947085102,0.6639676113360324,0.6874351985929705
tc_ddh,nasa,0.95,0.003,7,0.4523809523809524,0.6145567159573738,0.6444444444444445,0.5658994515467063
tc_ddh,nasa,0.95,0.003,5,0.6178707224334601,0.6671394162533043,0.6405109489051095,0.5852028079385422
tc_ddh,nasa,0.95,0.003,15,0.5495867768595041,0.5931305649310998,0.6851851851851852,0.6019840699763763
tc_ddh,nasa,0.95,0.003,18,0.591743119266055,0.6269630293448614,0.6282051282051282,0.5984648932103299
tc_ddh,nasa,0.95,0.003,27,0.7413793103448276,0.5453951427768515,0.5416666666666666,0.5583699562777094
tc_ddh,nasa,0.95,0.003,24,0.6785714285714286,0.6082406252864146,0.6524390243902439,0.662535697462726
tc_ddh,nasa,0.95,0.003,28,0.640495867768595,0.6202807554329209,0.5606060606060606,0.5694135785634002
tc_ddh,nasa,0.95,0.003,25,0.5892857142857143,0.6732355159113611,0.48739495798319327,0.6241812055569712
tc_ddh,nasa,0.95,0.003,16,0.7346938775510204,0.6368710732538986,0.5853080568720379,0.5472451325515723
tc_ddh,nasa,0.95,0.003,4,0.5897435897435898,0.6488975708336473,0.6596638655462185,0.5707368795789446
tc_ddh,nasa,0.95,0.003,26,0.6893617021276596,0.5690304712164451,0.6431372549019608,0.5634893169113268
tc_ddh,nasa,0.95,0.003,11,0.6071428571428571,0.5368324740685946,0.59375,0.6757246747860103
tc_ddh,nasa,0.95,0.003,19,0.5702479338842975,0.5680883117876173,0.560546875,0.5501776675255329
tc_ddh,nasa,0.95,0.003,10,0.6482300884955752,0.6837060231909011,0.6042553191489362,0.5746858392649892
tc_ddh,nasa,0.95,0.003,23,0.5346938775510204,0.6754996962746179,0.5463414634146342,0.5669903693188622
tc_ddh,nasa,0.95,0.003,0,0.639269406392694,0.5443237212197158,0.5732600732600732,0.605001535471675
tc_ddh,nasa,0.95,0.003,3,0.64453125,0.7045307599570607,0.4744094488188976,0.6731949220057365
tc_ddh,nasa,0.95,0.003,6,0.5886075949367089,0.5406683130504276,0.5195035460992907,0.6944320548367785
tc_ddh,nasa,0.95,0.003,12,0.5635245901639344,0.5559912871649174,0.6033057851239669,0.521441187353831
tc_ddh,nasa,0.95,0.003,29,0.6853448275862069,0.5832281228860556,0.5336879432624113,0.5996447072605413
tc_ddh,nasa,0.95,0.003,20,0.5056390977443609,0.585631342820903,0.5706896551724138,0.5828174661637691
tc_ddh,nasa,0.95,0.003,2,0.5877862595419847,0.5403538750750863,0.5423076923076923,0.6081571584583657
tc_ddh,nasa,0.95,0.003,8,0.5826446280991735,0.6518797409637016,0.5115384615384615,0.6445569268822967
tc_ddh,nasa,0.95,0.003,1,0.5211267605633803,0.5681246600984325,0.5929752066115702,0.6358497866482505
tc_ddh,nasa,0.95,0.003,21,0.532520325203252,0.6210215543856242,0.5986842105263158,0.5258642282369254
tc_ddh,nasa,0.95,0.003,14,0.6848249027237354,0.6727989859140135,0.6541501976284585,0.545444130154854
tc_ddh,nasa,0.95,0.003,13,0.6254901960784314,0.5425101763105417,0.5969387755102041,0.5382872074243468
tc_ddh,nasa,0.95,0.003,22,0.5627306273062731,0.5410509706042897,0.5504587155963303,0.6036027705229761
tc_ddh,nasa,0.95,0.5,9,0.6118143459915611,0.26228108386023635,0.5223880597014925,0.26081550419304445
tc_ddh,nasa,0.95,0.5,7,0.4738095238095238,0.2160415202792361,0.6555555555555556,0.26244806925418446
tc_ddh,nasa,0.95,0.5,5,0.5342205323193916,0.25228489945619287,0.593065693430657,0.15112222776240145
tc_ddh,nasa,0.95,0.5,4,0.5427350427350427,0.24160402456338076,0.5882352941176471,0.19636006134650844
tc_ddh,nasa,0.95,0.5,0,0.6027397260273972,0.1938362525160689,0.5860805860805861,0.20286010525531267
tc_ddh,nasa,0.95,0.5,3,0.51171875,0.19793140333412595,0.46062992125984253,0.24362776120296692
tc_ddh,nasa,0.95,0.5,6,0.5379746835443038,0.1790297158178621,0.49645390070921985,0.2013546685253578
tc_ddh,nasa,0.95,0.5,2,0.5477099236641222,0.2344945479515329,0.4576923076923077,0.22742146668000368
tc_ddh,nasa,0.95,0.5,8,0.5516528925619835,0.1664417913645128,0.5057692307692307,0.22553552996625983
tc_ddh,nasa,0.95,0.5,1,0.5158450704225352,0.20981600715118973,0.5516528925619835,0.23542022158461687
tc_ddh,nasa,0.5,0.95,9,0.5907172995780591,0.4661628735668784,0.5335820895522388,0.42879852319068523
tc_ddh,nasa,0.5,0.95,7,0.5404761904761904,0.11229457710482468,0.44074074074074077,0.16862917390233634
tc_ddh,nasa,0.5,0.95,5,0.5494296577946768,0.25425376589256243,0.5,0.16772531476759361
tc_ddh,nasa,0.5,0.95,4,0.5662393162393162,0.5123284030237337,0.6722689075630253,0.45173406656095
tc_ddh,nasa,0.5,0.95,0,0.541095890410959,0.20770936344036806,0.532967032967033,0.24532523809078008
tc_ddh,nasa,0.5,0.95,3,0.439453125,0.24662517471982426,0.44291338582677164,0.24258457559104094
tc_ddh,nasa,0.5,0.95,6,0.6033755274261603,0.46691410147953055,0.5177304964539007,0.5982003290063806
tc_ddh,nasa,0.5,0.95,2,0.6125954198473282,0.40919822749956974,0.5846153846153846,0.44164141556167635
tc_ddh,nasa,0.5,0.95,8,0.49586776859504134,0.19017077107110245,0.5557692307692308,0.21404517688764282
tc_ddh,nasa,0.5,0.95,1,0.5,0.4283679984492108,0.5826446280991735,0.4765568085356354
tc_ddh,nasa,0.5,0.1,9,0.5506329113924051,0.2101087878909488,0.6231343283582089,0.1656754879710288
tc_ddh,nasa,0.5,0.1,7,0.5261904761904762,0.24287787900000304,0.5314814814814814,0.28211680738184386
tc_ddh,nasa,0.5,0.1,5,0.48859315589353614,0.2782963049026651,0.5346715328467153,0.17655824663498906
tc_ddh,nasa,0.5,0.1,4,0.44871794871794873,0.2501817942822645,0.569327731092437,0.2305829240349931
tc_ddh,nasa,0.5,0.1,0,0.4726027397260274,0.1950176875909797,0.4358974358974359,0.24113335679713907
tc_ddh,nasa,0.5,0.1,3,0.5,0.22985380175853756,0.5,0.2490903809757977
tc_ddh,nasa,0.5,0.1,6,0.5548523206751055,0.15694289107420448,0.524822695035461,0.20961047359724
tc_ddh,nasa,0.5,0.1,2,0.4675572519083969,0.2458137167277929,0.5153846153846153,0.24206032644684253
tc_ddh,nasa,0.5,0.1,8,0.4793388429752066,0.19989413827435287,0.4403846153846154,0.21270518574676167
tc_ddh,nasa,0.5,0.1,1,0.5,0.18741909359239195,0.506198347107438,0.19876654617657313
tc_ddh,nasa,0.5,0.99,9,0.540084388185654,0.2109524952323644,0.6697761194029851,0.2114623687293514
tc_ddh,nasa,0.5,0.99,7,0.5261904761904762,0.07709241043048237,0.4203703703703704,0.1347333849766543
tc_ddh,nasa,0.5,0.99,5,0.6159695817490495,0.5844541143355442,0.6222627737226277,0.5038769781844977
tc_ddh,nasa,0.5,0.99,4,0.46153846153846156,0.1802571883025676,0.5630252100840336,0.17203414825288724
tc_ddh,nasa,0.5,0.99,0,0.363013698630137,0.19893380422429743,0.43223443223443225,0.23296581205680414
tc_ddh,nasa,0.5,0.99,3,0.65234375,0.5690353703952332,0.484251968503937,0.556883921209859
tc_ddh,nasa,0.5,0.99,6,0.6350210970464135,0.3668344392501111,0.5141843971631206,0.4661233926977456
tc_ddh,nasa,0.5,0.99,2,0.5782442748091603,0.424950963270464,0.5692307692307692,0.46174335862245325
tc_ddh,nasa,0.5,0.99,8,0.5475206611570248,0.5302286387918602,0.5096153846153846,0.5331560500269394
tc_ddh,nasa,0.5,0.99,1,0.5176056338028169,0.3994422045749264,0.5826446280991735,0.442303455946126
tc_ddh,nasa,0.5,0.25,9,0.5864978902953587,0.20856105325195806,0.5485074626865671,0.18749135945426149
tc_ddh,nasa,0.5,0.25,7,0.4880952380952381,0.21587061647746028,0.4425925925925926,0.26416752610560584
tc_ddh,nasa,0.5,0.25,5,0.41634980988593157,0.2054218837286344,0.43795620437956206,0.13702679125378575
tc_ddh,nasa,0.5,0.25,4,0.41239316239316237,0.21493237395460935,0.523109243697479,0.19674106651182333
tc_ddh,nasa,0.5,0.25,0,0.3812785388127854,0.1942992937383994,0.42857142857142855,0.2277407353581526
tc_ddh,nasa,0.5,0.25,3,0.48828125,0.21950705863757985,0.5236220472440944,0.257274698809453
tc_ddh,nasa,0.5,0.25,6,0.5147679324894515,0.13858969012083308,0.526595744680851,0.16828571931282432
tc_ddh,nasa,0.5,0.25,2,0.6125954198473282,0.13502296110741,0.5807692307692308,0.143034573287306
tc_ddh,nasa,0.5,0.25,8,0.5227272727272727,0.19217405353852213,0.46153846153846156,0.20414338726874562
tc_ddh,nasa,0.5,0.25,1,0.4595070422535211,0.16286877883218517,0.5433884297520661,0.17906467455114866
tc_ddh,nasa,0.5,0.75,9,0.4767932489451477,0.24344419250890637,0.5802238805970149,0.22696614119897238
tc_ddh,nasa,0.5,0.75,7,0.5023809523809524,0.13740198560965422,0.35185185185185186,0.24398824408155895
tc_ddh,nasa,0.5,0.75,5,0.48098859315589354,0.16600293296825328,0.4251824817518248,0.10842489834114283
tc_ddh,nasa,0.5,0.75,4,0.3888888888888889,0.19851579165471023,0.5483193277310925,0.18642379282063445
tc_ddh,nasa,0.5,0.75,0,0.5114155251141552,0.19673579120602266,0.489010989010989,0.22980965273909254
tc_ddh,nasa,0.5,0.75,3,0.4453125,0.2398011204212662,0.42913385826771655,0.22792197928958602
tc_ddh,nasa,0.5,0.75,6,0.5843881856540084,0.17586851837187292,0.5673758865248227,0.2186972909516695
tc_ddh,nasa,0.5,0.75,2,0.42748091603053434,0.12504582669645015,0.45384615384615384,0.14570092500228174
tc_ddh,nasa,0.5,0.75,8,0.518595041322314,0.1888806494950767,0.4653846153846154,0.19591569665963934
tc_ddh,nasa,0.5,0.75,1,0.4876760563380282,0.2136314839243047,0.5537190082644629,0.2236152403547136
tc_ddh,nasa,0.5,0.01,9,0.6666666666666666,0.6854671141140213,0.46455223880597013,0.5996146429455286
tc_ddh,nasa,0.5,0.01,7,0.4642857142857143,0.7082936586151674,0.5703703703703704,0.6396070662277014
tc_ddh,nasa,0.5,0.01,5,0.5950570342205324,0.7106628656046328,0.6386861313868614,0.6281760178717692
tc_ddh,nasa,0.5,0.01,4,0.532051282051282,0.7166888841097793,0.5819327731092437,0.6291522371038323
tc_ddh,nasa,0.5,0.01,0,0.6027397260273972,0.5797234889390616,0.5384615384615384,0.6437787554600767
tc_ddh,nasa,0.5,0.01,3,0.58984375,0.7353339418334932,0.484251968503937,0.7000067605902495
tc_ddh,nasa,0.5,0.01,6,0.5654008438818565,0.5953079675582001,0.524822695035461,0.7649196486924547
tc_ddh,nasa,0.5,0.01,2,0.566793893129771,0.6197303329321029,0.5057692307692307,0.7086240586414827
tc_ddh,nasa,0.5,0.01,8,0.49173553719008267,0.7034940856946108,0.4980769230769231,0.6911329719476114
tc_ddh,nasa,0.5,0.01,1,0.4982394366197183,0.6081052506979682,0.5227272727272727,0.6806024551837144
tc_ddh,nasa,0.5,0.9,9,0.5464135021097046,0.207437629256136,0.6958955223880597,0.18103128060512097
tc_ddh,nasa,0.5,0.9,7,0.5238095238095238,0.09189922557976184,0.4722222222222222,0.14914371575782043
tc_ddh,nasa,0.5,0.9,5,0.48859315589353614,0.2629426451877559,0.5218978102189781,0.17113230700721205
tc_ddh,nasa,0.5,0.9,4,0.5790598290598291,0.5241299838089971,0.6428571428571429,0.4609667768194288
tc_ddh,nasa,0.5,0.9,0,0.3835616438356164,0.20635149953021026,0.4633699633699634,0.24398390364979822
tc_ddh,nasa,0.5,0.9,3,0.455078125,0.1812945331640432,0.4448818897637795,0.21249160054959731
tc_ddh,nasa,0.5,0.9,6,0.6118143459915611,0.4445374515765819,0.5195035460992907,0.5686090371454737
tc_ddh,nasa,0.5,0.9,2,0.4961832061068702,0.1169918800476408,0.5307692307692308,0.11757216163502217
tc_ddh,nasa,0.5,0.9,8,0.45867768595041325,0.2011046381445436,0.5711538461538461,0.2254820035409252
tc_ddh,nasa,0.5,0.9,1,0.5669014084507042,0.329703019494632,0.5103305785123967,0.3667846618977494
tc_ddh,nasa,0.5,0.05,9,0.5928270042194093,0.5500241463984239,0.5410447761194029,0.49224342238511937
tc_ddh,nasa,0.5,0.05,7,0.46190476190476193,0.4995512161917744,0.6814814814814815,0.4726895234159111
tc_ddh,nasa,0.5,0.05,5,0.6026615969581749,0.5947726965957718,0.6551094890510949,0.5137877740826678
tc_ddh,nasa,0.5,0.05,4,0.5683760683760684,0.6284866933970186,0.6785714285714286,0.5525422671923769
tc_ddh,nasa,0.5,0.05,0,0.6415525114155252,0.466043393767535,0.5842490842490843,0.5213188736735448
tc_ddh,nasa,0.5,0.05,3,0.63671875,0.5575431682546524,0.47834645669291337,0.539021360300227
tc_ddh,nasa,0.5,0.05,6,0.6012658227848101,0.4587055170391193,0.4804964539007092,0.5873099880360808
tc_ddh,nasa,0.5,0.05,2,0.5744274809160306,0.5299356331932092,0.5961538461538461,0.5958682591204679
tc_ddh,nasa,0.5,0.05,8,0.4731404958677686,0.19621261457872283,0.46923076923076923,0.21252148572506205
tc_ddh,nasa,0.5,0.05,1,0.49119718309859156,0.4176146105240499,0.6157024793388429,0.46900644866762886
tc_ddh,nasa,0.5,0.001,9,0.5,0.6928685638873594,0.498134328358209,0.6053380531015413
tc_ddh,nasa,0.5,0.001,7,0.5357142857142857,0.7187019234868286,0.6666666666666666,0.647666070382657
tc_ddh,nasa,0.5,0.001,5,0.4923954372623574,0.7156356280038612,0.5894160583941606,0.6331405087155463
tc_ddh,nasa,0.5,0.001,4,0.5769230769230769,0.7274460484949566,0.5,0.638461637280963
tc_ddh,nasa,0.5,0.001,0,0.5,0.5861598600231027,0.5,0.6508485797167788
tc_ddh,nasa,0.5,0.001,3,0.46484375,0.7491498404291033,0.5,0.7125103680320082
tc_ddh,nasa,0.5,0.001,6,0.569620253164557,0.6053792087933477,0.5567375886524822,0.7779214808160397
tc_ddh,nasa,0.5,0.001,2,0.5,0.6211869949875494,0.5,0.7105163364018345
tc_ddh,nasa,0.5,0.001,8,0.5,0.7162561174584804,0.5,0.7027975082770074
tc_ddh,nasa,0.5,0.001,1,0.5,0.6162528109551606,0.5,0.6897496286540133
tc_ddh,nasa,0.5,0.003,9,0.5337552742616034,0.6916294890496819,0.5242537313432836,0.6043870340145915
tc_ddh,nasa,0.5,0.003,7,0.4738095238095238,0.7168896467789765,0.5537037037037037,0.6463039486960834
tc_ddh,nasa,0.5,0.003,5,0.5551330798479087,0.7140487543381537,0.5273722627737226,0.6315403316277847
tc_ddh,nasa,0.5,0.003,4,0.5470085470085471,0.7259159789125895,0.5735294117647058,0.6371189627421645
tc_ddh,nasa,0.5,0.003,0,0.541095890410959,0.5832573325066803,0.49633699633699635,0.6476495492902083
tc_ddh,nasa,0.5,0.003,3,0.46484375,0.7483335157625111,0.5354330708661418,0.7118061590817878
tc_ddh,nasa,0.5,0.003,6,0.5548523206751055,0.6029791929308354,0.5407801418439716,0.7748023717081718
tc_ddh,nasa,0.5,0.003,2,0.5,0.6210538922321489,0.5192307692307693,0.7103304799958555
tc_ddh,nasa,0.5,0.003,8,0.49173553719008267,0.7146238961577315,0.49615384615384617,0.7013904360352604
tc_ddh,nasa,0.5,0.003,1,0.4982394366197183,0.6116986502011911,0.5227272727272727,0.6846152027424695
tc_ddh,nasa,0.5,0.5,9,0.5548523206751055,0.23231821588485838,0.5839552238805971,0.2092000663165094
tc_ddh,nasa,0.5,0.5,7,0.45714285714285713,0.19905520427181636,0.3037037037037037,0.24190007554515425
tc_ddh,nasa,0.5,0.5,5,0.48098859315589354,0.24773059523829966,0.5401459854014599,0.15386667607879942
tc_ddh,nasa,0.5,0.5,4,0.4230769230769231,0.20628807313721437,0.5462184873949579,0.19398858306479336
tc_ddh,nasa,0.5,0.5,0,0.5,0.20032948647694399,0.49633699633699635,0.23706300383207757
tc_ddh,nasa,0.5,0.5,3,0.4375,0.17669301473981094,0.44881889763779526,0.19865400850552645
tc_ddh,nasa,0.5,0.5,6,0.5,0.14569631436869587,0.5319148936170213,0.19928003773457792
tc_ddh,nasa,0.5,0.5,2,0.5057251908396947,0.12836209325646314,0.49038461538461536,0.11978677560814811
tc_ddh,nasa,0.5,0.5,8,0.5433884297520661,0.2035848639539743,0.4846153846153846,0.21613537583266437
tc_ddh,nasa,0.5,0.5,1,0.4876760563380282,0.1905190678363005,0.5743801652892562,0.21295084687262747
tc_ddh,nasa,0.1,0.95,9,0.580168776371308,0.2645142449460399,0.7052238805970149,0.2725193575272762
tc_ddh,nasa,0.1,0.95,7,0.4642857142857143,0.7068449481953581,0.687037037037037,0.63869205770658
tc_ddh,nasa,0.1,0.95,5,0.41254752851711024,0.7092848340922886,0.5200729927007299,0.6278161966320999
tc_ddh,nasa,0.1,0.95,4,0.5534188034188035,0.7043494831247841,0.6302521008403361,0.6188653529827907
tc_ddh,nasa,0.1,0.95,0,0.6027397260273972,0.555786703775751,0.5677655677655677,0.6181994430136536
tc_ddh,nasa,0.1,0.95,3,0.5625,0.7292512435444407,0.515748031496063,0.6943994299919554
tc_ddh,nasa,0.1,0.95,6,0.6497890295358649,0.5687437180511348,0.4929078014184397,0.7308724829034989
tc_ddh,nasa,0.1,0.95,2,0.5687022900763359,0.6035734970091589,0.55,0.6880049653812946
tc_ddh,nasa,0.1,0.95,8,0.5392561983471075,0.7007789355858484,0.5326923076923077,0.6887983842334023
tc_ddh,nasa,0.1,0.95,1,0.5,0.5977389472144058,0.512396694214876,0.6682835201417456
tc_ddh,nasa,0.1,0.1,9,0.6075949367088608,0.4392569423484585,0.5317164179104478,0.4030478829566873
tc_ddh,nasa,0.1,0.1,7,0.4642857142857143,0.6059127477449513,0.6944444444444444,0.5592426920417355
tc_ddh,nasa,0.1,0.1,5,0.5152091254752852,0.24198369876554243,0.4562043795620438,0.16484691758920478
tc_ddh,nasa,0.1,0.1,4,0.4444444444444444,0.3037042325759003,0.5798319327731093,0.26319733236585496
tc_ddh,nasa,0.1,0.1,0,0.6164383561643836,0.47955969595445613,0.5952380952380952,0.5355274567307508
tc_ddh,nasa,0.1,0.1,3,0.44921875,0.18064066064585252,0.4330708661417323,0.17614151546997134
tc_ddh,nasa,0.1,0.1,6,0.459915611814346,0.19881794332563993,0.5319148936170213,0.24449478613282624
tc_ddh,nasa,0.1,0.1,2,0.5610687022900763,0.5129944616991763,0.5769230769230769,0.5732305185160333
tc_ddh,nasa,0.1,0.1,8,0.4731404958677686,0.18317845516035683,0.4442307692307692,0.21618627127116208
tc_ddh,nasa,0.1,0.1,1,0.5,0.18878021272404275,0.506198347107438,0.2003098376423306
tc_ddh,nasa,0.1,0.99,9,0.5548523206751055,0.34750388375174057,0.6044776119402985,0.32803825364031974
tc_ddh,nasa,0.1,0.99,7,0.46904761904761905,0.6979601636597893,0.575925925925926,0.631451258903835
tc_ddh,nasa,0.1,0.99,5,0.5684410646387833,0.6984462645304789,0.5784671532846716,0.6156881223452868
tc_ddh,nasa,0.1,0.99,4,0.5811965811965812,0.704524914515293,0.6176470588235294,0.61901636493328
tc_ddh,nasa,0.1,0.99,0,0.6438356164383562,0.5458097134731361,0.554945054945055,0.6077978638805768
tc_ddh,nasa,0.1,0.99,3,0.58203125,0.726902974225967,0.515748031496063,0.6923851947723105
tc_ddh,nasa,0.1,0.99,6,0.6244725738396625,0.5699887023632618,0.48404255319148937,0.732487513881161
tc_ddh,nasa,0.1,0.99,2,0.5687022900763359,0.6034405972563742,0.55,0.687839282871298
tc_ddh,nasa,0.1,0.99,8,0.5909090909090909,0.701178694774312,0.5269230769230769,0.6891444010070649
tc_ddh,nasa,0.1,0.99,1,0.48063380281690143,0.2802540014035884,0.5681818181818182,0.31708807759137425
tc_ddh,nasa,0.1,0.25,9,0.5738396624472574,0.19105839840233368,0.6343283582089553,0.17398104018787666
tc_ddh,nasa,0.1,0.25,7,0.4023809523809524,0.24747122890520232,0.5907407407407408,0.29044733335737266
tc_ddh,nasa,0.1,0.25,5,0.5076045627376425,0.26371164620098014,0.5401459854014599,0.16777705573790894
tc_ddh,nasa,0.1,0.25,4,0.33547008547008544,0.23418250941117064,0.5,0.20984901363752956
tc_ddh,nasa,0.1,0.25,0,0.4680365296803653,0.19631901649865258,0.5641025641025641,0.23321095559440932
tc_ddh,nasa,0.1,0.25,3,0.439453125,0.1657090438916417,0.4389763779527559,0.18328105333030648
tc_ddh,nasa,0.1,0.25,6,0.5316455696202531,0.1655865120874966,0.5567375886524822,0.21231529008220898
tc_ddh,nasa,0.1,0.25,2,0.4541984732824427,0.14123405202139222,0.4576923076923077,0.13445005828019332
tc_ddh,nasa,0.1,0.25,8,0.4834710743801653,0.20502865666553904,0.4673076923076923,0.22393254310080096
tc_ddh,nasa,0.1,0.25,1,0.4982394366197183,0.18522121733080554,0.5619834710743802,0.19127449972156021
tc_ddh,nasa,0.1,0.75,9,0.5780590717299579,0.6629513958405817,0.5186567164179104,0.5820542141221637
tc_ddh,nasa,0.1,0.75,7,0.4714285714285714,0.6613890853009459,0.6185185185185185,0.6019855491098476
tc_ddh,nasa,0.1,0.75,5,0.5817490494296578,0.6957157924832504,0.5474452554744526,0.6124237864933653
tc_ddh,nasa,0.1,0.75,4,0.5811965811965812,0.7026934929734427,0.680672268907563,0.6174380488657226
tc_ddh,nasa,0.1,0.75,0,0.6415525114155252,0.5649875288684696,0.5787545787545788,0.6280720301846359
tc_ddh,nasa,0.1,0.75,3,0.447265625,0.7325497615842035,0.5551181102362205,0.6974980501292677
tc_ddh,nasa,0.1,0.75,6,0.5843881856540084,0.5839443761872655,0.5159574468085106,0.7486298542873473
tc_ddh,nasa,0.1,0.75,2,0.5896946564885496,0.6030961339479537,0.5403846153846154,0.6873457493816915
tc_ddh,nasa,0.1,0.75,8,0.5330578512396694,0.6994857655611016,0.5096153846153846,0.6875857326137781
tc_ddh,nasa,0.1,0.75,1,0.477112676056338,0.5906548417685206,0.5041322314049587,0.6611125329902479
tc_ddh,nasa,0.1,0.01,9,0.5949367088607594,0.6910539369054339,0.4925373134328358,0.6039432948406863
tc_ddh,nasa,0.1,0.01,7,0.4785714285714286,0.7113479440051639,0.6462962962962963,0.6419874968137104
tc_ddh,nasa,0.1,0.01,5,0.5931558935361216,0.7095345928092175,0.6113138686131386,0.6271922733664019
tc_ddh,nasa,0.1,0.01,4,0.5149572649572649,0.7256533539954435,0.5672268907563025,0.6369265192361299
tc_ddh,nasa,0.1,0.01,0,0.5639269406392694,0.5831160187846706,0.5989010989010989,0.6474872837585894
tc_ddh,nasa,0.1,0.01,3,0.619140625,0.748447496318343,0.4921259842519685,0.7120431855735949
tc_ddh,nasa,0.1,0.01,6,0.5464135021097046,0.601499814892537,0.5726950354609929,0.7729032471019018
tc_ddh,nasa,0.1,0.01,2,0.5648854961832062,0.6146895660185289,0.5173076923076924,0.7022825271943816
tc_ddh,nasa,0.1,0.01,8,0.4690082644628099,0.7124733850472118,0.525,0.6994380025076579
tc_ddh,nasa,0.1,0.01,1,0.545774647887324,0.6143101888233982,0.4731404958677686,0.6875836517005105
tc_ddh,nasa,0.1,0.9,9,0.6223628691983122,0.6264245883338659,0.48880597014925375,0.5527510458545984
tc_ddh,nasa,0.1,0.9,7,0.569047619047619,0.6948432240840249,0.6111111111111112,0.6284907380679129
tc_ddh,nasa,0.1,0.9,5,0.5798479087452472,0.697369592409544,0.5656934306569343,0.6144622754824433
tc_ddh,nasa,0.1,0.9,4,0.5534188034188035,0.7041574352458796,0.634453781512605,0.6186905043781388
tc_ddh,nasa,0.1,0.9,0,0.6232876712328768,0.5548701156547592,0.5586080586080586,0.6172280270397312
tc_ddh,nasa,0.1,0.9,3,0.607421875,0.7225674089945474,0.4940944881889764,0.6885852960678543
tc_ddh,nasa,0.1,0.9,6,0.6350210970464135,0.5719731766780195,0.50177304964539,0.7349953029105885
tc_ddh,nasa,0.1,0.9,2,0.5896946564885496,0.6036699941280077,0.5326923076923077,0.6881182273234431
tc_ddh,nasa,0.1,0.9,8,0.53099173553719,0.7003179330314425,0.5423076923076923,0.6883922910707322
tc_ddh,nasa,0.1,0.9,1,0.5,0.5972877184031948,0.4462809917355372,0.6684623532866332
tc_ddh,nasa,0.1,0.05,9,0.5759493670886076,0.6315119944999089,0.4962686567164179,0.5567657235473678
tc_ddh,nasa,0.1,0.05,7,0.44047619047619047,0.6972726331859481,0.6814814814814815,0.631000967162576
tc_ddh,nasa,0.1,0.05,5,0.6102661596958175,0.6746454621197198,0.6076642335766423,0.5930504521692296
tc_ddh,nasa,0.1,0.05,4,0.5128205128205128,0.6995639346860744,0.6512605042016807,0.6143244518618111
tc_ddh,nasa,0.1,0.05,0,0.6529680365296804,0.5478039296004166,0.6227106227106227,0.6093614953784725
tc_ddh,nasa,0.1,0.05,3,0.611328125,0.6855059606668283,0.4940944881889764,0.6548019464408199
tc_ddh,nasa,0.1,0.05,6,0.5907172995780591,0.5534537426338436,0.4929078014184397,0.7109230641173976
tc_ddh,nasa,0.1,0.05,2,0.5877862595419847,0.5994050296785169,0.5192307692307693,0.6828048364635557
tc_ddh,nasa,0.1,0.05,8,0.6074380165289256,0.7019506878716579,0.5057692307692307,0.6897331702523086
tc_ddh,nasa,0.1,0.05,1,0.477112676056338,0.5682393880497589,0.5702479338842975,0.6358900596098905
tc_ddh,nasa,0.1,0.001,9,0.5,0.6985279595665261,0.5,0.6097618811695996
tc_ddh,nasa,0.1,0.001,7,0.5,0.7207718095403689,0.5,0.649298745856722
tc_ddh,nasa,0.1,0.001,5,0.5,0.7174484841704761,0.5,0.6349619986464178
tc_ddh,nasa,0.1,0.001,4,0.5,0.7309382600781178,0.5,0.6415360017552669
tc_ddh,nasa,0.1,0.001,0,0.6027397260273972,0.5878150835088931,0.49633699633699635,0.6526652833871863
tc_ddh,nasa,0.1,0.001,3,0.5,0.7530834630946835,0.5,0.716119300836358
tc_ddh,nasa,0.1,0.001,6,0.4957805907172996,0.6089347827206297,0.5514184397163121,0.7825000928207124
tc_ddh,nasa,0.1,0.001,2,0.5458015267175572,0.623049301822633,0.4673076923076923,0.712913666758263
tc_ddh,nasa,0.1,0.001,8,0.5,0.718262017380089,0.5,0.7046488231278968
tc_ddh,nasa,0.1,0.001,1,0.5,0.6166498751195304,0.5,0.6901968213007255
tc_ddh,nasa,0.1,0.003,9,0.5,0.6966757371271479,0.5,0.6083362509038961
tc_ddh,nasa,0.1,0.003,7,0.5,0.7202278164685894,0.4981481481481482,0.6488968609046841
tc_ddh,nasa,0.1,0.003,5,0.5114068441064639,0.7159368369811239,0.6222627737226277,0.6334678461857879
tc_ddh,nasa,0.1,0.003,4,0.4551282051282051,0.7293495874336406,0.6680672268907563,0.6401389982786703
tc_ddh,nasa,0.1,0.003,0,0.545662100456621,0.5874172642722832,0.5,0.6522313597266268
tc_ddh,nasa,0.1,0.003,3,0.513671875,0.752088202059061,0.5137795275590551,0.7152700372092774
tc_ddh,nasa,0.1,0.003,6,0.5654008438818565,0.606649254619279,0.5407801418439716,0.7795245499566862
tc_ddh,nasa,0.1,0.003,2,0.5,0.6219100917829864,0.5,0.7114441884940514
tc_ddh,nasa,0.1,0.003,8,0.5227272727272727,0.7155004550750923,0.49423076923076925,0.7022095497262199
tc_ddh,nasa,0.1,0.003,1,0.5,0.6167132139634433,0.5,0.6902917228059466
tc_ddh,nasa,0.1,0.5,9,0.6561181434599156,0.6677296939884634,0.585820895522388,0.5855766691605888
tc_ddh,nasa,0.1,0.5,7,0.41904761904761906,0.6729719383790013,0.7055555555555556,0.6121957609338535
tc_ddh,nasa,0.1,0.5,5,0.5950570342205324,0.6636152666050552,0.5766423357664233,0.5812331898764989
tc_ddh,nasa,0.1,0.5,4,0.5897435897435898,0.6734959854250135,0.6386554621848739,0.5901423548730681
tc_ddh,nasa,0.1,0.5,0,0.6004566210045662,0.5579705988871704,0.6172161172161172,0.6206128764793853
tc_ddh,nasa,0.1,0.5,3,0.525390625,0.7193904359183936,0.5177165354330708,0.6856706955943709
tc_ddh,nasa,0.1,0.5,6,0.6033755274261603,0.5599460574703784,0.48226950354609927,0.7192489986402562
tc_ddh,nasa,0.1,0.5,2,0.5916030534351145,0.5963259105086806,0.5596153846153846,0.6790498630546288
tc_ddh,nasa,0.1,0.5,8,0.5351239669421488,0.6888199370986867,0.5115384615384615,0.6772249004252253
tc_ddh,nasa,0.1,0.5,1,0.5369718309859155,0.5874849755254421,0.44008264462809915,0.6577057335788085
tc_ddh,churn_lastfm_months,0.95,0.95,9,0.5277544859969814,0.33026137970557673,0.5421209940776001,0.3278674873574005
tc_ddh,churn_lastfm_months,0.95,0.95,7,0.5660372087826135,0.3364982271534623,0.5498554109665221,0.30724804084855306
tc_ddh,churn_lastfm_months,0.95,0.95,5,0.5203533451484271,0.31989757923490475,0.5721153846153846,0.2931348312847741
tc_ddh,churn_lastfm_months,0.95,0.95,4,0.5841672225928397,0.2714130626041691,0.5690138476201155,0.2881789043559089
tc_ddh,churn_lastfm_months,0.95,0.95,0,0.5733127975357043,0.2654329188394506,0.5659640905542545,0.3111780050939887
tc_ddh,churn_lastfm_months,0.95,0.95,3,0.5484361184792219,0.26588945833742544,0.5817169142097096,0.26501337959016336
tc_ddh,churn_lastfm_months,0.95,0.95,6,0.5504229557140488,0.29440703607415,0.5339900941599086,0.2904313184158334
tc_ddh,churn_lastfm_months,0.95,0.95,2,0.5253661232384637,0.3041253898161416,0.6054091539528432,0.36260472044912706
tc_ddh,churn_lastfm_months,0.95,0.95,8,0.5649137222678718,0.2724542629911598,0.5500256834655556,0.2830876200819747
tc_ddh,churn_lastfm_months,0.95,0.95,1,0.5961464034942223,0.2569848820599234,0.5571163679271788,0.30443931311303163
tc_ddh,churn_lastfm_months,0.95,0.1,9,0.562720107328526,0.280019174407999,0.5632645154148448,0.27624601378556235
tc_ddh,churn_lastfm_months,0.95,0.1,7,0.567657411028549,0.30429484389082573,0.5457957957957958,0.2917001694111651
tc_ddh,churn_lastfm_months,0.95,0.1,5,0.5100797518830306,0.31869678422123104,0.5553713527851459,0.2883045457989746
tc_ddh,churn_lastfm_months,0.95,0.1,4,0.5742439404047143,0.254559841862042,0.5675562033974323,0.26721208001649716
tc_ddh,churn_lastfm_months,0.95,0.1,0,0.5707644917390087,0.2750288368616592,0.5701739712278354,0.32070273799791194
tc_ddh,churn_lastfm_months,0.95,0.1,3,0.5660643236074271,0.2988210846031972,0.5776158279760585,0.2982460513904246
tc_ddh,churn_lastfm_months,0.95,0.1,6,0.5187427434068668,0.3396836583134978,0.5468622435094976,0.3342982841613486
tc_ddh,churn_lastfm_months,0.95,0.1,2,0.5398176291793313,0.25587292881348017,0.6090984743411928,0.3067426195894588
tc_ddh,churn_lastfm_months,0.95,0.1,8,0.5763900301287318,0.31370089934971485,0.5421779578791165,0.31730644382551
tc_ddh,churn_lastfm_months,0.95,0.1,1,0.6033338862166197,0.2404637810348798,0.5587177614204641,0.2784221037449503
tc_ddh,churn_lastfm_months,0.95,0.99,9,0.5301302476382135,0.32862399644182966,0.5383018763491448,0.326234887498547
tc_ddh,churn_lastfm_months,0.95,0.99,7,0.5672942622492877,0.3360459636361671,0.5490212434656879,0.3070140937623076
tc_ddh,churn_lastfm_months,0.95,0.99,5,0.5205748781568453,0.3187697408330456,0.5702641467727675,0.2920250870919956
tc_ddh,churn_lastfm_months,0.95,0.99,4,0.5838892595063375,0.27265204290715195,0.5639961876997253,0.28840834859528663
tc_ddh,churn_lastfm_months,0.95,0.99,0,0.5729207504900589,0.2657542152037374,0.5669398907103825,0.31158436078684404
tc_ddh,churn_lastfm_months,0.95,0.99,3,0.5452862511052167,0.2667807318511297,0.5803314121037464,0.26596057624921954
tc_ddh,churn_lastfm_months,0.95,0.99,6,0.5488748825123017,0.3008576159663857,0.536929189571654,0.29575502920105057
tc_ddh,churn_lastfm_months,0.95,0.99,2,0.5277701022381873,0.30397378562156163,0.6052704576976422,0.36246512280929494
tc_ddh,churn_lastfm_months,0.95,0.99,8,0.5655710764174199,0.27156301635378693,0.5515096170309913,0.2822714869936489
tc_ddh,churn_lastfm_months,0.95,0.99,1,0.5957040968651518,0.25831169758439115,0.556638759341462,0.305965924145127
tc_ddh,churn_lastfm_months,0.95,0.25,9,0.5340991670859188,0.30781023613684805,0.5210328222726518,0.30495823643462877
tc_ddh,churn_lastfm_months,0.95,0.25,7,0.5787474160567629,0.3006722024667291,0.5365643421198977,0.29821408288828677
tc_ddh,churn_lastfm_months,0.95,0.25,5,0.5196610544971201,0.3011037700672953,0.5668103448275862,0.2773795626254367
tc_ddh,churn_lastfm_months,0.95,0.25,4,0.5808594618634645,0.2602694459200683,0.5665190334697539,0.2724601946182204
tc_ddh,churn_lastfm_months,0.95,0.25,0,0.5611593391206945,0.28332182233151215,0.5687242109958738,0.3289182028372392
tc_ddh,churn_lastfm_months,0.95,0.25,3,0.5754586648983201,0.31852055240051047,0.5837951673686544,0.3202122540219044
tc_ddh,churn_lastfm_months,0.95,0.25,6,0.5451982086581523,0.31407363145434747,0.5307244325913024,0.3105465977879916
tc_ddh,churn_lastfm_months,0.95,0.25,2,0.5390715667311412,0.2607391883316904,0.6064077669902913,0.321499712165602
tc_ddh,churn_lastfm_months,0.95,0.25,8,0.582881402355519,0.3185342592856917,0.5314479767136578,0.3232736219245855
tc_ddh,churn_lastfm_months,0.95,0.25,1,0.5941836678277216,0.2668174022196421,0.5593077484969377,0.31417296348324414
tc_ddh,churn_lastfm_months,0.95,0.75,9,0.5744312147129521,0.28644907347475385,0.5575635135883101,0.283638081906566
tc_ddh,churn_lastfm_months,0.95,0.75,7,0.5689423990167048,0.33690423325701957,0.5511622733844956,0.30744682135981805
tc_ddh,churn_lastfm_months,0.95,0.75,5,0.5167534337616305,0.3171261333411032,0.5697391688771,0.2908474125233264
tc_ddh,churn_lastfm_months,0.95,0.75,4,0.5724371803424505,0.2761485649542832,0.5576610416549869,0.29456021775395524
tc_ddh,churn_lastfm_months,0.95,0.75,0,0.5718566227947354,0.263940773376725,0.5694769711163153,0.3090357633624131
tc_ddh,churn_lastfm_months,0.95,0.75,3,0.5687721043324492,0.26272185586794017,0.5654234094435824,0.2615473031613224
tc_ddh,churn_lastfm_months,0.95,0.75,6,0.5544037153756842,0.28011324857519776,0.5366298372611985,0.2788748033735901
tc_ddh,churn_lastfm_months,0.95,0.75,2,0.5472506217187069,0.2833507214485216,0.604743411927878,0.3392796009771089
tc_ddh,churn_lastfm_months,0.95,0.75,8,0.566392769104355,0.2720455092970669,0.5494834769704926,0.28274526855890636
tc_ddh,churn_lastfm_months,0.95,0.75,1,0.5925526621330237,0.2615341596562651,0.555599258301961,0.31020564425643105
tc_ddh,churn_lastfm_months,0.95,0.01,9,0.5406953994074571,0.3245358928251925,0.5395195660596668,0.32210580592132465
tc_ddh,churn_lastfm_months,0.95,0.01,7,0.5672942622492877,0.3122282224273142,0.5192692692692693,0.2944370596530423
tc_ddh,churn_lastfm_months,0.95,0.01,5,0.5080859548072663,0.3442642985357664,0.5578028293545535,0.31341852259098074
tc_ddh,churn_lastfm_months,0.95,0.01,4,0.5616522125861686,0.2714659179643802,0.5683410887481078,0.2834125845627388
tc_ddh,churn_lastfm_months,0.95,0.01,0,0.5836740408849062,0.2774795142059561,0.5633712501394,0.3208368383533473
tc_ddh,churn_lastfm_months,0.95,0.01,3,0.5583001768346596,0.3119646707533398,0.5831855464420306,0.3144547387358329
tc_ddh,churn_lastfm_months,0.95,0.01,6,0.5284182009177862,0.3223076751373374,0.5373101834213247,0.3164491150630855
tc_ddh,churn_lastfm_months,0.95,0.01,2,0.5415860735009671,0.2700141444134939,0.5758113730929265,0.3274571918890445
tc_ddh,churn_lastfm_months,0.95,0.01,8,0.5670227334976718,0.31277575294272203,0.5419211232235603,0.31771421833838653
tc_ddh,churn_lastfm_months,0.95,0.01,1,0.583595952894344,0.2689705038613187,0.5476484800809125,0.31446846146821184
tc_ddh,churn_lastfm_months,0.95,0.9,9,0.5247079210688133,0.3311868535029066,0.5417888968838214,0.3286287486701625
tc_ddh,churn_lastfm_months,0.95,0.9,7,0.5678529526789207,0.3371465006386243,0.5499944388833278,0.30774382741446904
tc_ddh,churn_lastfm_months,0.95,0.9,5,0.5268054940186088,0.31900025102859547,0.5732758620689655,0.29231241911610034
tc_ddh,churn_lastfm_months,0.95,0.9,4,0.5767734044918835,0.2727278344343503,0.5657621797387453,0.2893021984506321
tc_ddh,churn_lastfm_months,0.95,0.9,0,0.5714365723886866,0.2655793900991846,0.5630366900858704,0.31135256673596123
tc_ddh,churn_lastfm_months,0.95,0.9,3,0.5496794871794872,0.26426916589139365,0.5769784970073154,0.2631486901109123
tc_ddh,churn_lastfm_months,0.95,0.9,6,0.5528556421739371,0.28820829892810473,0.5342078049311489,0.28531051439597654
tc_ddh,churn_lastfm_months,0.95,0.9,2,0.5461453440176844,0.2839176646503781,0.6030513176144244,0.3402758860046603
tc_ddh,churn_lastfm_months,0.95,0.9,8,0.5638729115310874,0.27296290632941117,0.5501969065692598,0.28374616356162663
tc_ddh,churn_lastfm_months,0.95,0.9,1,0.5978879858461879,0.25633993501872526,0.5545035680170816,0.30372657115693347
tc_ddh,churn_lastfm_months,0.95,0.05,9,0.5446363687182068,0.29584352629343935,0.5383018763491448,0.2949023072715334
tc_ddh,churn_lastfm_months,0.95,0.05,17,0.5991849322612622,0.2804731435630008,0.5399866339942081,0.30079321163945855
tc_ddh,churn_lastfm_months,0.95,0.05,7,0.5678808872004023,0.3060297154152356,0.5397897897897898,0.2939667854508004
tc_ddh,churn_lastfm_months,0.95,0.05,5,0.5095536109880372,0.32467512702835205,0.5526635720601237,0.29640333653414097
tc_ddh,churn_lastfm_months,0.95,0.05,15,0.5345136709995517,0.2982361020988385,0.5823732718894009,0.28291849024753873
tc_ddh,churn_lastfm_months,0.95,0.05,18,0.5887489734464824,0.3392410305445784,0.5323470411233701,0.34318655200321463
tc_ddh,churn_lastfm_months,0.95,0.05,27,0.5565136203866432,0.31468669860379755,0.5622079106349025,0.3440103561076673
tc_ddh,churn_lastfm_months,0.95,0.05,24,0.5792010251838645,0.29559582918979466,0.5820775176555636,0.27728768557170885
tc_ddh,churn_lastfm_months,0.95,0.05,28,0.5841276182866275,0.3333122094556885,0.5669410150891633,0.29839824234830226
tc_ddh,churn_lastfm_months,0.95,0.05,25,0.5703660694536606,0.283335019441052,0.5325795644891123,0.310404173974023
tc_ddh,churn_lastfm_months,0.95,0.05,16,0.5541363191651266,0.32568878836777526,0.5708946960469494,0.3171626280468807
tc_ddh,churn_lastfm_months,0.95,0.05,4,0.5781354236157439,0.27421986264109266,0.5666031283287548,0.29154578378386725
tc_ddh,churn_lastfm_months,0.95,0.05,26,0.5426856630020193,0.2813843013414929,0.5868273449214194,0.3061508159460835
tc_ddh,churn_lastfm_months,0.95,0.05,11,0.5575158586316267,0.3348818449713744,0.6054244212437585,0.274868976096076
tc_ddh,churn_lastfm_months,0.95,0.05,19,0.5122185612300933,0.283325105308443,0.5680355160932298,0.27577063544222047
tc_ddh,churn_lastfm_months,0.95,0.05,10,0.5835763966793808,0.304196724195508,0.5366577866577866,0.3015149976401507
tc_ddh,churn_lastfm_months,0.95,0.05,23,0.5588454910970706,0.29164956283360516,0.5639451266733045,0.2897254155505931
tc_ddh,churn_lastfm_months,0.95,0.05,0,0.5877345281433772,0.27394633322936746,0.5788446526151444,0.31738892574185895
tc_ddh,churn_lastfm_months,0.95,0.05,3,0.5565041998231653,0.30784147209603036,0.5769784970073154,0.3093914363737603
tc_ddh,churn_lastfm_months,0.95,0.05,6,0.5333112180018797,0.30751957885732734,0.5313503510586186,0.30176275212745707
tc_ddh,churn_lastfm_months,0.95,0.05,12,0.5751534606070845,0.30337487897134924,0.5476416941755721,0.328492113952979
tc_ddh,churn_lastfm_months,0.95,0.05,29,0.5751403721237477,0.3133757211413286,0.5817011751538892,0.3007566971798653
tc_ddh,churn_lastfm_months,0.95,0.05,20,0.566427289048474,0.30448444765561855,0.5659415750811457,0.2916671171879195
tc_ddh,churn_lastfm_months,0.95,0.05,2,0.5443768996960486,0.2559984718858395,0.6201109570041609,0.3116517020670558
tc_ddh,churn_lastfm_months,0.95,0.05,8,0.5734045466995343,0.28696788659638645,0.5530791621482792,0.2936617254567485
tc_ddh,churn_lastfm_months,0.95,0.05,1,0.5637750870791176,0.2577602346437499,0.5443052199808956,0.2957626142343233
tc_ddh,churn_lastfm_months,0.95,0.05,21,0.5593439307981801,0.29412515451267496,0.5460725893824485,0.305253032535321
tc_ddh,churn_lastfm_months,0.95,0.05,14,0.5637427883268918,0.3107572570651176,0.5715623106999284,0.2858768222927278
tc_ddh,churn_lastfm_months,0.95,0.05,13,0.5864954107902395,0.3100047663877584,0.5849389940926406,0.3038483408756057
tc_ddh,churn_lastfm_months,0.95,0.05,22,0.5775053666252401,0.3006857555936048,0.5792485484591335,0.32120039061222194
tc_ddh,churn_lastfm_months,0.95,0.001,9,0.550729498574543,0.32801802712754696,0.5569823434991974,0.32660157904158255
tc_ddh,churn_lastfm_months,0.95,0.001,7,0.5773506899826806,0.34442270891913374,0.574240907574241,0.3176419873431966
tc_ddh,churn_lastfm_months,0.95,0.001,5,0.5055660168365086,0.36273831179566,0.5585212201591512,0.33083404181780873
tc_ddh,churn_lastfm_months,0.95,0.001,4,0.5745219034912163,0.28957982527431425,0.5666311599484218,0.2997039939599882
tc_ddh,churn_lastfm_months,0.95,0.001,0,0.557490898907869,0.281390776977201,0.5498494479759117,0.3316013494868591
tc_ddh,churn_lastfm_months,0.95,0.001,3,0.5501215738284704,0.31750295110157906,0.5801374418089116,0.31942677035912936
tc_ddh,churn_lastfm_months,0.95,0.001,6,0.5356886161331343,0.3308403186857967,0.5343710880095792,0.3260596377051828
tc_ddh,churn_lastfm_months,0.95,0.001,2,0.5380491848576955,0.2959379166284544,0.5711511789181692,0.3525579892642162
tc_ddh,churn_lastfm_months,0.95,0.001,8,0.5500958641468091,0.36426021935735436,0.5428343131099823,0.36877745270883744
tc_ddh,churn_lastfm_months,0.95,0.001,1,0.595952894344004,0.2890371480307845,0.5417486093161769,0.34223706901915246
tc_ddh,churn_lastfm_months,0.95,0.003,9,0.5411426015987478,0.3448575878075651,0.5360878950572867,0.34210000644683364
tc_ddh,churn_lastfm_months,0.95,0.003,7,0.5802000111738086,0.3275994893107693,0.553859414970526,0.30483755872485796
tc_ddh,churn_lastfm_months,0.95,0.003,5,0.5086951705804165,0.3369688988882554,0.5658709106984969,0.30811843165218533
tc_ddh,churn_lastfm_months,0.95,0.003,4,0.5556204136090727,0.2857059197284407,0.5564556820093065,0.29480604962004736
tc_ddh,churn_lastfm_months,0.95,0.003,0,0.5515821898627835,0.2832768818956603,0.5516616482658637,0.33310400469181445
tc_ddh,churn_lastfm_months,0.95,0.003,3,0.5520280725022104,0.3162806797259189,0.5777543781866549,0.3182922125518712
tc_ddh,churn_lastfm_months,0.95,0.003,6,0.5322330955935202,0.32842963152607485,0.5276492679475318,0.32075280422883573
tc_ddh,churn_lastfm_months,0.95,0.003,2,0.5310859353412545,0.29790103565987963,0.5538973647711511,0.354774942024246
tc_ddh,churn_lastfm_months,0.95,0.003,8,0.5556012051492741,0.3251100170095714,0.5466582957593744,0.327636453767087
tc_ddh,churn_lastfm_months,0.95,0.003,1,0.5908663681096921,0.2873058584832168,0.548744170365792,0.3394481083788951
tc_ddh,churn_lastfm_months,0.95,0.5,9,0.5363072279054167,0.29228272481683487,0.5405435324071511,0.29257777037994676
tc_ddh,churn_lastfm_months,0.95,0.5,7,0.581038046818258,0.2975484817964372,0.534840395951507,0.2944995389839593
tc_ddh,churn_lastfm_months,0.95,0.5,5,0.5068121400088613,0.3193392786270683,0.5720877541998232,0.2932371983375425
tc_ddh,churn_lastfm_months,0.95,0.5,4,0.5888925950633755,0.25540040200465636,0.5689297527611146,0.269789276197098
tc_ddh,churn_lastfm_months,0.95,0.5,0,0.5773172780733689,0.2790195053803785,0.5680550908888146,0.32419254641470613
tc_ddh,churn_lastfm_months,0.95,0.5,3,0.5706233421750663,0.30596751944771383,0.5955996453114609,0.30670736054177433
tc_ddh,churn_lastfm_months,0.95,0.5,6,0.5445900370431802,0.30704176907353425,0.5430795188591956,0.30584218770635996
tc_ddh,churn_lastfm_months,0.95,0.5,2,0.5445979552362531,0.2819274982682703,0.6016366158113731,0.33716216592039466
tc_ddh,churn_lastfm_months,0.95,0.5,8,0.5812654067378801,0.31507826714558673,0.5444609325951715,0.32318269996874127
tc_ddh,churn_lastfm_months,0.95,0.5,1,0.5920550671753193,0.2501198825890565,0.5655728493566331,0.2904376472821569
tc_ddh,churn_lastfm_months,0.5,0.95,9,0.5261333780535524,0.2876487685543479,0.5347041567498755,0.2858565766608989
tc_ddh,churn_lastfm_months,0.5,0.95,7,0.5666238337337282,0.32142978388288695,0.5499944388833278,0.2953761612026671
tc_ddh,churn_lastfm_months,0.5,0.95,5,0.5079751883030571,0.31242062893576833,0.5614776746242264,0.29146464158710195
tc_ddh,churn_lastfm_months,0.5,0.95,4,0.588948187680676,0.2693434010043547,0.5784044402085553,0.28694988958740253
tc_ddh,churn_lastfm_months,0.5,0.95,0,0.5716325959115094,0.2712895900555315,0.5877383740381399,0.30730510192425137
tc_ddh,churn_lastfm_months,0.5,0.95,3,0.5566976127320955,0.2738020281253247,0.5904455774772778,0.27584855020331156
tc_ddh,churn_lastfm_months,0.5,0.95,6,0.5554265494554099,0.272617138768015,0.5349697926304904,0.2731991616671078
tc_ddh,churn_lastfm_months,0.5,0.95,2,0.5306438242608456,0.30779459463193276,0.5493481276005547,0.370040012056921
tc_ddh,churn_lastfm_months,0.5,0.95,8,0.5781155847712955,0.3208213354667735,0.5502539809371612,0.32920557171318793
tc_ddh,churn_lastfm_months,0.5,0.95,1,0.591198098081495,0.27110693957225995,0.5528459852784177,0.31619030173345997
tc_ddh,churn_lastfm_months,0.5,0.1,9,0.5427916596791325,0.3064545118983961,0.5436707809819007,0.31204180084317257
tc_ddh,churn_lastfm_months,0.5,0.1,7,0.5869601653723672,0.29213268658411506,0.5471860749638527,0.30145026604340264
tc_ddh,churn_lastfm_months,0.5,0.1,5,0.49748006202924233,0.3168356465530439,0.5614776746242264,0.2913636881734994
tc_ddh,churn_lastfm_months,0.5,0.1,4,0.5433066488770292,0.26485004134218826,0.5647250098110669,0.27430129183254
tc_ddh,churn_lastfm_months,0.5,0.1,0,0.5749929991598992,0.2653171432333585,0.572599531615925,0.3103017295980508
tc_ddh,churn_lastfm_months,0.5,0.1,3,0.5836648983200707,0.3082620912729593,0.5897805364664155,0.30932039623548524
tc_ddh,churn_lastfm_months,0.5,0.1,6,0.531680212307182,0.30280013807395756,0.5239481848364448,0.30325585726458415
tc_ddh,churn_lastfm_months,0.5,0.1,2,0.5569770654877038,0.26350414643499753,0.5829126213592233,0.3087220228415729
tc_ddh,churn_lastfm_months,0.5,0.1,8,0.5613530539578198,0.312259240121709,0.5414645282803493,0.3169515703587438
tc_ddh,churn_lastfm_months,0.5,0.1,1,0.5729529496323326,0.2526135291075153,0.5339944934539529,0.2913876768627048
tc_ddh,churn_lastfm_months,0.5,0.99,9,0.5432388618704231,0.26615717132712524,0.5379974539215143,0.26766195177775304
tc_ddh,churn_lastfm_months,0.5,0.99,7,0.5702273870048606,0.32188935513863143,0.5519686353019686,0.2972495424944808
tc_ddh,churn_lastfm_months,0.5,0.99,5,0.5070059813912273,0.3169843910183482,0.5575541556145004,0.2927128358885713
tc_ddh,churn_lastfm_months,0.5,0.99,4,0.5788581276406494,0.27504807429515266,0.5657061164994114,0.2893049440152378
tc_ddh,churn_lastfm_months,0.5,0.99,0,0.5591991038924671,0.2641636334008621,0.5791234526597524,0.30116124088655716
tc_ddh,churn_lastfm_months,0.5,0.99,3,0.5704022988505747,0.27879893736204997,0.5862336510751497,0.27487683267724006
tc_ddh,churn_lastfm_months,0.5,0.99,6,0.5406369215458616,0.2941170107318828,0.5284112556468731,0.2950318018278514
tc_ddh,churn_lastfm_months,0.5,0.99,2,0.5452058579718154,0.28710110410210277,0.6144798890429959,0.3419891593700245
tc_ddh,churn_lastfm_months,0.5,0.99,8,0.5796768008764722,0.3211300358722595,0.5589578220421209,0.32526375599384344
tc_ddh,churn_lastfm_months,0.5,0.99,1,0.595621164372201,0.27027565885305516,0.5634095634095634,0.3175899009530444
tc_ddh,churn_lastfm_months,0.5,0.25,9,0.5571580300743474,0.26401342587180976,0.5326285492887585,0.26931028566628384
tc_ddh,churn_lastfm_months,0.5,0.25,17,0.5972574072034365,0.28115209119910095,0.5357540654934284,0.3011591101892185
tc_ddh,churn_lastfm_months,0.5,0.25,7,0.5924632661042516,0.2843732711608802,0.5541652763874986,0.276050989209512
tc_ddh,churn_lastfm_months,0.5,0.25,5,0.5143165706690297,0.3190952971178776,0.5608145446507515,0.2950792943333492
tc_ddh,churn_lastfm_months,0.5,0.25,15,0.5489970865082923,0.3021205809634253,0.5686032477507131,0.28884411945360333
tc_ddh,churn_lastfm_months,0.5,0.25,18,0.6153024911032029,0.3154647743554135,0.5500111445447453,0.32108868782012995
tc_ddh,churn_lastfm_months,0.5,0.25,27,0.5576394991212654,0.29916246080921316,0.568904593639576,0.32052295793464286
tc_ddh,churn_lastfm_months,0.5,0.25,24,0.5760809003788723,0.27525984804287795,0.5925040315853862,0.25834712159830675
tc_ddh,churn_lastfm_months,0.5,0.25,28,0.5642942754408995,0.3167641748009181,0.5600548696844994,0.28159098687159934
tc_ddh,churn_lastfm_months,0.5,0.25,25,0.585130502101305,0.28591035974607554,0.5269402568397543,0.308369827774711
tc_ddh,churn_lastfm_months,0.5,0.25,16,0.5731057723665616,0.330487622029883,0.5682648654634038,0.32611051676290315
tc_ddh,churn_lastfm_months,0.5,0.25,4,0.5616522125861686,0.2647029446631791,0.5650053260077367,0.2770622829947657
tc_ddh,churn_lastfm_months,0.5,0.25,26,0.5589802557774287,0.28588886989574214,0.5990448159049259,0.3025035695548277
tc_ddh,churn_lastfm_months,0.5,0.25,11,0.5704576347983689,0.29413401474957196,0.5892532909668634,0.25147713464813887
tc_ddh,churn_lastfm_months,0.5,0.25,19,0.5323997803404723,0.3020089812751082,0.5553274139844617,0.3001757394928549
tc_ddh,churn_lastfm_months,0.5,0.25,10,0.5834642135965896,0.28744940157177834,0.5457042957042957,0.2860265736453356
tc_ddh,churn_lastfm_months,0.5,0.25,23,0.5591901206203331,0.28416212997993084,0.5597687797322712,0.28400651373957186
tc_ddh,churn_lastfm_months,0.5,0.25,0,0.5674320918510222,0.2704950534282648,0.5716516114642578,0.3146389225412854
tc_ddh,churn_lastfm_months,0.5,0.25,3,0.5678603006189213,0.27884210139452004,0.5797495012192418,0.2808663448828824
tc_ddh,churn_lastfm_months,0.5,0.25,6,0.5539337645822967,0.30575428825915196,0.5511076035486856,0.30635795125584236
tc_ddh,churn_lastfm_months,0.5,0.25,12,0.5707608267162246,0.28414133381798984,0.5460471101661725,0.3094074815258415
tc_ddh,churn_lastfm_months,0.5,0.25,29,0.5608279202906529,0.3107740386019309,0.5710408505875769,0.2991814244431713
tc_ddh,churn_lastfm_months,0.5,0.25,20,0.5654454667863554,0.3040156505851752,0.5525027048573543,0.2923486048523218
tc_ddh,churn_lastfm_months,0.5,0.25,2,0.5483282674772036,0.2601811555919822,0.60374479889043,0.3124761872475119
tc_ddh,churn_lastfm_months,0.5,0.25,8,0.5777869076965215,0.2676569027817386,0.554648707265567,0.27915870000873
tc_ddh,churn_lastfm_months,0.5,0.25,1,0.5850887377674573,0.24288822709145577,0.5582401528347475,0.2807975720109707
tc_ddh,churn_lastfm_months,0.5,0.25,21,0.5605796775824299,0.31037737103137963,0.5636782231852654,0.31853050488866147
tc_ddh,churn_lastfm_months,0.5,0.25,14,0.5479751302302134,0.28930369284985313,0.582576133046974,0.2598172609563726
tc_ddh,churn_lastfm_months,0.5,0.25,13,0.5784363107230803,0.3111807792377881,0.577982664384696,0.3071826273358763
tc_ddh,churn_lastfm_months,0.5,0.25,22,0.577872556773246,0.24165149563894908,0.586924966502903,0.2552287570029848
tc_ddh,churn_lastfm_months,0.5,0.75,9,0.5615462015763877,0.25327072626523944,0.5344274090883933,0.25275515863222764
tc_ddh,churn_lastfm_months,0.5,0.75,7,0.5666517682552098,0.28926329838638565,0.5350906462017573,0.2760312320085306
tc_ddh,churn_lastfm_months,0.5,0.75,5,0.4977569782897652,0.3256233342512783,0.5652077807250221,0.2966036048973058
tc_ddh,churn_lastfm_months,0.5,0.75,4,0.5898932621747832,0.2574661591626861,0.5678365195941022,0.2733839698211809
tc_ddh,churn_lastfm_months,0.5,0.75,0,0.5591991038924671,0.25069350193082623,0.5440782870525259,0.29098250207430976
tc_ddh,churn_lastfm_months,0.5,0.75,3,0.5623618479221928,0.27509608766404486,0.5795832409665262,0.2809612135317005
tc_ddh,churn_lastfm_months,0.5,0.75,6,0.5497871399347598,0.3010959297701906,0.5489304958362815,0.30225748250366424
tc_ddh,churn_lastfm_months,0.5,0.75,2,0.5612876485216911,0.2891069586841657,0.5924826629680998,0.3468012738055738
tc_ddh,churn_lastfm_months,0.5,0.75,8,0.5710490276636538,0.308979917227656,0.5519662119742024,0.321154428848548
tc_ddh,churn_lastfm_months,0.5,0.75,1,0.589926466522917,0.27703019803520124,0.5563297184918806,0.32585080315655035
tc_ddh,churn_lastfm_months,0.5,0.01,9,0.5449997204986304,0.3460187563662432,0.5397132894227044,0.34203124963823817
tc_ddh,churn_lastfm_months,0.5,0.01,7,0.5533549360299458,0.3459797080815535,0.5681514848181515,0.314246942770296
tc_ddh,churn_lastfm_months,0.5,0.01,5,0.5111320336730173,0.3468505365321604,0.559736958443855,0.3164013934726765
tc_ddh,churn_lastfm_months,0.5,0.01,4,0.5741049588614632,0.2890276777397753,0.5784324718282222,0.2975994026097555
tc_ddh,churn_lastfm_months,0.5,0.01,0,0.5717166059927191,0.29533713983542126,0.5723486115757779,0.3429909060161584
tc_ddh,churn_lastfm_months,0.5,0.01,3,0.5570568081343943,0.32113066363846626,0.5972345377964975,0.3223921357607791
tc_ddh,churn_lastfm_months,0.5,0.01,6,0.5334494388234644,0.3379437188735593,0.5372557557285147,0.33379709878876085
tc_ddh,churn_lastfm_months,0.5,0.01,2,0.5498480243161095,0.3032936554673338,0.5756726768377254,0.3594186478210191
tc_ddh,churn_lastfm_months,0.5,0.01,8,0.5497397973158039,0.354556450117426,0.5491124935791336,0.3595780429453889
tc_ddh,churn_lastfm_months,0.5,0.01,1,0.5824625421573506,0.30235367755747217,0.5722593695566669,0.35529943282736565
tc_ddh,churn_lastfm_months,0.5,0.9,9,0.5300184470903907,0.2807958713419367,0.5376376819615875,0.27927376863771036
tc_ddh,churn_lastfm_months,0.5,0.9,7,0.5755628806078552,0.2838333363887392,0.5438772105438772,0.27209618066299374
tc_ddh,churn_lastfm_months,0.5,0.9,5,0.5010245901639344,0.31224675628468845,0.5725298408488063,0.28808281543900344
tc_ddh,churn_lastfm_months,0.5,0.9,4,0.5870302423838114,0.25920692143204027,0.5717048831081459,0.2790662871583108
tc_ddh,churn_lastfm_months,0.5,0.9,0,0.583982077849342,0.25560191564247453,0.5769488123118099,0.2936941544301381
tc_ddh,churn_lastfm_months,0.5,0.9,3,0.5686892130857648,0.3021046869284098,0.5747339835956551,0.3003600285338059
tc_ddh,churn_lastfm_months,0.5,0.9,6,0.547520318460773,0.2903124175183164,0.5352419310945409,0.28663237861993396
tc_ddh,churn_lastfm_months,0.5,0.9,2,0.525780602376347,0.3032219858741187,0.5616920943134536,0.36853341400249456
tc_ddh,churn_lastfm_months,0.5,0.9,8,0.5693234730210901,0.3232428861269673,0.5541635751384053,0.32842670860439876
tc_ddh,churn_lastfm_months,0.5,0.9,1,0.5892353624149942,0.2619606747791585,0.5556835421700287,0.3052091007682694
tc_ddh,churn_lastfm_months,0.5,0.05,9,0.5576052322656381,0.3187837963990425,0.5561521005147506,0.31805576140993075
tc_ddh,churn_lastfm_months,0.5,0.05,7,0.5950053075590815,0.2965856700507001,0.5299744188633078,0.29113208393009327
tc_ddh,churn_lastfm_months,0.5,0.05,5,0.5061198493575543,0.3524968715939253,0.5499005305039788,0.32185648315393195
tc_ddh,churn_lastfm_months,0.5,0.05,4,0.5381921280853903,0.269356460988438,0.5646969781913999,0.28054494483420944
tc_ddh,churn_lastfm_months,0.5,0.05,0,0.5614673760851302,0.2654012224363549,0.587989294078287,0.3012462870993849
tc_ddh,churn_lastfm_months,0.5,0.05,3,0.5695457559681698,0.30348400993273267,0.5730159609842607,0.30442543927363336
tc_ddh,churn_lastfm_months,0.5,0.05,6,0.5687786808204788,0.3116968533477654,0.5349153649376803,0.30557727685182035
tc_ddh,churn_lastfm_months,0.5,0.05,2,0.5308372478585245,0.2758402546379641,0.5593619972260749,0.3256414847808563
tc_ddh,churn_lastfm_months,0.5,0.05,8,0.5523692139139962,0.3083929996463664,0.5418069744877575,0.3099672041395032
tc_ddh,churn_lastfm_months,0.5,0.05,1,0.5795322607397578,0.2812648634112035,0.5387705793111198,0.33438278685487466
tc_ddh,churn_lastfm_months,0.5,0.001,9,0.5731455084129913,0.3257790873580481,0.5523883323185919,0.3228502451161838
tc_ddh,churn_lastfm_months,0.5,0.001,17,0.5938153981716048,0.3422590128057896,0.5584762753397193,0.36730775138556576
tc_ddh,churn_lastfm_months,0.5,0.001,7,0.5746689759204425,0.35036873022563264,0.5717662106550996,0.31962155773498024
tc_ddh,churn_lastfm_months,0.5,0.001,5,0.5224856003544528,0.31663483975084267,0.5654564544650752,0.2910564847030253
tc_ddh,churn_lastfm_months,0.5,0.001,15,0.5524988794262663,0.33636284616952666,0.5782312925170068,0.32146325829540845
tc_ddh,churn_lastfm_months,0.5,0.001,18,0.5474952094169176,0.39661511451105896,0.5240164939262231,0.4007641940066287
tc_ddh,churn_lastfm_months,0.5,0.001,27,0.5740883128295254,0.3353484454766488,0.5634617576655648,0.36512591892514756
tc_ddh,churn_lastfm_months,0.5,0.001,24,0.5234845108090038,0.38965649374998024,0.5330590001668242,0.37045549635298103
tc_ddh,churn_lastfm_months,0.5,0.001,28,0.5738827692483306,0.3989629968457869,0.520877914951989,0.3627030103300588
tc_ddh,churn_lastfm_months,0.5,0.001,25,0.5953605397036054,0.31779244565490417,0.5310441094360693,0.3372708656432703
tc_ddh,churn_lastfm_months,0.5,0.001,16,0.5603326448527014,0.35611697797283626,0.552292104971764,0.3486268825341849
tc_ddh,churn_lastfm_months,0.5,0.001,4,0.5912274849899933,0.30008995306170055,0.5629590177720468,0.3135060517648406
tc_ddh,churn_lastfm_months,0.5,0.001,26,0.5463877047341261,0.32758696467454423,0.5873271505525629,0.343671387436111
tc_ddh,churn_lastfm_months,0.5,0.001,11,0.5637460353420933,0.3615141324855407,0.6105878347707672,0.29894761709882783
tc_ddh,churn_lastfm_months,0.5,0.001,19,0.5591433278418452,0.37892259514395404,0.530937846836848,0.38661419303523303
tc_ddh,churn_lastfm_months,0.5,0.001,10,0.5993661655822302,0.3192363300364673,0.5646853146853147,0.3172595071527105
tc_ddh,churn_lastfm_months,0.5,0.001,23,0.5628087306145894,0.33818046894109766,0.5591326474167496,0.3353746994069488
tc_ddh,churn_lastfm_months,0.5,0.001,0,0.5614113693643237,0.35283856041241823,0.5323686851789896,0.4068600997769004
tc_ddh,churn_lastfm_months,0.5,0.001,3,0.5694628647214854,0.3251548776615242,0.601917534914653,0.3274292663047212
tc_ddh,churn_lastfm_months,0.5,0.001,6,0.5329518438657599,0.34357865273145144,0.5423991726990692,0.3357577535050868
tc_ddh,churn_lastfm_months,0.5,0.001,12,0.5640310863321507,0.3412992625629093,0.5466905388015443,0.353280517821456
tc_ddh,churn_lastfm_months,0.5,0.001,29,0.541918969503468,0.40347290152921544,0.5539171796306659,0.3815894141734074
tc_ddh,churn_lastfm_months,0.5,0.001,20,0.5456687612208259,0.3150131789583601,0.5526165935880645,0.3029802344694298
tc_ddh,churn_lastfm_months,0.5,0.001,2,0.5501796076264162,0.2938415676825562,0.5962552011095701,0.34911663041463065
tc_ddh,churn_lastfm_months,0.5,0.001,8,0.5741166803615447,0.3168352465978159,0.5753667028137663,0.32726217852414674
tc_ddh,churn_lastfm_months,0.5,0.001,1,0.5931331895836789,0.3031591787260391,0.5628757655784683,0.3559846265832382
tc_ddh,churn_lastfm_months,0.5,0.001,21,0.5430826265236196,0.3134049637806299,0.5669284940411701,0.32064678957651627
tc_ddh,churn_lastfm_months,0.5,0.001,14,0.5583655408054669,0.35515954394836785,0.5731868494961176,0.33288553190749687
tc_ddh,churn_lastfm_months,0.5,0.001,13,0.5152787105439892,0.3978462260842266,0.5334014243913211,0.3852458408802107
tc_ddh,churn_lastfm_months,0.5,0.001,22,0.5832956728053327,0.3151032957360068,0.5766525234479678,0.33799542179717257
tc_ddh,churn_lastfm_months,0.5,0.003,9,0.5455028229638326,0.3481617081877529,0.5442519510710134,0.34459991381788085
tc_ddh,churn_lastfm_months,0.5,0.003,7,0.577797642326387,0.3514797792193764,0.5651206762317873,0.32110891292112154
tc_ddh,churn_lastfm_months,0.5,0.003,5,0.5200764288879043,0.316277716487914,0.567722148541114,0.29082996509691394
tc_ddh,churn_lastfm_months,0.5,0.003,4,0.5860573715810541,0.2996655951727447,0.573470875147166,0.31307542450980613
tc_ddh,churn_lastfm_months,0.5,0.003,0,0.5637636516381966,0.2865494413349564,0.5465596074495372,0.33529235438916494
tc_ddh,churn_lastfm_months,0.5,0.003,3,0.567473474801061,0.32175614598216473,0.5952394147639104,0.3241120812778981
tc_ddh,churn_lastfm_months,0.5,0.003,6,0.551611654779676,0.33073961062810026,0.5265335002449246,0.32361088474525446
tc_ddh,churn_lastfm_months,0.5,0.003,2,0.5492677535230727,0.29844214017949605,0.5874341192787794,0.3542270849488399
tc_ddh,churn_lastfm_months,0.5,0.003,8,0.558148452478773,0.34683727616308385,0.5586439130186633,0.3530688049116757
tc_ddh,churn_lastfm_months,0.5,0.003,1,0.5681705092055067,0.32208267249485967,0.561161993594426,0.3779937703248419
tc_ddh,churn_lastfm_months,0.5,0.5,9,0.558890938565599,0.26207770453306545,0.5383849006475895,0.2615326545446765
tc_ddh,churn_lastfm_months,0.5,0.5,7,0.5703949941337505,0.3105897220947831,0.5307807807807807,0.2934919336420256
tc_ddh,churn_lastfm_months,0.5,0.5,5,0.5022430217102348,0.31985975601288347,0.5513925729442971,0.29276253576604905
tc_ddh,churn_lastfm_months,0.5,0.5,4,0.5822492772959751,0.27502308156982264,0.5683691203677749,0.29043895407195724
tc_ddh,churn_lastfm_months,0.5,0.5,0,0.590422850742089,0.29760519200784313,0.5864280138284822,0.344416993298762
tc_ddh,churn_lastfm_months,0.5,0.5,3,0.5730824491600354,0.2947593928070991,0.5862890711593881,0.29620404857226157
tc_ddh,churn_lastfm_months,0.5,0.5,6,0.5377619284569027,0.3063688319247438,0.5291732433462145,0.30757621343719743
tc_ddh,churn_lastfm_months,0.5,0.5,2,0.5448466427189832,0.2599827474281771,0.6218307905686546,0.31765709823473337
tc_ddh,churn_lastfm_months,0.5,0.5,8,0.5608874281018899,0.31021041654493264,0.5580446321556989,0.31970560029076667
tc_ddh,churn_lastfm_months,0.5,0.5,1,0.5770442859512357,0.24057808555158564,0.5590268022700455,0.2753240261813417
tc_ddh,churn_lastfm_months,0.1,0.95,9,0.561518251439432,0.28574866112921155,0.5521946089555543,0.2866333230842106
tc_ddh,churn_lastfm_months,0.1,0.95,7,0.5765964579026761,0.283710924269504,0.5408464019575131,0.2671258650176251
tc_ddh,churn_lastfm_months,0.1,0.95,5,0.4975354452813469,0.3171805535120475,0.5541003536693192,0.28947166249969314
tc_ddh,churn_lastfm_months,0.1,0.95,4,0.5693239937736269,0.2649513624266254,0.5550541010259573,0.277558417418982
tc_ddh,churn_lastfm_months,0.1,0.95,0,0.5792215065807897,0.2556496560775445,0.5596632095461135,0.30235639202456166
tc_ddh,churn_lastfm_months,0.1,0.95,3,0.5678326702033598,0.37146083332437985,0.5712425182886278,0.3730324325361797
tc_ddh,churn_lastfm_months,0.1,0.95,6,0.5669265218112457,0.3504155222804299,0.5496652696892179,0.3385534158052435
tc_ddh,churn_lastfm_months,0.1,0.95,2,0.5168554849405913,0.322901355821733,0.6105963938973648,0.3813474810268277
tc_ddh,churn_lastfm_months,0.1,0.95,8,0.5745823062174746,0.30898715881977273,0.5501112950174076,0.3121454870773948
tc_ddh,churn_lastfm_months,0.1,0.95,1,0.557002266821474,0.3101964760754918,0.54163623082542,0.3643659390251324
tc_ddh,churn_lastfm_months,0.1,0.1,9,0.5437699144725809,0.3219035731505817,0.5511152930757736,0.3239676559876008
tc_ddh,churn_lastfm_months,0.1,0.1,7,0.5930219565338846,0.2814802098507809,0.5306973640306973,0.28531573059879345
tc_ddh,churn_lastfm_months,0.1,0.1,5,0.4920525033229951,0.31172718546738154,0.5565041998231653,0.28487734656157326
tc_ddh,churn_lastfm_months,0.1,0.1,4,0.5435012230375806,0.26427990187767875,0.5532600773672702,0.27293950708177506
tc_ddh,churn_lastfm_months,0.1,0.1,0,0.5633716045925511,0.27702356172746645,0.5597747295639567,0.32010284585549187
tc_ddh,churn_lastfm_months,0.1,0.1,3,0.5702641467727675,0.2835328654923023,0.5777820882287741,0.28593724292097883
tc_ddh,churn_lastfm_months,0.1,0.1,6,0.5311273290208437,0.3076962944234753,0.5231861971371033,0.3047092208532586
tc_ddh,churn_lastfm_months,0.1,0.1,2,0.545482177397071,0.2415964550164455,0.5677947295423024,0.2838855482823007
tc_ddh,churn_lastfm_months,0.1,0.1,8,0.565434127636264,0.30271066501420435,0.5564465498544604,0.30963726481535553
tc_ddh,churn_lastfm_months,0.1,0.1,1,0.5790623099463703,0.2448751641635655,0.5483789402708321,0.2739270290896343
tc_ddh,churn_lastfm_months,0.1,0.99,9,0.5430432109117335,0.3531179242661422,0.5513643659711075,0.34900291434220027
tc_ddh,churn_lastfm_months,0.1,0.99,7,0.5546399240181016,0.36757551831076707,0.5399566232899566,0.33286434631507217
tc_ddh,churn_lastfm_months,0.1,0.99,5,0.4953201151971644,0.30199029814777145,0.5658985411140584,0.27939690030038034
tc_ddh,churn_lastfm_months,0.1,0.99,4,0.5659606404269513,0.2613649677233713,0.5534002354656052,0.2710629169837434
tc_ddh,churn_lastfm_months,0.1,0.99,0,0.5705684682161859,0.27195593963217174,0.5744953719192595,0.3120624541130365
tc_ddh,churn_lastfm_months,0.1,0.99,3,0.5728061450044208,0.26263658490134095,0.5891154954555531,0.2680414496822822
tc_ddh,churn_lastfm_months,0.1,0.99,6,0.5314314148283298,0.2924354600269684,0.5252544494638872,0.2940583200353882
tc_ddh,churn_lastfm_months,0.1,0.99,2,0.5148107211937,0.31298877283849164,0.5980859916782247,0.371610198432205
tc_ddh,churn_lastfm_months,0.1,0.99,8,0.5819501506436593,0.2855962112950206,0.5550482278408767,0.294976047352792
tc_ddh,churn_lastfm_months,0.1,0.99,1,0.5780118317023276,0.29464123881963245,0.5517222003708491,0.347715688745935
tc_ddh,churn_lastfm_months,0.1,0.25,9,0.561518251439432,0.275782384758502,0.5379697791553661,0.2741066354176521
tc_ddh,churn_lastfm_months,0.1,0.25,7,0.5958992122464942,0.2824380945801789,0.5421254587921255,0.278944791477076
tc_ddh,churn_lastfm_months,0.1,0.25,5,0.5314023039432876,0.30012116310838616,0.5587975243147657,0.27875693424929143
tc_ddh,churn_lastfm_months,0.1,0.25,4,0.5566766733377807,0.27784590075074367,0.5646689465717329,0.289816308312143
tc_ddh,churn_lastfm_months,0.1,0.25,0,0.5608513021562588,0.2838513128561628,0.5811029329764693,0.3228808986649306
tc_ddh,churn_lastfm_months,0.1,0.25,3,0.5549292661361627,0.285179232515334,0.5712979383728664,0.286699113327829
tc_ddh,churn_lastfm_months,0.1,0.25,6,0.5415215348040029,0.30341611815430203,0.5259892233168236,0.3057189249509199
tc_ddh,churn_lastfm_months,0.1,0.25,2,0.5520862116606797,0.2504727816090862,0.5943689320388349,0.3054990936070782
tc_ddh,churn_lastfm_months,0.1,0.25,8,0.5650232812927964,0.29124594646325164,0.5479424690371554,0.2984814382184297
tc_ddh,churn_lastfm_months,0.1,0.25,1,0.5895394482224803,0.23935544901531894,0.5501208068775636,0.28485002236875606
tc_ddh,churn_lastfm_months,0.1,0.75,9,0.5559282240482979,0.27346822598254705,0.5508938949465877,0.2740642626801103
tc_ddh,churn_lastfm_months,0.1,0.75,7,0.5722107380300575,0.2837999247250532,0.5404571237904571,0.2651534169202114
tc_ddh,churn_lastfm_months,0.1,0.75,5,0.5075044306601684,0.3542571344686347,0.5464467285587975,0.32468671554775375
tc_ddh,churn_lastfm_months,0.1,0.75,4,0.5579553035356905,0.2680889905336403,0.5443460223131693,0.2783459357311909
tc_ddh,churn_lastfm_months,0.1,0.75,0,0.581181741809017,0.2988552239182443,0.5407048065127691,0.34955160441817634
tc_ddh,churn_lastfm_months,0.1,0.75,3,0.5846595932802829,0.35589381083391003,0.5681667036133895,0.3557394166741257
tc_ddh,churn_lastfm_months,0.1,0.75,6,0.5277270968098634,0.2938561310571818,0.5282479725684428,0.2935695602680639
tc_ddh,churn_lastfm_months,0.1,0.75,2,0.5467256148107212,0.260786684609336,0.5888210818307905,0.31697592444299894
tc_ddh,churn_lastfm_months,0.1,0.75,8,0.5618186798137497,0.3475544746818129,0.5552765253124822,0.35260436827200436
tc_ddh,churn_lastfm_months,0.1,0.75,1,0.6067064742632831,0.2497450870735963,0.5541102432994325,0.28864721014330824
tc_ddh,churn_lastfm_months,0.1,0.01,9,0.5704063949913355,0.33669021266751237,0.5417058725853766,0.33373274691933075
tc_ddh,churn_lastfm_months,0.1,0.01,7,0.57343985697525,0.348648363192609,0.5576131687242798,0.3162848748677049
tc_ddh,churn_lastfm_months,0.1,0.01,5,0.48925564909171465,0.3598990053820848,0.556172634836428,0.3288688685291768
tc_ddh,churn_lastfm_months,0.1,0.01,4,0.5952857460529242,0.29417510007897263,0.5759937209171946,0.305636037754356
tc_ddh,churn_lastfm_months,0.1,0.01,0,0.5999439932791935,0.2949711421576916,0.577367012378722,0.3445184300226263
tc_ddh,churn_lastfm_months,0.1,0.01,3,0.5642683465959328,0.3841868804933286,0.5473010418975837,0.38536996199099255
tc_ddh,churn_lastfm_months,0.1,0.01,6,0.5590755791452424,0.3274852829839945,0.5408751973003865,0.31867497201499884
tc_ddh,churn_lastfm_months,0.1,0.01,2,0.5400663166620614,0.28475723615802595,0.6200832177531207,0.33967374328237154
tc_ddh,churn_lastfm_months,0.1,0.01,8,0.5480690221857025,0.34140557976337427,0.5508817989840763,0.34717880962184483
tc_ddh,churn_lastfm_months,0.1,0.01,1,0.5899817548515508,0.2905229706270833,0.5575939765128954,0.34288458418055845
tc_ddh,churn_lastfm_months,0.1,0.9,9,0.5572977807591257,0.3531396571450675,0.5406819062378923,0.34759496038460214
tc_ddh,churn_lastfm_months,0.1,0.9,7,0.5753673389574837,0.27530453906104324,0.5362584807029251,0.26093141268460973
tc_ddh,churn_lastfm_months,0.1,0.9,5,0.5078921134249003,0.36297844690176406,0.5394009725906278,0.3338097088266165
tc_ddh,churn_lastfm_months,0.1,0.9,4,0.5792750722704025,0.25811323808729336,0.5494758087122273,0.2720711521010561
tc_ddh,churn_lastfm_months,0.1,0.9,0,0.576785214225707,0.33357741950957037,0.5484833277573324,0.3854837191730142
tc_ddh,churn_lastfm_months,0.1,0.9,3,0.5611461096374889,0.30096715537272295,0.5608789625360231,0.30335119942826033
tc_ddh,churn_lastfm_months,0.1,0.9,6,0.5392270691656991,0.27972102018659956,0.5195123278724215,0.2803435305926474
tc_ddh,churn_lastfm_months,0.1,0.9,2,0.5383531362254766,0.27058911997959134,0.5784743411927878,0.32547849380246796
tc_ddh,churn_lastfm_months,0.1,0.9,8,0.5662010408107367,0.3044579980329977,0.5567604588779179,0.3068152837567657
tc_ddh,churn_lastfm_months,0.1,0.9,1,0.5959805385083209,0.2671567976198538,0.5422543125245828,0.3164623053597885
tc_ddh,churn_lastfm_months,0.1,0.05,9,0.5511487506288781,0.33758300136013497,0.5376930314938839,0.33443966495402794
tc_ddh,churn_lastfm_months,0.1,0.05,7,0.5826023800212302,0.29825198214638543,0.535229674118563,0.2911675632367361
tc_ddh,churn_lastfm_months,0.1,0.05,5,0.5163934426229508,0.32274187063609344,0.5613671529619806,0.2968233647620365
tc_ddh,churn_lastfm_months,0.1,0.05,4,0.5642928619079386,0.28227132263515664,0.5433929472444918,0.29401212796211346
tc_ddh,churn_lastfm_months,0.1,0.05,0,0.5700644077289275,0.2853334939095979,0.579458012713282,0.33120811460181604
tc_ddh,churn_lastfm_months,0.1,0.05,3,0.566920866489832,0.3177292844058578,0.5877299933495899,0.31726116093256895
tc_ddh,churn_lastfm_months,0.1,0.05,6,0.5292198816829767,0.2939657195094321,0.5086812170032112,0.29364505823212855
tc_ddh,churn_lastfm_months,0.1,0.05,2,0.5287648521691075,0.2717805557069041,0.5621914008321776,0.32427789494808446
tc_ddh,churn_lastfm_months,0.1,0.05,8,0.5440153382634895,0.3147064224466537,0.5415216026482507,0.31484670391685465
tc_ddh,churn_lastfm_months,0.1,0.05,1,0.5814120639133079,0.2555250367884472,0.518879586447154,0.3056447044157426
tc_ddh,churn_lastfm_months,0.1,0.001,9,0.5730057577282128,0.3232466067343951,0.5539657939890408,0.31983368291559994
tc_ddh,churn_lastfm_months,0.1,0.001,7,0.5631040840270406,0.347945367351706,0.5606717828940051,0.3162356845757009
tc_ddh,churn_lastfm_months,0.1,0.001,5,0.5093597696056712,0.33020935586414096,0.5632460212201591,0.30388087119364154
tc_ddh,churn_lastfm_months,0.1,0.001,4,0.5805537024683122,0.2924447347648834,0.5666311599484218,0.30378421669613953
tc_ddh,churn_lastfm_months,0.1,0.001,0,0.5946793615233829,0.28946886985977616,0.5757778521244563,0.3372145448840226
tc_ddh,churn_lastfm_months,0.1,0.001,3,0.5747679045092838,0.33995492672413014,0.59036244735092,0.34047759409331263
tc_ddh,churn_lastfm_months,0.1,0.001,6,0.5601260573892851,0.390789166843522,0.5488488542970663,0.3764809937383172
tc_ddh,churn_lastfm_months,0.1,0.001,2,0.5397623652942802,0.29142932858588394,0.6208044382801664,0.34751158801728715
tc_ddh,churn_lastfm_months,0.1,0.001,8,0.5577376061353054,0.3288759920992819,0.5579304834198962,0.3349111717715141
tc_ddh,churn_lastfm_months,0.1,0.001,1,0.5383977442361917,0.3629229922869188,0.5151710962521774,0.419211982993244
tc_ddh,churn_lastfm_months,0.1,0.003,9,0.5308010509251495,0.36141016972658047,0.5209774727403553,0.35745740084646144
tc_ddh,churn_lastfm_months,0.1,0.003,7,0.568299905022627,0.3456083634050347,0.561255700144589,0.3138864378861033
tc_ddh,churn_lastfm_months,0.1,0.003,5,0.5071998227735932,0.3314547183486647,0.5599856321839081,0.3055714231600503
tc_ddh,churn_lastfm_months,0.1,0.003,4,0.5794418501223038,0.2978242672964715,0.5593990020743399,0.31063731043175613
tc_ddh,churn_lastfm_months,0.1,0.003,0,0.5970316437972557,0.2946278349897385,0.579179212668674,0.3416099069251043
tc_ddh,churn_lastfm_months,0.1,0.003,3,0.5754034040671971,0.34376441105138683,0.5941310130791398,0.3434258221070082
tc_ddh,churn_lastfm_months,0.1,0.003,6,0.5613976889478631,0.3347957681336538,0.544385783486638,0.32376080340885915
tc_ddh,churn_lastfm_months,0.1,0.003,2,0.5382978723404256,0.29586183768292973,0.6080443828016644,0.3529340047211047
tc_ddh,churn_lastfm_months,0.1,0.003,8,0.5424541221583128,0.3431611872350216,0.5516523029507449,0.3479780931834362
tc_ddh,churn_lastfm_months,0.1,0.003,1,0.5812738430917234,0.286346920052664,0.5465527897960331,0.3368883820214779
tc_ddh,churn_lastfm_months,0.1,0.5,9,0.5344345687293868,0.3019088457206533,0.541263076327005,0.3001538694251806
tc_ddh,churn_lastfm_months,0.1,0.5,7,0.5815688027264093,0.30557686616019847,0.5507173840507174,0.29637468618246626
tc_ddh,churn_lastfm_months,0.1,0.5,5,0.49155405405405406,0.3051909110876478,0.5643236074270557,0.27911061215044336
tc_ddh,churn_lastfm_months,0.1,0.5,4,0.577106960195686,0.2611626704178541,0.5686494365644447,0.2739000195815379
tc_ddh,churn_lastfm_months,0.1,0.5,0,0.5914029683562028,0.2898753308318845,0.5812423329987733,0.33599304530819474
tc_ddh,churn_lastfm_months,0.1,0.5,3,0.5740218832891246,0.3530772111444827,0.5730159609842607,0.3546926899106626
tc_ddh,churn_lastfm_months,0.1,0.5,6,0.5621993697130536,0.3664417172873718,0.5616121482610352,0.35315267881513396
tc_ddh,churn_lastfm_months,0.1,0.5,2,0.5441282122133186,0.2706483611207981,0.5933980582524272,0.32706558074337305
tc_ddh,churn_lastfm_months,0.1,0.5,8,0.5750753218296357,0.30030093104584765,0.5573882769248331,0.30642070087152584
tc_ddh,churn_lastfm_months,0.1,0.5,1,0.5858627743683309,0.24836613612391076,0.5532954992414452,0.2896682034433278
tc_ddh,scania,0.95,0.95,9,0.5667533775279013,0.1576983068037027,0.6301251989846406,0.15658123285702963
tc_ddh,scania,0.95,0.95,7,0.4992019154030327,0.11848490294869368,0.5,0.11944950132623845
tc_ddh,scania,0.95,0.95,5,0.5031346718514403,0.3691960045907382,0.5037132510894249,0.36725539887892406
tc_ddh,scania,0.95,0.95,4,0.5797321335147013,0.15098001041282766,0.5476330879661637,0.150674720822061
tc_ddh,scania,0.95,0.95,0,0.5,0.10199537231450212,0.5,0.10495314020774008
tc_ddh,scania,0.95,0.95,3,0.546926576857882,0.1988430128239397,0.534851407121674,0.1983731578455536
tc_ddh,scania,0.95,0.95,6,0.5,0.8347313898058599,0.5,0.8300075014382579
tc_ddh,scania,0.95,0.95,2,0.5086563757350665,0.0947276714131725,0.49922352316148677,0.09928470744154508
tc_ddh,scania,0.95,0.95,8,0.5378316281444534,0.24328505454456462,0.6027769615045548,0.23396838530357042
tc_ddh,scania,0.95,0.95,1,0.4966119630193443,0.08759558858728934,0.5031521739130435,0.08940467563206148
tc_ddh,scania,0.95,0.1,9,0.4988356969035831,0.2674821300398577,0.4992148173643678,0.26322007481244997
tc_ddh,scania,0.95,0.1,7,0.5905631362778113,0.2805542385679571,0.5343770659294429,0.28500452954406225
tc_ddh,scania,0.95,0.1,5,0.5309598444567891,0.2711323106440697,0.5337875161112134,0.24535372392845967
tc_ddh,scania,0.95,0.1,4,0.5434550591189704,0.8304763984630901,0.5339786083207938,0.8329853855202253
tc_ddh,scania,0.95,0.1,0,0.546297035234029,0.18349225073638933,0.6228676097367202,0.17745058692991458
tc_ddh,scania,0.95,0.1,3,0.5529039164956732,0.7262921526223656,0.5798855223044858,0.7262500433324763
tc_ddh,scania,0.95,0.1,6,0.49923223016931345,0.5476550393045244,0.5093325260454725,0.5384500006881989
tc_ddh,scania,0.95,0.1,2,0.516896858557722,0.19654623450269876,0.5182880729070884,0.1876565565985811
tc_ddh,scania,0.95,0.1,8,0.49947960646466233,0.10723173184529375,0.4991813945678183,0.10717908719838348
tc_ddh,scania,0.95,0.1,1,0.5579400735157614,0.4318864203842242,0.5344891304347826,0.4135757153288233
tc_ddh,scania,0.95,0.99,9,0.5401527230007552,0.40449392223251235,0.541732994880179,0.4001890956161785
tc_ddh,scania,0.95,0.99,7,0.4992019154030327,0.13502252592257613,0.5,0.1357609721702512
tc_ddh,scania,0.95,0.99,5,0.5,0.6904508848805043,0.5,0.6908126652964367
tc_ddh,scania,0.95,0.99,4,0.4921104949251857,0.3141519944398372,0.5383403147748993,0.3152964852915765
tc_ddh,scania,0.95,0.99,0,0.5181157974542118,0.1166627167222997,0.5406616202855693,0.11742788906302484
tc_ddh,scania,0.95,0.99,3,0.5863368721563029,0.5808996436065973,0.5687280947344407,0.5780411131935059
tc_ddh,scania,0.95,0.99,6,0.49923223016931345,0.10328685489136155,0.5090924275006785,0.10385119254514072
tc_ddh,scania,0.95,0.99,2,0.49944870009285053,0.11131414994004271,0.4999693495984797,0.11335886732803443
tc_ddh,scania,0.95,0.99,8,0.5730220136284194,0.22529749975671898,0.6151295075773477,0.21477491142260122
tc_ddh,scania,0.95,0.99,1,0.5010860282924293,0.8129333257115879,0.5027173913043478,0.8014805869787843
tc_ddh,scania,0.95,0.25,9,0.4938742972224553,0.3475533512548706,0.5120789054769178,0.34143438509079876
tc_ddh,scania,0.95,0.25,7,0.4992019154030327,0.09280496483136917,0.5,0.09598913876686886
tc_ddh,scania,0.95,0.25,5,0.5157725577335132,0.3928417525481036,0.5212361136684466,0.3838188233740848
tc_ddh,scania,0.95,0.25,4,0.5078790415402323,0.16236981667090056,0.49859693358818985,0.161053285550547
tc_ddh,scania,0.95,0.25,0,0.5551155181357488,0.13793968155233757,0.5623331052898727,0.13815133516994937
tc_ddh,scania,0.95,0.25,3,0.543659113212597,0.2792537436201825,0.5628694083245194,0.2774556227117794
tc_ddh,scania,0.95,0.25,6,0.49916151452701335,0.4965218747342217,0.5090924275006785,0.4907836470931853
tc_ddh,scania,0.95,0.25,2,0.5550913030021665,0.4669767603367908,0.5336643576697522,0.4615708700028729
tc_ddh,scania,0.95,0.25,8,0.5467274119749426,0.20649797187429386,0.6138176398975693,0.19760786567065286
tc_ddh,scania,0.95,0.25,1,0.5048639215831879,0.34492990293579007,0.5073369565217392,0.33960904180131896
tc_ddh,scania,0.95,0.75,9,0.5406247377695729,0.24292448983023143,0.5984489953964635,0.24411292179673613
tc_ddh,scania,0.95,0.75,7,0.5,0.7375510708507419,0.5,0.7310280148492632
tc_ddh,scania,0.95,0.75,5,0.5,0.6310295719009718,0.5,0.6305066950013604
tc_ddh,scania,0.95,0.75,4,0.5652192110494925,0.40041490031995186,0.5643377119850339,0.40552812626614343
tc_ddh,scania,0.95,0.75,0,0.5000099756593911,0.8879920741203909,0.5,0.8807983919455933
tc_ddh,scania,0.95,0.75,3,0.5856343117138014,0.3138545806708656,0.5247101764864472,0.3158486825510235
tc_ddh,scania,0.95,0.75,6,0.49923223016931345,0.14452098905765165,0.5090819884335136,0.14466737942984387
tc_ddh,scania,0.95,0.75,2,0.5,0.8825041910664754,0.5,0.8768453912222439
tc_ddh,scania,0.95,0.75,8,0.49875301926437954,0.08848166809852712,0.4991813945678183,0.08794508027137758
tc_ddh,scania,0.95,0.75,1,0.5106467901830468,0.8071521257905702,0.5157717391304348,0.7947684964216557
tc_ddh,scania,0.95,0.01,9,0.5,0.7196242716913666,0.5,0.7154660115913959
tc_ddh,scania,0.95,0.01,17,0.5289463527595523,0.731397974047816,0.5016866528169159,0.7313868553563843
tc_ddh,scania,0.95,0.01,7,0.5048858349716777,0.362255289477928,0.501552577278282,0.35858366069742537
tc_ddh,scania,0.95,0.01,5,0.5066661376081263,0.715685444396685,0.5072526033674993,0.7121783150263554
tc_ddh,scania,0.95,0.01,15,0.5014874209499793,0.19605718296522717,0.5167584037743267,0.19706776324256972
tc_ddh,scania,0.95,0.01,18,0.5,0.8366815302322643,0.5,0.8391760079404579
tc_ddh,scania,0.95,0.01,27,0.5545347269049224,0.4103429613308679,0.5952650244416755,0.40497963405234594
tc_ddh,scania,0.95,0.01,24,0.4999703146645557,0.11158125096209225,0.4986584215491039,0.1105331704857704
tc_ddh,scania,0.95,0.01,28,0.4994597566061341,0.09715723882013443,0.4986072122651695,0.0996784548367704
tc_ddh,scania,0.95,0.01,25,0.49567609304121224,0.6072046356386382,0.5492972660762419,0.6076537399194673
tc_ddh,scania,0.95,0.01,16,0.49282614296189137,0.11064734418744746,0.5165983923326635,0.11024572727262676
tc_ddh,scania,0.95,0.01,4,0.5174845662864915,0.10479263302810993,0.5253263654479645,0.1035897053084632
tc_ddh,scania,0.95,0.01,26,0.49995775867531206,0.08696299938741961,0.49994157058273603,0.08527008408987273
tc_ddh,scania,0.95,0.01,11,0.49996898455430805,0.7173585971075614,0.5,0.7177407268841259
tc_ddh,scania,0.95,0.01,19,0.5424799860435364,0.2057367034659091,0.5310719993443429,0.20301861908889568
tc_ddh,scania,0.95,0.01,10,0.5246181024628495,0.12480563487733451,0.5165124632633068,0.12421216411020732
tc_ddh,scania,0.95,0.01,23,0.4716179329169941,0.16693875094443678,0.44145392426686914,0.1672040417143546
tc_ddh,scania,0.95,0.01,0,0.4999900243406089,0.10357879444608649,0.4999668969169995,0.10444622822507756
tc_ddh,scania,0.95,0.01,3,0.5090998304933535,0.2716219184321128,0.4964329413716585,0.273485260035357
tc_ddh,scania,0.95,0.01,6,0.49923223016931345,0.0871230800196536,0.5093325260454725,0.0885564394771403
tc_ddh,scania,0.95,0.01,12,0.49946745191404046,0.10577542111625059,0.49976769724615644,0.10220972630334554
tc_ddh,scania,0.95,0.01,29,0.49970131421744324,0.1531335642984148,0.5099455846088002,0.15471097383223323
tc_ddh,scania,0.95,0.01,20,0.5025767597985981,0.6007780927582717,0.510239543254313,0.5964772662915571
tc_ddh,scania,0.95,0.01,2,0.5074570566388115,0.8327046816430896,0.5078975867917203,0.8270571690548478
tc_ddh,scania,0.95,0.01,8,0.5053315790507237,0.12024321256005743,0.5347172662776541,0.11600996663611587
tc_ddh,scania,0.95,0.01,1,0.5003063156722236,0.5811059063875785,0.5009021739130435,0.5713308735819865
tc_ddh,scania,0.95,0.01,21,0.509230006814099,0.5604890076698149,0.5,0.552329335706792
tc_ddh,scania,0.95,0.01,14,0.5,0.09079062261797799,0.49952334611030563,0.09033322996402741
tc_ddh,scania,0.95,0.01,13,0.49877757727457944,0.09077539674471077,0.49920349684312776,0.09099335222337225
tc_ddh,scania,0.95,0.01,22,0.5,0.5656816613783574,0.5,0.571634674593759
tc_ddh,scania,0.95,0.9,9,0.5832004699169254,0.2930006179939233,0.6197242180441423,0.2952521143955887
tc_ddh,scania,0.95,0.9,7,0.5,0.10088246126011786,0.5,0.10352114260172951
tc_ddh,scania,0.95,0.9,5,0.5,0.49626895025945467,0.5,0.4923649205525554
tc_ddh,scania,0.95,0.9,4,0.5079104321439782,0.09011402954835905,0.5,0.08847154472219093
tc_ddh,scania,0.95,0.9,0,0.5108934200550657,0.4719071126548098,0.5162756824752278,0.47014047546633037
tc_ddh,scania,0.95,0.9,3,0.5589704701579088,0.11499045125903695,0.5099131047927166,0.11315651106733754
tc_ddh,scania,0.95,0.9,6,0.5,0.5997416852314938,0.5,0.5951390613363237
tc_ddh,scania,0.95,0.9,2,0.5504294336118849,0.32580216665492306,0.5547824843172112,0.3360732046196736
tc_ddh,scania,0.95,0.9,8,0.5,0.8626584782930183,0.5,0.8623107092961119
tc_ddh,scania,0.95,0.9,1,0.5198548249359521,0.6482991643745247,0.5320760869565218,0.6393189692999041
tc_ddh,scania,0.95,0.05,9,0.5171918268020474,0.4199407801232978,0.5417867745127565,0.4156785905772012
tc_ddh,scania,0.95,0.05,7,0.5278745644599303,0.37076147828860406,0.509796261794579,0.36795275289552065
tc_ddh,scania,0.95,0.05,5,0.5535374176652647,0.3873655159449016,0.5381656744205078,0.3855840410306386
tc_ddh,scania,0.95,0.05,4,0.5044679292665062,0.29849306050974084,0.529474561795925,0.2977548224694234
tc_ddh,scania,0.95,0.05,0,0.5037009696340928,0.4355423751440386,0.5008165427140114,0.43138326236094193
tc_ddh,scania,0.95,0.05,3,0.5659626193237577,0.35177795806568707,0.5729691615338353,0.35215944397000226
tc_ddh,scania,0.95,0.05,6,0.558330302662949,0.2398993619204238,0.6133682694114454,0.2345977968447327
tc_ddh,scania,0.95,0.05,2,0.5052712008666048,0.12224616431772846,0.5167044688285417,0.1261433356147741
tc_ddh,scania,0.95,0.05,8,0.5064705535808967,0.15827350060496728,0.5692246337265439,0.14791095448526667
tc_ddh,scania,0.95,0.05,1,0.5932684810455575,0.2894411301124223,0.5580326086956522,0.27886292911075883
tc_ddh,scania,0.95,0.001,9,0.5536103885206008,0.524298391791975,0.5529836940154025,0.5203116605822372
tc_ddh,scania,0.95,0.001,7,0.5437389290094018,0.6057607225066459,0.5023038243484184,0.5997470104405191
tc_ddh,scania,0.95,0.001,5,0.5508590588048567,0.6316693457747565,0.5420732830049715,0.6326479117807801
tc_ddh,scania,0.95,0.001,4,0.5193993931149943,0.6591931021351888,0.5185448777908821,0.6613733790705221
tc_ddh,scania,0.95,0.001,0,0.5008379553888512,0.5936636343802008,0.5016551541500232,0.5849333541704683
tc_ddh,scania,0.95,0.001,3,0.5784302792398965,0.4659510937488342,0.5227192600427217,0.4762186740386476
tc_ddh,scania,0.95,0.001,6,0.5002525558653574,0.35257201635478136,0.5118796584337224,0.3459258942220342
tc_ddh,scania,0.95,0.001,2,0.4988683844011142,0.5679505590883983,0.5260732748932344,0.5611362135676276
tc_ddh,scania,0.95,0.001,8,0.5360838913653948,0.46101350709687283,0.5291654422568322,0.4573382055054811
tc_ddh,scania,0.95,0.001,1,0.5316247725838191,0.42991251603089814,0.5474347826086956,0.4161679628646147
tc_ddh,scania,0.95,0.003,9,0.4988356969035831,0.8252278945236228,0.4999677322204535,0.8235985246477738
tc_ddh,scania,0.95,0.003,17,0.4981570822076418,0.13452794003610713,0.5146862208692433,0.1337945692456154
tc_ddh,scania,0.95,0.003,7,0.502014676970393,0.25449808317635697,0.5003405653384618,0.25147763047565164
tc_ddh,scania,0.95,0.003,5,0.49951392746607415,0.8462001026818404,0.49998977065815586,0.8476527193759841
tc_ddh,scania,0.95,0.003,15,0.5160562658838826,0.5480795567839062,0.5151759386671909,0.5515932551956586
tc_ddh,scania,0.95,0.003,18,0.50065217827544,0.5669241624478805,0.4989198683652662,0.5698617817840544
tc_ddh,scania,0.95,0.003,27,0.5001475050573162,0.3385270198598709,0.5209335761525927,0.3378464829445734
tc_ddh,scania,0.95,0.003,24,0.48060558084306354,0.25270272011223277,0.49442406456346294,0.24950159651501896
tc_ddh,scania,0.95,0.003,28,0.5,0.6519165569180099,0.5,0.6444108284479205
tc_ddh,scania,0.95,0.003,25,0.490821349290609,0.25077932602323455,0.5212649210627647,0.2512500195270168
tc_ddh,scania,0.95,0.003,16,0.5,0.8435435946748112,0.5,0.8450106078075297
tc_ddh,scania,0.95,0.003,4,0.5087475149105368,0.7872399831556783,0.5,0.7889414730173155
tc_ddh,scania,0.95,0.003,26,0.50287241007878,0.3032917389164557,0.5043529915861639,0.30587004427412356
tc_ddh,scania,0.95,0.003,11,0.5076918305316047,0.20267330928814867,0.5070231362467866,0.2042062675998478
tc_ddh,scania,0.95,0.003,19,0.49766423074686467,0.26014288550716386,0.5090255296479941,0.25871042007548173
tc_ddh,scania,0.95,0.003,10,0.499729813987322,0.7911132728605733,0.5000108849461196,0.7946208083744213
tc_ddh,scania,0.95,0.003,23,0.49696017205012616,0.12667829591931767,0.503910031318212,0.12893992439935478
tc_ddh,scania,0.95,0.003,0,0.5008678823670245,0.49240761274123096,0.4999668969169995,0.48669633413165153
tc_ddh,scania,0.95,0.003,3,0.5127910607547507,0.13074008027687598,0.511115950144134,0.13263742052034633
tc_ddh,scania,0.95,0.003,6,0.49923223016931345,0.6438093460673324,0.5093325260454725,0.6388688688731523
tc_ddh,scania,0.95,0.003,12,0.5144832195142326,0.5023256576392396,0.5296080418989694,0.5113670055812695
tc_ddh,scania,0.95,0.003,29,0.5,0.2865883807487177,0.5,0.29042386224345346
tc_ddh,scania,0.95,0.003,20,0.5,0.5724169563647564,0.5,0.568410201921042
tc_ddh,scania,0.95,0.003,2,0.5209300526152894,0.5672818113424696,0.5160097263940824,0.5621597241545857
tc_ddh,scania,0.95,0.003,8,0.49947960646466233,0.11336653361431702,0.5002728684773939,0.10969742547118316
tc_ddh,scania,0.95,0.003,1,0.543719600490105,0.31899593710510654,0.543445652173913,0.3050112969445798
tc_ddh,scania,0.95,0.003,21,0.5973486960292387,0.2209033043841413,0.563841268523515,0.21925941151234205
tc_ddh,scania,0.95,0.003,14,0.5,0.517162859152811,0.5,0.5193349759688337
tc_ddh,scania,0.95,0.003,13,0.4977006810640899,0.1756559007961661,0.49839728023312285,0.17490520443209626
tc_ddh,scania,0.95,0.003,22,0.5013010641223635,0.29066530224351383,0.4927485268960274,0.2994672410581589
tc_ddh,scania,0.95,0.5,9,0.5375828648149702,0.44535490813349027,0.5764638815987609,0.4501277188658492
tc_ddh,scania,0.95,0.5,17,0.5428020069471247,0.11702754531908095,0.5809901886171503,0.11574756393999301
tc_ddh,scania,0.95,0.5,7,0.4992019154030327,0.09996001583671978,0.5,0.10236790875646297
tc_ddh,scania,0.95,0.5,5,0.5015177366875645,0.5019592190114895,0.5025675648028806,0.48968920928647164
tc_ddh,scania,0.95,0.5,15,0.6120983470911563,0.25096368333040225,0.5359838804796541,0.26530568735708476
tc_ddh,scania,0.95,0.5,18,0.5151305359902073,0.8620449779171512,0.5428519513032243,0.8647745255492185
tc_ddh,scania,0.95,0.5,27,0.5040458530006743,0.31180870055407295,0.5605290903862743,0.3130522190384947
tc_ddh,scania,0.95,0.5,24,0.5039481496140906,0.088655066617506,0.49945498375432346,0.09003979626038547
tc_ddh,scania,0.95,0.5,28,0.6390889790347651,0.2168046198120658,0.5673504642625783,0.21597237851982787
tc_ddh,scania,0.95,0.5,25,0.508001158189364,0.21474659362465776,0.5023007316134,0.21683168702049968
tc_ddh,scania,0.95,0.5,16,0.4756049226135035,0.6904507467286148,0.5402206678002782,0.690331546978671
tc_ddh,scania,0.95,0.5,4,0.513801402113634,0.5467027709918454,0.524268982065151,0.5493762633035076
tc_ddh,scania,0.95,0.5,26,0.5,0.7172854231219908,0.5,0.7213799286295762
tc_ddh,scania,0.95,0.5,11,0.5783553542997746,0.24949600778165484,0.6064370179948586,0.2510534478748605
tc_ddh,scania,0.95,0.5,19,0.5331950609626083,0.2590265085412048,0.5399541040036061,0.25466753299078404
tc_ddh,scania,0.95,0.5,10,0.5991790501922477,0.4078127998301942,0.607521497768586,0.40846693912012805
tc_ddh,scania,0.95,0.5,23,0.5647979651763927,0.1678839279532568,0.5771092341273607,0.1673865559124256
tc_ddh,scania,0.95,0.5,0,0.5943398108614979,0.37239194584716473,0.6094056893165317,0.3689986420932184
tc_ddh,scania,0.95,0.5,3,0.6017151396199483,0.16812704831818712,0.5583379995437483,0.17004788777017874
tc_ddh,scania,0.95,0.5,6,0.5303269083121186,0.16480133239101216,0.5654842683257824,0.16324765939695654
tc_ddh,scania,0.95,0.5,12,0.5467911367291105,0.17241685838651458,0.5445493326575435,0.16831754222276787
tc_ddh,scania,0.95,0.5,29,0.5439399973450153,0.1676226383386327,0.572044347524813,0.16881733429219925
tc_ddh,scania,0.95,0.5,20,0.572494816862474,0.17475507504969992,0.5310082330064954,0.18091887866380854
tc_ddh,scania,0.95,0.5,2,0.6230849582172702,0.4190805983548205,0.5777600686568994,0.4193030401301434
tc_ddh,scania,0.95,0.5,8,0.5743279068397384,0.22269059937295835,0.6180890810629277,0.20787684846582827
tc_ddh,scania,0.95,0.5,1,0.5497995024690899,0.6466950261005902,0.52225,0.6359890050361446
tc_ddh,scania,0.95,0.5,21,0.5583534658985319,0.5167899311354812,0.5637063633722137,0.5262730004373187
tc_ddh,scania,0.95,0.5,14,0.5560699063972103,0.1762749781485001,0.5814482334015213,0.17436106820684716
tc_ddh,scania,0.95,0.5,13,0.5024060383801928,0.29306141618310977,0.5055075279261777,0.2907994427170088
tc_ddh,scania,0.95,0.5,22,0.49949226765956545,0.10066531219449255,0.5083539251092948,0.09961704606818143
tc_ddh,scania,0.5,0.95,9,0.5031257866912814,0.425900815043966,0.5104870283526223,0.4270920320583429
tc_ddh,scania,0.5,0.95,7,0.5130321375041365,0.6904490336172313,0.5009315463669691,0.6850673131095341
tc_ddh,scania,0.5,0.95,5,0.5239564320292041,0.14623429831705453,0.5328361873197078,0.13684470918329208
tc_ddh,scania,0.5,0.95,4,0.5079208956785602,0.09407649458319231,0.5,0.09159200979501446
tc_ddh,scania,0.5,0.95,0,0.4999900243406089,0.08549618494963347,0.4999668969169995,0.09014381924196106
tc_ddh,scania,0.5,0.95,3,0.5095905076277991,0.44318308868314327,0.5381903399075053,0.4479581502279577
tc_ddh,scania,0.5,0.95,6,0.49923223016931345,0.10866406469576054,0.5093325260454725,0.10934492248281764
tc_ddh,scania,0.5,0.95,2,0.5087047353760445,0.17376885809971382,0.5,0.17460993121982238
tc_ddh,scania,0.5,0.95,8,0.4984682756318363,0.21893969180817613,0.4990449603291214,0.21778090707858974
tc_ddh,scania,0.5,0.95,1,0.5695522221809676,0.41403580947262164,0.5376847826086957,0.40340724106686465
tc_ddh,scania,0.5,0.1,9,0.5291600234958462,0.24187777270052857,0.5505205868433507,0.23899224784212905
tc_ddh,scania,0.5,0.1,7,0.4992019154030327,0.7356762406360482,0.5036360358194603,0.7293207691667466
tc_ddh,scania,0.5,0.1,5,0.5039976985953496,0.45348295950779527,0.49374987213322696,0.45257638582432236
tc_ddh,scania,0.5,0.1,4,0.5084126818039134,0.09032883633726733,0.5,0.08886420097584281
tc_ddh,scania,0.5,0.1,0,0.4999900243406089,0.08832647632716253,0.4999668969169995,0.09249122431734268
tc_ddh,scania,0.5,0.1,3,0.501940405031671,0.4282443812171713,0.5016279889670047,0.42840343356624266
tc_ddh,scania,0.5,0.1,6,0.49923223016931345,0.0872121095010099,0.5093325260454725,0.08973669363649607
tc_ddh,scania,0.5,0.1,2,0.5087047353760445,0.11759862714062994,0.49922352316148677,0.12091742716195893
tc_ddh,scania,0.5,0.1,8,0.49875301926437954,0.08703854573042531,0.4991813945678183,0.0850593296536167
tc_ddh,scania,0.5,0.1,1,0.5722440871792968,0.18698469132709827,0.5493260869565217,0.1687534319368303
tc_ddh,scania,0.5,0.99,9,0.5159855668372912,0.12098255989344905,0.5353869982360281,0.11964830339168024
tc_ddh,scania,0.5,0.99,17,0.4979158626013122,0.17103500162600768,0.5240965094514265,0.17333714183273538
tc_ddh,scania,0.5,0.99,7,0.4992019154030327,0.10196175809356954,0.5,0.10370649609582261
tc_ddh,scania,0.5,0.99,5,0.536177684310769,0.21776976160629088,0.540917367376583,0.2110308651452618
tc_ddh,scania,0.5,0.99,15,0.4985421304596229,0.11489178588197214,0.516011401611952,0.11636158464572828
tc_ddh,scania,0.5,0.99,18,0.501494993277547,0.5078707641752739,0.5026952817427469,0.5099268066484104
tc_ddh,scania,0.5,0.99,27,0.5481920094403236,0.3534710309952461,0.5748394517396722,0.35022116062673
tc_ddh,scania,0.5,0.99,24,0.5,0.08976948377935177,0.5,0.08993967757180563
tc_ddh,scania,0.5,0.99,28,0.5051560071274216,0.17073883643142143,0.5016843014467718,0.16988473727092987
tc_ddh,scania,0.5,0.99,25,0.5,0.17037577889225577,0.5120716211012707,0.1698338471613514
tc_ddh,scania,0.5,0.99,16,0.5260101860843027,0.25374499085470026,0.5554664554026898,0.25615911431223887
tc_ddh,scania,0.5,0.99,4,0.5078895050748142,0.4151560267644869,0.5,0.4171465100982981
tc_ddh,scania,0.5,0.99,26,0.5006758611950071,0.5300336178680178,0.5001558117793705,0.5282936555736294
tc_ddh,scania,0.5,0.99,11,0.5157765233753075,0.22959736388742008,0.4980668380462725,0.2315931436686363
tc_ddh,scania,0.5,0.99,19,0.5011921145980732,0.2294125551500614,0.5059316477482276,0.22865262571584669
tc_ddh,scania,0.5,0.99,10,0.4994492362049257,0.09544259069864101,0.4999891150538805,0.09305274710826966
tc_ddh,scania,0.5,0.99,23,0.5458559080193557,0.28443862540847537,0.5771471955964695,0.29081952820826595
tc_ddh,scania,0.5,0.99,0,0.5,0.09244969114780863,0.5,0.09826351969313046
tc_ddh,scania,0.5,0.99,3,0.5093451690605764,0.09438421656854859,0.4991911901947365,0.09086605889474728
tc_ddh,scania,0.5,0.99,6,0.516446437952075,0.20253576566764606,0.514478986157797,0.2025009417499989
tc_ddh,scania,0.5,0.99,12,0.5423636781321137,0.21889333924127316,0.5655199357999662,0.21889661318468254
tc_ddh,scania,0.5,0.99,29,0.4958183990442055,0.27037017639247357,0.5002038029632951,0.2706866243754696
tc_ddh,scania,0.5,0.99,20,0.5,0.08996627903928749,0.5,0.09205451156715966
tc_ddh,scania,0.5,0.99,2,0.5019537294955122,0.6410533219819576,0.5018390240912156,0.6351321106920518
tc_ddh,scania,0.5,0.99,8,0.5678377157669422,0.1923581316607296,0.5814407455606397,0.18837691627527484
tc_ddh,scania,0.5,0.99,1,0.49923885196598966,0.13009781489628658,0.5,0.13039686396947156
tc_ddh,scania,0.5,0.99,21,0.49076999318590103,0.39608965698867726,0.5,0.39510264703271475
tc_ddh,scania,0.5,0.99,14,0.5,0.09473468381837687,0.5,0.09317261227599154
tc_ddh,scania,0.5,0.99,13,0.5170654093175777,0.14582424705135222,0.58656629431763,0.14221469814874027
tc_ddh,scania,0.5,0.99,22,0.49997884448581525,0.14649732169088825,0.5,0.14645491562967194
tc_ddh,scania,0.5,0.25,9,0.5010803893597382,0.722932662529662,0.5142946263391128,0.7221693598823753
tc_ddh,scania,0.5,0.25,7,0.5765382593969595,0.2722087245338168,0.5640463168860308,0.2737028368169179
tc_ddh,scania,0.5,0.25,5,0.5067355765415443,0.5048239258180768,0.5174717158698009,0.4940057151403452
tc_ddh,scania,0.5,0.25,4,0.5209689233022915,0.11351408681985872,0.5493818374069706,0.11335877702578122
tc_ddh,scania,0.5,0.25,0,0.5000099756593911,0.6179571370537839,0.5,0.6113008603840285
tc_ddh,scania,0.5,0.25,3,0.49952047461861004,0.11628994318065117,0.5,0.11238922785235472
tc_ddh,scania,0.5,0.25,6,0.5,0.6774999514338165,0.5,0.6720154682230647
tc_ddh,scania,0.5,0.25,2,0.6269247137109254,0.12844761788113593,0.5622203150861276,0.13245001032773313
tc_ddh,scania,0.5,0.25,8,0.49875301926437954,0.10594335523417502,0.4991813945678183,0.10496580494056815
tc_ddh,scania,0.5,0.25,1,0.5044926298592805,0.2507123991835743,0.5168478260869566,0.24748914609829661
tc_ddh,scania,0.5,0.75,9,0.5665435931862046,0.24073893003262176,0.6100546401066987,0.24037047101005615
tc_ddh,scania,0.5,0.75,7,0.5,0.08981881367155234,0.5,0.0933889023070224
tc_ddh,scania,0.5,0.75,5,0.530811046742322,0.6800404197840471,0.5253483090897931,0.6522000951988299
tc_ddh,scania,0.5,0.75,4,0.5608454535942241,0.3062268395893281,0.5657611126926675,0.31015931760999543
tc_ddh,scania,0.5,0.75,0,0.4999900243406089,0.6398743954359475,0.5,0.6312604351637253
tc_ddh,scania,0.5,0.75,3,0.49992193772861093,0.47938514086555517,0.502011655156681,0.4833137994104796
tc_ddh,scania,0.5,0.75,6,0.49923223016931345,0.09011406498710578,0.5093325260454725,0.09308312814215583
tc_ddh,scania,0.5,0.75,2,0.6157052770040236,0.3054099775587518,0.5567747604160281,0.3166931259385951
tc_ddh,scania,0.5,0.75,8,0.5,0.08689456792810349,0.4991813945678183,0.08686181221360263
tc_ddh,scania,0.5,0.75,1,0.5559258159135633,0.46848998310376383,0.5335108695652174,0.45946007033217695
tc_ddh,scania,0.5,0.01,9,0.531624989510783,0.4378591930376949,0.5553284859957837,0.43258249532707177
tc_ddh,scania,0.5,0.01,7,0.49767387538201,0.3112217262953632,0.5015325440230783,0.30905461813912893
tc_ddh,scania,0.5,0.01,5,0.5289461153876677,0.5883892464610292,0.5424313099695166,0.5900229215872188
tc_ddh,scania,0.5,0.01,4,0.5013288688919116,0.6641711305473755,0.5004981902476717,0.6660389516998605
tc_ddh,scania,0.5,0.01,0,0.5093771198276206,0.6036590143147611,0.49354489881490965,0.5947722562863783
tc_ddh,scania,0.5,0.01,3,0.5790101703987867,0.6626076316614077,0.5598000788071092,0.6704340259469121
tc_ddh,scania,0.5,0.01,6,0.49923223016931345,0.7208235853995603,0.5081529114558323,0.7154563500200405
tc_ddh,scania,0.5,0.01,2,0.5081437635406995,0.5760843309858372,0.5003473712172296,0.5695494326563627
tc_ddh,scania,0.5,0.01,8,0.5051352041317283,0.37581868450570305,0.5407623525460727,0.3689359400566116
tc_ddh,scania,0.5,0.01,1,0.4986633497939331,0.7488748896011364,0.4999673913043478,0.741572930342856
tc_ddh,scania,0.5,0.9,9,0.546079130653688,0.2503194929430567,0.6188637439229016,0.2493551846912485
tc_ddh,scania,0.5,0.9,7,0.5025305121367255,0.35613331280323457,0.5082937676543061,0.35175344752434146
tc_ddh,scania,0.5,0.9,5,0.5540036505039283,0.24079076644179973,0.5552793633257637,0.22619483654082995
tc_ddh,scania,0.5,0.9,4,0.5889609710160092,0.27802409865411404,0.5406584244987596,0.2867730780525818
tc_ddh,scania,0.5,0.9,0,0.4999900243406089,0.08895222918374478,0.5,0.09494476831416934
tc_ddh,scania,0.5,0.9,3,0.5093563208136319,0.09361255357821417,0.4991911901947365,0.08997929098418185
tc_ddh,scania,0.5,0.9,6,0.5264072412817715,0.3485725659969731,0.5145207424264567,0.3459169194983268
tc_ddh,scania,0.5,0.9,2,0.5194018879603838,0.5062905354794774,0.5161016775986432,0.5086580316704051
tc_ddh,scania,0.5,0.9,8,0.49875301926437954,0.6897283088185886,0.4991813945678183,0.6890020363506264
tc_ddh,scania,0.5,0.9,1,0.5008446886718895,0.4863825775115423,0.5,0.4822685686390706
tc_ddh,scania,0.5,0.05,9,0.4994021146261643,0.09499141278354134,0.4992148173643678,0.09504990587902075
tc_ddh,scania,0.5,0.05,7,0.5,0.08671949102345668,0.5,0.09112663656950853
tc_ddh,scania,0.5,0.05,5,0.49876001904610745,0.7761562212517984,0.5038871499007754,0.7761142740297609
tc_ddh,scania,0.5,0.05,4,0.5087475149105368,0.1006803369690708,0.5,0.09900146909609923
tc_ddh,scania,0.5,0.05,0,0.533159091815969,0.19969872365812302,0.5507028887957098,0.1945994046198717
tc_ddh,scania,0.5,0.05,3,0.5093563208136319,0.09180963433624892,0.49925340633360293,0.08787018673175907
tc_ddh,scania,0.5,0.05,6,0.5113145027680123,0.09443805202153974,0.5514959183247385,0.09686850700729023
tc_ddh,scania,0.5,0.05,2,0.5,0.5322630826951784,0.5013179672653711,0.5271226294744035
tc_ddh,scania,0.5,0.05,8,0.49947960646466233,0.39833126182848333,0.4991813945678183,0.3915483044894426
tc_ddh,scania,0.5,0.05,1,0.4978000965358482,0.08739680817355344,0.5031521739130435,0.08972502692355666
tc_ddh,scania,0.5,0.001,9,0.5023286061928338,0.6750753559618252,0.5028072968205481,0.6745458244941548
tc_ddh,scania,0.5,0.001,7,0.5341229828898448,0.8185614262912416,0.5159064046316886,0.812431545666324
tc_ddh,scania,0.5,0.001,5,0.49951392746607415,0.7701447476282711,0.5002659628879478,0.7711854664836983
tc_ddh,scania,0.5,0.001,4,0.5812179554253427,0.7247345528626385,0.5454776526088901,0.7269361532998901
tc_ddh,scania,0.5,0.001,0,0.5321814771956427,0.7824461281197528,0.5838390748791737,0.77428930529549
tc_ddh,scania,0.5,0.001,3,0.5206976536711571,0.8316538300562252,0.5067504510670068,0.8382406774360494
tc_ddh,scania,0.5,0.001,6,0.49923223016931345,0.7828523045167729,0.5083930100006263,0.7777300487978215
tc_ddh,scania,0.5,0.001,2,0.5530892138656762,0.8139389600513419,0.5577249228631562,0.8088104394068306
tc_ddh,scania,0.5,0.001,8,0.5271095575673075,0.753876442456792,0.5466080349271651,0.7530233332847526
tc_ddh,scania,0.5,0.001,1,0.5119927226822114,0.7479848589332371,0.5320978260869565,0.7401424095553257
tc_ddh,scania,0.5,0.003,9,0.4927834186456323,0.7506431278318629,0.5011293722841286,0.7501609264046406
tc_ddh,scania,0.5,0.003,7,0.5791952971405213,0.7507384522944119,0.5742833102950898,0.744577498243179
tc_ddh,scania,0.5,0.003,5,0.5333009284977382,0.6140142221179328,0.5666134740890771,0.6156617593454314
tc_ddh,scania,0.5,0.003,4,0.5141362352202574,0.8222420320688449,0.5038736833543455,0.8243939006720139
tc_ddh,scania,0.5,0.003,0,0.49911216631419336,0.7727118792528639,0.4999668969169995,0.765361136967963
tc_ddh,scania,0.5,0.003,3,0.5728544027121063,0.7973494018558236,0.5432298471556856,0.803684411088059
tc_ddh,scania,0.5,0.003,6,0.49923223016931345,0.8105586534317843,0.5083930100006263,0.8055280124220443
tc_ddh,scania,0.5,0.003,2,0.5320140823274528,0.48785858076718985,0.5186354441243181,0.4796123291883499
tc_ddh,scania,0.5,0.003,8,0.5233980715982954,0.6171041986033038,0.5480563368456404,0.6147119147455001
tc_ddh,scania,0.5,0.003,1,0.5271785541900271,0.7640903646286343,0.5159782608695652,0.7565224744987704
tc_ddh,scania,0.5,0.5,9,0.5675400688092641,0.41992642329265945,0.6003097706836467,0.4140331348851632
tc_ddh,scania,0.5,0.5,7,0.4704806026511981,0.17854352260395764,0.5029549051425366,0.1785867591133325
tc_ddh,scania,0.5,0.5,5,0.5,0.09102089161721047,0.5,0.089300805645705
tc_ddh,scania,0.5,0.5,4,0.5078790415402323,0.1118751213422313,0.5,0.10985765378608722
tc_ddh,scania,0.5,0.5,0,0.5,0.7186273352702317,0.5,0.7110343822105603
tc_ddh,scania,0.5,0.5,3,0.5522236595592828,0.2136458824994337,0.5114270308384662,0.21576081794398722
tc_ddh,scania,0.5,0.5,6,0.5,0.48493660234120617,0.5093325260454725,0.48195066579802753
tc_ddh,scania,0.5,0.5,2,0.5764759362426494,0.26037713512966737,0.5402746275976216,0.266311526989829
tc_ddh,scania,0.5,0.5,8,0.5151405062545412,0.37961087418356154,0.5586457327568112,0.37057359171652365
tc_ddh,scania,0.5,0.5,1,0.49923885196598966,0.08553222294481906,0.5038260869565218,0.09001329133549799
tc_ddh,scania,0.1,0.95,9,0.49841612822018966,0.13758667949983688,0.49649356795594374,0.1372680006140718
tc_ddh,scania,0.1,0.95,7,0.4983259688941662,0.20607644580174694,0.5,0.20442512512717542
tc_ddh,scania,0.1,0.95,5,0.5049004047297834,0.5327723895820844,0.5159475439350232,0.5332853912471659
tc_ddh,scania,0.1,0.95,4,0.5071570576540756,0.604558395518332,0.4984444263695148,0.6062851163925704
tc_ddh,scania,0.1,0.95,0,0.5347551973185427,0.3668808089471125,0.5294838125924127,0.3567598821814014
tc_ddh,scania,0.1,0.95,3,0.5108283522169685,0.3823166043045707,0.5149318733279412,0.38851831379211105
tc_ddh,scania,0.1,0.95,6,0.49923223016931345,0.09891665026703803,0.5093325260454725,0.09976388062403548
tc_ddh,scania,0.1,0.95,2,0.5084049056019808,0.2908470121920572,0.514242219906414,0.29027780430534983
tc_ddh,scania,0.1,0.95,8,0.4949531645818196,0.4321442853066098,0.4991813945678183,0.42926064592602536
tc_ddh,scania,0.1,0.95,1,0.4986262206215423,0.3334228043887243,0.5000326086956521,0.32679023142655694
tc_ddh,scania,0.1,0.1,9,0.5140555508936813,0.8301396103946461,0.5367207331239513,0.828219143039106
tc_ddh,scania,0.1,0.1,7,0.5404784614486209,0.4797405243425088,0.5280265240298896,0.47829660467076934
tc_ddh,scania,0.1,0.1,5,0.5159511149908738,0.831185268526795,0.5027721516397635,0.8259470349712598
tc_ddh,scania,0.1,0.1,4,0.5778382337553626,0.0922335463680266,0.5512627597706291,0.09131965206719694
tc_ddh,scania,0.1,0.1,0,0.5008878336858066,0.8607238480955774,0.5,0.8538211071784799
tc_ddh,scania,0.1,0.1,3,0.5653715764118119,0.09737895797048475,0.5049565523963583,0.0946531494590709
tc_ddh,scania,0.1,0.1,6,0.49923223016931345,0.08909656920463839,0.5093325260454725,0.0916898065455936
tc_ddh,scania,0.1,0.1,2,0.49129526462395545,0.5809992967898893,0.5,0.5770593698403347
tc_ddh,scania,0.1,0.1,8,0.5558195707244271,0.34099476258649974,0.6048654548507619,0.3315900654297725
tc_ddh,scania,0.1,0.1,1,0.4982827757769279,0.09241569352618384,0.5172717391304348,0.09355700184930649
tc_ddh,scania,0.1,0.99,9,0.49556306117311405,0.30333857737685643,0.4971174116938433,0.3022816287438061
tc_ddh,scania,0.1,0.99,7,0.5135869036264186,0.4197027304668304,0.5226776448905183,0.4136087635701831
tc_ddh,scania,0.1,0.99,5,0.5016169351638758,0.3198143080253717,0.5062910452341496,0.31911927055266864
tc_ddh,scania,0.1,0.99,4,0.517275295594852,0.4935611812073713,0.5288848672170483,0.49878306296969277
tc_ddh,scania,0.1,0.99,0,0.4999900243406089,0.08511837777903496,0.4999668969169995,0.08993839155065217
tc_ddh,scania,0.1,0.99,3,0.49067713444553485,0.49480425891931723,0.5004666210414982,0.5026801167188881
tc_ddh,scania,0.1,0.99,6,0.5044449832302905,0.36417216756469706,0.6519823788546255,0.3602843462929046
tc_ddh,scania,0.1,0.99,2,0.49146935933147634,0.7322411457837874,0.5018492408917223,0.7271302581278393
tc_ddh,scania,0.1,0.99,8,0.4935589026569527,0.4134645606998944,0.5045862894085051,0.40993138460565837
tc_ddh,scania,0.1,0.99,1,0.5244588423124048,0.4549406528999789,0.5148152173913043,0.4423793050356413
tc_ddh,scania,0.1,0.25,9,0.5661135352857263,0.47481385555742406,0.6039345179193736,0.47094252521652197
tc_ddh,scania,0.1,0.25,7,0.48370739493508264,0.25489971585727794,0.48961275717691366,0.25331055704781824
tc_ddh,scania,0.1,0.25,5,0.5595389254821046,0.16711488722165743,0.5377462714048978,0.15766576957423437
tc_ddh,scania,0.1,0.25,4,0.5592549963377629,0.8527130108143738,0.5554007889706779,0.8546987158692531
tc_ddh,scania,0.1,0.25,0,0.4999900243406089,0.5725040763060859,0.5,0.565350538830852
tc_ddh,scania,0.1,0.25,3,0.49499286287804445,0.40581171689898077,0.5328501213214708,0.411660691277476
tc_ddh,scania,0.1,0.25,6,0.49961611508465675,0.21818996947935707,0.5160239680982107,0.21757666967218708
tc_ddh,scania,0.1,0.25,2,0.5008221138966265,0.7928106728474055,0.5008684280430741,0.7872140291520472
tc_ddh,scania,0.1,0.25,8,0.49875301926437954,0.09289604964004917,0.4991813945678183,0.09156849328032009
tc_ddh,scania,0.1,0.25,1,0.5870679092563027,0.2486794854958622,0.570391304347826,0.24406729285353773
tc_ddh,scania,0.1,0.75,9,0.49869933708148023,0.25731916875896876,0.5001720948242482,0.25606702653602187
tc_ddh,scania,0.1,0.75,7,0.4996690868744282,0.17276807748174935,0.5040667508063386,0.17229640450354908
tc_ddh,scania,0.1,0.75,5,0.536743115625744,0.18249557185389495,0.5418073201170237,0.18097001739692653
tc_ddh,scania,0.1,0.75,4,0.5187506539709114,0.4099636586897136,0.49948147545650495,0.4098390037825431
tc_ddh,scania,0.1,0.75,0,0.5627768245481026,0.3571082693503086,0.6012402621764174,0.3452116660170042
tc_ddh,scania,0.1,0.75,3,0.5331207065750736,0.6004305093994927,0.500155540347166,0.6077925123599783
tc_ddh,scania,0.1,0.75,6,0.5014446195498444,0.47853181794567257,0.5038311376495397,0.47488761350132264
tc_ddh,scania,0.1,0.75,2,0.5088207985143919,0.2881946485312851,0.5001123848055743,0.2874311953173643
tc_ddh,scania,0.1,0.75,8,0.49875301926437954,0.09606311526643947,0.4991813945678183,0.09483870971398042
tc_ddh,scania,0.1,0.75,1,0.49691827869156796,0.5021423200170779,0.49779347826086956,0.4914754320892261
tc_ddh,scania,0.1,0.01,9,0.5205483762691953,0.758487988424713,0.5630082175278579,0.7577796637944352
tc_ddh,scania,0.1,0.01,7,0.5341813793237693,0.7604547830119491,0.5278762746158623,0.7543525852713631
tc_ddh,scania,0.1,0.01,5,0.535612252995794,0.6897201087849885,0.5374700791751059,0.6887958958147528
tc_ddh,scania,0.1,0.01,4,0.5961180286700848,0.7126883119141826,0.5667371588921876,0.7147173605355316
tc_ddh,scania,0.1,0.01,0,0.5,0.6958678913254069,0.4999668969169995,0.6877005832744328
tc_ddh,scania,0.1,0.01,3,0.6106365420644125,0.6454622869460062,0.5513179452083203,0.6530554229278756
tc_ddh,scania,0.1,0.01,6,0.5063138966339354,0.8245139089962286,0.5957993193728208,0.8195237567308982
tc_ddh,scania,0.1,0.01,2,0.5256402816465491,0.6571109470073716,0.5307219191238072,0.6521680321740501
tc_ddh,scania,0.1,0.01,8,0.5136186006323272,0.2454903565590586,0.5092355484656396,0.23769948741594324
tc_ddh,scania,0.1,0.01,1,0.5690695429398879,0.7851403721072263,0.526804347826087,0.7774483954074588
tc_ddh,scania,0.1,0.9,9,0.4994650499286733,0.10450639815066846,0.4999677322204535,0.10409860199755874
tc_ddh,scania,0.1,0.9,7,0.5341424483678197,0.5903205851384256,0.526844561972875,0.5854362618713272
tc_ddh,scania,0.1,0.9,5,0.4673835409888104,0.426294142547128,0.47543935023220607,0.42742829634683793
tc_ddh,scania,0.1,0.9,4,0.5078999686093962,0.08969133410708754,0.5,0.08746390919814048
tc_ddh,scania,0.1,0.9,0,0.49911216631419336,0.4273184735518131,0.5,0.4183977837482185
tc_ddh,scania,0.1,0.9,3,0.5377709875992506,0.33835141294788884,0.4973350753852216,0.3456935725339082
tc_ddh,scania,0.1,0.9,6,0.49923223016931345,0.4369168624819586,0.5081529114558323,0.4304500305770956
tc_ddh,scania,0.1,0.9,2,0.5081437635406995,0.15185475746574217,0.49922352316148677,0.15315818021701647
tc_ddh,scania,0.1,0.9,8,0.5031714549417748,0.5352651599947723,0.49767012300071367,0.532806429546552
tc_ddh,scania,0.1,0.9,1,0.4992481342590874,0.2971969730136474,0.5046630434782609,0.28856125438312347
tc_ddh,scania,0.1,0.05,9,0.49869933708148023,0.10608254364086012,0.4992148173643678,0.10430124056997701
tc_ddh,scania,0.1,0.05,7,0.5564985498218908,0.3517636513087581,0.5592583688923614,0.3581511360969516
tc_ddh,scania,0.1,0.05,5,0.49876001904610745,0.8122055017995004,0.509543975940588,0.813728213211762
tc_ddh,scania,0.1,0.05,4,0.5059014335042378,0.6853339182467562,0.5040770263125788,0.6902749734334013
tc_ddh,scania,0.1,0.05,0,0.4993116795020151,0.10256911957628817,0.5023613532540331,0.10159702963380504
tc_ddh,scania,0.1,0.05,3,0.5095459006155768,0.11877687347159199,0.49925340633360293,0.11670248311844328
tc_ddh,scania,0.1,0.05,6,0.5,0.8397271177146569,0.5,0.834705708330028
tc_ddh,scania,0.1,0.05,2,0.5200982667904673,0.12113786555391555,0.506957641145099,0.12380462354765541
tc_ddh,scania,0.1,0.05,8,0.552363372150109,0.16045666569989592,0.6197472818101675,0.15170535255980283
tc_ddh,scania,0.1,0.05,1,0.5016244012920952,0.2552280806459362,0.5049891304347827,0.2508788667465889
tc_ddh,scania,0.1,0.001,9,0.4988356969035831,0.7782974150146706,0.4992148173643678,0.7776036026373663
tc_ddh,scania,0.1,0.001,7,0.5745625133825161,0.7680226434253389,0.5649478133701945,0.7622764191032829
tc_ddh,scania,0.1,0.001,5,0.5359296881199904,0.6906619595243052,0.5573559197201252,0.6896315664459179
tc_ddh,scania,0.1,0.001,4,0.5634090195668097,0.7938663068349724,0.5566106795721664,0.7958303657528801
tc_ddh,scania,0.1,0.001,0,0.4992917281832329,0.7381654099156988,0.4934455895659082,0.7305732669960036
tc_ddh,scania,0.1,0.001,3,0.5098358461950219,0.8459875682864785,0.5,0.8525670201709667
tc_ddh,scania,0.1,0.001,6,0.4902715480664323,0.7725983674033602,0.47682527089379295,0.7674295040427096
tc_ddh,scania,0.1,0.001,2,0.5,0.8388071809052785,0.5,0.833131352601592
tc_ddh,scania,0.1,0.001,8,0.5372326846415176,0.6938389749599516,0.5909176776793585,0.6918163838067161
tc_ddh,scania,0.1,0.001,1,0.5002691864998329,0.8292938008573858,0.504554347826087,0.8210946049955749
tc_ddh,scania,0.1,0.003,9,0.5245657464126877,0.7497656220069453,0.5525319451017511,0.7491241511670272
tc_ddh,scania,0.1,0.003,7,0.5287894419247464,0.7110015977589419,0.5346575315022938,0.7046433721727994
tc_ddh,scania,0.1,0.003,5,0.540978890564241,0.6829816926582177,0.546676486834837,0.6832430474012958
tc_ddh,scania,0.1,0.003,4,0.5721983886156744,0.8082929926517654,0.5283460083777298,0.810141817231923
tc_ddh,scania,0.1,0.003,0,0.5359622521048641,0.6823589270621268,0.5972899609383621,0.6736977320145219
tc_ddh,scania,0.1,0.003,3,0.5189133731822643,0.7680684136746562,0.4954582218627512,0.7746833943766898
tc_ddh,scania,0.1,0.003,6,0.49923223016931345,0.8226345169952667,0.5093325260454725,0.8175431173520413
tc_ddh,scania,0.1,0.003,2,0.5309018105849582,0.8015623790494424,0.5638958703692352,0.7949991544561191
tc_ddh,scania,0.1,0.003,8,0.5679948157021385,0.7196037031240003,0.6014336090004618,0.7182158640090072
tc_ddh,scania,0.1,0.003,1,0.4979300486392158,0.820899061704045,0.5,0.8134809887072635
tc_ddh,scania,0.1,0.5,9,0.5000944029537635,0.4697969984708465,0.5054532547433636,0.4663515476787234
tc_ddh,scania,0.1,0.5,7,0.502686235960524,0.17503421652063741,0.4969449285814452,0.1742237567048431
tc_ddh,scania,0.1,0.5,5,0.5141556225696373,0.31339148252566973,0.5471470365596678,0.3100704667412759
tc_ddh,scania,0.1,0.5,4,0.5938997593387046,0.37633033227833507,0.5634023343771605,0.3817214505960996
tc_ddh,scania,0.1,0.5,0,0.5115617892342684,0.26430373448022026,0.5530421733277426,0.2554819832164259
tc_ddh,scania,0.1,0.5,3,0.5129360335444731,0.39940354262467215,0.49533378958501834,0.4051828602315831
tc_ddh,scania,0.1,0.5,6,0.49923223016931345,0.09372118293034355,0.5093325260454725,0.09500566982257268
tc_ddh,scania,0.1,0.5,2,0.5122833488084184,0.23785352705368212,0.505220785058951,0.23693895095299322
tc_ddh,scania,0.1,0.5,8,0.49875301926437954,0.08992592499764297,0.4991813945678183,0.08903915004315253
tc_ddh,scania,0.1,0.5,1,0.532961422789886,0.15395974364876883,0.5228478260869566,0.1514158395154758
