algorithm,dataset,backbone,lambda_,target_lr,landmark,seed,val_ci,val_bs,test_ci,test_bs,run_dir,source
inc_tc_cox,churn_lastfm_months,transformer,0.5,1.0,True,10,0.4764976441552614,0.2813524444285133,0.47205572205572205,0.27348471077247455,outputs/inc_tc_cox/churn_lastfm_months/transformer/lambda_0.5/target_lr_1.0/landmark_True/seed_10,new
inc_tc_cox,churn_lastfm_months,transformer,0.5,1.0,True,2,0.519259463940315,0.22392819459965446,0.4836893203883495,0.27467512011601936,outputs/inc_tc_cox/churn_lastfm_months/transformer/lambda_0.5/target_lr_1.0/landmark_True/seed_2,new
inc_tc_cox,churn_lastfm_months,transformer,0.5,1.0,True,5,0.47925897208684093,0.2895780239671049,0.5178216180371353,0.26460037655629576,outputs/inc_tc_cox/churn_lastfm_months/transformer/lambda_0.5/target_lr_1.0/landmark_True/seed_5,new
inc_tc_cox,churn_lastfm_months,transformer,0.5,1.0,True,4,0.5162886368690238,0.2225407403170771,0.5417671133038067,0.22291911323304422,outputs/inc_tc_cox/churn_lastfm_months/transformer/lambda_0.5/target_lr_1.0/landmark_True/seed_4,new
inc_tc_cox,churn_lastfm_months,transformer,0.5,1.0,True,3,0.5427442528735632,0.2596002791187205,0.567695632897362,0.26000895843501765,outputs/inc_tc_cox/churn_lastfm_months/transformer/lambda_0.5/target_lr_1.0/landmark_True/seed_3,new
inc_tc_cox,churn_lastfm_months,transformer,0.5,1.0,True,6,0.5171393818764859,0.28368351982981516,0.5480596527513198,0.26765426768873807,outputs/inc_tc_cox/churn_lastfm_months/transformer/lambda_0.5/target_lr_1.0/landmark_True/seed_6,new
inc_tc_cox,churn_lastfm_months,transformer,0.5,1.0,True,1,0.5456681594515398,0.24969911585993707,0.5053941675563297,0.2941056176019228,outputs/inc_tc_cox/churn_lastfm_months/transformer/lambda_0.5/target_lr_1.0/landmark_True/seed_1,new
inc_tc_cox,churn_lastfm_months,transformer,0.5,1.0,True,8,0.4902766365379348,0.2848260699431401,0.5267108041778438,0.29230887756956203,outputs/inc_tc_cox/churn_lastfm_months/transformer/lambda_0.5/target_lr_1.0/landmark_True/seed_8,new
inc_tc_cox,churn_lastfm_months,transformer,0.5,1.0,True,9,0.5448040695399408,0.2797465076982474,0.5079149831183927,0.2790612978357138,outputs/inc_tc_cox/churn_lastfm_months/transformer/lambda_0.5/target_lr_1.0/landmark_True/seed_9,new
inc_tc_cox,churn_lastfm_months,transformer,0.5,1.0,True,0,0.47028843461215347,0.2214916040577599,0.5079179212668674,0.25981541506305855,outputs/inc_tc_cox/churn_lastfm_months/transformer/lambda_0.5/target_lr_1.0/landmark_True/seed_0,new
inc_tc_cox,churn_lastfm_months,transformer,0.5,1.0,True,7,0.5082127493156042,0.32346553690391205,0.5415971527082638,0.28562524087572,outputs/inc_tc_cox/churn_lastfm_months/transformer/lambda_0.5/target_lr_1.0/landmark_True/seed_7,new
inc_tc_cox,churn_lastfm_months,transformer,0.95,1.0,True,10,0.7303399147408571,0.1380634486533733,0.7338217338217338,0.140637257770878,outputs/inc_tc_cox/churn_lastfm_months/transformer/lambda_0.95/target_lr_1.0/landmark_True/seed_10,new
inc_tc_cox,churn_lastfm_months,transformer,0.95,1.0,True,2,0.7206963249516442,0.14373217987429704,0.7221914008321775,0.15532190502461,outputs/inc_tc_cox/churn_lastfm_months/transformer/lambda_0.95/target_lr_1.0/landmark_True/seed_2,new
inc_tc_cox,churn_lastfm_months,transformer,0.95,1.0,True,5,0.7024534780682322,0.14823707238267722,0.7378149867374005,0.13089991819864047,outputs/inc_tc_cox/churn_lastfm_months/transformer/lambda_0.95/target_lr_1.0/landmark_True/seed_5,new
inc_tc_cox,churn_lastfm_months,transformer,0.95,1.0,True,4,0.7083055370246831,0.14383761043665394,0.7218983012838481,0.14438107904143951,outputs/inc_tc_cox/churn_lastfm_months/transformer/lambda_0.95/target_lr_1.0/landmark_True/seed_4,new
inc_tc_cox,churn_lastfm_months,transformer,0.95,1.0,True,3,0.7373452696728559,0.14353773437607267,0.726806694746176,0.15442278633493328,outputs/inc_tc_cox/churn_lastfm_months/transformer/lambda_0.95/target_lr_1.0/landmark_True/seed_3,new
inc_tc_cox,churn_lastfm_months,transformer,0.95,1.0,True,6,0.703626914358379,0.1449138150914717,0.6902520002177108,0.1439162786292793,outputs/inc_tc_cox/churn_lastfm_months/transformer/lambda_0.95/target_lr_1.0/landmark_True/seed_6,new
inc_tc_cox,churn_lastfm_months,transformer,0.95,1.0,True,1,0.7141040526344888,0.14751851513235772,0.7451255829634208,0.14226705086386304,outputs/inc_tc_cox/churn_lastfm_months/transformer/lambda_0.95/target_lr_1.0/landmark_True/seed_1,new
inc_tc_cox,churn_lastfm_months,transformer,0.95,1.0,True,8,0.7335250616269515,0.14183078761923112,0.7538382512413675,0.14279251055767472,outputs/inc_tc_cox/churn_lastfm_months/transformer/lambda_0.95/target_lr_1.0/landmark_True/seed_8,new
inc_tc_cox,churn_lastfm_months,transformer,0.95,1.0,True,9,0.7267594611213595,0.1488126320649472,0.7328278076050257,0.1444796858996362,outputs/inc_tc_cox/churn_lastfm_months/transformer/lambda_0.95/target_lr_1.0/landmark_True/seed_9,new
inc_tc_cox,churn_lastfm_months,transformer,0.95,1.0,True,0,0.7377765331839821,0.13225005268868117,0.7183561949369912,0.14844606053684037,outputs/inc_tc_cox/churn_lastfm_months/transformer/lambda_0.95/target_lr_1.0/landmark_True/seed_0,new
inc_tc_cox,churn_lastfm_months,transformer,0.95,1.0,True,7,0.7540924073970613,0.14308950974210982,0.7710766321877432,0.12433646549664873,outputs/inc_tc_cox/churn_lastfm_months/transformer/lambda_0.95/target_lr_1.0/landmark_True/seed_7,new
inc_tc_cox,churn_lastfm_months,transformer,0.1,1.0,True,10,0.48407000224366165,0.29957169052745203,0.4715007215007215,0.2934453899581377,outputs/inc_tc_cox/churn_lastfm_months/transformer/lambda_0.1/target_lr_1.0/landmark_True/seed_10,new
inc_tc_cox,churn_lastfm_months,transformer,0.1,1.0,True,2,0.5541586073500967,0.2983501837264945,0.46446601941747573,0.3548660685276943,outputs/inc_tc_cox/churn_lastfm_months/transformer/lambda_0.1/target_lr_1.0/landmark_True/seed_2,new
inc_tc_cox,churn_lastfm_months,transformer,0.1,1.0,True,5,0.496261630482942,0.33858962034993695,0.5231819186560566,0.31223097925606924,outputs/inc_tc_cox/churn_lastfm_months/transformer/lambda_0.1/target_lr_1.0/landmark_True/seed_5,new
inc_tc_cox,churn_lastfm_months,transformer,0.1,1.0,True,4,0.5173171002890816,0.29440628793032875,0.5359365364130739,0.30358667050953086,outputs/inc_tc_cox/churn_lastfm_months/transformer/lambda_0.1/target_lr_1.0/landmark_True/seed_4,new
inc_tc_cox,churn_lastfm_months,transformer,0.1,1.0,True,3,0.5169374447391689,0.28867406905763465,0.5433939259587675,0.2904881771362049,outputs/inc_tc_cox/churn_lastfm_months/transformer/lambda_0.1/target_lr_1.0/landmark_True/seed_3,new
inc_tc_cox,churn_lastfm_months,transformer,0.1,1.0,True,6,0.47500967545751094,0.32857967921480363,0.49736025689871005,0.315315245316045,outputs/inc_tc_cox/churn_lastfm_months/transformer/lambda_0.1/target_lr_1.0/landmark_True/seed_6,new
inc_tc_cox,churn_lastfm_months,transformer,0.1,1.0,True,1,0.5125504505998784,0.33226437186196756,0.4730010675956622,0.3873292332975997,outputs/inc_tc_cox/churn_lastfm_months/transformer/lambda_0.1/target_lr_1.0/landmark_True/seed_1,new
inc_tc_cox,churn_lastfm_months,transformer,0.1,1.0,True,8,0.4879485072582854,0.3304471036410914,0.5255122424519149,0.3374645960508433,outputs/inc_tc_cox/churn_lastfm_months/transformer/lambda_0.1/target_lr_1.0/landmark_True/seed_8,new
inc_tc_cox,churn_lastfm_months,transformer,0.1,1.0,True,9,0.5531891106266421,0.34121957458173635,0.5321857530303868,0.33783116043382366,outputs/inc_tc_cox/churn_lastfm_months/transformer/lambda_0.1/target_lr_1.0/landmark_True/seed_9,new
inc_tc_cox,churn_lastfm_months,transformer,0.1,1.0,True,0,0.48518622234668163,0.29762629609827174,0.49760231961637114,0.3475134050016519,outputs/inc_tc_cox/churn_lastfm_months/transformer/lambda_0.1/target_lr_1.0/landmark_True/seed_0,new
inc_tc_cox,churn_lastfm_months,transformer,0.1,1.0,True,7,0.4943572266607073,0.3203367810802971,0.5242464686909132,0.28379881123333384,outputs/inc_tc_cox/churn_lastfm_months/transformer/lambda_0.1/target_lr_1.0/landmark_True/seed_7,new
inc_tc_cox,churn_lastfm_months,transformer,0.8,1.0,True,10,0.5760881759030738,0.1892660956596662,0.5635198135198135,0.19036254578227302,outputs/inc_tc_cox/churn_lastfm_months/transformer/lambda_0.8/target_lr_1.0/landmark_True/seed_10,new
inc_tc_cox,churn_lastfm_months,transformer,0.8,1.0,True,2,0.6188726167449572,0.16799586248934698,0.6120388349514563,0.2000047256080493,outputs/inc_tc_cox/churn_lastfm_months/transformer/lambda_0.8/target_lr_1.0/landmark_True/seed_2,new
inc_tc_cox,churn_lastfm_months,transformer,0.8,1.0,True,5,0.5376883030571555,0.20088624793238544,0.5780006631299734,0.17832345502976246,outputs/inc_tc_cox/churn_lastfm_months/transformer/lambda_0.8/target_lr_1.0/landmark_True/seed_5,new
inc_tc_cox,churn_lastfm_months,transformer,0.8,1.0,True,4,0.5929508561263064,0.18303868472497076,0.5917474911700398,0.18556845473061276,outputs/inc_tc_cox/churn_lastfm_months/transformer/lambda_0.8/target_lr_1.0/landmark_True/seed_4,new
inc_tc_cox,churn_lastfm_months,transformer,0.8,1.0,True,3,0.5087035809018567,0.2079253527942689,0.5381567279982266,0.20604877433715632,outputs/inc_tc_cox/churn_lastfm_months/transformer/lambda_0.8/target_lr_1.0/landmark_True/seed_3,new
inc_tc_cox,churn_lastfm_months,transformer,0.8,1.0,True,6,0.471802952396749,0.22750636543107705,0.5200838186469275,0.20675293484347176,outputs/inc_tc_cox/churn_lastfm_months/transformer/lambda_0.8/target_lr_1.0/landmark_True/seed_6,new
inc_tc_cox,churn_lastfm_months,transformer,0.8,1.0,True,1,0.5442306629070603,0.20723052675007328,0.4917401809293701,0.24629674484204267,outputs/inc_tc_cox/churn_lastfm_months/transformer/lambda_0.8/target_lr_1.0/landmark_True/seed_1,new
inc_tc_cox,churn_lastfm_months,transformer,0.8,1.0,True,8,0.5018625034237195,0.19781674976730065,0.5238570857827749,0.19241871354288745,outputs/inc_tc_cox/churn_lastfm_months/transformer/lambda_0.8/target_lr_1.0/landmark_True/seed_8,new
inc_tc_cox,churn_lastfm_months,transformer,0.8,1.0,True,9,0.5392140421488065,0.2043970240226145,0.5088835999335806,0.20476195517481383,outputs/inc_tc_cox/churn_lastfm_months/transformer/lambda_0.8/target_lr_1.0/landmark_True/seed_9,new
inc_tc_cox,churn_lastfm_months,transformer,0.8,1.0,True,0,0.5078689442733128,0.18381442060547012,0.5281588045054088,0.21472845427390896,outputs/inc_tc_cox/churn_lastfm_months/transformer/lambda_0.8/target_lr_1.0/landmark_True/seed_0,new
inc_tc_cox,churn_lastfm_months,transformer,0.8,1.0,True,7,0.6762109615062294,0.18093124355571324,0.6890779668557446,0.15520925473677832,outputs/inc_tc_cox/churn_lastfm_months/transformer/lambda_0.8/target_lr_1.0/landmark_True/seed_7,new
inc_tc_cox,big_rw,transformer,0.5,1.0,True,10,0.952339201226185,0.08191257510424665,0.952700264140642,0.07817199477264716,outputs/inc_tc_cox/big_rw/transformer/lambda_0.5/target_lr_1.0/landmark_True/seed_10,new
inc_tc_cox,big_rw,transformer,0.5,1.0,True,2,0.9617237100374331,0.08103440635475337,0.9587768275426009,0.08386378308334404,outputs/inc_tc_cox/big_rw/transformer/lambda_0.5/target_lr_1.0/landmark_True/seed_2,new
inc_tc_cox,big_rw,transformer,0.5,1.0,True,5,0.9577610777888159,0.09115013902951748,0.9539281009947653,0.09177861962578591,outputs/inc_tc_cox/big_rw/transformer/lambda_0.5/target_lr_1.0/landmark_True/seed_5,new
inc_tc_cox,big_rw,transformer,0.5,1.0,True,4,0.9626020231603608,0.07255089333229076,0.9626602670221461,0.07294295884451185,outputs/inc_tc_cox/big_rw/transformer/lambda_0.5/target_lr_1.0/landmark_True/seed_4,new
inc_tc_cox,big_rw,transformer,0.5,1.0,True,3,0.9636273191732798,0.05827555441913698,0.9633291612480216,0.06144036268707219,outputs/inc_tc_cox/big_rw/transformer/lambda_0.5/target_lr_1.0/landmark_True/seed_3,new
inc_tc_cox,big_rw,transformer,0.5,1.0,True,6,0.9575584593924902,0.0778046827633479,0.958982753425578,0.07638933634084287,outputs/inc_tc_cox/big_rw/transformer/lambda_0.5/target_lr_1.0/landmark_True/seed_6,new
inc_tc_cox,big_rw,transformer,0.5,1.0,True,1,0.956767771650203,0.06627493730733273,0.956704941311909,0.06806791914880832,outputs/inc_tc_cox/big_rw/transformer/lambda_0.5/target_lr_1.0/landmark_True/seed_1,new
inc_tc_cox,big_rw,transformer,0.5,1.0,True,8,0.9557788974629626,0.08358892610943469,0.9565681652498779,0.08484377474752812,outputs/inc_tc_cox/big_rw/transformer/lambda_0.5/target_lr_1.0/landmark_True/seed_8,new
inc_tc_cox,big_rw,transformer,0.5,1.0,True,9,0.9589713663285158,0.08432136425201263,0.9670770045497646,0.07746818452936138,outputs/inc_tc_cox/big_rw/transformer/lambda_0.5/target_lr_1.0/landmark_True/seed_9,new
inc_tc_cox,big_rw,transformer,0.5,1.0,True,0,0.9708997423722924,0.07109253845633245,0.96930501364475,0.06924868983717226,outputs/inc_tc_cox/big_rw/transformer/lambda_0.5/target_lr_1.0/landmark_True/seed_0,new
inc_tc_cox,big_rw,transformer,0.5,1.0,True,7,0.958590333208459,0.07146051174967691,0.956207240033214,0.07299087816408711,outputs/inc_tc_cox/big_rw/transformer/lambda_0.5/target_lr_1.0/landmark_True/seed_7,new
inc_tc_cox,big_rw,transformer,0.95,1.0,True,10,0.9319634006284632,0.04710466459219518,0.9342964399355469,0.04401751563808442,outputs/inc_tc_cox/big_rw/transformer/lambda_0.95/target_lr_1.0/landmark_True/seed_10,new
inc_tc_cox,big_rw,transformer,0.95,1.0,True,2,0.9249195537567636,0.04730351284017078,0.9262554526645381,0.04755166244451538,outputs/inc_tc_cox/big_rw/transformer/lambda_0.95/target_lr_1.0/landmark_True/seed_2,new
inc_tc_cox,big_rw,transformer,0.95,1.0,True,5,0.9566820099170186,0.03415784894005197,0.9548321621447354,0.032667707627932495,outputs/inc_tc_cox/big_rw/transformer/lambda_0.95/target_lr_1.0/landmark_True/seed_5,new
inc_tc_cox,big_rw,transformer,0.95,1.0,True,4,0.9444833164276311,0.04259808659469964,0.9476667314374667,0.0397082791094923,outputs/inc_tc_cox/big_rw/transformer/lambda_0.95/target_lr_1.0/landmark_True/seed_4,new
inc_tc_cox,big_rw,transformer,0.95,1.0,True,3,0.9403619058267609,0.04226942981099228,0.9386521631520557,0.04563481956900328,outputs/inc_tc_cox/big_rw/transformer/lambda_0.95/target_lr_1.0/landmark_True/seed_3,new
inc_tc_cox,big_rw,transformer,0.95,1.0,True,6,0.9395917805964201,0.04212863927004514,0.9394760345018198,0.043181641160161176,outputs/inc_tc_cox/big_rw/transformer/lambda_0.95/target_lr_1.0/landmark_True/seed_6,new
inc_tc_cox,big_rw,transformer,0.95,1.0,True,1,0.9506969815682167,0.04106989461998409,0.9526737496029085,0.0389374974352565,outputs/inc_tc_cox/big_rw/transformer/lambda_0.95/target_lr_1.0/landmark_True/seed_1,new
inc_tc_cox,big_rw,transformer,0.95,1.0,True,8,0.9480543861860689,0.03670243002172415,0.9445988386787414,0.038772320024258476,outputs/inc_tc_cox/big_rw/transformer/lambda_0.95/target_lr_1.0/landmark_True/seed_8,new
inc_tc_cox,big_rw,transformer,0.95,1.0,True,9,0.9523631175509485,0.039570121613985515,0.955973904098268,0.03454153469501724,outputs/inc_tc_cox/big_rw/transformer/lambda_0.95/target_lr_1.0/landmark_True/seed_9,new
inc_tc_cox,big_rw,transformer,0.95,1.0,True,0,0.9436764478324252,0.03791350586279634,0.9441645753404129,0.03587025309368546,outputs/inc_tc_cox/big_rw/transformer/lambda_0.95/target_lr_1.0/landmark_True/seed_0,new
inc_tc_cox,big_rw,transformer,0.95,1.0,True,7,0.945760444039401,0.04087037069445645,0.9484155893678228,0.039523407506913244,outputs/inc_tc_cox/big_rw/transformer/lambda_0.95/target_lr_1.0/landmark_True/seed_7,new
inc_tc_cox,big_rw,transformer,0.1,1.0,True,10,0.9248609879838631,0.14410824464453392,0.9281431081109683,0.13915020537939704,outputs/inc_tc_cox/big_rw/transformer/lambda_0.1/target_lr_1.0/landmark_True/seed_10,new
inc_tc_cox,big_rw,transformer,0.1,1.0,True,2,0.9361635718566255,0.07803449670328366,0.9380881001179042,0.07889043317523785,outputs/inc_tc_cox/big_rw/transformer/lambda_0.1/target_lr_1.0/landmark_True/seed_2,new
inc_tc_cox,big_rw,transformer,0.1,1.0,True,5,0.8964569069286347,0.19002668184155053,0.8891410254117854,0.19031651723465715,outputs/inc_tc_cox/big_rw/transformer/lambda_0.1/target_lr_1.0/landmark_True/seed_5,new
inc_tc_cox,big_rw,transformer,0.1,1.0,True,4,0.9367834143958599,0.08599126348675631,0.9411947173080243,0.08295624264416579,outputs/inc_tc_cox/big_rw/transformer/lambda_0.1/target_lr_1.0/landmark_True/seed_4,new
inc_tc_cox,big_rw,transformer,0.1,1.0,True,3,0.9194797800493157,0.08833930086232045,0.9235979188060817,0.0912632082704105,outputs/inc_tc_cox/big_rw/transformer/lambda_0.1/target_lr_1.0/landmark_True/seed_3,new
inc_tc_cox,big_rw,transformer,0.1,1.0,True,6,0.9066255241635044,0.20286540991977592,0.9083125410516595,0.20206371300326104,outputs/inc_tc_cox/big_rw/transformer/lambda_0.1/target_lr_1.0/landmark_True/seed_6,new
inc_tc_cox,big_rw,transformer,0.1,1.0,True,1,0.922526881487702,0.13078050160239987,0.9206349120153786,0.13314197470155248,outputs/inc_tc_cox/big_rw/transformer/lambda_0.1/target_lr_1.0/landmark_True/seed_1,new
inc_tc_cox,big_rw,transformer,0.1,1.0,True,8,0.8920664900394246,0.18914288171852406,0.8932762107740175,0.19322283888217784,outputs/inc_tc_cox/big_rw/transformer/lambda_0.1/target_lr_1.0/landmark_True/seed_8,new
inc_tc_cox,big_rw,transformer,0.1,1.0,True,9,0.9083901530413845,0.1425389653764649,0.9252548368435246,0.13392258351685993,outputs/inc_tc_cox/big_rw/transformer/lambda_0.1/target_lr_1.0/landmark_True/seed_9,new
inc_tc_cox,big_rw,transformer,0.1,1.0,True,0,0.9328821455040028,0.0806687125292878,0.9342016816760726,0.07990315589613398,outputs/inc_tc_cox/big_rw/transformer/lambda_0.1/target_lr_1.0/landmark_True/seed_0,new
inc_tc_cox,big_rw,transformer,0.1,1.0,True,7,0.8993952901593422,0.10215448577397501,0.9032676184198196,0.10044765631102248,outputs/inc_tc_cox/big_rw/transformer/lambda_0.1/target_lr_1.0/landmark_True/seed_7,new
inc_tc_cox,big_rw,transformer,0.8,1.0,True,10,0.9465367958339151,0.04526215075423676,0.9403824747812712,0.04826785865274149,outputs/inc_tc_cox/big_rw/transformer/lambda_0.8/target_lr_1.0/landmark_True/seed_10,new
inc_tc_cox,big_rw,transformer,0.8,1.0,True,2,0.965357632948002,0.04054027388303211,0.9614781227568152,0.04382623477141395,outputs/inc_tc_cox/big_rw/transformer/lambda_0.8/target_lr_1.0/landmark_True/seed_2,new
inc_tc_cox,big_rw,transformer,0.8,1.0,True,5,0.9383102154829709,0.04343512383352593,0.9430018839799931,0.04066836565316084,outputs/inc_tc_cox/big_rw/transformer/lambda_0.8/target_lr_1.0/landmark_True/seed_5,new
inc_tc_cox,big_rw,transformer,0.8,1.0,True,4,0.9543543330497364,0.03882646953497906,0.9555382833422167,0.03656251748392552,outputs/inc_tc_cox/big_rw/transformer/lambda_0.8/target_lr_1.0/landmark_True/seed_4,new
inc_tc_cox,big_rw,transformer,0.8,1.0,True,3,0.9496258439340148,0.04176132454296406,0.9487267721954576,0.043374917745857555,outputs/inc_tc_cox/big_rw/transformer/lambda_0.8/target_lr_1.0/landmark_True/seed_3,new
inc_tc_cox,big_rw,transformer,0.8,1.0,True,6,0.956968233958864,0.03782668364508852,0.9545136773832724,0.039653712800271565,outputs/inc_tc_cox/big_rw/transformer/lambda_0.8/target_lr_1.0/landmark_True/seed_6,new
inc_tc_cox,big_rw,transformer,0.8,1.0,True,1,0.9505633316595531,0.04072173713628891,0.9498426567255766,0.04164204672231979,outputs/inc_tc_cox/big_rw/transformer/lambda_0.8/target_lr_1.0/landmark_True/seed_1,new
inc_tc_cox,big_rw,transformer,0.8,1.0,True,8,0.9603219001729663,0.03090212562977965,0.95958458058919,0.03309359234308279,outputs/inc_tc_cox/big_rw/transformer/lambda_0.8/target_lr_1.0/landmark_True/seed_8,new
inc_tc_cox,big_rw,transformer,0.8,1.0,True,9,0.9503579546960292,0.0464927209771116,0.9559676514340893,0.039215060541164075,outputs/inc_tc_cox/big_rw/transformer/lambda_0.8/target_lr_1.0/landmark_True/seed_9,new
inc_tc_cox,big_rw,transformer,0.8,1.0,True,0,0.9447816136887456,0.04143318945030029,0.9436525578612329,0.041094152764783946,outputs/inc_tc_cox/big_rw/transformer/lambda_0.8/target_lr_1.0/landmark_True/seed_0,new
inc_tc_cox,big_rw,transformer,0.8,1.0,True,7,0.9614265709091954,0.035545897690005726,0.9636067353227455,0.03535882356459838,outputs/inc_tc_cox/big_rw/transformer/lambda_0.8/target_lr_1.0/landmark_True/seed_7,new
inc_tc_cox,mimic,transformer,0.5,1.0,False,10,0.4,0.6378093953185642,0.17647058823529413,0.869484429455849,outputs/inc_tc_cox/mimic/transformer/lambda_0.5/target_lr_1.0/landmark_False/seed_10,new
inc_tc_cox,mimic,transformer,0.5,1.0,False,2,0.2857142857142857,0.5775554325813614,0.375,0.6963159407945,outputs/inc_tc_cox/mimic/transformer/lambda_0.5/target_lr_1.0/landmark_False/seed_2,new
inc_tc_cox,mimic,transformer,0.5,1.0,False,5,0.25,0.7502939009740994,0.05555555555555555,0.6354595806426878,outputs/inc_tc_cox/mimic/transformer/lambda_0.5/target_lr_1.0/landmark_False/seed_5,new
inc_tc_cox,mimic,transformer,0.5,1.0,False,4,0.868421052631579,0.6707198138754744,0.6666666666666666,0.5631990065458926,outputs/inc_tc_cox/mimic/transformer/lambda_0.5/target_lr_1.0/landmark_False/seed_4,new
inc_tc_cox,mimic,transformer,0.5,1.0,False,3,0.125,0.8256827339294157,0.10714285714285714,0.7201754180456351,outputs/inc_tc_cox/mimic/transformer/lambda_0.5/target_lr_1.0/landmark_False/seed_3,new
inc_tc_cox,mimic,transformer,0.5,1.0,False,6,0.75,0.6897168424951827,0.7272727272727273,0.6982563747814701,outputs/inc_tc_cox/mimic/transformer/lambda_0.5/target_lr_1.0/landmark_False/seed_6,new
inc_tc_cox,mimic,transformer,0.5,1.0,False,1,0.75,0.638550121637334,1.0,0.7740620843479507,outputs/inc_tc_cox/mimic/transformer/lambda_0.5/target_lr_1.0/landmark_False/seed_1,new
inc_tc_cox,mimic,transformer,0.5,1.0,False,8,0.7142857142857143,0.6586721537619233,0.5833333333333334,0.6846788430704043,outputs/inc_tc_cox/mimic/transformer/lambda_0.5/target_lr_1.0/landmark_False/seed_8,new
inc_tc_cox,mimic,transformer,0.5,1.0,False,9,0.5833333333333334,0.8010891033917931,0.6428571428571429,0.6258191588999874,outputs/inc_tc_cox/mimic/transformer/lambda_0.5/target_lr_1.0/landmark_False/seed_9,new
inc_tc_cox,mimic,transformer,0.5,1.0,False,0,0.45454545454545453,0.6706471874116915,0.7619047619047619,0.6374380249696843,outputs/inc_tc_cox/mimic/transformer/lambda_0.5/target_lr_1.0/landmark_False/seed_0,new
inc_tc_cox,mimic,transformer,0.5,1.0,False,7,0.0,0.779158459841909,0.5,0.7028647907830862,outputs/inc_tc_cox/mimic/transformer/lambda_0.5/target_lr_1.0/landmark_False/seed_7,new
inc_tc_cox,mimic,transformer,0.95,1.0,False,10,0.6,0.09883077973268134,0.5294117647058824,0.6634546215875735,outputs/inc_tc_cox/mimic/transformer/lambda_0.95/target_lr_1.0/landmark_False/seed_10,new
inc_tc_cox,mimic,transformer,0.95,1.0,False,2,0.0,0.3852124018310414,0.16666666666666666,0.4190566251465764,outputs/inc_tc_cox/mimic/transformer/lambda_0.95/target_lr_1.0/landmark_False/seed_2,new
inc_tc_cox,mimic,transformer,0.95,1.0,False,5,0.5,0.20065997482039297,0.1111111111111111,0.43443820418412926,outputs/inc_tc_cox/mimic/transformer/lambda_0.95/target_lr_1.0/landmark_False/seed_5,new
inc_tc_cox,mimic,transformer,0.95,1.0,False,4,0.9473684210526315,0.3836519025496767,0.6666666666666666,0.32376048907131205,outputs/inc_tc_cox/mimic/transformer/lambda_0.95/target_lr_1.0/landmark_False/seed_4,new
inc_tc_cox,mimic,transformer,0.95,1.0,False,3,0.25,0.2760773271545888,0.25,0.21468619425660745,outputs/inc_tc_cox/mimic/transformer/lambda_0.95/target_lr_1.0/landmark_False/seed_3,new
inc_tc_cox,mimic,transformer,0.95,1.0,False,6,0.5,0.17387588966097553,0.45454545454545453,0.20001073702432517,outputs/inc_tc_cox/mimic/transformer/lambda_0.95/target_lr_1.0/landmark_False/seed_6,new
inc_tc_cox,mimic,transformer,0.95,1.0,False,1,0.875,0.17138655592848961,1.0,0.45157734629803997,outputs/inc_tc_cox/mimic/transformer/lambda_0.95/target_lr_1.0/landmark_False/seed_1,new
inc_tc_cox,mimic,transformer,0.95,1.0,False,8,0.42857142857142855,0.3423698225335626,0.5,0.4889466188826921,outputs/inc_tc_cox/mimic/transformer/lambda_0.95/target_lr_1.0/landmark_False/seed_8,new
inc_tc_cox,mimic,transformer,0.95,1.0,False,9,1.0,0.36990804666283345,0.5714285714285714,0.21875441310459878,outputs/inc_tc_cox/mimic/transformer/lambda_0.95/target_lr_1.0/landmark_False/seed_9,new
inc_tc_cox,mimic,transformer,0.95,1.0,False,0,0.36363636363636365,0.17068237223596028,0.6904761904761905,0.1708818108560363,outputs/inc_tc_cox/mimic/transformer/lambda_0.95/target_lr_1.0/landmark_False/seed_0,new
inc_tc_cox,mimic,transformer,0.95,1.0,False,7,0.2,0.43301048608175374,0.6153846153846154,0.28033986009951023,outputs/inc_tc_cox/mimic/transformer/lambda_0.95/target_lr_1.0/landmark_False/seed_7,new
inc_tc_cox,mimic,transformer,0.1,1.0,False,10,0.45,0.7196484636387456,0.4117647058823529,0.9134535332155737,outputs/inc_tc_cox/mimic/transformer/lambda_0.1/target_lr_1.0/landmark_False/seed_10,new
inc_tc_cox,mimic,transformer,0.1,1.0,False,2,0.35714285714285715,0.6123690778638237,0.4166666666666667,0.7201529351223317,outputs/inc_tc_cox/mimic/transformer/lambda_0.1/target_lr_1.0/landmark_False/seed_2,new
inc_tc_cox,mimic,transformer,0.1,1.0,False,5,0.5,0.8113646316555408,0.5,0.7027575788118504,outputs/inc_tc_cox/mimic/transformer/lambda_0.1/target_lr_1.0/landmark_False/seed_5,new
inc_tc_cox,mimic,transformer,0.1,1.0,False,4,0.9473684210526315,0.7363699371187324,0.6666666666666666,0.621014730866449,outputs/inc_tc_cox/mimic/transformer/lambda_0.1/target_lr_1.0/landmark_False/seed_4,new
inc_tc_cox,mimic,transformer,0.1,1.0,False,3,0.125,0.5911534675400854,0.2857142857142857,0.5235946322927846,outputs/inc_tc_cox/mimic/transformer/lambda_0.1/target_lr_1.0/landmark_False/seed_3,new
inc_tc_cox,mimic,transformer,0.1,1.0,False,6,0.8636363636363636,0.7680483052139256,1.0,0.7578149319703775,outputs/inc_tc_cox/mimic/transformer/lambda_0.1/target_lr_1.0/landmark_False/seed_6,new
inc_tc_cox,mimic,transformer,0.1,1.0,False,1,0.5625,0.7238657829697792,0.9,0.845487796022936,outputs/inc_tc_cox/mimic/transformer/lambda_0.1/target_lr_1.0/landmark_False/seed_1,new
inc_tc_cox,mimic,transformer,0.1,1.0,False,8,0.5714285714285714,0.8097682146869227,0.3333333333333333,0.7805997396683924,outputs/inc_tc_cox/mimic/transformer/lambda_0.1/target_lr_1.0/landmark_False/seed_8,new
inc_tc_cox,mimic,transformer,0.1,1.0,False,9,1.0,0.8670423281251403,0.5,0.7050182702683827,outputs/inc_tc_cox/mimic/transformer/lambda_0.1/target_lr_1.0/landmark_False/seed_9,new
inc_tc_cox,mimic,transformer,0.1,1.0,False,0,0.3181818181818182,0.7092352439205452,0.6428571428571429,0.7014993402752275,outputs/inc_tc_cox/mimic/transformer/lambda_0.1/target_lr_1.0/landmark_False/seed_0,new
inc_tc_cox,mimic,transformer,0.1,1.0,False,7,0.6,0.8229556753429947,0.8461538461538461,0.7598037551632383,outputs/inc_tc_cox/mimic/transformer/lambda_0.1/target_lr_1.0/landmark_False/seed_7,new
inc_tc_cox,mimic,transformer,0.8,1.0,False,10,0.35,0.47102552639903983,0.2647058823529412,0.7777888623698878,outputs/inc_tc_cox/mimic/transformer/lambda_0.8/target_lr_1.0/landmark_False/seed_10,new
inc_tc_cox,mimic,transformer,0.8,1.0,False,2,0.14285714285714285,0.4525546001869595,0.20833333333333334,0.5716537927982921,outputs/inc_tc_cox/mimic/transformer/lambda_0.8/target_lr_1.0/landmark_False/seed_2,new
inc_tc_cox,mimic,transformer,0.8,1.0,False,5,0.5,0.6420843886289477,0.16666666666666666,0.5325023653482306,outputs/inc_tc_cox/mimic/transformer/lambda_0.8/target_lr_1.0/landmark_False/seed_5,new
inc_tc_cox,mimic,transformer,0.8,1.0,False,4,0.9473684210526315,0.5860718462974753,0.75,0.4612376687716361,outputs/inc_tc_cox/mimic/transformer/lambda_0.8/target_lr_1.0/landmark_False/seed_4,new
inc_tc_cox,mimic,transformer,0.8,1.0,False,3,0.375,0.6053838787163249,0.25,0.4591013106255248,outputs/inc_tc_cox/mimic/transformer/lambda_0.8/target_lr_1.0/landmark_False/seed_3,new
inc_tc_cox,mimic,transformer,0.8,1.0,False,6,0.7045454545454546,0.5568008697938372,0.8181818181818182,0.6000908484125637,outputs/inc_tc_cox/mimic/transformer/lambda_0.8/target_lr_1.0/landmark_False/seed_6,new
inc_tc_cox,mimic,transformer,0.8,1.0,False,1,0.875,0.5433167128754667,1.0,0.7134373499012848,outputs/inc_tc_cox/mimic/transformer/lambda_0.8/target_lr_1.0/landmark_False/seed_1,new
inc_tc_cox,mimic,transformer,0.8,1.0,False,8,0.7142857142857143,0.5944449532475178,0.6666666666666666,0.6442846695392377,outputs/inc_tc_cox/mimic/transformer/lambda_0.8/target_lr_1.0/landmark_False/seed_8,new
inc_tc_cox,mimic,transformer,0.8,1.0,False,9,1.0,0.681465755567802,0.6428571428571429,0.49790025684041267,outputs/inc_tc_cox/mimic/transformer/lambda_0.8/target_lr_1.0/landmark_False/seed_9,new
inc_tc_cox,mimic,transformer,0.8,1.0,False,0,0.2727272727272727,0.49802908736056833,0.7142857142857143,0.4263105650389515,outputs/inc_tc_cox/mimic/transformer/lambda_0.8/target_lr_1.0/landmark_False/seed_0,new
inc_tc_cox,mimic,transformer,0.8,1.0,False,7,0.2,0.676969777895734,0.6923076923076923,0.5616576191351056,outputs/inc_tc_cox/mimic/transformer/lambda_0.8/target_lr_1.0/landmark_False/seed_7,new
inc_tc_cox,nasa,transformer,0.5,1.0,False,10,0.42035398230088494,0.5443189327381045,0.5170212765957447,0.4680531034514096,outputs/inc_tc_cox/nasa/transformer/lambda_0.5/target_lr_1.0/landmark_False/seed_10,new
inc_tc_cox,nasa,transformer,0.5,1.0,False,2,0.6106870229007634,0.47205016637225444,0.48846153846153845,0.5274683973835517,outputs/inc_tc_cox/nasa/transformer/lambda_0.5/target_lr_1.0/landmark_False/seed_2,new
inc_tc_cox,nasa,transformer,0.5,1.0,False,5,0.5836501901140685,0.5891457498126503,0.4251824817518248,0.5118526769079775,outputs/inc_tc_cox/nasa/transformer/lambda_0.5/target_lr_1.0/landmark_False/seed_5,new
inc_tc_cox,nasa,transformer,0.5,1.0,False,4,0.3034188034188034,0.6325617532132833,0.5546218487394958,0.5604809465108698,outputs/inc_tc_cox/nasa/transformer/lambda_0.5/target_lr_1.0/landmark_False/seed_4,new
inc_tc_cox,nasa,transformer,0.5,1.0,False,3,0.65234375,0.6099474031814611,0.4311023622047244,0.5868433829377052,outputs/inc_tc_cox/nasa/transformer/lambda_0.5/target_lr_1.0/landmark_False/seed_3,new
inc_tc_cox,nasa,transformer,0.5,1.0,False,6,0.4873417721518987,0.5022384621696793,0.574468085106383,0.6455855176223433,outputs/inc_tc_cox/nasa/transformer/lambda_0.5/target_lr_1.0/landmark_False/seed_6,new
inc_tc_cox,nasa,transformer,0.5,1.0,False,1,0.4225352112676056,0.48615120172267623,0.5971074380165289,0.5361978129838593,outputs/inc_tc_cox/nasa/transformer/lambda_0.5/target_lr_1.0/landmark_False/seed_1,new
inc_tc_cox,nasa,transformer,0.5,1.0,False,8,0.5599173553719008,0.5810739363375979,0.5038461538461538,0.5729819414006899,outputs/inc_tc_cox/nasa/transformer/lambda_0.5/target_lr_1.0/landmark_False/seed_8,new
inc_tc_cox,nasa,transformer,0.5,1.0,False,9,0.6392405063291139,0.5580926174724808,0.5,0.49722292074935315,outputs/inc_tc_cox/nasa/transformer/lambda_0.5/target_lr_1.0/landmark_False/seed_9,new
inc_tc_cox,nasa,transformer,0.5,1.0,False,0,0.5228310502283106,0.4715630683698554,0.4908424908424908,0.5268285472102363,outputs/inc_tc_cox/nasa/transformer/lambda_0.5/target_lr_1.0/landmark_False/seed_0,new
inc_tc_cox,nasa,transformer,0.5,1.0,False,7,0.43333333333333335,0.6220454286463438,0.5166666666666667,0.5687861359477435,outputs/inc_tc_cox/nasa/transformer/lambda_0.5/target_lr_1.0/landmark_False/seed_7,new
inc_tc_cox,nasa,transformer,0.95,1.0,False,10,0.45132743362831856,0.19984431508054773,0.4978723404255319,0.1835046085092566,outputs/inc_tc_cox/nasa/transformer/lambda_0.95/target_lr_1.0/landmark_False/seed_10,new
inc_tc_cox,nasa,transformer,0.95,1.0,False,2,0.6164122137404581,0.17288349386114382,0.5653846153846154,0.1669326828085889,outputs/inc_tc_cox/nasa/transformer/lambda_0.95/target_lr_1.0/landmark_False/seed_2,new
inc_tc_cox,nasa,transformer,0.95,1.0,False,5,0.564638783269962,0.17688593467025185,0.45072992700729925,0.2034743920940289,outputs/inc_tc_cox/nasa/transformer/lambda_0.95/target_lr_1.0/landmark_False/seed_5,new
inc_tc_cox,nasa,transformer,0.95,1.0,False,4,0.37393162393162394,0.17494032334373305,0.6050420168067226,0.14864230135576603,outputs/inc_tc_cox/nasa/transformer/lambda_0.95/target_lr_1.0/landmark_False/seed_4,new
inc_tc_cox,nasa,transformer,0.95,1.0,False,3,0.662109375,0.13427596163061142,0.5019685039370079,0.17472356709881537,outputs/inc_tc_cox/nasa/transformer/lambda_0.95/target_lr_1.0/landmark_False/seed_3,new
inc_tc_cox,nasa,transformer,0.95,1.0,False,6,0.43037974683544306,0.17335763172732413,0.5726950354609929,0.13674776998094956,outputs/inc_tc_cox/nasa/transformer/lambda_0.95/target_lr_1.0/landmark_False/seed_6,new
inc_tc_cox,nasa,transformer,0.95,1.0,False,1,0.4665492957746479,0.15651118876269357,0.4834710743801653,0.14800300124246268,outputs/inc_tc_cox/nasa/transformer/lambda_0.95/target_lr_1.0/landmark_False/seed_1,new
inc_tc_cox,nasa,transformer,0.95,1.0,False,8,0.5929752066115702,0.19117350381778084,0.38653846153846155,0.22382623528064638,outputs/inc_tc_cox/nasa/transformer/lambda_0.95/target_lr_1.0/landmark_False/seed_8,new
inc_tc_cox,nasa,transformer,0.95,1.0,False,9,0.510548523206751,0.15279048769609574,0.5018656716417911,0.19172040912024432,outputs/inc_tc_cox/nasa/transformer/lambda_0.95/target_lr_1.0/landmark_False/seed_9,new
inc_tc_cox,nasa,transformer,0.95,1.0,False,0,0.5684931506849316,0.1330160846319054,0.5934065934065934,0.15148035717094183,outputs/inc_tc_cox/nasa/transformer/lambda_0.95/target_lr_1.0/landmark_False/seed_0,new
inc_tc_cox,nasa,transformer,0.95,1.0,False,7,0.4595238095238095,0.18765912388695333,0.44814814814814813,0.20717996276731557,outputs/inc_tc_cox/nasa/transformer/lambda_0.95/target_lr_1.0/landmark_False/seed_7,new
inc_tc_cox,nasa,transformer,0.1,1.0,False,10,0.3672566371681416,0.6944419941267586,0.5893617021276596,0.5869851957906155,outputs/inc_tc_cox/nasa/transformer/lambda_0.1/target_lr_1.0/landmark_False/seed_10,new
inc_tc_cox,nasa,transformer,0.1,1.0,False,2,0.6164122137404581,0.5886783679283429,0.49423076923076925,0.67066989072704,outputs/inc_tc_cox/nasa/transformer/lambda_0.1/target_lr_1.0/landmark_False/seed_2,new
inc_tc_cox,nasa,transformer,0.1,1.0,False,5,0.596958174904943,0.5331862866135217,0.4416058394160584,0.47512119066503455,outputs/inc_tc_cox/nasa/transformer/lambda_0.1/target_lr_1.0/landmark_False/seed_5,new
inc_tc_cox,nasa,transformer,0.1,1.0,False,4,0.3311965811965812,0.6770040221381435,0.5084033613445378,0.5969425217997911,outputs/inc_tc_cox/nasa/transformer/lambda_0.1/target_lr_1.0/landmark_False/seed_4,new
inc_tc_cox,nasa,transformer,0.1,1.0,False,3,0.630859375,0.7118683399708294,0.5374015748031497,0.6784342540476296,outputs/inc_tc_cox/nasa/transformer/lambda_0.1/target_lr_1.0/landmark_False/seed_3,new
inc_tc_cox,nasa,transformer,0.1,1.0,False,6,0.5210970464135021,0.5601067964237325,0.5124113475177305,0.7198712367733168,outputs/inc_tc_cox/nasa/transformer/lambda_0.1/target_lr_1.0/landmark_False/seed_6,new
inc_tc_cox,nasa,transformer,0.1,1.0,False,1,0.4612676056338028,0.5331059843416893,0.6425619834710744,0.593193872162855,outputs/inc_tc_cox/nasa/transformer/lambda_0.1/target_lr_1.0/landmark_False/seed_1,new
inc_tc_cox,nasa,transformer,0.1,1.0,False,8,0.5950413223140496,0.6825148270430962,0.35,0.6696048345311337,outputs/inc_tc_cox/nasa/transformer/lambda_0.1/target_lr_1.0/landmark_False/seed_8,new
inc_tc_cox,nasa,transformer,0.1,1.0,False,9,0.4641350210970464,0.6639463116421122,0.5597014925373134,0.581851206547067,outputs/inc_tc_cox/nasa/transformer/lambda_0.1/target_lr_1.0/landmark_False/seed_9,new
inc_tc_cox,nasa,transformer,0.1,1.0,False,0,0.593607305936073,0.5429163340456088,0.6373626373626373,0.6040910715371816,outputs/inc_tc_cox/nasa/transformer/lambda_0.1/target_lr_1.0/landmark_False/seed_0,new
inc_tc_cox,nasa,transformer,0.1,1.0,False,7,0.4857142857142857,0.6760179650547331,0.4203703703703704,0.6134878648652072,outputs/inc_tc_cox/nasa/transformer/lambda_0.1/target_lr_1.0/landmark_False/seed_7,new
inc_tc_cox,nasa,transformer,0.8,1.0,False,10,0.43805309734513276,0.4502957969113232,0.5170212765957447,0.39140673024112516,outputs/inc_tc_cox/nasa/transformer/lambda_0.8/target_lr_1.0/landmark_False/seed_10,new
inc_tc_cox,nasa,transformer,0.8,1.0,False,2,0.6354961832061069,0.31185285080910574,0.5230769230769231,0.33932675049746386,outputs/inc_tc_cox/nasa/transformer/lambda_0.8/target_lr_1.0/landmark_False/seed_2,new
inc_tc_cox,nasa,transformer,0.8,1.0,False,5,0.5057034220532319,0.4061045085241832,0.3886861313868613,0.34452440061545164,outputs/inc_tc_cox/nasa/transformer/lambda_0.8/target_lr_1.0/landmark_False/seed_5,new
inc_tc_cox,nasa,transformer,0.8,1.0,False,4,0.35683760683760685,0.46878389314819574,0.5714285714285714,0.42018667197799087,outputs/inc_tc_cox/nasa/transformer/lambda_0.8/target_lr_1.0/landmark_False/seed_4,new
inc_tc_cox,nasa,transformer,0.8,1.0,False,3,0.6796875,0.4371316206477921,0.5118110236220472,0.4297085564710854,outputs/inc_tc_cox/nasa/transformer/lambda_0.8/target_lr_1.0/landmark_False/seed_3,new
inc_tc_cox,nasa,transformer,0.8,1.0,False,6,0.4430379746835443,0.3642315199331926,0.5815602836879432,0.4631070188327921,outputs/inc_tc_cox/nasa/transformer/lambda_0.8/target_lr_1.0/landmark_False/seed_6,new
inc_tc_cox,nasa,transformer,0.8,1.0,False,1,0.41901408450704225,0.3403359496562528,0.6033057851239669,0.3622001331208902,outputs/inc_tc_cox/nasa/transformer/lambda_0.8/target_lr_1.0/landmark_False/seed_1,new
inc_tc_cox,nasa,transformer,0.8,1.0,False,8,0.6115702479338843,0.47454871350579314,0.4807692307692308,0.4704759118097363,outputs/inc_tc_cox/nasa/transformer/lambda_0.8/target_lr_1.0/landmark_False/seed_8,new
inc_tc_cox,nasa,transformer,0.8,1.0,False,9,0.5611814345991561,0.40068853677449057,0.503731343283582,0.3745592478606481,outputs/inc_tc_cox/nasa/transformer/lambda_0.8/target_lr_1.0/landmark_False/seed_9,new
inc_tc_cox,nasa,transformer,0.8,1.0,False,0,0.6004566210045662,0.31399185546216374,0.5421245421245421,0.3559690018778613,outputs/inc_tc_cox/nasa/transformer/lambda_0.8/target_lr_1.0/landmark_False/seed_0,new
inc_tc_cox,nasa,transformer,0.8,1.0,False,7,0.46904761904761905,0.433468209160974,0.4074074074074074,0.4124663658743374,outputs/inc_tc_cox/nasa/transformer/lambda_0.8/target_lr_1.0/landmark_False/seed_7,new
inc_tc_ddh,churn_lastfm_months,gru_attn,0.5,1.0,True,10,0.96830827911151,0.07978584276060063,0.9667554667554668,0.08071841091484332,outputs/inc_tc_ddh/churn_lastfm_months/gru_attn/lambda_0.5/target_lr_1.0/landmark_True/seed_10,new
inc_tc_ddh,churn_lastfm_months,gru_attn,0.5,1.0,True,2,0.9588007736943908,0.08340819411016621,0.9660471567267683,0.08675557315406342,outputs/inc_tc_ddh/churn_lastfm_months/gru_attn/lambda_0.5/target_lr_1.0/landmark_True/seed_2,new
inc_tc_ddh,churn_lastfm_months,gru_attn,0.5,1.0,True,5,0.9721422241914045,0.07553586604163944,0.9674513704686118,0.07383515077245616,outputs/inc_tc_ddh/churn_lastfm_months/gru_attn/lambda_0.5/target_lr_1.0/landmark_True/seed_5,new
inc_tc_ddh,churn_lastfm_months,gru_attn,0.5,1.0,True,4,0.9672003557927508,0.05174660968227221,0.9705948309693334,0.05390872650964149,outputs/inc_tc_ddh/churn_lastfm_months/gru_attn/lambda_0.5/target_lr_1.0/landmark_True/seed_4,new
inc_tc_ddh,churn_lastfm_months,gru_attn,0.5,1.0,True,3,0.9803824049513705,0.0673682912329328,0.980686100642873,0.07115568736312555,outputs/inc_tc_ddh/churn_lastfm_months/gru_attn/lambda_0.5/target_lr_1.0/landmark_True/seed_3,new
inc_tc_ddh,churn_lastfm_months,gru_attn,0.5,1.0,True,6,0.9698402167302482,0.055374002581900075,0.972731725902139,0.05755281175619351,outputs/inc_tc_ddh/churn_lastfm_months/gru_attn/lambda_0.5/target_lr_1.0/landmark_True/seed_6,new
inc_tc_ddh,churn_lastfm_months,gru_attn,0.5,1.0,True,1,0.9770000552883287,0.029276217115264132,0.9722425127830533,0.03503925008247837,outputs/inc_tc_ddh/churn_lastfm_months/gru_attn/lambda_0.5/target_lr_1.0/landmark_True/seed_1,new
inc_tc_ddh,churn_lastfm_months,gru_attn,0.5,1.0,True,8,0.9678992056970693,0.044186106752460166,0.970207179955482,0.040853061882623255,outputs/inc_tc_ddh/churn_lastfm_months/gru_attn/lambda_0.5/target_lr_1.0/landmark_True/seed_8,new
inc_tc_ddh,churn_lastfm_months,gru_attn,0.5,1.0,True,9,0.980714405500587,0.0600886437829928,0.9798250954779432,0.05792361152347072,outputs/inc_tc_ddh/churn_lastfm_months/gru_attn/lambda_0.5/target_lr_1.0/landmark_True/seed_9,new
inc_tc_ddh,churn_lastfm_months,gru_attn,0.5,1.0,True,0,0.9757770932511901,0.042786250203431596,0.9700568752091,0.04903151629987749,outputs/inc_tc_ddh/churn_lastfm_months/gru_attn/lambda_0.5/target_lr_1.0/landmark_True/seed_0,new
inc_tc_ddh,churn_lastfm_months,gru_attn,0.5,1.0,True,7,0.964858371976088,0.06656497080949587,0.9726671115560005,0.06774326048919281,outputs/inc_tc_ddh/churn_lastfm_months/gru_attn/lambda_0.5/target_lr_1.0/landmark_True/seed_7,new
inc_tc_ddh,churn_lastfm_months,gru_attn,0.95,1.0,True,10,0.9742539824994391,0.044030062644681164,0.974081474081474,0.045321234876510186,outputs/inc_tc_ddh/churn_lastfm_months/gru_attn/lambda_0.95/target_lr_1.0/landmark_True/seed_10,new
inc_tc_ddh,churn_lastfm_months,gru_attn,0.95,1.0,True,2,0.977728654324399,0.03396499190294811,0.9726490984743412,0.038984677565054505,outputs/inc_tc_ddh/churn_lastfm_months/gru_attn/lambda_0.95/target_lr_1.0/landmark_True/seed_2,new
inc_tc_ddh,churn_lastfm_months,gru_attn,0.95,1.0,True,5,0.9783174568010634,0.032484940685766225,0.9735576923076923,0.03285269277141817,outputs/inc_tc_ddh/churn_lastfm_months/gru_attn/lambda_0.95/target_lr_1.0/landmark_True/seed_5,new
inc_tc_ddh,churn_lastfm_months,gru_attn,0.95,1.0,True,4,0.9799310651545475,0.04641417535180981,0.9818915736951281,0.05017115668324029,outputs/inc_tc_ddh/churn_lastfm_months/gru_attn/lambda_0.95/target_lr_1.0/landmark_True/seed_4,new
inc_tc_ddh,churn_lastfm_months,gru_attn,0.95,1.0,True,3,0.9833112290008842,0.06632034442985277,0.9802427399689647,0.0677758372455534,outputs/inc_tc_ddh/churn_lastfm_months/gru_attn/lambda_0.95/target_lr_1.0/landmark_True/seed_3,new
inc_tc_ddh,churn_lastfm_months,gru_attn,0.95,1.0,True,6,0.9737933322275668,0.062022624855835914,0.9771403690197572,0.06563684512217419,outputs/inc_tc_ddh/churn_lastfm_months/gru_attn/lambda_0.95/target_lr_1.0/landmark_True/seed_6,new
inc_tc_ddh,churn_lastfm_months,gru_attn,0.95,1.0,True,1,0.9797091833913861,0.046658436678224856,0.9759510029780301,0.054596655622351095,outputs/inc_tc_ddh/churn_lastfm_months/gru_attn/lambda_0.95/target_lr_1.0/landmark_True/seed_1,new
inc_tc_ddh,churn_lastfm_months,gru_attn,0.95,1.0,True,8,0.9766913174472747,0.06429687598938871,0.971491353233263,0.06410762371117873,outputs/inc_tc_ddh/churn_lastfm_months/gru_attn/lambda_0.95/target_lr_1.0/landmark_True/seed_8,new
inc_tc_ddh,churn_lastfm_months,gru_attn,0.95,1.0,True,9,0.9788137961876013,0.03874572561314505,0.975756904854154,0.03857150504732233,outputs/inc_tc_ddh/churn_lastfm_months/gru_attn/lambda_0.95/target_lr_1.0/landmark_True/seed_9,new
inc_tc_ddh,churn_lastfm_months,gru_attn,0.95,1.0,True,0,0.979249509941193,0.030272300780389255,0.9761347161815546,0.03619601865150903,outputs/inc_tc_ddh/churn_lastfm_months/gru_attn/lambda_0.95/target_lr_1.0/landmark_True/seed_0,new
inc_tc_ddh,churn_lastfm_months,gru_attn,0.95,1.0,True,7,0.9648025029331248,0.04690912212582641,0.9669391613836058,0.04860394156238521,outputs/inc_tc_ddh/churn_lastfm_months/gru_attn/lambda_0.95/target_lr_1.0/landmark_True/seed_7,new
inc_tc_ddh,churn_lastfm_months,gru_attn,0.1,1.0,True,10,0.9533598833295939,0.09081159308547279,0.9488844488844489,0.08794981114127406,outputs/inc_tc_ddh/churn_lastfm_months/gru_attn/lambda_0.1/target_lr_1.0/landmark_True/seed_10,new
inc_tc_ddh,churn_lastfm_months,gru_attn,0.1,1.0,True,2,0.9765957446808511,0.09146371567142243,0.9746740638002774,0.09716694031527714,outputs/inc_tc_ddh/churn_lastfm_months/gru_attn/lambda_0.1/target_lr_1.0/landmark_True/seed_2,new
inc_tc_ddh,churn_lastfm_months,gru_attn,0.1,1.0,True,5,0.9528411608329641,0.060561663486571826,0.9418103448275862,0.05727297717244713,outputs/inc_tc_ddh/churn_lastfm_months/gru_attn/lambda_0.1/target_lr_1.0/landmark_True/seed_5,new
inc_tc_ddh,churn_lastfm_months,gru_attn,0.1,1.0,True,4,0.9621970202357127,0.07304731029533072,0.9638111790099232,0.07396568680886421,outputs/inc_tc_ddh/churn_lastfm_months/gru_attn/lambda_0.1/target_lr_1.0/landmark_True/seed_4,new
inc_tc_ddh,churn_lastfm_months,gru_attn,0.1,1.0,True,3,0.9570347038019452,0.08185160339475564,0.9528097982708934,0.08389252429028281,outputs/inc_tc_ddh/churn_lastfm_months/gru_attn/lambda_0.1/target_lr_1.0/landmark_True/seed_3,new
inc_tc_ddh,churn_lastfm_months,gru_attn,0.1,1.0,True,6,0.9655000829324929,0.08151732076198356,0.9639416535133075,0.0833198368054651,outputs/inc_tc_ddh/churn_lastfm_months/gru_attn/lambda_0.1/target_lr_1.0/landmark_True/seed_6,new
inc_tc_ddh,churn_lastfm_months,gru_attn,0.1,1.0,True,1,0.9610217283131531,0.08533174603012396,0.9524638984098444,0.08989665380978878,outputs/inc_tc_ddh/churn_lastfm_months/gru_attn/lambda_0.1/target_lr_1.0/landmark_True/seed_1,new
inc_tc_ddh,churn_lastfm_months,gru_attn,0.1,1.0,True,8,0.9632155573815393,0.06488482882164552,0.9566520175789053,0.060075246130963794,outputs/inc_tc_ddh/churn_lastfm_months/gru_attn/lambda_0.1/target_lr_1.0/landmark_True/seed_8,new
inc_tc_ddh,churn_lastfm_months,gru_attn,0.1,1.0,True,9,0.9670467885292638,0.1281048322008401,0.9628881385952288,0.1366896147712787,outputs/inc_tc_ddh/churn_lastfm_months/gru_attn/lambda_0.1/target_lr_1.0/landmark_True/seed_9,new
inc_tc_ddh,churn_lastfm_months,gru_attn,0.1,1.0,True,0,0.9658078969476337,0.057792993056208,0.9604661536745845,0.06361855506512773,outputs/inc_tc_ddh/churn_lastfm_months/gru_attn/lambda_0.1/target_lr_1.0/landmark_True/seed_0,new
inc_tc_ddh,churn_lastfm_months,gru_attn,0.1,1.0,True,7,0.9740208950220682,0.05984012733774535,0.9790067845623401,0.058472690585721146,outputs/inc_tc_ddh/churn_lastfm_months/gru_attn/lambda_0.1/target_lr_1.0/landmark_True/seed_7,new
inc_tc_ddh,churn_lastfm_months,gru_attn,0.8,1.0,True,10,0.9747588063719991,0.04212580250456336,0.9731657231657231,0.044019411562145956,outputs/inc_tc_ddh/churn_lastfm_months/gru_attn/lambda_0.8/target_lr_1.0/landmark_True/seed_10,new
inc_tc_ddh,churn_lastfm_months,gru_attn,0.8,1.0,True,2,0.9717601547388781,0.04586136150780414,0.9707628294036061,0.04892698816615755,outputs/inc_tc_ddh/churn_lastfm_months/gru_attn/lambda_0.8/target_lr_1.0/landmark_True/seed_2,new
inc_tc_ddh,churn_lastfm_months,gru_attn,0.8,1.0,True,5,0.9762682764731945,0.058010201354449724,0.973170866489832,0.056801584871484234,outputs/inc_tc_ddh/churn_lastfm_months/gru_attn/lambda_0.8/target_lr_1.0/landmark_True/seed_5,new
inc_tc_ddh,churn_lastfm_months,gru_attn,0.8,1.0,True,4,0.9774293973760284,0.06728735667537819,0.978499747715423,0.06945640711731149,outputs/inc_tc_ddh/churn_lastfm_months/gru_attn/lambda_0.8/target_lr_1.0/landmark_True/seed_4,new
inc_tc_ddh,churn_lastfm_months,gru_attn,0.8,1.0,True,3,0.9816534040671971,0.031586131819114224,0.9781921968521392,0.03397326966492739,outputs/inc_tc_ddh/churn_lastfm_months/gru_attn/lambda_0.8/target_lr_1.0/landmark_True/seed_3,new
inc_tc_ddh,churn_lastfm_months,gru_attn,0.8,1.0,True,6,0.9768065461381102,0.03986050620006207,0.9814129429053502,0.04079531238704951,outputs/inc_tc_ddh/churn_lastfm_months/gru_attn/lambda_0.8/target_lr_1.0/landmark_True/seed_6,new
inc_tc_ddh,churn_lastfm_months,gru_attn,0.8,1.0,True,1,0.9810913916072317,0.06262339185610427,0.9814294544024273,0.07044984099404777,outputs/inc_tc_ddh/churn_lastfm_months/gru_attn/lambda_0.8/target_lr_1.0/landmark_True/seed_1,new
inc_tc_ddh,churn_lastfm_months,gru_attn,0.8,1.0,True,8,0.9784442618460696,0.0609274023350981,0.976599509160436,0.06134745490432508,outputs/inc_tc_ddh/churn_lastfm_months/gru_attn/lambda_0.8/target_lr_1.0/landmark_True/seed_8,new
inc_tc_ddh,churn_lastfm_months,gru_attn,0.8,1.0,True,9,0.9746212756442506,0.08225065874278122,0.9716056899319201,0.08530499003281014,outputs/inc_tc_ddh/churn_lastfm_months/gru_attn/lambda_0.8/target_lr_1.0/landmark_True/seed_9,new
inc_tc_ddh,churn_lastfm_months,gru_attn,0.8,1.0,True,0,0.9791935032203865,0.0343634797527027,0.9773893163822907,0.03905744314316238,outputs/inc_tc_ddh/churn_lastfm_months/gru_attn/lambda_0.8/target_lr_1.0/landmark_True/seed_0,new
inc_tc_ddh,churn_lastfm_months,gru_attn,0.8,1.0,True,7,0.9736298117213252,0.07458510060725061,0.9795907018129241,0.0764622774030042,outputs/inc_tc_ddh/churn_lastfm_months/gru_attn/lambda_0.8/target_lr_1.0/landmark_True/seed_7,new
inc_tc_ddh,big_rw,gru_attn,0.5,1.0,True,10,0.9889672573527263,0.031055513201906814,0.9888943703363601,0.027817174641760988,outputs/inc_tc_ddh/big_rw/gru_attn/lambda_0.5/target_lr_1.0/landmark_True/seed_10,new
inc_tc_ddh,big_rw,gru_attn,0.5,1.0,True,2,0.9898169278003109,0.03375837716200728,0.9898966686912847,0.033180910900636434,outputs/inc_tc_ddh/big_rw/gru_attn/lambda_0.5/target_lr_1.0/landmark_True/seed_2,new
inc_tc_ddh,big_rw,gru_attn,0.5,1.0,True,5,0.9876888165535841,0.028050135235800456,0.9874206271155491,0.027839771537513994,outputs/inc_tc_ddh/big_rw/gru_attn/lambda_0.5/target_lr_1.0/landmark_True/seed_5,new
inc_tc_ddh,big_rw,gru_attn,0.5,1.0,True,4,0.9887333829041379,0.03765245562758496,0.9902257606136364,0.03619424855148866,outputs/inc_tc_ddh/big_rw/gru_attn/lambda_0.5/target_lr_1.0/landmark_True/seed_4,new
inc_tc_ddh,big_rw,gru_attn,0.5,1.0,True,3,0.9911491071762955,0.02724044366819751,0.9911688750132979,0.028405532587963155,outputs/inc_tc_ddh/big_rw/gru_attn/lambda_0.5/target_lr_1.0/landmark_True/seed_3,new
inc_tc_ddh,big_rw,gru_attn,0.5,1.0,True,6,0.9920750051983157,0.025399820411246825,0.9923960945916945,0.025601170025739885,outputs/inc_tc_ddh/big_rw/gru_attn/lambda_0.5/target_lr_1.0/landmark_True/seed_6,new
inc_tc_ddh,big_rw,gru_attn,0.5,1.0,True,1,0.9901548174569507,0.0328511110227384,0.9900239748250761,0.03355025568729522,outputs/inc_tc_ddh/big_rw/gru_attn/lambda_0.5/target_lr_1.0/landmark_True/seed_1,new
inc_tc_ddh,big_rw,gru_attn,0.5,1.0,True,8,0.9900756734296831,0.03239387124026673,0.9898572459183547,0.0353389343809102,outputs/inc_tc_ddh/big_rw/gru_attn/lambda_0.5/target_lr_1.0/landmark_True/seed_8,new
inc_tc_ddh,big_rw,gru_attn,0.5,1.0,True,9,0.9873059535083454,0.031181187694989825,0.9874337761306992,0.026856072230274766,outputs/inc_tc_ddh/big_rw/gru_attn/lambda_0.5/target_lr_1.0/landmark_True/seed_9,new
inc_tc_ddh,big_rw,gru_attn,0.5,1.0,True,0,0.99020797532855,0.03175750365511198,0.9896784769136042,0.030007709480890564,outputs/inc_tc_ddh/big_rw/gru_attn/lambda_0.5/target_lr_1.0/landmark_True/seed_0,new
inc_tc_ddh,big_rw,gru_attn,0.5,1.0,True,7,0.990144866878718,0.030293953655800863,0.9902161566931552,0.03159427660460621,outputs/inc_tc_ddh/big_rw/gru_attn/lambda_0.5/target_lr_1.0/landmark_True/seed_7,new
inc_tc_ddh,big_rw,gru_attn,0.95,1.0,True,10,0.9963789764688945,0.022637718893559807,0.9973954983748322,0.019013505845652846,outputs/inc_tc_ddh/big_rw/gru_attn/lambda_0.95/target_lr_1.0/landmark_True/seed_10,new
inc_tc_ddh,big_rw,gru_attn,0.95,1.0,True,2,0.994277297440485,0.030979833016749874,0.9945649290679937,0.031341549574249006,outputs/inc_tc_ddh/big_rw/gru_attn/lambda_0.95/target_lr_1.0/landmark_True/seed_2,new
inc_tc_ddh,big_rw,gru_attn,0.95,1.0,True,5,0.9968172646523705,0.015558552515477626,0.9966988357469626,0.014983739283194396,outputs/inc_tc_ddh/big_rw/gru_attn/lambda_0.95/target_lr_1.0/landmark_True/seed_5,new
inc_tc_ddh,big_rw,gru_attn,0.95,1.0,True,4,0.9977468390488687,0.014310281029158524,0.9977238853361442,0.013380911431852811,outputs/inc_tc_ddh/big_rw/gru_attn/lambda_0.95/target_lr_1.0/landmark_True/seed_4,new
inc_tc_ddh,big_rw,gru_attn,0.95,1.0,True,3,0.9952071006880651,0.025344250278031805,0.9949772145522915,0.02723408428253265,outputs/inc_tc_ddh/big_rw/gru_attn/lambda_0.95/target_lr_1.0/landmark_True/seed_3,new
inc_tc_ddh,big_rw,gru_attn,0.95,1.0,True,6,0.997295522084178,0.018038036620140103,0.9972355839578244,0.018124435381779762,outputs/inc_tc_ddh/big_rw/gru_attn/lambda_0.95/target_lr_1.0/landmark_True/seed_6,new
inc_tc_ddh,big_rw,gru_attn,0.95,1.0,True,1,0.9937487554866805,0.024993712759880497,0.9935721403301087,0.02561632258087882,outputs/inc_tc_ddh/big_rw/gru_attn/lambda_0.95/target_lr_1.0/landmark_True/seed_1,new
inc_tc_ddh,big_rw,gru_attn,0.95,1.0,True,8,0.9172802362339768,0.06512185954935885,0.9127674981585443,0.07057250668865811,outputs/inc_tc_ddh/big_rw/gru_attn/lambda_0.95/target_lr_1.0/landmark_True/seed_8,new
inc_tc_ddh,big_rw,gru_attn,0.95,1.0,True,9,0.9958509489301381,0.018370995640785658,0.9968051604596742,0.016774366706236242,outputs/inc_tc_ddh/big_rw/gru_attn/lambda_0.95/target_lr_1.0/landmark_True/seed_9,new
inc_tc_ddh,big_rw,gru_attn,0.95,1.0,True,0,0.994470641571719,0.026084103996377596,0.9940876369768924,0.023956020753944787,outputs/inc_tc_ddh/big_rw/gru_attn/lambda_0.95/target_lr_1.0/landmark_True/seed_0,new
inc_tc_ddh,big_rw,gru_attn,0.95,1.0,True,7,0.9936571608563958,0.02850724637410895,0.9929560986389934,0.029061352068389255,outputs/inc_tc_ddh/big_rw/gru_attn/lambda_0.95/target_lr_1.0/landmark_True/seed_7,new
inc_tc_ddh,big_rw,gru_attn,0.1,1.0,True,10,0.9942701179099,0.02180873941730303,0.9945554573236751,0.019252604176780094,outputs/inc_tc_ddh/big_rw/gru_attn/lambda_0.1/target_lr_1.0/landmark_True/seed_10,new
inc_tc_ddh,big_rw,gru_attn,0.1,1.0,True,2,0.9912722339954316,0.03127732867909249,0.9915166338072239,0.0329179053198476,outputs/inc_tc_ddh/big_rw/gru_attn/lambda_0.1/target_lr_1.0/landmark_True/seed_2,new
inc_tc_ddh,big_rw,gru_attn,0.1,1.0,True,5,0.989686799330772,0.031698719130829396,0.9893820903237552,0.030865457566056236,outputs/inc_tc_ddh/big_rw/gru_attn/lambda_0.1/target_lr_1.0/landmark_True/seed_5,new
inc_tc_ddh,big_rw,gru_attn,0.1,1.0,True,4,0.9938224235141079,0.0318915597276467,0.9938539204969187,0.030779472102317535,outputs/inc_tc_ddh/big_rw/gru_attn/lambda_0.1/target_lr_1.0/landmark_True/seed_4,new
inc_tc_ddh,big_rw,gru_attn,0.1,1.0,True,3,0.9945069319419696,0.024228752572505327,0.9941101408811531,0.023838546895563594,outputs/inc_tc_ddh/big_rw/gru_attn/lambda_0.1/target_lr_1.0/landmark_True/seed_3,new
inc_tc_ddh,big_rw,gru_attn,0.1,1.0,True,6,0.9912064532758053,0.031065473980900496,0.9913244159554658,0.03091494934707717,outputs/inc_tc_ddh/big_rw/gru_attn/lambda_0.1/target_lr_1.0/landmark_True/seed_6,new
inc_tc_ddh,big_rw,gru_attn,0.1,1.0,True,1,0.9913974369518731,0.03347330392327643,0.9909471277725134,0.034879425423317234,outputs/inc_tc_ddh/big_rw/gru_attn/lambda_0.1/target_lr_1.0/landmark_True/seed_1,new
inc_tc_ddh,big_rw,gru_attn,0.1,1.0,True,8,0.9924375262736178,0.03172557504933315,0.9924176946436235,0.034896089090093306,outputs/inc_tc_ddh/big_rw/gru_attn/lambda_0.1/target_lr_1.0/landmark_True/seed_8,new
inc_tc_ddh,big_rw,gru_attn,0.1,1.0,True,9,0.9910347722010604,0.026320208019954355,0.9917725813607537,0.02381271472252581,outputs/inc_tc_ddh/big_rw/gru_attn/lambda_0.1/target_lr_1.0/landmark_True/seed_9,new
inc_tc_ddh,big_rw,gru_attn,0.1,1.0,True,0,0.9924783025347418,0.027674354630798294,0.9912674685920986,0.025894874969978596,outputs/inc_tc_ddh/big_rw/gru_attn/lambda_0.1/target_lr_1.0/landmark_True/seed_0,new
inc_tc_ddh,big_rw,gru_attn,0.1,1.0,True,7,0.9927092182740126,0.022274090030207742,0.9930024098056177,0.022786279291837717,outputs/inc_tc_ddh/big_rw/gru_attn/lambda_0.1/target_lr_1.0/landmark_True/seed_7,new
inc_tc_ddh,big_rw,gru_attn,0.8,1.0,True,10,0.9911748883195268,0.02452293974344686,0.9916538178281636,0.022019790936059283,outputs/inc_tc_ddh/big_rw/gru_attn/lambda_0.8/target_lr_1.0/landmark_True/seed_10,new
inc_tc_ddh,big_rw,gru_attn,0.8,1.0,True,2,0.9940311275936042,0.02329351211050505,0.9938536060396413,0.023827345290830484,outputs/inc_tc_ddh/big_rw/gru_attn/lambda_0.8/target_lr_1.0/landmark_True/seed_2,new
inc_tc_ddh,big_rw,gru_attn,0.8,1.0,True,5,0.9954718171427085,0.01966468371514415,0.9952540176130726,0.019414773675531093,outputs/inc_tc_ddh/big_rw/gru_attn/lambda_0.8/target_lr_1.0/landmark_True/seed_5,new
inc_tc_ddh,big_rw,gru_attn,0.8,1.0,True,4,0.9947425341873376,0.021899955821083533,0.9949440781939151,0.021281822207368177,outputs/inc_tc_ddh/big_rw/gru_attn/lambda_0.8/target_lr_1.0/landmark_True/seed_4,new
inc_tc_ddh,big_rw,gru_attn,0.8,1.0,True,3,0.9903707800585428,0.030860947701795375,0.9894249578268393,0.031299720003202164,outputs/inc_tc_ddh/big_rw/gru_attn/lambda_0.8/target_lr_1.0/landmark_True/seed_3,new
inc_tc_ddh,big_rw,gru_attn,0.8,1.0,True,6,0.9907724480601618,0.030060624069096757,0.9909160671046956,0.030574596862602096,outputs/inc_tc_ddh/big_rw/gru_attn/lambda_0.8/target_lr_1.0/landmark_True/seed_6,new
inc_tc_ddh,big_rw,gru_attn,0.8,1.0,True,1,0.9896118308847083,0.02953914429140358,0.9898268545192409,0.03112236808938292,outputs/inc_tc_ddh/big_rw/gru_attn/lambda_0.8/target_lr_1.0/landmark_True/seed_1,new
inc_tc_ddh,big_rw,gru_attn,0.8,1.0,True,8,0.9929087606859571,0.02732972912777372,0.9927380889884468,0.029125760285757852,outputs/inc_tc_ddh/big_rw/gru_attn/lambda_0.8/target_lr_1.0/landmark_True/seed_8,new
inc_tc_ddh,big_rw,gru_attn,0.8,1.0,True,9,0.9929777385008034,0.030550113123554094,0.9939553048690312,0.027906333934829965,outputs/inc_tc_ddh/big_rw/gru_attn/lambda_0.8/target_lr_1.0/landmark_True/seed_9,new
inc_tc_ddh,big_rw,gru_attn,0.8,1.0,True,0,0.990365972510662,0.03343595103371341,0.9895487079024441,0.031754078820876795,outputs/inc_tc_ddh/big_rw/gru_attn/lambda_0.8/target_lr_1.0/landmark_True/seed_0,new
inc_tc_ddh,big_rw,gru_attn,0.8,1.0,True,7,0.9927731915223519,0.02553850987861408,0.9925931924210015,0.026021270213728857,outputs/inc_tc_ddh/big_rw/gru_attn/lambda_0.8/target_lr_1.0/landmark_True/seed_7,new
inc_tc_ddh,mimic,gru_attn,0.5,1.0,False,10,0.8,0.18326337316420674,0.5882352941176471,0.30273856780158304,outputs/inc_tc_ddh/mimic/gru_attn/lambda_0.5/target_lr_1.0/landmark_False/seed_10,new
inc_tc_ddh,mimic,gru_attn,0.5,1.0,False,2,0.6428571428571429,0.616662533970109,0.8333333333333334,0.7395227182089507,outputs/inc_tc_ddh/mimic/gru_attn/lambda_0.5/target_lr_1.0/landmark_False/seed_2,new
inc_tc_ddh,mimic,gru_attn,0.5,1.0,False,5,0.5,0.4171364794316678,1.0,0.35750100615850244,outputs/inc_tc_ddh/mimic/gru_attn/lambda_0.5/target_lr_1.0/landmark_False/seed_5,new
inc_tc_ddh,mimic,gru_attn,0.5,1.0,False,4,0.868421052631579,0.41568067108338075,0.8333333333333334,0.3540821624191697,outputs/inc_tc_ddh/mimic/gru_attn/lambda_0.5/target_lr_1.0/landmark_False/seed_4,new
inc_tc_ddh,mimic,gru_attn,0.5,1.0,False,3,1.0,0.5482062575064316,0.8928571428571429,0.35350481586435684,outputs/inc_tc_ddh/mimic/gru_attn/lambda_0.5/target_lr_1.0/landmark_False/seed_3,new
inc_tc_ddh,mimic,gru_attn,0.5,1.0,False,6,0.6590909090909091,0.5033741473757399,0.5454545454545454,0.29810041390671527,outputs/inc_tc_ddh/mimic/gru_attn/lambda_0.5/target_lr_1.0/landmark_False/seed_6,new
inc_tc_ddh,mimic,gru_attn,0.5,1.0,False,1,0.875,0.35968773337739424,0.6,0.4276158181100214,outputs/inc_tc_ddh/mimic/gru_attn/lambda_0.5/target_lr_1.0/landmark_False/seed_1,new
inc_tc_ddh,mimic,gru_attn,0.5,1.0,False,8,0.35714285714285715,0.7058443857955766,0.7916666666666666,0.715254450315068,outputs/inc_tc_ddh/mimic/gru_attn/lambda_0.5/target_lr_1.0/landmark_False/seed_8,new
inc_tc_ddh,mimic,gru_attn,0.5,1.0,False,9,0.8333333333333334,0.13862918604796678,0.7142857142857143,0.26513369083280863,outputs/inc_tc_ddh/mimic/gru_attn/lambda_0.5/target_lr_1.0/landmark_False/seed_9,new
inc_tc_ddh,mimic,gru_attn,0.5,1.0,False,0,0.7727272727272727,0.1438252829332507,0.7142857142857143,0.36252429283290905,outputs/inc_tc_ddh/mimic/gru_attn/lambda_0.5/target_lr_1.0/landmark_False/seed_0,new
inc_tc_ddh,mimic,gru_attn,0.5,1.0,False,7,1.0,0.5002411271173962,0.2692307692307692,0.32654141497638073,outputs/inc_tc_ddh/mimic/gru_attn/lambda_0.5/target_lr_1.0/landmark_False/seed_7,new
inc_tc_ddh,mimic,gru_attn,0.95,1.0,False,10,0.6,0.23987812026029257,0.11764705882352941,0.7407829515416033,outputs/inc_tc_ddh/mimic/gru_attn/lambda_0.95/target_lr_1.0/landmark_False/seed_10,new
inc_tc_ddh,mimic,gru_attn,0.95,1.0,False,2,0.2857142857142857,0.44559424358020144,0.9166666666666666,0.20455497925190547,outputs/inc_tc_ddh/mimic/gru_attn/lambda_0.95/target_lr_1.0/landmark_False/seed_2,new
inc_tc_ddh,mimic,gru_attn,0.95,1.0,False,5,1.0,0.3051148136388082,1.0,0.31915545573771553,outputs/inc_tc_ddh/mimic/gru_attn/lambda_0.95/target_lr_1.0/landmark_False/seed_5,new
inc_tc_ddh,mimic,gru_attn,0.95,1.0,False,4,0.8947368421052632,0.07447219256306649,0.8333333333333334,0.10604467816032269,outputs/inc_tc_ddh/mimic/gru_attn/lambda_0.95/target_lr_1.0/landmark_False/seed_4,new
inc_tc_ddh,mimic,gru_attn,0.95,1.0,False,3,0.9375,0.5551616801062664,0.9285714285714286,0.3515390014260596,outputs/inc_tc_ddh/mimic/gru_attn/lambda_0.95/target_lr_1.0/landmark_False/seed_3,new
inc_tc_ddh,mimic,gru_attn,0.95,1.0,False,6,0.8636363636363636,0.5280137747237155,0.8636363636363636,0.1312588596972047,outputs/inc_tc_ddh/mimic/gru_attn/lambda_0.95/target_lr_1.0/landmark_False/seed_6,new
inc_tc_ddh,mimic,gru_attn,0.95,1.0,False,1,0.875,0.40250903224638784,0.4,0.48541182696701085,outputs/inc_tc_ddh/mimic/gru_attn/lambda_0.95/target_lr_1.0/landmark_False/seed_1,new
inc_tc_ddh,mimic,gru_attn,0.95,1.0,False,8,0.7142857142857143,0.2837189529873529,0.4166666666666667,0.4926144594343816,outputs/inc_tc_ddh/mimic/gru_attn/lambda_0.95/target_lr_1.0/landmark_False/seed_8,new
inc_tc_ddh,mimic,gru_attn,0.95,1.0,False,9,0.8333333333333334,0.1718376407530851,0.8571428571428571,0.2730962454042644,outputs/inc_tc_ddh/mimic/gru_attn/lambda_0.95/target_lr_1.0/landmark_False/seed_9,new
inc_tc_ddh,mimic,gru_attn,0.95,1.0,False,0,0.6363636363636364,0.2392397828127426,0.6666666666666666,0.452775683335209,outputs/inc_tc_ddh/mimic/gru_attn/lambda_0.95/target_lr_1.0/landmark_False/seed_0,new
inc_tc_ddh,mimic,gru_attn,0.95,1.0,False,7,1.0,0.2862970723621476,0.9230769230769231,0.14371336399427836,outputs/inc_tc_ddh/mimic/gru_attn/lambda_0.95/target_lr_1.0/landmark_False/seed_7,new
inc_tc_ddh,mimic,gru_attn,0.1,1.0,False,10,0.5,0.7113454404253524,0.47058823529411764,0.909581627968787,outputs/inc_tc_ddh/mimic/gru_attn/lambda_0.1/target_lr_1.0/landmark_False/seed_10,new
inc_tc_ddh,mimic,gru_attn,0.1,1.0,False,2,0.6428571428571429,0.6423824844720605,0.8333333333333334,0.7646915898391102,outputs/inc_tc_ddh/mimic/gru_attn/lambda_0.1/target_lr_1.0/landmark_False/seed_2,new
inc_tc_ddh,mimic,gru_attn,0.1,1.0,False,5,0.0,0.5871754724336771,0.2777777777777778,0.4850245454190424,outputs/inc_tc_ddh/mimic/gru_attn/lambda_0.1/target_lr_1.0/landmark_False/seed_5,new
inc_tc_ddh,mimic,gru_attn,0.1,1.0,False,4,0.7631578947368421,0.7619036581299978,0.5,0.64659473309092,outputs/inc_tc_ddh/mimic/gru_attn/lambda_0.1/target_lr_1.0/landmark_False/seed_4,new
inc_tc_ddh,mimic,gru_attn,0.1,1.0,False,3,1.0,0.6023365331594835,0.9642857142857143,0.44374718771930327,outputs/inc_tc_ddh/mimic/gru_attn/lambda_0.1/target_lr_1.0/landmark_False/seed_3,new
inc_tc_ddh,mimic,gru_attn,0.1,1.0,False,6,0.7727272727272727,0.5720667209448441,0.8181818181818182,0.24518963929292079,outputs/inc_tc_ddh/mimic/gru_attn/lambda_0.1/target_lr_1.0/landmark_False/seed_6,new
inc_tc_ddh,mimic,gru_attn,0.1,1.0,False,1,0.875,0.4084730829861095,0.4,0.5139038173019543,outputs/inc_tc_ddh/mimic/gru_attn/lambda_0.1/target_lr_1.0/landmark_False/seed_1,new
inc_tc_ddh,mimic,gru_attn,0.1,1.0,False,8,0.6428571428571429,0.21513757573265496,0.6666666666666666,0.412486132729561,outputs/inc_tc_ddh/mimic/gru_attn/lambda_0.1/target_lr_1.0/landmark_False/seed_8,new
inc_tc_ddh,mimic,gru_attn,0.1,1.0,False,9,0.6666666666666666,0.316637969748614,0.7142857142857143,0.17223160524889178,outputs/inc_tc_ddh/mimic/gru_attn/lambda_0.1/target_lr_1.0/landmark_False/seed_9,new
inc_tc_ddh,mimic,gru_attn,0.1,1.0,False,0,0.6818181818181818,0.18938210024073376,0.6904761904761905,0.4071022943059577,outputs/inc_tc_ddh/mimic/gru_attn/lambda_0.1/target_lr_1.0/landmark_False/seed_0,new
inc_tc_ddh,mimic,gru_attn,0.1,1.0,False,7,1.0,0.8234215764480786,0.7307692307692307,0.7606402873938474,outputs/inc_tc_ddh/mimic/gru_attn/lambda_0.1/target_lr_1.0/landmark_False/seed_7,new
inc_tc_ddh,mimic,gru_attn,0.8,1.0,False,10,0.6,0.2027844540481094,0.23529411764705882,0.6885276718231107,outputs/inc_tc_ddh/mimic/gru_attn/lambda_0.8/target_lr_1.0/landmark_False/seed_10,new
inc_tc_ddh,mimic,gru_attn,0.8,1.0,False,2,0.21428571428571427,0.48686767465546527,1.0,0.5814206807957233,outputs/inc_tc_ddh/mimic/gru_attn/lambda_0.8/target_lr_1.0/landmark_False/seed_2,new
inc_tc_ddh,mimic,gru_attn,0.8,1.0,False,5,0.25,0.4488785346746434,0.8888888888888888,0.39573592606816804,outputs/inc_tc_ddh/mimic/gru_attn/lambda_0.8/target_lr_1.0/landmark_False/seed_5,new
inc_tc_ddh,mimic,gru_attn,0.8,1.0,False,4,0.8947368421052632,0.15647320462184397,0.8333333333333334,0.13873539442630028,outputs/inc_tc_ddh/mimic/gru_attn/lambda_0.8/target_lr_1.0/landmark_False/seed_4,new
inc_tc_ddh,mimic,gru_attn,0.8,1.0,False,3,1.0,0.48865448136172945,1.0,0.20746003733419363,outputs/inc_tc_ddh/mimic/gru_attn/lambda_0.8/target_lr_1.0/landmark_False/seed_3,new
inc_tc_ddh,mimic,gru_attn,0.8,1.0,False,6,0.8636363636363636,0.4889368124879928,0.5454545454545454,0.20337375800770466,outputs/inc_tc_ddh/mimic/gru_attn/lambda_0.8/target_lr_1.0/landmark_False/seed_6,new
inc_tc_ddh,mimic,gru_attn,0.8,1.0,False,1,1.0,0.3971950658203632,0.4,0.5805623646658036,outputs/inc_tc_ddh/mimic/gru_attn/lambda_0.8/target_lr_1.0/landmark_False/seed_1,new
inc_tc_ddh,mimic,gru_attn,0.8,1.0,False,8,0.7142857142857143,0.22743468251724344,0.625,0.36414308022204583,outputs/inc_tc_ddh/mimic/gru_attn/lambda_0.8/target_lr_1.0/landmark_False/seed_8,new
inc_tc_ddh,mimic,gru_attn,0.8,1.0,False,9,0.8333333333333334,0.14837757753159855,0.8571428571428571,0.2792780831052205,outputs/inc_tc_ddh/mimic/gru_attn/lambda_0.8/target_lr_1.0/landmark_False/seed_9,new
inc_tc_ddh,mimic,gru_attn,0.8,1.0,False,0,0.5454545454545454,0.16140013625569288,0.7142857142857143,0.40054694090814974,outputs/inc_tc_ddh/mimic/gru_attn/lambda_0.8/target_lr_1.0/landmark_False/seed_0,new
inc_tc_ddh,mimic,gru_attn,0.8,1.0,False,7,1.0,0.44528137642275617,0.6153846153846154,0.23141651950147563,outputs/inc_tc_ddh/mimic/gru_attn/lambda_0.8/target_lr_1.0/landmark_False/seed_7,new
inc_tc_ddh,nasa,gru_attn,0.5,1.0,False,10,0.8893805309734514,0.06870366872805617,0.8808510638297873,0.04038702357923222,outputs/inc_tc_ddh/nasa/gru_attn/lambda_0.5/target_lr_1.0/landmark_False/seed_10,new
inc_tc_ddh,nasa,gru_attn,0.5,1.0,False,2,0.916030534351145,0.04506477315560754,0.7576923076923077,0.07526851973655832,outputs/inc_tc_ddh/nasa/gru_attn/lambda_0.5/target_lr_1.0/landmark_False/seed_2,new
inc_tc_ddh,nasa,gru_attn,0.5,1.0,False,5,0.8897338403041825,0.04322062494426268,0.9051094890510949,0.03634056405523503,outputs/inc_tc_ddh/nasa/gru_attn/lambda_0.5/target_lr_1.0/landmark_False/seed_5,new
inc_tc_ddh,nasa,gru_attn,0.5,1.0,False,4,0.8034188034188035,0.13634532482226897,0.7584033613445378,0.09275471700634332,outputs/inc_tc_ddh/nasa/gru_attn/lambda_0.5/target_lr_1.0/landmark_False/seed_4,new
inc_tc_ddh,nasa,gru_attn,0.5,1.0,False,3,0.83984375,0.05452093149290956,0.8543307086614174,0.06734364156445333,outputs/inc_tc_ddh/nasa/gru_attn/lambda_0.5/target_lr_1.0/landmark_False/seed_3,new
inc_tc_ddh,nasa,gru_attn,0.5,1.0,False,6,0.8523206751054853,0.05960287771142757,0.8333333333333334,0.09877016283316715,outputs/inc_tc_ddh/nasa/gru_attn/lambda_0.5/target_lr_1.0/landmark_False/seed_6,new
inc_tc_ddh,nasa,gru_attn,0.5,1.0,False,1,0.8943661971830986,0.06936784276615804,0.9235537190082644,0.05686164606082802,outputs/inc_tc_ddh/nasa/gru_attn/lambda_0.5/target_lr_1.0/landmark_False/seed_1,new
inc_tc_ddh,nasa,gru_attn,0.5,1.0,False,8,0.7954545454545454,0.09480554918607127,0.7730769230769231,0.07497823639288136,outputs/inc_tc_ddh/nasa/gru_attn/lambda_0.5/target_lr_1.0/landmark_False/seed_8,new
inc_tc_ddh,nasa,gru_attn,0.5,1.0,False,9,0.7953586497890295,0.1181229925531142,0.8451492537313433,0.08440752668783713,outputs/inc_tc_ddh/nasa/gru_attn/lambda_0.5/target_lr_1.0/landmark_False/seed_9,new
inc_tc_ddh,nasa,gru_attn,0.5,1.0,False,0,0.7968036529680366,0.10363655231584212,0.8131868131868132,0.08222408399125754,outputs/inc_tc_ddh/nasa/gru_attn/lambda_0.5/target_lr_1.0/landmark_False/seed_0,new
inc_tc_ddh,nasa,gru_attn,0.5,1.0,False,7,0.7714285714285715,0.060453209967151804,0.8240740740740741,0.050963870479981216,outputs/inc_tc_ddh/nasa/gru_attn/lambda_0.5/target_lr_1.0/landmark_False/seed_7,new
inc_tc_ddh,nasa,gru_attn,0.95,1.0,False,10,0.8296460176991151,0.14863869052236164,0.8170212765957446,0.08401783582368916,outputs/inc_tc_ddh/nasa/gru_attn/lambda_0.95/target_lr_1.0/landmark_False/seed_10,new
inc_tc_ddh,nasa,gru_attn,0.95,1.0,False,2,0.8187022900763359,0.06193065027420321,0.8153846153846154,0.06927106866748912,outputs/inc_tc_ddh/nasa/gru_attn/lambda_0.95/target_lr_1.0/landmark_False/seed_2,new
inc_tc_ddh,nasa,gru_attn,0.95,1.0,False,5,0.8878326996197718,0.09474728557810104,0.8302919708029197,0.11082030224531625,outputs/inc_tc_ddh/nasa/gru_attn/lambda_0.95/target_lr_1.0/landmark_False/seed_5,new
inc_tc_ddh,nasa,gru_attn,0.95,1.0,False,4,0.8012820512820513,0.04555690520976515,0.8529411764705882,0.04796420651820253,outputs/inc_tc_ddh/nasa/gru_attn/lambda_0.95/target_lr_1.0/landmark_False/seed_4,new
inc_tc_ddh,nasa,gru_attn,0.95,1.0,False,3,0.87890625,0.10520193191494762,0.8759842519685039,0.08989326976298874,outputs/inc_tc_ddh/nasa/gru_attn/lambda_0.95/target_lr_1.0/landmark_False/seed_3,new
inc_tc_ddh,nasa,gru_attn,0.95,1.0,False,6,0.9219409282700421,0.046543466869742194,0.9113475177304965,0.03545032918299929,outputs/inc_tc_ddh/nasa/gru_attn/lambda_0.95/target_lr_1.0/landmark_False/seed_6,new
inc_tc_ddh,nasa,gru_attn,0.95,1.0,False,1,0.8169014084507042,0.09572499813540715,0.8140495867768595,0.12841093616433427,outputs/inc_tc_ddh/nasa/gru_attn/lambda_0.95/target_lr_1.0/landmark_False/seed_1,new
inc_tc_ddh,nasa,gru_attn,0.95,1.0,False,8,0.8677685950413223,0.08421007525289202,0.8673076923076923,0.06463762277392639,outputs/inc_tc_ddh/nasa/gru_attn/lambda_0.95/target_lr_1.0/landmark_False/seed_8,new
inc_tc_ddh,nasa,gru_attn,0.95,1.0,False,9,0.7932489451476793,0.08237769700616747,0.8843283582089553,0.042542362769603756,outputs/inc_tc_ddh/nasa/gru_attn/lambda_0.95/target_lr_1.0/landmark_False/seed_9,new
inc_tc_ddh,nasa,gru_attn,0.95,1.0,False,0,0.769406392694064,0.09077216203334097,0.8516483516483516,0.08246253597892458,outputs/inc_tc_ddh/nasa/gru_attn/lambda_0.95/target_lr_1.0/landmark_False/seed_0,new
inc_tc_ddh,nasa,gru_attn,0.95,1.0,False,7,0.8452380952380952,0.03698073826636025,0.8759259259259259,0.031993127982556276,outputs/inc_tc_ddh/nasa/gru_attn/lambda_0.95/target_lr_1.0/landmark_False/seed_7,new
inc_tc_ddh,nasa,gru_attn,0.1,1.0,False,10,0.577433628318584,0.6713126711241821,0.5574468085106383,0.5671096980542603,outputs/inc_tc_ddh/nasa/gru_attn/lambda_0.1/target_lr_1.0/landmark_False/seed_10,new
inc_tc_ddh,nasa,gru_attn,0.1,1.0,False,2,0.8091603053435115,0.09876212309180639,0.7403846153846154,0.12430598927711821,outputs/inc_tc_ddh/nasa/gru_attn/lambda_0.1/target_lr_1.0/landmark_False/seed_2,new
inc_tc_ddh,nasa,gru_attn,0.1,1.0,False,5,0.6749049429657795,0.6419515807411452,0.6751824817518248,0.5629225330102704,outputs/inc_tc_ddh/nasa/gru_attn/lambda_0.1/target_lr_1.0/landmark_False/seed_5,new
inc_tc_ddh,nasa,gru_attn,0.1,1.0,False,4,0.6474358974358975,0.6835146996695746,0.5588235294117647,0.6019273337185539,outputs/inc_tc_ddh/nasa/gru_attn/lambda_0.1/target_lr_1.0/landmark_False/seed_4,new
inc_tc_ddh,nasa,gru_attn,0.1,1.0,False,3,0.78515625,0.08338802647302712,0.8759842519685039,0.08830798958274182,outputs/inc_tc_ddh/nasa/gru_attn/lambda_0.1/target_lr_1.0/landmark_False/seed_3,new
inc_tc_ddh,nasa,gru_attn,0.1,1.0,False,6,0.5295358649789029,0.5676709386346285,0.4929078014184397,0.7295519330399282,outputs/inc_tc_ddh/nasa/gru_attn/lambda_0.1/target_lr_1.0/landmark_False/seed_6,new
inc_tc_ddh,nasa,gru_attn,0.1,1.0,False,1,0.6179577464788732,0.5880432403150253,0.6590909090909091,0.6566774986011431,outputs/inc_tc_ddh/nasa/gru_attn/lambda_0.1/target_lr_1.0/landmark_False/seed_1,new
inc_tc_ddh,nasa,gru_attn,0.1,1.0,False,8,0.5,0.6704710817952612,0.5096153846153846,0.6583428888461061,outputs/inc_tc_ddh/nasa/gru_attn/lambda_0.1/target_lr_1.0/landmark_False/seed_8,new
inc_tc_ddh,nasa,gru_attn,0.1,1.0,False,9,0.7130801687763713,0.12362842281855192,0.8059701492537313,0.07638672343472169,outputs/inc_tc_ddh/nasa/gru_attn/lambda_0.1/target_lr_1.0/landmark_False/seed_9,new
inc_tc_ddh,nasa,gru_attn,0.1,1.0,False,0,0.7031963470319634,0.5553574253226637,0.5860805860805861,0.6180391896245507,outputs/inc_tc_ddh/nasa/gru_attn/lambda_0.1/target_lr_1.0/landmark_False/seed_0,new
inc_tc_ddh,nasa,gru_attn,0.1,1.0,False,7,0.4523809523809524,0.6890755927759808,0.7018518518518518,0.6240220125150244,outputs/inc_tc_ddh/nasa/gru_attn/lambda_0.1/target_lr_1.0/landmark_False/seed_7,new
inc_tc_ddh,nasa,gru_attn,0.8,1.0,False,10,0.7964601769911505,0.10955905267386716,0.7872340425531915,0.06606777971206308,outputs/inc_tc_ddh/nasa/gru_attn/lambda_0.8/target_lr_1.0/landmark_False/seed_10,new
inc_tc_ddh,nasa,gru_attn,0.8,1.0,False,2,0.7977099236641222,0.06627454012678635,0.7519230769230769,0.07924393734764781,outputs/inc_tc_ddh/nasa/gru_attn/lambda_0.8/target_lr_1.0/landmark_False/seed_2,new
inc_tc_ddh,nasa,gru_attn,0.8,1.0,False,5,0.9277566539923955,0.07278918153949077,0.8594890510948905,0.09042405966471896,outputs/inc_tc_ddh/nasa/gru_attn/lambda_0.8/target_lr_1.0/landmark_False/seed_5,new
inc_tc_ddh,nasa,gru_attn,0.8,1.0,False,4,0.8611111111111112,0.09910536968127343,0.8445378151260504,0.09581645901684062,outputs/inc_tc_ddh/nasa/gru_attn/lambda_0.8/target_lr_1.0/landmark_False/seed_4,new
inc_tc_ddh,nasa,gru_attn,0.8,1.0,False,3,0.79296875,0.06657257487335944,0.8700787401574803,0.08178754785703912,outputs/inc_tc_ddh/nasa/gru_attn/lambda_0.8/target_lr_1.0/landmark_False/seed_3,new
inc_tc_ddh,nasa,gru_attn,0.8,1.0,False,6,0.9092827004219409,0.039458227626835166,0.8794326241134752,0.04040500971340561,outputs/inc_tc_ddh/nasa/gru_attn/lambda_0.8/target_lr_1.0/landmark_False/seed_6,new
inc_tc_ddh,nasa,gru_attn,0.8,1.0,False,1,0.8767605633802817,0.06648526517465503,0.9338842975206612,0.05833350959094037,outputs/inc_tc_ddh/nasa/gru_attn/lambda_0.8/target_lr_1.0/landmark_False/seed_1,new
inc_tc_ddh,nasa,gru_attn,0.8,1.0,False,8,0.8574380165289256,0.07599804340540627,0.8269230769230769,0.05347115305377247,outputs/inc_tc_ddh/nasa/gru_attn/lambda_0.8/target_lr_1.0/landmark_False/seed_8,new
inc_tc_ddh,nasa,gru_attn,0.8,1.0,False,9,0.8734177215189873,0.0524053296558988,0.9011194029850746,0.039136859753217394,outputs/inc_tc_ddh/nasa/gru_attn/lambda_0.8/target_lr_1.0/landmark_False/seed_9,new
inc_tc_ddh,nasa,gru_attn,0.8,1.0,False,0,0.8242009132420092,0.09605403859139919,0.8791208791208791,0.07908686999210529,outputs/inc_tc_ddh/nasa/gru_attn/lambda_0.8/target_lr_1.0/landmark_False/seed_0,new
inc_tc_ddh,nasa,gru_attn,0.8,1.0,False,7,0.6666666666666666,0.10917325075398492,0.8444444444444444,0.07325522230888191,outputs/inc_tc_ddh/nasa/gru_attn/lambda_0.8/target_lr_1.0/landmark_False/seed_7,new
tc_cox,churn_lastfm_months,transformer,0.5,0.05,True,10,0.6368353152344627,0.2376025480796957,0.642940392940393,0.23233883145956502,outputs/tc_cox/churn_lastfm_months/transformer/lambda_0.5/target_lr_0.05/landmark_True/seed_10,new
tc_cox,churn_lastfm_months,transformer,0.5,0.05,True,2,0.6822050290135396,0.20775776623783243,0.6466574202496532,0.25606363919693254,outputs/tc_cox/churn_lastfm_months/transformer/lambda_0.5/target_lr_0.05/landmark_True/seed_2,new
tc_cox,churn_lastfm_months,transformer,0.5,0.05,True,5,0.503046078865751,0.26025717689333266,0.5517517683465959,0.24046344835538105,outputs/tc_cox/churn_lastfm_months/transformer/lambda_0.5/target_lr_0.05/landmark_True/seed_5,new
tc_cox,churn_lastfm_months,transformer,0.5,0.05,True,4,0.6556037358238825,0.22260042986796338,0.6209564388630375,0.22713328261938004,outputs/tc_cox/churn_lastfm_months/transformer/lambda_0.5/target_lr_0.05/landmark_True/seed_4,new
tc_cox,churn_lastfm_months,transformer,0.5,0.05,True,3,0.6681587091069849,0.23804514360717233,0.6747395256040789,0.2405633330653016,outputs/tc_cox/churn_lastfm_months/transformer/lambda_0.5/target_lr_0.05/landmark_True/seed_3,new
tc_cox,churn_lastfm_months,transformer,0.5,0.05,True,6,0.6166860175816885,0.24812429766640082,0.6365862951069504,0.23430685338717522,outputs/tc_cox/churn_lastfm_months/transformer/lambda_0.5/target_lr_0.05/landmark_True/seed_6,new
tc_cox,churn_lastfm_months,transformer,0.5,0.05,True,1,0.6347376568806326,0.2316274457845855,0.5878237905264933,0.2708675348497318,outputs/tc_cox/churn_lastfm_months/transformer/lambda_0.5/target_lr_0.05/landmark_True/seed_1,new
tc_cox,churn_lastfm_months,transformer,0.5,0.05,True,8,0.6428649685017803,0.2372220331148348,0.6813252668226699,0.24392167806679305,outputs/tc_cox/churn_lastfm_months/transformer/lambda_0.5/target_lr_0.05/landmark_True/seed_8,new
tc_cox,churn_lastfm_months,transformer,0.5,0.05,True,9,0.6012353960534407,0.2554394613135701,0.6032822272651797,0.25082860574903226,outputs/tc_cox/churn_lastfm_months/transformer/lambda_0.5/target_lr_0.05/landmark_True/seed_9,new
tc_cox,churn_lastfm_months,transformer,0.5,0.05,True,0,0.6767012041444973,0.21212097737451535,0.6851511096241776,0.2565792463679976,outputs/tc_cox/churn_lastfm_months/transformer/lambda_0.5/target_lr_0.05/landmark_True/seed_0,new
tc_cox,churn_lastfm_months,transformer,0.5,0.05,True,7,0.6839208894351639,0.24806045449468192,0.6806806806806807,0.21910233469851978,outputs/tc_cox/churn_lastfm_months/transformer/lambda_0.5/target_lr_0.05/landmark_True/seed_7,new
tc_cox,churn_lastfm_months,transformer,0.5,0.1,True,10,0.5632432129234911,0.19907425456068628,0.5736208236208237,0.19572911278893063,outputs/tc_cox/churn_lastfm_months/transformer/lambda_0.5/target_lr_0.1/landmark_True/seed_10,new
tc_cox,churn_lastfm_months,transformer,0.5,0.1,True,2,0.6419452887537994,0.1700036284367856,0.6155339805825243,0.20909670401121475,outputs/tc_cox/churn_lastfm_months/transformer/lambda_0.5/target_lr_0.1/landmark_True/seed_2,new
tc_cox,churn_lastfm_months,transformer,0.5,0.1,True,5,0.5009415152857776,0.2156321295089684,0.5506465517241379,0.19653794615888834,outputs/tc_cox/churn_lastfm_months/transformer/lambda_0.5/target_lr_0.1/landmark_True/seed_5,new
tc_cox,churn_lastfm_months,transformer,0.5,0.1,True,4,0.6074049366244163,0.18310641963833355,0.5934854515893928,0.18579243377731344,outputs/tc_cox/churn_lastfm_months/transformer/lambda_0.5/target_lr_0.1/landmark_True/seed_4,new
tc_cox,churn_lastfm_months,transformer,0.5,0.1,True,3,0.6230658709106985,0.19179955776426547,0.6149412547107072,0.19388897047558812,outputs/tc_cox/churn_lastfm_months/transformer/lambda_0.5/target_lr_0.1/landmark_True/seed_3,new
tc_cox,churn_lastfm_months,transformer,0.5,0.1,True,6,0.5809421131199204,0.19759751898672617,0.6086921025417733,0.18551594255620185,outputs/tc_cox/churn_lastfm_months/transformer/lambda_0.5/target_lr_0.1/landmark_True/seed_6,new
tc_cox,churn_lastfm_months,transformer,0.5,0.1,True,1,0.5941007353347708,0.19142321483100344,0.5487722649884812,0.22021939280844058,outputs/tc_cox/churn_lastfm_months/transformer/lambda_0.5/target_lr_0.1/landmark_True/seed_1,new
tc_cox,churn_lastfm_months,transformer,0.5,0.1,True,8,0.5731032593809915,0.19590429712277507,0.6387477883682439,0.1985883649550197,outputs/tc_cox/churn_lastfm_months/transformer/lambda_0.5/target_lr_0.1/landmark_True/seed_8,new
tc_cox,churn_lastfm_months,transformer,0.5,0.1,True,9,0.575968472245514,0.20960024231238078,0.5695743620966403,0.20578018140468307,outputs/tc_cox/churn_lastfm_months/transformer/lambda_0.5/target_lr_0.1/landmark_True/seed_9,new
tc_cox,churn_lastfm_months,transformer,0.5,0.1,True,0,0.5776253150378046,0.17674141689342443,0.5672465707594513,0.21169464468149904,outputs/tc_cox/churn_lastfm_months/transformer/lambda_0.5/target_lr_0.1/landmark_True/seed_0,new
tc_cox,churn_lastfm_months,transformer,0.5,0.1,True,7,0.6603720878261355,0.19663432350300442,0.6420031142253364,0.17467852125403552,outputs/tc_cox/churn_lastfm_months/transformer/lambda_0.5/target_lr_0.1/landmark_True/seed_7,new
tc_cox,churn_lastfm_months,transformer,0.5,0.25,True,10,0.5278494503028943,0.2036378299395716,0.531912531912532,0.20155737269225596,outputs/tc_cox/churn_lastfm_months/transformer/lambda_0.5/target_lr_0.25/landmark_True/seed_10,new
tc_cox,churn_lastfm_months,transformer,0.5,0.25,True,2,0.5384636639955789,0.18458534952954328,0.5304022191400832,0.2210852598470012,outputs/tc_cox/churn_lastfm_months/transformer/lambda_0.5/target_lr_0.25/landmark_True/seed_2,new
tc_cox,churn_lastfm_months,transformer,0.5,0.25,True,5,0.4940463003987594,0.21491625479116813,0.5390970380194519,0.1946536632778977,outputs/tc_cox/churn_lastfm_months/transformer/lambda_0.5/target_lr_0.25/landmark_True/seed_5,new
tc_cox,churn_lastfm_months,transformer,0.5,0.25,True,4,0.5478096508783633,0.18668468292591972,0.5566238717273084,0.188352543125171,outputs/tc_cox/churn_lastfm_months/transformer/lambda_0.5/target_lr_0.25/landmark_True/seed_4,new
tc_cox,churn_lastfm_months,transformer,0.5,0.25,True,3,0.5860687444739169,0.19437269900997683,0.6027211261361117,0.19303263021687941,outputs/tc_cox/churn_lastfm_months/transformer/lambda_0.5/target_lr_0.25/landmark_True/seed_3,new
tc_cox,churn_lastfm_months,transformer,0.5,0.25,True,6,0.5302427157627025,0.20037248325541204,0.5686333206335383,0.1858882422871705,outputs/tc_cox/churn_lastfm_months/transformer/lambda_0.5/target_lr_0.25/landmark_True/seed_6,new
tc_cox,churn_lastfm_months,transformer,0.5,0.25,True,1,0.5504229557140488,0.19552138566687524,0.5108164297353487,0.22828977896737812,outputs/tc_cox/churn_lastfm_months/transformer/lambda_0.5/target_lr_0.25/landmark_True/seed_1,new
tc_cox,churn_lastfm_months,transformer,0.5,0.25,True,8,0.5536017529443988,0.19760348410642536,0.600079904115062,0.2000173803462538,outputs/tc_cox/churn_lastfm_months/transformer/lambda_0.5/target_lr_0.25/landmark_True/seed_8,new
tc_cox,churn_lastfm_months,transformer,0.5,0.25,True,9,0.5537760635027111,0.2096493526947913,0.5251010128964411,0.20883556128737837,outputs/tc_cox/churn_lastfm_months/transformer/lambda_0.5/target_lr_0.25/landmark_True/seed_9,new
tc_cox,churn_lastfm_months,transformer,0.5,0.25,True,0,0.5032483898067768,0.18340081629697988,0.5223040035686406,0.21136184573575773,outputs/tc_cox/churn_lastfm_months/transformer/lambda_0.5/target_lr_0.25/landmark_True/seed_0,new
tc_cox,churn_lastfm_months,transformer,0.5,0.25,True,7,0.5828258561930834,0.20650591147807545,0.5989044600155711,0.17967338507274389,outputs/tc_cox/churn_lastfm_months/transformer/lambda_0.5/target_lr_0.25/landmark_True/seed_7,new
tc_cox,churn_lastfm_months,transformer,0.95,0.05,True,10,0.7757179717298631,0.12555778527357206,0.7761127761127761,0.12464353506773702,outputs/tc_cox/churn_lastfm_months/transformer/lambda_0.95/target_lr_0.05/landmark_True/seed_10,new
tc_cox,churn_lastfm_months,transformer,0.95,0.05,True,2,0.7064935064935065,0.14085258746074655,0.7264355062413315,0.15071480774854737,outputs/tc_cox/churn_lastfm_months/transformer/lambda_0.95/target_lr_0.05/landmark_True/seed_2,new
tc_cox,churn_lastfm_months,transformer,0.95,0.05,True,5,0.6318675232609658,0.17067728401528803,0.6798740053050398,0.14960044361237532,outputs/tc_cox/churn_lastfm_months/transformer/lambda_0.95/target_lr_0.05/landmark_True/seed_5,new
tc_cox,churn_lastfm_months,transformer,0.95,0.05,True,4,0.7432454969979987,0.1384529663132021,0.7574143634019174,0.13482399271950443,outputs/tc_cox/churn_lastfm_months/transformer/lambda_0.95/target_lr_0.05/landmark_True/seed_4,new
tc_cox,churn_lastfm_months,transformer,0.95,0.05,True,3,0.7764975685234305,0.1321553164761195,0.7639104411438705,0.14121248510314383,outputs/tc_cox/churn_lastfm_months/transformer/lambda_0.95/target_lr_0.05/landmark_True/seed_3,new
tc_cox,churn_lastfm_months,transformer,0.95,0.05,True,6,0.7426604743738596,0.13731372198694117,0.7361073314102216,0.13634500400092514,outputs/tc_cox/churn_lastfm_months/transformer/lambda_0.95/target_lr_0.05/landmark_True/seed_6,new
tc_cox,churn_lastfm_months,transformer,0.95,0.05,True,1,0.7561231823961961,0.12898445903252312,0.7541439568466596,0.1373818914994319,outputs/tc_cox/churn_lastfm_months/transformer/lambda_0.95/target_lr_0.05/landmark_True/seed_1,new
tc_cox,churn_lastfm_months,transformer,0.95,0.05,True,8,0.7557655436866612,0.13428065579248688,0.7733006106957365,0.13489608622936528,outputs/tc_cox/churn_lastfm_months/transformer/lambda_0.95/target_lr_0.05/landmark_True/seed_8,new
tc_cox,churn_lastfm_months,transformer,0.95,0.05,True,9,0.7398960254905249,0.14515827672001225,0.722449770299441,0.1459958479412208,outputs/tc_cox/churn_lastfm_months/transformer/lambda_0.95/target_lr_0.05/landmark_True/seed_9,new
tc_cox,churn_lastfm_months,transformer,0.95,0.05,True,0,0.7841781013721647,0.12153831715233912,0.7662819226051076,0.13025978683752015,outputs/tc_cox/churn_lastfm_months/transformer/lambda_0.95/target_lr_0.05/landmark_True/seed_0,new
tc_cox,churn_lastfm_months,transformer,0.95,0.05,True,7,0.7342868316665736,0.14153058347799283,0.7654877099321544,0.12198303819695512,outputs/tc_cox/churn_lastfm_months/transformer/lambda_0.95/target_lr_0.05/landmark_True/seed_7,new
tc_cox,churn_lastfm_months,transformer,0.95,0.1,True,10,0.6999102535337671,0.14923394955965022,0.7094017094017094,0.14851926031960716,outputs/tc_cox/churn_lastfm_months/transformer/lambda_0.95/target_lr_0.1/landmark_True/seed_10,new
tc_cox,churn_lastfm_months,transformer,0.95,0.1,True,2,0.7123514783089251,0.14412760380438788,0.6901525658807213,0.15853379573587414,outputs/tc_cox/churn_lastfm_months/transformer/lambda_0.95/target_lr_0.1/landmark_True/seed_2,new
tc_cox,churn_lastfm_months,transformer,0.95,0.1,True,5,0.6829308817013735,0.15867564146852758,0.7294706012378426,0.13796624586269593,outputs/tc_cox/churn_lastfm_months/transformer/lambda_0.95/target_lr_0.1/landmark_True/seed_5,new
tc_cox,churn_lastfm_months,transformer,0.95,0.1,True,4,0.774877696241939,0.12188413394743255,0.7665246397936872,0.13131737008258593,outputs/tc_cox/churn_lastfm_months/transformer/lambda_0.95/target_lr_0.1/landmark_True/seed_4,new
tc_cox,churn_lastfm_months,transformer,0.95,0.1,True,3,0.7455515030946065,0.14019496916669547,0.7483651075149634,0.14377628209324964,outputs/tc_cox/churn_lastfm_months/transformer/lambda_0.95/target_lr_0.1/landmark_True/seed_3,new
tc_cox,churn_lastfm_months,transformer,0.95,0.1,True,6,0.7208215845634987,0.14067717370272684,0.7016818157078322,0.14188824104245273,outputs/tc_cox/churn_lastfm_months/transformer/lambda_0.95/target_lr_0.1/landmark_True/seed_6,new
tc_cox,churn_lastfm_months,transformer,0.95,0.1,True,1,0.7416652844584508,0.14205320542887048,0.7392819014440636,0.14435619560425095,outputs/tc_cox/churn_lastfm_months/transformer/lambda_0.95/target_lr_0.1/landmark_True/seed_1,new
tc_cox,churn_lastfm_months,transformer,0.95,0.1,True,8,0.755245138318269,0.13474755397051655,0.7703898179327664,0.13781241126039373,outputs/tc_cox/churn_lastfm_months/transformer/lambda_0.95/target_lr_0.1/landmark_True/seed_8,new
tc_cox,churn_lastfm_months,transformer,0.95,0.1,True,9,0.7444518978142993,0.1423121229437484,0.7312503459345768,0.14057086633483362,outputs/tc_cox/churn_lastfm_months/transformer/lambda_0.95/target_lr_0.1/landmark_True/seed_9,new
tc_cox,churn_lastfm_months,transformer,0.95,0.1,True,0,0.7198823858863064,0.13754600534752046,0.7431136388981823,0.14170411772034425,outputs/tc_cox/churn_lastfm_months/transformer/lambda_0.95/target_lr_0.1/landmark_True/seed_0,new
tc_cox,churn_lastfm_months,transformer,0.95,0.1,True,7,0.7373875635510364,0.14203372214484467,0.7545045045045045,0.12645718771491535,outputs/tc_cox/churn_lastfm_months/transformer/lambda_0.95/target_lr_0.1/landmark_True/seed_7,new
tc_cox,churn_lastfm_months,transformer,0.95,0.25,True,10,0.7145501458380076,0.14362508062765014,0.7261072261072261,0.14353545260604014,outputs/tc_cox/churn_lastfm_months/transformer/lambda_0.95/target_lr_0.25/landmark_True/seed_10,new
tc_cox,churn_lastfm_months,transformer,0.95,0.25,True,2,0.6961315280464216,0.15224860625063444,0.6865464632454924,0.16336178914909139,outputs/tc_cox/churn_lastfm_months/transformer/lambda_0.95/target_lr_0.25/landmark_True/seed_2,new
tc_cox,churn_lastfm_months,transformer,0.95,0.25,True,5,0.6743741692512184,0.1590660309403077,0.7336151635720601,0.13566790357347921,outputs/tc_cox/churn_lastfm_months/transformer/lambda_0.95/target_lr_0.25/landmark_True/seed_5,new
tc_cox,churn_lastfm_months,transformer,0.95,0.25,True,4,0.7448298865910608,0.13438199443594273,0.7627964343779784,0.13115772720707145,outputs/tc_cox/churn_lastfm_months/transformer/lambda_0.95/target_lr_0.25/landmark_True/seed_4,new
tc_cox,churn_lastfm_months,transformer,0.95,0.25,True,3,0.7865550397877984,0.12854002180589183,0.7711150520948792,0.13805293261408458,outputs/tc_cox/churn_lastfm_months/transformer/lambda_0.95/target_lr_0.25/landmark_True/seed_3,new
tc_cox,churn_lastfm_months,transformer,0.95,0.25,True,6,0.7385414938906397,0.13500331817140215,0.7268001959396941,0.13441551396383522,outputs/tc_cox/churn_lastfm_months/transformer/lambda_0.95/target_lr_0.25/landmark_True/seed_6,new
tc_cox,churn_lastfm_months,transformer,0.95,0.25,True,1,0.7414717753082324,0.14322973718688192,0.7330168005843681,0.14392410519945328,outputs/tc_cox/churn_lastfm_months/transformer/lambda_0.95/target_lr_0.25/landmark_True/seed_1,new
tc_cox,churn_lastfm_months,transformer,0.95,0.25,True,8,0.7536839222130923,0.13443808551935663,0.7632840591290452,0.1398182043883407,outputs/tc_cox/churn_lastfm_months/transformer/lambda_0.95/target_lr_0.25/landmark_True/seed_8,new
tc_cox,churn_lastfm_months,transformer,0.95,0.25,True,9,0.7397283246687909,0.144968869064589,0.7341561963801406,0.14297971796780498,outputs/tc_cox/churn_lastfm_months/transformer/lambda_0.95/target_lr_0.25/landmark_True/seed_9,new
tc_cox,churn_lastfm_months,transformer,0.95,0.25,True,0,0.709465135816298,0.13940659014838427,0.7149269543883127,0.14924798488391544,outputs/tc_cox/churn_lastfm_months/transformer/lambda_0.95/target_lr_0.25/landmark_True/seed_0,new
tc_cox,churn_lastfm_months,transformer,0.95,0.25,True,7,0.7539527347896531,0.13927900567592638,0.776026026026026,0.12093000200812795,outputs/tc_cox/churn_lastfm_months/transformer/lambda_0.95/target_lr_0.25/landmark_True/seed_7,new
tc_cox,churn_lastfm_months,transformer,0.1,0.05,True,10,0.6305530625981602,0.2868061930203737,0.603008103008103,0.27980879403476827,outputs/tc_cox/churn_lastfm_months/transformer/lambda_0.1/target_lr_0.05/landmark_True/seed_10,new
tc_cox,churn_lastfm_months,transformer,0.1,0.05,True,2,0.6002763194252556,0.26065944492650317,0.5900693481276006,0.3131263655108923,outputs/tc_cox/churn_lastfm_months/transformer/lambda_0.1/target_lr_0.05/landmark_True/seed_2,new
tc_cox,churn_lastfm_months,transformer,0.1,0.05,True,5,0.5526140894993354,0.3035958157572525,0.593694739168877,0.28155260814215183,outputs/tc_cox/churn_lastfm_months/transformer/lambda_0.1/target_lr_0.05/landmark_True/seed_5,new
tc_cox,churn_lastfm_months,transformer,0.1,0.05,True,4,0.6217478318879253,0.26783955922652797,0.5694623535347872,0.2734385736463193,outputs/tc_cox/churn_lastfm_months/transformer/lambda_0.1/target_lr_0.05/landmark_True/seed_4,new
tc_cox,churn_lastfm_months,transformer,0.1,0.05,True,3,0.6114610963748894,0.2874661288443577,0.6200121924185324,0.2919971017087625,outputs/tc_cox/churn_lastfm_months/transformer/lambda_0.1/target_lr_0.05/landmark_True/seed_3,new
tc_cox,churn_lastfm_months,transformer,0.1,0.05,True,6,0.5835130204013933,0.2960126984009581,0.611740053339139,0.2822365234716488,outputs/tc_cox/churn_lastfm_months/transformer/lambda_0.1/target_lr_0.05/landmark_True/seed_6,new
tc_cox,churn_lastfm_months,transformer,0.1,0.05,True,1,0.5963952009730746,0.27873209876812477,0.5527617014103501,0.32742832250247816,outputs/tc_cox/churn_lastfm_months/transformer/lambda_0.1/target_lr_0.05/landmark_True/seed_1,new
tc_cox,churn_lastfm_months,transformer,0.1,0.05,True,8,0.5809093399068749,0.2937500567838619,0.6221676844928943,0.30194575663757206,outputs/tc_cox/churn_lastfm_months/transformer/lambda_0.1/target_lr_0.05/landmark_True/seed_8,new
tc_cox,churn_lastfm_months,transformer,0.1,0.05,True,9,0.5683101347196601,0.3076236602098393,0.5217246914263575,0.30424918750093083,outputs/tc_cox/churn_lastfm_months/transformer/lambda_0.1/target_lr_0.05/landmark_True/seed_9,new
tc_cox,churn_lastfm_months,transformer,0.1,0.05,True,0,0.6092411089330719,0.2633806654936089,0.5833333333333334,0.31300963737579796,outputs/tc_cox/churn_lastfm_months/transformer/lambda_0.1/target_lr_0.05/landmark_True/seed_0,new
tc_cox,churn_lastfm_months,transformer,0.1,0.05,True,7,0.6362087267445109,0.31641106217200293,0.6405572238905572,0.28039697272508374,outputs/tc_cox/churn_lastfm_months/transformer/lambda_0.1/target_lr_0.05/landmark_True/seed_7,new
tc_cox,churn_lastfm_months,transformer,0.1,0.1,True,10,0.566945254655598,0.23433977951405485,0.5623543123543123,0.2294796220751989,outputs/tc_cox/churn_lastfm_months/transformer/lambda_0.1/target_lr_0.1/landmark_True/seed_10,new
tc_cox,churn_lastfm_months,transformer,0.1,0.1,True,2,0.5829510914617297,0.20935189867554033,0.5816088765603329,0.2566698900760529,outputs/tc_cox/churn_lastfm_months/transformer/lambda_0.1/target_lr_0.1/landmark_True/seed_2,new
tc_cox,churn_lastfm_months,transformer,0.1,0.1,True,5,0.5432266282676119,0.250199642204111,0.5926724137931034,0.23043584743500833,outputs/tc_cox/churn_lastfm_months/transformer/lambda_0.1/target_lr_0.1/landmark_True/seed_5,new
tc_cox,churn_lastfm_months,transformer,0.1,0.1,True,4,0.5976484322881921,0.21447658577781348,0.5765263216908673,0.2174170167324836,outputs/tc_cox/churn_lastfm_months/transformer/lambda_0.1/target_lr_0.1/landmark_True/seed_4,new
tc_cox,churn_lastfm_months,transformer,0.1,0.1,True,3,0.5772822723253758,0.23287324311112934,0.5922190201729106,0.2350751544923355,outputs/tc_cox/churn_lastfm_months/transformer/lambda_0.1/target_lr_0.1/landmark_True/seed_3,new
tc_cox,churn_lastfm_months,transformer,0.1,0.1,True,6,0.556670536849671,0.23643321879109905,0.5900506177543134,0.2217873083686527,outputs/tc_cox/churn_lastfm_months/transformer/lambda_0.1/target_lr_0.1/landmark_True/seed_6,new
tc_cox,churn_lastfm_months,transformer,0.1,0.1,True,1,0.592165643832587,0.22440372533400602,0.5429847727145024,0.2618028225899937,outputs/tc_cox/churn_lastfm_months/transformer/lambda_0.1/target_lr_0.1/landmark_True/seed_1,new
tc_cox,churn_lastfm_months,transformer,0.1,0.1,True,8,0.5454943850999726,0.23565494365085435,0.6097825466582958,0.2435490679743155,outputs/tc_cox/churn_lastfm_months/transformer/lambda_0.1/target_lr_0.1/landmark_True/seed_8,new
tc_cox,churn_lastfm_months,transformer,0.1,0.1,True,9,0.5385711889988261,0.2514614237562624,0.5158299662367853,0.2476332259272658,outputs/tc_cox/churn_lastfm_months/transformer/lambda_0.1/target_lr_0.1/landmark_True/seed_9,new
tc_cox,churn_lastfm_months,transformer,0.1,0.1,True,0,0.5518902268272192,0.20935347101304821,0.5392271662763466,0.25264267409708163,outputs/tc_cox/churn_lastfm_months/transformer/lambda_0.1/target_lr_0.1/landmark_True/seed_0,new
tc_cox,churn_lastfm_months,transformer,0.1,0.1,True,7,0.5885803676183027,0.24849319636900613,0.5901457012568123,0.2181735836743743,outputs/tc_cox/churn_lastfm_months/transformer/lambda_0.1/target_lr_0.1/landmark_True/seed_7,new
tc_cox,churn_lastfm_months,transformer,0.1,0.25,True,10,0.5075162665470047,0.23413323328314517,0.4822399822399822,0.2344195622176072,outputs/tc_cox/churn_lastfm_months/transformer/lambda_0.1/target_lr_0.25/landmark_True/seed_10,new
tc_cox,churn_lastfm_months,transformer,0.1,0.25,True,2,0.5280740536059685,0.22113866511422478,0.47750346740638006,0.26214233334399334,outputs/tc_cox/churn_lastfm_months/transformer/lambda_0.1/target_lr_0.25/landmark_True/seed_2,new
tc_cox,churn_lastfm_months,transformer,0.1,0.25,True,5,0.48792645104120513,0.24217672518819208,0.5318302387267905,0.2182292185795521,outputs/tc_cox/churn_lastfm_months/transformer/lambda_0.1/target_lr_0.25/landmark_True/seed_5,new
tc_cox,churn_lastfm_months,transformer,0.1,0.25,True,4,0.5512008005336891,0.1959783699250172,0.5521668442002579,0.19947773158204465,outputs/tc_cox/churn_lastfm_months/transformer/lambda_0.1/target_lr_0.25/landmark_True/seed_4,new
tc_cox,churn_lastfm_months,transformer,0.1,0.25,True,3,0.5332393899204244,0.22306056905488217,0.5551706938594546,0.22305379814925222,outputs/tc_cox/churn_lastfm_months/transformer/lambda_0.1/target_lr_0.25/landmark_True/seed_3,new
tc_cox,churn_lastfm_months,transformer,0.1,0.25,True,6,0.47534140542931386,0.22588111031192126,0.5032928754150111,0.21241611318158937,outputs/tc_cox/churn_lastfm_months/transformer/lambda_0.1/target_lr_0.25/landmark_True/seed_6,new
tc_cox,churn_lastfm_months,transformer,0.1,0.25,True,1,0.5242715762702493,0.2212357755078334,0.49053211215373377,0.257822787208149,outputs/tc_cox/churn_lastfm_months/transformer/lambda_0.1/target_lr_0.25/landmark_True/seed_1,new
tc_cox,churn_lastfm_months,transformer,0.1,0.25,True,8,0.48844152287044645,0.23017245407284476,0.5287369442383426,0.22033157820525312,outputs/tc_cox/churn_lastfm_months/transformer/lambda_0.1/target_lr_0.25/landmark_True/seed_8,new
tc_cox,churn_lastfm_months,transformer,0.1,0.25,True,9,0.5440773659790933,0.23683104620141324,0.5115680522499585,0.23816544497216877,outputs/tc_cox/churn_lastfm_months/transformer/lambda_0.1/target_lr_0.25/landmark_True/seed_9,new
tc_cox,churn_lastfm_months,transformer,0.1,0.25,True,0,0.4942313077569308,0.20630104060291438,0.4928348388535742,0.23231018288838082,outputs/tc_cox/churn_lastfm_months/transformer/lambda_0.1/target_lr_0.25/landmark_True/seed_0,new
tc_cox,churn_lastfm_months,transformer,0.1,0.25,True,7,0.5053354936029946,0.23811234307077128,0.5430430430430431,0.20811792052268452,outputs/tc_cox/churn_lastfm_months/transformer/lambda_0.1/target_lr_0.25/landmark_True/seed_7,new
tc_cox,churn_lastfm_months,transformer,0.8,0.05,True,10,0.6838961184653354,0.15875687433707725,0.7006327006327007,0.1584529052804886,outputs/tc_cox/churn_lastfm_months/transformer/lambda_0.8/target_lr_0.05/landmark_True/seed_10,new
tc_cox,churn_lastfm_months,transformer,0.8,0.05,True,2,0.7183752417794971,0.1430280880094601,0.7308460471567267,0.1690346813997709,outputs/tc_cox/churn_lastfm_months/transformer/lambda_0.8/target_lr_0.05/landmark_True/seed_2,new
tc_cox,churn_lastfm_months,transformer,0.8,0.05,True,5,0.6328367301727957,0.18316099797532176,0.7055979221927497,0.16031401732782297,outputs/tc_cox/churn_lastfm_months/transformer/lambda_0.8/target_lr_0.05/landmark_True/seed_5,new
tc_cox,churn_lastfm_months,transformer,0.8,0.05,True,4,0.6875416944629753,0.15963253393503596,0.6658911251892135,0.16433404492748663,outputs/tc_cox/churn_lastfm_months/transformer/lambda_0.8/target_lr_0.05/landmark_True/seed_4,new
tc_cox,churn_lastfm_months,transformer,0.8,0.05,True,3,0.7178105658709107,0.15549539150408426,0.733207714475726,0.1541165996179998,outputs/tc_cox/churn_lastfm_months/transformer/lambda_0.8/target_lr_0.05/landmark_True/seed_3,new
tc_cox,churn_lastfm_months,transformer,0.8,0.05,True,6,0.6894731022281196,0.16930354077612958,0.703750068034616,0.15882719396227,outputs/tc_cox/churn_lastfm_months/transformer/lambda_0.8/target_lr_0.05/landmark_True/seed_6,new
tc_cox,churn_lastfm_months,transformer,0.8,0.05,True,1,0.7259910432907614,0.15362435056816012,0.692139124571557,0.1709780948031265,outputs/tc_cox/churn_lastfm_months/transformer/lambda_0.8/target_lr_0.05/landmark_True/seed_1,new
tc_cox,churn_lastfm_months,transformer,0.8,0.05,True,8,0.7086277732128184,0.15434087066986432,0.757177101763598,0.14692838705446848,outputs/tc_cox/churn_lastfm_months/transformer/lambda_0.8/target_lr_0.05/landmark_True/seed_8,new
tc_cox,churn_lastfm_months,transformer,0.8,0.05,True,9,0.7140421488065292,0.16720661631012393,0.7126252283168207,0.1631053552951073,outputs/tc_cox/churn_lastfm_months/transformer/lambda_0.8/target_lr_0.05/landmark_True/seed_9,new
tc_cox,churn_lastfm_months,transformer,0.8,0.05,True,0,0.6975637076449174,0.14188901456595376,0.7077617932418869,0.16276514807880157,outputs/tc_cox/churn_lastfm_months/transformer/lambda_0.8/target_lr_0.05/landmark_True/seed_0,new
tc_cox,churn_lastfm_months,transformer,0.8,0.05,True,7,0.7483937650148053,0.15615062079250344,0.7642642642642643,0.13382332115543108,outputs/tc_cox/churn_lastfm_months/transformer/lambda_0.8/target_lr_0.05/landmark_True/seed_7,new
tc_cox,churn_lastfm_months,transformer,0.8,0.1,True,10,0.615492483733453,0.16452375481512987,0.6158286158286158,0.16435433088935478,outputs/tc_cox/churn_lastfm_months/transformer/lambda_0.8/target_lr_0.1/landmark_True/seed_10,new
tc_cox,churn_lastfm_months,transformer,0.8,0.1,True,2,0.6920420005526389,0.14626151191796552,0.6755617198335645,0.17020670040325314,outputs/tc_cox/churn_lastfm_months/transformer/lambda_0.8/target_lr_0.1/landmark_True/seed_2,new
tc_cox,churn_lastfm_months,transformer,0.8,0.1,True,5,0.5898316349136021,0.18167128642961952,0.6431255526083113,0.1588071680592423,outputs/tc_cox/churn_lastfm_months/transformer/lambda_0.8/target_lr_0.1/landmark_True/seed_5,new
tc_cox,churn_lastfm_months,transformer,0.8,0.1,True,4,0.6266121859017123,0.16210133571849555,0.6216291977350451,0.16388607154806104,outputs/tc_cox/churn_lastfm_months/transformer/lambda_0.8/target_lr_0.1/landmark_True/seed_4,new
tc_cox,churn_lastfm_months,transformer,0.8,0.1,True,3,0.6896551724137931,0.15280040528992023,0.7078807359787187,0.15199224494829358,outputs/tc_cox/churn_lastfm_months/transformer/lambda_0.8/target_lr_0.1/landmark_True/seed_3,new
tc_cox,churn_lastfm_months,transformer,0.8,0.1,True,6,0.5834300879084425,0.17533430512306378,0.6188156534044522,0.16250410209578983,outputs/tc_cox/churn_lastfm_months/transformer/lambda_0.8/target_lr_0.1/landmark_True/seed_6,new
tc_cox,churn_lastfm_months,transformer,0.8,0.1,True,1,0.6721954995300492,0.15865600839571245,0.6285048041804798,0.17796498160349114,outputs/tc_cox/churn_lastfm_months/transformer/lambda_0.8/target_lr_0.1/landmark_True/seed_1,new
tc_cox,churn_lastfm_months,transformer,0.8,0.1,True,8,0.6551903588058067,0.15749862422222027,0.7125164088807716,0.14641057127641452,outputs/tc_cox/churn_lastfm_months/transformer/lambda_0.8/target_lr_0.1/landmark_True/seed_8,new
tc_cox,churn_lastfm_months,transformer,0.8,0.1,True,9,0.6895298786964056,0.16229769712219475,0.6974041069352964,0.15758431442117327,outputs/tc_cox/churn_lastfm_months/transformer/lambda_0.8/target_lr_0.1/landmark_True/seed_9,new
tc_cox,churn_lastfm_months,transformer,0.8,0.1,True,0,0.583646037524503,0.16053893769646538,0.5852570536411286,0.1841195766573528,outputs/tc_cox/churn_lastfm_months/transformer/lambda_0.8/target_lr_0.1/landmark_True/seed_0,new
tc_cox,churn_lastfm_months,transformer,0.8,0.1,True,7,0.7152634225375719,0.15637906825540782,0.7188299410521632,0.1362154346622075,outputs/tc_cox/churn_lastfm_months/transformer/lambda_0.8/target_lr_0.1/landmark_True/seed_7,new
tc_cox,churn_lastfm_months,transformer,0.8,0.25,True,10,0.6187738389050931,0.1658608802046793,0.6142468642468643,0.16703213433685832,outputs/tc_cox/churn_lastfm_months/transformer/lambda_0.8/target_lr_0.25/landmark_True/seed_10,new
tc_cox,churn_lastfm_months,transformer,0.8,0.25,True,2,0.6728101685548494,0.14927506693648276,0.6679611650485436,0.1720617542342862,outputs/tc_cox/churn_lastfm_months/transformer/lambda_0.8/target_lr_0.25/landmark_True/seed_2,new
tc_cox,churn_lastfm_months,transformer,0.8,0.25,True,5,0.5719982277359327,0.18356123544763275,0.6226237842617153,0.16157147747148592,outputs/tc_cox/churn_lastfm_months/transformer/lambda_0.8/target_lr_0.25/landmark_True/seed_5,new
tc_cox,churn_lastfm_months,transformer,0.8,0.25,True,4,0.640927284856571,0.16044614071765442,0.6188540673880136,0.16532157304842746,outputs/tc_cox/churn_lastfm_months/transformer/lambda_0.8/target_lr_0.25/landmark_True/seed_4,new
tc_cox,churn_lastfm_months,transformer,0.8,0.25,True,3,0.6368258178603006,0.16738191814914358,0.6507426291287963,0.16491065927381005,outputs/tc_cox/churn_lastfm_months/transformer/lambda_0.8/target_lr_0.25/landmark_True/seed_3,new
tc_cox,churn_lastfm_months,transformer,0.8,0.25,True,6,0.5503953115497319,0.18148351588653353,0.5931802100908943,0.1666864679497082,outputs/tc_cox/churn_lastfm_months/transformer/lambda_0.8/target_lr_0.25/landmark_True/seed_6,new
tc_cox,churn_lastfm_months,transformer,0.8,0.25,True,1,0.6306739647260463,0.16781935915972024,0.5878799797718717,0.18970556678637301,outputs/tc_cox/churn_lastfm_months/transformer/lambda_0.8/target_lr_0.25/landmark_True/seed_1,new
tc_cox,churn_lastfm_months,transformer,0.8,0.25,True,8,0.6840317721172282,0.15076551836552174,0.7229324810227726,0.15073076968211097,outputs/tc_cox/churn_lastfm_months/transformer/lambda_0.8/target_lr_0.25/landmark_True/seed_8,new
tc_cox,churn_lastfm_months,transformer,0.8,0.25,True,9,0.681927441444463,0.16590513145060098,0.6959096695632921,0.15985932489526178,outputs/tc_cox/churn_lastfm_months/transformer/lambda_0.8/target_lr_0.25/landmark_True/seed_9,new
tc_cox,churn_lastfm_months,transformer,0.8,0.25,True,0,0.6006160739288715,0.15801894249564633,0.5937604550016728,0.18149957034387526,outputs/tc_cox/churn_lastfm_months/transformer/lambda_0.8/target_lr_0.25/landmark_True/seed_0,new
tc_cox,churn_lastfm_months,transformer,0.8,0.25,True,7,0.6969383764456115,0.16115631018396123,0.6985040596151707,0.13953683187789667,outputs/tc_cox/churn_lastfm_months/transformer/lambda_0.8/target_lr_0.25/landmark_True/seed_7,new
tc_cox,big_rw,transformer,0.5,0.05,True,10,0.9671745462693255,0.04612342796142176,0.9688225036755548,0.04394206616726239,outputs/tc_cox/big_rw/transformer/lambda_0.5/target_lr_0.05/landmark_True/seed_10,new
tc_cox,big_rw,transformer,0.5,0.05,True,2,0.9210329471334647,0.057012515371694876,0.9240170046263064,0.05794942625260807,outputs/tc_cox/big_rw/transformer/lambda_0.5/target_lr_0.05/landmark_True/seed_2,new
tc_cox,big_rw,transformer,0.5,0.05,True,5,0.964835448924211,0.041911856644788366,0.9638110038085981,0.04300875100795022,outputs/tc_cox/big_rw/transformer/lambda_0.5/target_lr_0.05/landmark_True/seed_5,new
tc_cox,big_rw,transformer,0.5,0.05,True,4,0.9725439841604491,0.03833608680727879,0.9769495558496174,0.03513604890092978,outputs/tc_cox/big_rw/transformer/lambda_0.5/target_lr_0.05/landmark_True/seed_4,new
tc_cox,big_rw,transformer,0.5,0.05,True,3,0.9617743144452411,0.04955164563606249,0.9639842835773261,0.04939515575257576,outputs/tc_cox/big_rw/transformer/lambda_0.5/target_lr_0.05/landmark_True/seed_3,new
tc_cox,big_rw,transformer,0.5,0.05,True,6,0.957003701634004,0.049156593732783915,0.9581232427721983,0.04788288794189,outputs/tc_cox/big_rw/transformer/lambda_0.5/target_lr_0.05/landmark_True/seed_6,new
tc_cox,big_rw,transformer,0.5,0.05,True,1,0.9689734713047694,0.04109757558615541,0.9706768611713725,0.040035208232775135,outputs/tc_cox/big_rw/transformer/lambda_0.5/target_lr_0.05/landmark_True/seed_1,new
tc_cox,big_rw,transformer,0.5,0.05,True,8,0.9602128832566789,0.049243505124300195,0.9576649205535678,0.05124171408985666,outputs/tc_cox/big_rw/transformer/lambda_0.5/target_lr_0.05/landmark_True/seed_8,new
tc_cox,big_rw,transformer,0.5,0.05,True,9,0.9795075871684721,0.03182341517369785,0.9814056641525519,0.02752145416476216,outputs/tc_cox/big_rw/transformer/lambda_0.5/target_lr_0.05/landmark_True/seed_9,new
tc_cox,big_rw,transformer,0.5,0.05,True,0,0.9620423986252616,0.048826159778061894,0.9629889549739539,0.04628721786026307,outputs/tc_cox/big_rw/transformer/lambda_0.5/target_lr_0.05/landmark_True/seed_0,new
tc_cox,big_rw,transformer,0.5,0.05,True,7,0.9526806688565758,0.05255929847160356,0.9553980133321994,0.05115952735635605,outputs/tc_cox/big_rw/transformer/lambda_0.5/target_lr_0.05/landmark_True/seed_7,new
tc_cox,big_rw,transformer,0.5,0.1,True,10,0.9603446372265357,0.05625225941712039,0.9599002268016731,0.05397401379947128,outputs/tc_cox/big_rw/transformer/lambda_0.5/target_lr_0.1/landmark_True/seed_10,new
tc_cox,big_rw,transformer,0.5,0.1,True,2,0.9685947528639297,0.04040096755672779,0.9692363617072186,0.04090408907198824,outputs/tc_cox/big_rw/transformer/lambda_0.5/target_lr_0.1/landmark_True/seed_2,new
tc_cox,big_rw,transformer,0.5,0.1,True,5,0.9490962874320298,0.05402818770021565,0.9491368749122896,0.05342352396842143,outputs/tc_cox/big_rw/transformer/lambda_0.5/target_lr_0.1/landmark_True/seed_5,new
tc_cox,big_rw,transformer,0.5,0.1,True,4,0.9693606936735486,0.04067515714727362,0.9737507286715003,0.03743138810740789,outputs/tc_cox/big_rw/transformer/lambda_0.5/target_lr_0.1/landmark_True/seed_4,new
tc_cox,big_rw,transformer,0.5,0.1,True,3,0.9650197865516581,0.048455821907770265,0.9649854212214042,0.04937292309984829,outputs/tc_cox/big_rw/transformer/lambda_0.5/target_lr_0.1/landmark_True/seed_3,new
tc_cox,big_rw,transformer,0.5,0.1,True,6,0.9595717237615012,0.04865773901072776,0.9574412161913165,0.04982037573269096,outputs/tc_cox/big_rw/transformer/lambda_0.5/target_lr_0.1/landmark_True/seed_6,new
tc_cox,big_rw,transformer,0.5,0.1,True,1,0.9705009761313167,0.03838738389506583,0.9711221467107246,0.03779554064334036,outputs/tc_cox/big_rw/transformer/lambda_0.5/target_lr_0.1/landmark_True/seed_1,new
tc_cox,big_rw,transformer,0.5,0.1,True,8,0.9563962091328584,0.04744323003170428,0.9547221093204988,0.048898972441832014,outputs/tc_cox/big_rw/transformer/lambda_0.5/target_lr_0.1/landmark_True/seed_8,new
tc_cox,big_rw,transformer,0.5,0.1,True,9,0.9725534714601642,0.03513978892659134,0.9747063422675749,0.030183154057449806,outputs/tc_cox/big_rw/transformer/lambda_0.5/target_lr_0.1/landmark_True/seed_9,new
tc_cox,big_rw,transformer,0.5,0.1,True,0,0.9656052079346076,0.044545827177219284,0.9649987457472143,0.04421038481243492,outputs/tc_cox/big_rw/transformer/lambda_0.5/target_lr_0.1/landmark_True/seed_0,new
tc_cox,big_rw,transformer,0.5,0.1,True,7,0.9312867676757272,0.060269297488274184,0.9307317651812608,0.059512332410213656,outputs/tc_cox/big_rw/transformer/lambda_0.5/target_lr_0.1/landmark_True/seed_7,new
tc_cox,big_rw,transformer,0.5,0.25,True,10,0.9485842260735343,0.06401941609484568,0.9513271886849899,0.062182317036491366,outputs/tc_cox/big_rw/transformer/lambda_0.5/target_lr_0.25/landmark_True/seed_10,new
tc_cox,big_rw,transformer,0.5,0.25,True,2,0.9103092240683001,0.0713870288732647,0.9087771523476367,0.07385606348264613,outputs/tc_cox/big_rw/transformer/lambda_0.5/target_lr_0.25/landmark_True/seed_2,new
tc_cox,big_rw,transformer,0.5,0.25,True,5,0.945318194948705,0.055473502946285745,0.947506747270884,0.052379724147448334,outputs/tc_cox/big_rw/transformer/lambda_0.5/target_lr_0.25/landmark_True/seed_5,new
tc_cox,big_rw,transformer,0.5,0.25,True,4,0.963932365637576,0.04498044628280441,0.9652666584889008,0.04289454596186807,outputs/tc_cox/big_rw/transformer/lambda_0.5/target_lr_0.25/landmark_True/seed_4,new
tc_cox,big_rw,transformer,0.5,0.25,True,3,0.9732967038335053,0.03555880756306126,0.9724286855651638,0.03754261355540419,outputs/tc_cox/big_rw/transformer/lambda_0.5/target_lr_0.25/landmark_True/seed_3,new
tc_cox,big_rw,transformer,0.5,0.25,True,6,0.9646885450780613,0.0431383728413618,0.9639899720144198,0.043778283574797947,outputs/tc_cox/big_rw/transformer/lambda_0.5/target_lr_0.25/landmark_True/seed_6,new
tc_cox,big_rw,transformer,0.5,0.25,True,1,0.9516022297349944,0.05024352589471644,0.9553620252889604,0.04858322265446858,outputs/tc_cox/big_rw/transformer/lambda_0.5/target_lr_0.25/landmark_True/seed_1,new
tc_cox,big_rw,transformer,0.5,0.25,True,8,0.9503964915488896,0.05056401271917415,0.9487980611812485,0.05326515338905593,outputs/tc_cox/big_rw/transformer/lambda_0.5/target_lr_0.25/landmark_True/seed_8,new
tc_cox,big_rw,transformer,0.5,0.25,True,9,0.960518167613767,0.044731517901978206,0.9642412854172647,0.03889696257180817,outputs/tc_cox/big_rw/transformer/lambda_0.5/target_lr_0.25/landmark_True/seed_9,new
tc_cox,big_rw,transformer,0.5,0.25,True,0,0.9558213274478026,0.0488855223375985,0.953545951804115,0.047738491749960386,outputs/tc_cox/big_rw/transformer/lambda_0.5/target_lr_0.25/landmark_True/seed_0,new
tc_cox,big_rw,transformer,0.5,0.25,True,7,0.9552192683086829,0.06110523866189827,0.9567824734712846,0.059873556368530104,outputs/tc_cox/big_rw/transformer/lambda_0.5/target_lr_0.25/landmark_True/seed_7,new
tc_cox,big_rw,transformer,0.95,0.05,True,10,0.9517057047695436,0.03739381258968488,0.9505793238715952,0.03634599961273218,outputs/tc_cox/big_rw/transformer/lambda_0.95/target_lr_0.05/landmark_True/seed_10,new
tc_cox,big_rw,transformer,0.95,0.05,True,2,0.9481773117709899,0.03418256260594984,0.9492340555914646,0.03428080025248064,outputs/tc_cox/big_rw/transformer/lambda_0.95/target_lr_0.05/landmark_True/seed_2,new
tc_cox,big_rw,transformer,0.95,0.05,True,5,0.9518863634762353,0.03719679352782283,0.9530798494333159,0.0365328658257749,outputs/tc_cox/big_rw/transformer/lambda_0.95/target_lr_0.05/landmark_True/seed_5,new
tc_cox,big_rw,transformer,0.95,0.05,True,4,0.960874175542386,0.029271193428085724,0.9597900883307262,0.031907774407519185,outputs/tc_cox/big_rw/transformer/lambda_0.95/target_lr_0.05/landmark_True/seed_4,new
tc_cox,big_rw,transformer,0.95,0.05,True,3,0.9500926230980784,0.03970683163312704,0.9517936891148738,0.04034802516714219,outputs/tc_cox/big_rw/transformer/lambda_0.95/target_lr_0.05/landmark_True/seed_3,new
tc_cox,big_rw,transformer,0.95,0.05,True,6,0.9439675711736064,0.03623976351433144,0.9449975504488315,0.03698351795798241,outputs/tc_cox/big_rw/transformer/lambda_0.95/target_lr_0.05/landmark_True/seed_6,new
tc_cox,big_rw,transformer,0.95,0.05,True,1,0.9537782342195711,0.036703619837448465,0.9583934966590009,0.033631321537489024,outputs/tc_cox/big_rw/transformer/lambda_0.95/target_lr_0.05/landmark_True/seed_1,new
tc_cox,big_rw,transformer,0.95,0.05,True,8,0.962593942554848,0.03221399302939212,0.9611221487203438,0.033773712759199194,outputs/tc_cox/big_rw/transformer/lambda_0.95/target_lr_0.05/landmark_True/seed_8,new
tc_cox,big_rw,transformer,0.95,0.05,True,9,0.9448159712100259,0.04107298647057687,0.9494077911457925,0.035913422299243956,outputs/tc_cox/big_rw/transformer/lambda_0.95/target_lr_0.05/landmark_True/seed_9,new
tc_cox,big_rw,transformer,0.95,0.05,True,0,0.9491987479673473,0.033643866898215226,0.9491077430291236,0.03376752838681359,outputs/tc_cox/big_rw/transformer/lambda_0.95/target_lr_0.05/landmark_True/seed_0,new
tc_cox,big_rw,transformer,0.95,0.05,True,7,0.951263227688923,0.03732289120701508,0.9529922700975568,0.036735857897643116,outputs/tc_cox/big_rw/transformer/lambda_0.95/target_lr_0.05/landmark_True/seed_7,new
tc_cox,big_rw,transformer,0.95,0.1,True,10,0.9465570915341492,0.039217780852420364,0.9461529193592242,0.03782556745730352,outputs/tc_cox/big_rw/transformer/lambda_0.95/target_lr_0.1/landmark_True/seed_10,new
tc_cox,big_rw,transformer,0.95,0.1,True,2,0.953765123025213,0.030642636682124545,0.9545787224551796,0.03182958179254012,outputs/tc_cox/big_rw/transformer/lambda_0.95/target_lr_0.1/landmark_True/seed_2,new
tc_cox,big_rw,transformer,0.95,0.1,True,5,0.9328696213940516,0.04179915489637,0.9384772435048205,0.039296461991096966,outputs/tc_cox/big_rw/transformer/lambda_0.95/target_lr_0.1/landmark_True/seed_5,new
tc_cox,big_rw,transformer,0.95,0.1,True,4,0.9770800918702617,0.024902243320368108,0.9766863113970193,0.02512854682734889,outputs/tc_cox/big_rw/transformer/lambda_0.95/target_lr_0.1/landmark_True/seed_4,new
tc_cox,big_rw,transformer,0.95,0.1,True,3,0.9676429769004018,0.02812550847737733,0.9632192505009759,0.03145969450425739,outputs/tc_cox/big_rw/transformer/lambda_0.95/target_lr_0.1/landmark_True/seed_3,new
tc_cox,big_rw,transformer,0.95,0.1,True,6,0.94031061019563,0.03829786748726123,0.9387471304483546,0.03893776579796193,outputs/tc_cox/big_rw/transformer/lambda_0.95/target_lr_0.1/landmark_True/seed_6,new
tc_cox,big_rw,transformer,0.95,0.1,True,1,0.9554672552312847,0.03607131307357927,0.961424153482323,0.03293615043986826,outputs/tc_cox/big_rw/transformer/lambda_0.95/target_lr_0.1/landmark_True/seed_1,new
tc_cox,big_rw,transformer,0.95,0.1,True,8,0.9348552239120896,0.046708382988943864,0.9305823979027159,0.05156482652278533,outputs/tc_cox/big_rw/transformer/lambda_0.95/target_lr_0.1/landmark_True/seed_8,new
tc_cox,big_rw,transformer,0.95,0.1,True,9,0.9654314250528806,0.028716687733487435,0.9679885342450262,0.024683860305029705,outputs/tc_cox/big_rw/transformer/lambda_0.95/target_lr_0.1/landmark_True/seed_9,new
tc_cox,big_rw,transformer,0.95,0.1,True,0,0.9374974549422984,0.04056931841736911,0.9408318465098652,0.03713563181814599,outputs/tc_cox/big_rw/transformer/lambda_0.95/target_lr_0.1/landmark_True/seed_0,new
tc_cox,big_rw,transformer,0.95,0.1,True,7,0.9566537870807651,0.037814490656758515,0.9553909718682683,0.03614131392020798,outputs/tc_cox/big_rw/transformer/lambda_0.95/target_lr_0.1/landmark_True/seed_7,new
tc_cox,big_rw,transformer,0.95,0.25,True,10,0.9454397455839262,0.04333949412882689,0.9483731769438379,0.03992629290875592,outputs/tc_cox/big_rw/transformer/lambda_0.95/target_lr_0.25/landmark_True/seed_10,new
tc_cox,big_rw,transformer,0.95,0.25,True,2,0.9414300323956262,0.03713877296163046,0.9398336565143439,0.037602123289297434,outputs/tc_cox/big_rw/transformer/lambda_0.95/target_lr_0.25/landmark_True/seed_2,new
tc_cox,big_rw,transformer,0.95,0.25,True,5,0.9374980692218517,0.039451992603384875,0.9399350658146765,0.037819281457034705,outputs/tc_cox/big_rw/transformer/lambda_0.95/target_lr_0.25/landmark_True/seed_5,new
tc_cox,big_rw,transformer,0.95,0.25,True,4,0.9467337695780759,0.038097208531800444,0.9489012665043416,0.0372397681040738,outputs/tc_cox/big_rw/transformer/lambda_0.95/target_lr_0.25/landmark_True/seed_4,new
tc_cox,big_rw,transformer,0.95,0.25,True,3,0.9437927326826288,0.036160151900183714,0.9417806843667296,0.03997386097141131,outputs/tc_cox/big_rw/transformer/lambda_0.95/target_lr_0.25/landmark_True/seed_3,new
tc_cox,big_rw,transformer,0.95,0.25,True,6,0.9334439599902965,0.040741900483899224,0.9339664411489912,0.04025225628074849,outputs/tc_cox/big_rw/transformer/lambda_0.95/target_lr_0.25/landmark_True/seed_6,new
tc_cox,big_rw,transformer,0.95,0.25,True,1,0.946880113326465,0.037549685508622616,0.9444750653673741,0.03844638974359479,outputs/tc_cox/big_rw/transformer/lambda_0.95/target_lr_0.25/landmark_True/seed_1,new
tc_cox,big_rw,transformer,0.95,0.25,True,8,0.9530767387116094,0.03967474328826985,0.9477846517037456,0.043211757529027894,outputs/tc_cox/big_rw/transformer/lambda_0.95/target_lr_0.25/landmark_True/seed_8,new
tc_cox,big_rw,transformer,0.95,0.25,True,9,0.9684420087432132,0.028702920596127734,0.970709530582596,0.024961938595242473,outputs/tc_cox/big_rw/transformer/lambda_0.95/target_lr_0.25/landmark_True/seed_9,new
tc_cox,big_rw,transformer,0.95,0.25,True,0,0.9630558066679155,0.030424129988422095,0.963731190280464,0.029199308736848974,outputs/tc_cox/big_rw/transformer/lambda_0.95/target_lr_0.25/landmark_True/seed_0,new
tc_cox,big_rw,transformer,0.95,0.25,True,7,0.9377849316977145,0.042792050580325404,0.9362238362220487,0.04406916163606678,outputs/tc_cox/big_rw/transformer/lambda_0.95/target_lr_0.25/landmark_True/seed_7,new
tc_cox,big_rw,transformer,0.1,0.05,True,10,0.9521595166267789,0.06871630455643515,0.9532421676356889,0.0670498443828846,outputs/tc_cox/big_rw/transformer/lambda_0.1/target_lr_0.05/landmark_True/seed_10,new
tc_cox,big_rw,transformer,0.1,0.05,True,2,0.9604016666811419,0.08307112715647698,0.9566536852920701,0.08574836308920925,outputs/tc_cox/big_rw/transformer/lambda_0.1/target_lr_0.05/landmark_True/seed_2,new
tc_cox,big_rw,transformer,0.1,0.05,True,5,0.9356063131161215,0.06600777536185135,0.9346537448504818,0.0675469190633549,outputs/tc_cox/big_rw/transformer/lambda_0.1/target_lr_0.05/landmark_True/seed_5,new
tc_cox,big_rw,transformer,0.1,0.05,True,4,0.9521239176243707,0.06418750647844955,0.9590847560293835,0.06002610480019384,outputs/tc_cox/big_rw/transformer/lambda_0.1/target_lr_0.05/landmark_True/seed_4,new
tc_cox,big_rw,transformer,0.1,0.05,True,3,0.9576506461906207,0.06063334390100729,0.9569551520730524,0.06213901103004867,outputs/tc_cox/big_rw/transformer/lambda_0.1/target_lr_0.05/landmark_True/seed_3,new
tc_cox,big_rw,transformer,0.1,0.05,True,6,0.9585940613574535,0.06527777544970155,0.9586621982228831,0.06519135259613532,outputs/tc_cox/big_rw/transformer/lambda_0.1/target_lr_0.05/landmark_True/seed_6,new
tc_cox,big_rw,transformer,0.1,0.05,True,1,0.958398354645173,0.06391608058155335,0.9579536414311043,0.06408610875233237,outputs/tc_cox/big_rw/transformer/lambda_0.1/target_lr_0.05/landmark_True/seed_1,new
tc_cox,big_rw,transformer,0.1,0.05,True,8,0.9498340941072976,0.06974212605977723,0.9529523635306807,0.06844167739831583,outputs/tc_cox/big_rw/transformer/lambda_0.1/target_lr_0.05/landmark_True/seed_8,new
tc_cox,big_rw,transformer,0.1,0.05,True,9,0.9631409693035663,0.06167575530038729,0.9718195144017886,0.0553142546705433,outputs/tc_cox/big_rw/transformer/lambda_0.1/target_lr_0.05/landmark_True/seed_9,new
tc_cox,big_rw,transformer,0.1,0.05,True,0,0.955123913769373,0.06443350780215469,0.9543707180298566,0.06398120375130868,outputs/tc_cox/big_rw/transformer/lambda_0.1/target_lr_0.05/landmark_True/seed_0,new
tc_cox,big_rw,transformer,0.1,0.05,True,7,0.9637667448622163,0.07194356049788135,0.9644855641864645,0.07280845069984801,outputs/tc_cox/big_rw/transformer/lambda_0.1/target_lr_0.05/landmark_True/seed_7,new
tc_cox,big_rw,transformer,0.1,0.1,True,10,0.9568277982899654,0.07015875406579629,0.9546057455338415,0.06997406776952746,outputs/tc_cox/big_rw/transformer/lambda_0.1/target_lr_0.1/landmark_True/seed_10,new
tc_cox,big_rw,transformer,0.1,0.1,True,2,0.9533270655468608,0.06328183524027,0.9516573718292262,0.06576362569847626,outputs/tc_cox/big_rw/transformer/lambda_0.1/target_lr_0.1/landmark_True/seed_2,new
tc_cox,big_rw,transformer,0.1,0.1,True,5,0.9661264281661104,0.05996110029575781,0.9635698847125617,0.061753796630284886,outputs/tc_cox/big_rw/transformer/lambda_0.1/target_lr_0.1/landmark_True/seed_5,new
tc_cox,big_rw,transformer,0.1,0.1,True,4,0.9525991366448292,0.07326198577233861,0.9546584498212651,0.07149495517387915,outputs/tc_cox/big_rw/transformer/lambda_0.1/target_lr_0.1/landmark_True/seed_4,new
tc_cox,big_rw,transformer,0.1,0.1,True,3,0.9529277637532952,0.06739537131002399,0.9505122112196891,0.07128415563300812,outputs/tc_cox/big_rw/transformer/lambda_0.1/target_lr_0.1/landmark_True/seed_3,new
tc_cox,big_rw,transformer,0.1,0.1,True,6,0.957117414790941,0.06880257917039483,0.9604719938262639,0.06770080237766411,outputs/tc_cox/big_rw/transformer/lambda_0.1/target_lr_0.1/landmark_True/seed_6,new
tc_cox,big_rw,transformer,0.1,0.1,True,1,0.9541891941613928,0.06554975313499115,0.9553256422022085,0.06517957007876322,outputs/tc_cox/big_rw/transformer/lambda_0.1/target_lr_0.1/landmark_True/seed_1,new
tc_cox,big_rw,transformer,0.1,0.1,True,8,0.9531968466789336,0.06773056711553883,0.9473135313031228,0.07190771495753534,outputs/tc_cox/big_rw/transformer/lambda_0.1/target_lr_0.1/landmark_True/seed_8,new
tc_cox,big_rw,transformer,0.1,0.1,True,9,0.9512533146707611,0.07396539497722489,0.9556406099120495,0.07073892281774209,outputs/tc_cox/big_rw/transformer/lambda_0.1/target_lr_0.1/landmark_True/seed_9,new
tc_cox,big_rw,transformer,0.1,0.1,True,0,0.9500272830185605,0.06825760648590813,0.9460991652431893,0.06892286899026427,outputs/tc_cox/big_rw/transformer/lambda_0.1/target_lr_0.1/landmark_True/seed_0,new
tc_cox,big_rw,transformer,0.1,0.1,True,7,0.9477335850337296,0.0743538885451009,0.947922416067104,0.07402130348460031,outputs/tc_cox/big_rw/transformer/lambda_0.1/target_lr_0.1/landmark_True/seed_7,new
tc_cox,big_rw,transformer,0.1,0.25,True,10,0.8902570896940057,0.1308680448243019,0.89113709642843,0.12651031501445437,outputs/tc_cox/big_rw/transformer/lambda_0.1/target_lr_0.25/landmark_True/seed_10,new
tc_cox,big_rw,transformer,0.1,0.25,True,2,0.8153395026880553,0.15193934769700015,0.8106543630519114,0.15377552000291747,outputs/tc_cox/big_rw/transformer/lambda_0.1/target_lr_0.25/landmark_True/seed_2,new
tc_cox,big_rw,transformer,0.1,0.25,True,5,0.815453650213998,0.15174030830883953,0.818098941189156,0.151158847638389,outputs/tc_cox/big_rw/transformer/lambda_0.1/target_lr_0.25/landmark_True/seed_5,new
tc_cox,big_rw,transformer,0.1,0.25,True,4,0.7617289740630604,0.17927812160287207,0.7693452106335561,0.17395399363097094,outputs/tc_cox/big_rw/transformer/lambda_0.1/target_lr_0.25/landmark_True/seed_4,new
tc_cox,big_rw,transformer,0.1,0.25,True,3,0.8339197020429188,0.14920980186872243,0.8334618791535408,0.15078134367351106,outputs/tc_cox/big_rw/transformer/lambda_0.1/target_lr_0.25/landmark_True/seed_3,new
tc_cox,big_rw,transformer,0.1,0.25,True,6,0.7914714590805912,0.1648525486731411,0.7865958609088485,0.16739930127557023,outputs/tc_cox/big_rw/transformer/lambda_0.1/target_lr_0.25/landmark_True/seed_6,new
tc_cox,big_rw,transformer,0.1,0.25,True,1,0.8419903663847212,0.1389538632666757,0.8448627896052978,0.139536087550175,outputs/tc_cox/big_rw/transformer/lambda_0.1/target_lr_0.25/landmark_True/seed_1,new
tc_cox,big_rw,transformer,0.1,0.25,True,8,0.8685026053149398,0.13116959643929482,0.8680822287756336,0.1332601761167329,outputs/tc_cox/big_rw/transformer/lambda_0.1/target_lr_0.25/landmark_True/seed_8,new
tc_cox,big_rw,transformer,0.1,0.25,True,9,0.7386535906071303,0.17708691505861715,0.7479292807370097,0.16740913796395443,outputs/tc_cox/big_rw/transformer/lambda_0.1/target_lr_0.25/landmark_True/seed_9,new
tc_cox,big_rw,transformer,0.1,0.25,True,0,0.8390198745252619,0.14297913205337134,0.8424305572900321,0.13967240656442373,outputs/tc_cox/big_rw/transformer/lambda_0.1/target_lr_0.25/landmark_True/seed_0,new
tc_cox,big_rw,transformer,0.1,0.25,True,7,0.7662637074882855,0.17326474126066527,0.7663271236648979,0.17494921007155628,outputs/tc_cox/big_rw/transformer/lambda_0.1/target_lr_0.25/landmark_True/seed_7,new
tc_cox,big_rw,transformer,0.8,0.05,True,10,0.9430275339587656,0.04688398985907653,0.9444878618501568,0.04521776453335368,outputs/tc_cox/big_rw/transformer/lambda_0.8/target_lr_0.05/landmark_True/seed_10,new
tc_cox,big_rw,transformer,0.8,0.05,True,2,0.9749501146440389,0.026771213503505042,0.974590772722007,0.028184931860912643,outputs/tc_cox/big_rw/transformer/lambda_0.8/target_lr_0.05/landmark_True/seed_2,new
tc_cox,big_rw,transformer,0.8,0.05,True,5,0.9532846533352194,0.03918447434777216,0.9553588312713587,0.0373284229263161,outputs/tc_cox/big_rw/transformer/lambda_0.8/target_lr_0.05/landmark_True/seed_5,new
tc_cox,big_rw,transformer,0.8,0.05,True,4,0.942666111387006,0.04213273471277578,0.9454424515060297,0.04008806086491316,outputs/tc_cox/big_rw/transformer/lambda_0.8/target_lr_0.05/landmark_True/seed_4,new
tc_cox,big_rw,transformer,0.8,0.05,True,3,0.9481411062557635,0.045299428939728825,0.9441308746615834,0.048317424170153604,outputs/tc_cox/big_rw/transformer/lambda_0.8/target_lr_0.05/landmark_True/seed_3,new
tc_cox,big_rw,transformer,0.8,0.05,True,6,0.9398216436208002,0.04476082456281891,0.9438947104868971,0.04313306647967362,outputs/tc_cox/big_rw/transformer/lambda_0.8/target_lr_0.05/landmark_True/seed_6,new
tc_cox,big_rw,transformer,0.8,0.05,True,1,0.9710366579514661,0.03229696864414262,0.9703640752315349,0.03172746643006146,outputs/tc_cox/big_rw/transformer/lambda_0.8/target_lr_0.05/landmark_True/seed_1,new
tc_cox,big_rw,transformer,0.8,0.05,True,8,0.9624421845150533,0.03555200875808285,0.9629562981031248,0.03648153520495609,outputs/tc_cox/big_rw/transformer/lambda_0.8/target_lr_0.05/landmark_True/seed_8,new
tc_cox,big_rw,transformer,0.8,0.05,True,9,0.9533455527029271,0.04137554724350469,0.9542160898991744,0.03675374444533143,outputs/tc_cox/big_rw/transformer/lambda_0.8/target_lr_0.05/landmark_True/seed_9,new
tc_cox,big_rw,transformer,0.8,0.05,True,0,0.9708671656337126,0.032741997707611915,0.9654323045564669,0.034847957626222656,outputs/tc_cox/big_rw/transformer/lambda_0.8/target_lr_0.05/landmark_True/seed_0,new
tc_cox,big_rw,transformer,0.8,0.05,True,7,0.9162725715782037,0.06520274810546109,0.9129309443632269,0.06722964953394028,outputs/tc_cox/big_rw/transformer/lambda_0.8/target_lr_0.05/landmark_True/seed_7,new
tc_cox,big_rw,transformer,0.8,0.1,True,10,0.9362379457071076,0.05105175106689079,0.936261348902815,0.05043462138299108,outputs/tc_cox/big_rw/transformer/lambda_0.8/target_lr_0.1/landmark_True/seed_10,new
tc_cox,big_rw,transformer,0.8,0.1,True,2,0.977628941974483,0.02629124427425567,0.9786927896530108,0.025326566048181023,outputs/tc_cox/big_rw/transformer/lambda_0.8/target_lr_0.1/landmark_True/seed_2,new
tc_cox,big_rw,transformer,0.8,0.1,True,5,0.9091642725017628,0.055940431287375476,0.9107228100290372,0.055206946467596586,outputs/tc_cox/big_rw/transformer/lambda_0.8/target_lr_0.1/landmark_True/seed_5,new
tc_cox,big_rw,transformer,0.8,0.1,True,4,0.957806237364725,0.03597380876005974,0.9588738890812715,0.03521991517602487,outputs/tc_cox/big_rw/transformer/lambda_0.8/target_lr_0.1/landmark_True/seed_4,new
tc_cox,big_rw,transformer,0.8,0.1,True,3,0.9706944099938505,0.029536412442484877,0.9708117763530691,0.029984934706715607,outputs/tc_cox/big_rw/transformer/lambda_0.8/target_lr_0.1/landmark_True/seed_3,new
tc_cox,big_rw,transformer,0.8,0.1,True,6,0.957706827987732,0.036651182858238096,0.9586551530535932,0.03914601269741448,outputs/tc_cox/big_rw/transformer/lambda_0.8/target_lr_0.1/landmark_True/seed_6,new
tc_cox,big_rw,transformer,0.8,0.1,True,1,0.9755474776420476,0.025788444063351762,0.9772250022400035,0.02515710144112511,outputs/tc_cox/big_rw/transformer/lambda_0.8/target_lr_0.1/landmark_True/seed_1,new
tc_cox,big_rw,transformer,0.8,0.1,True,8,0.9621259543037877,0.039653614507086314,0.9600676075364111,0.040676852584842195,outputs/tc_cox/big_rw/transformer/lambda_0.8/target_lr_0.1/landmark_True/seed_8,new
tc_cox,big_rw,transformer,0.8,0.1,True,9,0.9579475569463547,0.039158777608298265,0.9644712747170534,0.03301419919314627,outputs/tc_cox/big_rw/transformer/lambda_0.8/target_lr_0.1/landmark_True/seed_9,new
tc_cox,big_rw,transformer,0.8,0.1,True,0,0.9567427062039684,0.0376101185263775,0.9566981442488438,0.03607671273760808,outputs/tc_cox/big_rw/transformer/lambda_0.8/target_lr_0.1/landmark_True/seed_0,new
tc_cox,big_rw,transformer,0.8,0.1,True,7,0.9556361787152329,0.041436064254184966,0.9558264593298584,0.04256282177646925,outputs/tc_cox/big_rw/transformer/lambda_0.8/target_lr_0.1/landmark_True/seed_7,new
tc_cox,big_rw,transformer,0.8,0.25,True,10,0.9497689537485347,0.04322027096603629,0.9527355407827832,0.0402988833812204,outputs/tc_cox/big_rw/transformer/lambda_0.8/target_lr_0.25/landmark_True/seed_10,new
tc_cox,big_rw,transformer,0.8,0.25,True,2,0.9691242758752464,0.036971000244309014,0.9693884787323076,0.03791810151596821,outputs/tc_cox/big_rw/transformer/lambda_0.8/target_lr_0.25/landmark_True/seed_2,new
tc_cox,big_rw,transformer,0.8,0.25,True,5,0.9435009601048392,0.041377781690210086,0.9478071979197653,0.0383704969728378,outputs/tc_cox/big_rw/transformer/lambda_0.8/target_lr_0.25/landmark_True/seed_5,new
tc_cox,big_rw,transformer,0.8,0.25,True,4,0.947250417949036,0.03929249397306738,0.9490252899216997,0.03836095317777123,outputs/tc_cox/big_rw/transformer/lambda_0.8/target_lr_0.25/landmark_True/seed_4,new
tc_cox,big_rw,transformer,0.8,0.25,True,3,0.9496638375869036,0.03934680024131857,0.9497477209124601,0.03926671738688703,outputs/tc_cox/big_rw/transformer/lambda_0.8/target_lr_0.25/landmark_True/seed_3,new
tc_cox,big_rw,transformer,0.8,0.25,True,6,0.9656185562544403,0.0332707067900896,0.9658377031447468,0.03480118129173697,outputs/tc_cox/big_rw/transformer/lambda_0.8/target_lr_0.25/landmark_True/seed_6,new
tc_cox,big_rw,transformer,0.8,0.25,True,1,0.9725354848623893,0.02915365407074676,0.9719597722527376,0.029268625720810043,outputs/tc_cox/big_rw/transformer/lambda_0.8/target_lr_0.25/landmark_True/seed_1,new
tc_cox,big_rw,transformer,0.8,0.25,True,8,0.9701117815636434,0.0346932595052155,0.9681369988899852,0.036454240144304956,outputs/tc_cox/big_rw/transformer/lambda_0.8/target_lr_0.25/landmark_True/seed_8,new
tc_cox,big_rw,transformer,0.8,0.25,True,9,0.9531159662883855,0.0404579045319323,0.955768925455194,0.03626324995492093,outputs/tc_cox/big_rw/transformer/lambda_0.8/target_lr_0.25/landmark_True/seed_9,new
tc_cox,big_rw,transformer,0.8,0.25,True,0,0.9421947491726865,0.042824023066298775,0.9454560213364145,0.03987736247489216,outputs/tc_cox/big_rw/transformer/lambda_0.8/target_lr_0.25/landmark_True/seed_0,new
tc_cox,big_rw,transformer,0.8,0.25,True,7,0.9526644044714048,0.04521404998797721,0.9524148700551996,0.04518098177343316,outputs/tc_cox/big_rw/transformer/lambda_0.8/target_lr_0.25/landmark_True/seed_7,new
tc_cox,mimic,transformer,0.5,0.05,False,10,0.3,0.6827326173456325,0.20588235294117646,0.8935351121269051,outputs/tc_cox/mimic/transformer/lambda_0.5/target_lr_0.05/landmark_False/seed_10,new
tc_cox,mimic,transformer,0.5,0.05,False,2,0.07142857142857142,0.6347151661679915,0.20833333333333334,0.7576670575042271,outputs/tc_cox/mimic/transformer/lambda_0.5/target_lr_0.05/landmark_False/seed_2,new
tc_cox,mimic,transformer,0.5,0.05,False,5,0.25,0.7803271843315669,0.16666666666666666,0.6674352996481802,outputs/tc_cox/mimic/transformer/lambda_0.5/target_lr_0.05/landmark_False/seed_5,new
tc_cox,mimic,transformer,0.5,0.05,False,4,0.9473684210526315,0.7408066730952484,0.75,0.6265412557370056,outputs/tc_cox/mimic/transformer/lambda_0.5/target_lr_0.05/landmark_False/seed_4,new
tc_cox,mimic,transformer,0.5,0.05,False,3,0.0625,0.8502346411748138,0.2857142857142857,0.7529629542153907,outputs/tc_cox/mimic/transformer/lambda_0.5/target_lr_0.05/landmark_False/seed_3,new
tc_cox,mimic,transformer,0.5,0.05,False,6,0.45454545454545453,0.7490702190378715,0.5454545454545454,0.7421189860636559,outputs/tc_cox/mimic/transformer/lambda_0.5/target_lr_0.05/landmark_False/seed_6,new
tc_cox,mimic,transformer,0.5,0.05,False,1,0.9375,0.69312036489461,1.0,0.8206307407138976,outputs/tc_cox/mimic/transformer/lambda_0.5/target_lr_0.05/landmark_False/seed_1,new
tc_cox,mimic,transformer,0.5,0.05,False,8,0.5714285714285714,0.7908338742325691,0.5416666666666666,0.7693581673375537,outputs/tc_cox/mimic/transformer/lambda_0.5/target_lr_0.05/landmark_False/seed_8,new
tc_cox,mimic,transformer,0.5,0.05,False,9,1.0,0.8386572266305808,0.42857142857142855,0.6692320850196867,outputs/tc_cox/mimic/transformer/lambda_0.5/target_lr_0.05/landmark_False/seed_9,new
tc_cox,mimic,transformer,0.5,0.05,False,0,0.3181818181818182,0.7312634068310875,0.7142857142857143,0.7343332448312069,outputs/tc_cox/mimic/transformer/lambda_0.5/target_lr_0.05/landmark_False/seed_0,new
tc_cox,mimic,transformer,0.5,0.05,False,7,0.1,0.801419331084616,0.6153846153846154,0.7347696855510932,outputs/tc_cox/mimic/transformer/lambda_0.5/target_lr_0.05/landmark_False/seed_7,new
tc_cox,mimic,transformer,0.5,0.1,False,10,0.4,0.5949539380467878,0.3235294117647059,0.8484188632204145,outputs/tc_cox/mimic/transformer/lambda_0.5/target_lr_0.1/landmark_False/seed_10,new
tc_cox,mimic,transformer,0.5,0.1,False,2,0.14285714285714285,0.5825108948224647,0.20833333333333334,0.700140417840521,outputs/tc_cox/mimic/transformer/lambda_0.5/target_lr_0.1/landmark_False/seed_2,new
tc_cox,mimic,transformer,0.5,0.1,False,5,0.25,0.7263369396241582,0.05555555555555555,0.6125473473620177,outputs/tc_cox/mimic/transformer/lambda_0.5/target_lr_0.1/landmark_False/seed_5,new
tc_cox,mimic,transformer,0.5,0.1,False,4,0.9473684210526315,0.6597725827340093,0.6666666666666666,0.5572658528932557,outputs/tc_cox/mimic/transformer/lambda_0.5/target_lr_0.1/landmark_False/seed_4,new
tc_cox,mimic,transformer,0.5,0.1,False,3,0.1875,0.769705709766219,0.17857142857142858,0.6526750040773639,outputs/tc_cox/mimic/transformer/lambda_0.5/target_lr_0.1/landmark_False/seed_3,new
tc_cox,mimic,transformer,0.5,0.1,False,6,0.4772727272727273,0.6657662550325404,0.6363636363636364,0.6676660308959821,outputs/tc_cox/mimic/transformer/lambda_0.5/target_lr_0.1/landmark_False/seed_6,new
tc_cox,mimic,transformer,0.5,0.1,False,1,0.9375,0.6211692037376827,1.0,0.7718769237472608,outputs/tc_cox/mimic/transformer/lambda_0.5/target_lr_0.1/landmark_False/seed_1,new
tc_cox,mimic,transformer,0.5,0.1,False,8,0.42857142857142855,0.7230834214151405,0.4166666666666667,0.7296369207492567,outputs/tc_cox/mimic/transformer/lambda_0.5/target_lr_0.1/landmark_False/seed_8,new
tc_cox,mimic,transformer,0.5,0.1,False,9,1.0,0.7874232633085456,0.5714285714285714,0.6080958908835441,outputs/tc_cox/mimic/transformer/lambda_0.5/target_lr_0.1/landmark_False/seed_9,new
tc_cox,mimic,transformer,0.5,0.1,False,0,0.2727272727272727,0.6650920259765313,0.6666666666666666,0.6454630731295786,outputs/tc_cox/mimic/transformer/lambda_0.5/target_lr_0.1/landmark_False/seed_0,new
tc_cox,mimic,transformer,0.5,0.1,False,7,0.1,0.7468281043845623,0.6153846153846154,0.670524699369867,outputs/tc_cox/mimic/transformer/lambda_0.5/target_lr_0.1/landmark_False/seed_7,new
tc_cox,mimic,transformer,0.5,0.25,False,10,0.5,0.39623206571398056,0.35294117647058826,0.7597105321297954,outputs/tc_cox/mimic/transformer/lambda_0.5/target_lr_0.25/landmark_False/seed_10,new
tc_cox,mimic,transformer,0.5,0.25,False,2,0.14285714285714285,0.49569348429784216,0.16666666666666666,0.5830547768920561,outputs/tc_cox/mimic/transformer/lambda_0.5/target_lr_0.25/landmark_False/seed_2,new
tc_cox,mimic,transformer,0.5,0.25,False,5,0.5,0.6070843953351615,0.05555555555555555,0.5148576970720795,outputs/tc_cox/mimic/transformer/lambda_0.5/target_lr_0.25/landmark_False/seed_5,new
tc_cox,mimic,transformer,0.5,0.25,False,4,0.9473684210526315,0.43065390267943515,0.6666666666666666,0.38385409148523036,outputs/tc_cox/mimic/transformer/lambda_0.5/target_lr_0.25/landmark_False/seed_4,new
tc_cox,mimic,transformer,0.5,0.25,False,3,0.125,0.5293675419212791,0.17857142857142858,0.4070704572094308,outputs/tc_cox/mimic/transformer/lambda_0.5/target_lr_0.25/landmark_False/seed_3,new
tc_cox,mimic,transformer,0.5,0.25,False,6,0.5454545454545454,0.4441209394722974,0.6363636363636364,0.42942214026911274,outputs/tc_cox/mimic/transformer/lambda_0.5/target_lr_0.25/landmark_False/seed_6,new
tc_cox,mimic,transformer,0.5,0.25,False,1,0.875,0.4111454527329219,1.0,0.6380261219877906,outputs/tc_cox/mimic/transformer/lambda_0.5/target_lr_0.25/landmark_False/seed_1,new
tc_cox,mimic,transformer,0.5,0.25,False,8,0.42857142857142855,0.5960913823722986,0.4166666666666667,0.6681362268045139,outputs/tc_cox/mimic/transformer/lambda_0.5/target_lr_0.25/landmark_False/seed_8,new
tc_cox,mimic,transformer,0.5,0.25,False,9,1.0,0.6518145440571234,0.7142857142857143,0.4851937339460957,outputs/tc_cox/mimic/transformer/lambda_0.5/target_lr_0.25/landmark_False/seed_9,new
tc_cox,mimic,transformer,0.5,0.25,False,0,0.36363636363636365,0.5183538631551597,0.6666666666666666,0.4743928506409119,outputs/tc_cox/mimic/transformer/lambda_0.5/target_lr_0.25/landmark_False/seed_0,new
tc_cox,mimic,transformer,0.5,0.25,False,7,0.0,0.6320932984977063,0.6153846153846154,0.5203349859016951,outputs/tc_cox/mimic/transformer/lambda_0.5/target_lr_0.25/landmark_False/seed_7,new
tc_cox,mimic,transformer,0.95,0.05,False,10,0.6,0.29469626126321025,0.47058823529411764,0.6906754900119798,outputs/tc_cox/mimic/transformer/lambda_0.95/target_lr_0.05/landmark_False/seed_10,new
tc_cox,mimic,transformer,0.95,0.05,False,2,0.0,0.416948823171455,0.16666666666666666,0.5602025789770048,outputs/tc_cox/mimic/transformer/lambda_0.95/target_lr_0.05/landmark_False/seed_2,new
tc_cox,mimic,transformer,0.95,0.05,False,5,1.0,0.48442397584939606,0.2222222222222222,0.4565679088089746,outputs/tc_cox/mimic/transformer/lambda_0.95/target_lr_0.05/landmark_False/seed_5,new
tc_cox,mimic,transformer,0.95,0.05,False,4,0.9473684210526315,0.3976951543012569,0.8333333333333334,0.3187362322434181,outputs/tc_cox/mimic/transformer/lambda_0.95/target_lr_0.05/landmark_False/seed_4,new
tc_cox,mimic,transformer,0.95,0.05,False,3,0.375,0.5286084480466774,0.17857142857142858,0.4175998417478621,outputs/tc_cox/mimic/transformer/lambda_0.95/target_lr_0.05/landmark_False/seed_3,new
tc_cox,mimic,transformer,0.95,0.05,False,6,0.5909090909090909,0.3749565598103585,0.6363636363636364,0.4197184162220968,outputs/tc_cox/mimic/transformer/lambda_0.95/target_lr_0.05/landmark_False/seed_6,new
tc_cox,mimic,transformer,0.95,0.05,False,1,0.75,0.40645598597545496,1.0,0.5957496651623327,outputs/tc_cox/mimic/transformer/lambda_0.95/target_lr_0.05/landmark_False/seed_1,new
tc_cox,mimic,transformer,0.95,0.05,False,8,0.42857142857142855,0.46384063834315403,0.5833333333333334,0.5540398705294913,outputs/tc_cox/mimic/transformer/lambda_0.95/target_lr_0.05/landmark_False/seed_8,new
tc_cox,mimic,transformer,0.95,0.05,False,9,1.0,0.5837081725910029,0.5714285714285714,0.3298069072249111,outputs/tc_cox/mimic/transformer/lambda_0.95/target_lr_0.05/landmark_False/seed_9,new
tc_cox,mimic,transformer,0.95,0.05,False,0,0.2727272727272727,0.4310394707375071,0.47619047619047616,0.3806762627753581,outputs/tc_cox/mimic/transformer/lambda_0.95/target_lr_0.05/landmark_False/seed_0,new
tc_cox,mimic,transformer,0.95,0.05,False,7,0.2,0.6622908840181337,0.6153846153846154,0.5008039997871319,outputs/tc_cox/mimic/transformer/lambda_0.95/target_lr_0.05/landmark_False/seed_7,new
tc_cox,mimic,transformer,0.95,0.1,False,10,0.6,0.11974414806860662,0.47058823529411764,0.6321323143093891,outputs/tc_cox/mimic/transformer/lambda_0.95/target_lr_0.1/landmark_False/seed_10,new
tc_cox,mimic,transformer,0.95,0.1,False,2,0.0,0.3244916614756053,0.08333333333333333,0.38541447547280394,outputs/tc_cox/mimic/transformer/lambda_0.95/target_lr_0.1/landmark_False/seed_2,new
tc_cox,mimic,transformer,0.95,0.1,False,5,0.0,0.34522724665275306,0.3333333333333333,0.4009095596365983,outputs/tc_cox/mimic/transformer/lambda_0.95/target_lr_0.1/landmark_False/seed_5,new
tc_cox,mimic,transformer,0.95,0.1,False,4,0.8947368421052632,0.24640289463579274,1.0,0.16088785969852082,outputs/tc_cox/mimic/transformer/lambda_0.95/target_lr_0.1/landmark_False/seed_4,new
tc_cox,mimic,transformer,0.95,0.1,False,3,0.25,0.26136309034101723,0.21428571428571427,0.1861290404038952,outputs/tc_cox/mimic/transformer/lambda_0.95/target_lr_0.1/landmark_False/seed_3,new
tc_cox,mimic,transformer,0.95,0.1,False,6,0.6590909090909091,0.131854792370543,0.6363636363636364,0.13521573414545507,outputs/tc_cox/mimic/transformer/lambda_0.95/target_lr_0.1/landmark_False/seed_6,new
tc_cox,mimic,transformer,0.95,0.1,False,1,0.875,0.22700968683444903,1.0,0.4362121566750199,outputs/tc_cox/mimic/transformer/lambda_0.95/target_lr_0.1/landmark_False/seed_1,new
tc_cox,mimic,transformer,0.95,0.1,False,8,0.42857142857142855,0.3177194575072905,0.4166666666666667,0.4492097495262433,outputs/tc_cox/mimic/transformer/lambda_0.95/target_lr_0.1/landmark_False/seed_8,new
tc_cox,mimic,transformer,0.95,0.1,False,9,1.0,0.29227666745282876,0.7142857142857143,0.12736154392564486,outputs/tc_cox/mimic/transformer/lambda_0.95/target_lr_0.1/landmark_False/seed_9,new
tc_cox,mimic,transformer,0.95,0.1,False,0,0.3181818181818182,0.3230689860529334,0.5238095238095238,0.17825579997212018,outputs/tc_cox/mimic/transformer/lambda_0.95/target_lr_0.1/landmark_False/seed_0,new
tc_cox,mimic,transformer,0.95,0.1,False,7,0.0,0.5053983365228387,0.6153846153846154,0.32550569016114855,outputs/tc_cox/mimic/transformer/lambda_0.95/target_lr_0.1/landmark_False/seed_7,new
tc_cox,mimic,transformer,0.95,0.25,False,10,0.6,0.11811911632376534,0.4117647058823529,0.6433185364261058,outputs/tc_cox/mimic/transformer/lambda_0.95/target_lr_0.25/landmark_False/seed_10,new
tc_cox,mimic,transformer,0.95,0.25,False,2,0.14285714285714285,0.28537000059417506,0.25,0.3410200481444553,outputs/tc_cox/mimic/transformer/lambda_0.95/target_lr_0.25/landmark_False/seed_2,new
tc_cox,mimic,transformer,0.95,0.25,False,5,0.0,0.26406357490973037,0.2222222222222222,0.38876660814993336,outputs/tc_cox/mimic/transformer/lambda_0.95/target_lr_0.25/landmark_False/seed_5,new
tc_cox,mimic,transformer,0.95,0.25,False,4,0.9473684210526315,0.22750425188928536,0.6666666666666666,0.1962568360315905,outputs/tc_cox/mimic/transformer/lambda_0.95/target_lr_0.25/landmark_False/seed_4,new
tc_cox,mimic,transformer,0.95,0.25,False,3,0.25,0.22739052219770609,0.14285714285714285,0.19871664272951636,outputs/tc_cox/mimic/transformer/lambda_0.95/target_lr_0.25/landmark_False/seed_3,new
tc_cox,mimic,transformer,0.95,0.25,False,6,0.6363636363636364,0.11192259438517047,0.5454545454545454,0.12695866038969278,outputs/tc_cox/mimic/transformer/lambda_0.95/target_lr_0.25/landmark_False/seed_6,new
tc_cox,mimic,transformer,0.95,0.25,False,1,0.875,0.15788107632221376,1.0,0.3664410004438653,outputs/tc_cox/mimic/transformer/lambda_0.95/target_lr_0.25/landmark_False/seed_1,new
tc_cox,mimic,transformer,0.95,0.25,False,8,0.42857142857142855,0.2674168167727853,0.5,0.4005797777701582,outputs/tc_cox/mimic/transformer/lambda_0.95/target_lr_0.25/landmark_False/seed_8,new
tc_cox,mimic,transformer,0.95,0.25,False,9,1.0,0.19654707220347817,0.7142857142857143,0.12146724949784565,outputs/tc_cox/mimic/transformer/lambda_0.95/target_lr_0.25/landmark_False/seed_9,new
tc_cox,mimic,transformer,0.95,0.25,False,0,0.36363636363636365,0.16665133881420757,0.6428571428571429,0.1641528674677384,outputs/tc_cox/mimic/transformer/lambda_0.95/target_lr_0.25/landmark_False/seed_0,new
tc_cox,mimic,transformer,0.95,0.25,False,7,0.0,0.4467558536180468,0.6153846153846154,0.26070702548558866,outputs/tc_cox/mimic/transformer/lambda_0.95/target_lr_0.25/landmark_False/seed_7,new
tc_cox,mimic,transformer,0.1,0.05,False,10,0.35,0.7157998138138048,0.2647058823529412,0.9115735543561757,outputs/tc_cox/mimic/transformer/lambda_0.1/target_lr_0.05/landmark_False/seed_10,new
tc_cox,mimic,transformer,0.1,0.05,False,2,0.5714285714285714,0.6546270094771218,0.5416666666666666,0.7774375191436471,outputs/tc_cox/mimic/transformer/lambda_0.1/target_lr_0.05/landmark_False/seed_2,new
tc_cox,mimic,transformer,0.1,0.05,False,5,0.25,0.8019402722237525,0.05555555555555555,0.6914527742909232,outputs/tc_cox/mimic/transformer/lambda_0.1/target_lr_0.05/landmark_False/seed_5,new
tc_cox,mimic,transformer,0.1,0.05,False,4,0.9473684210526315,0.767411677618907,0.8333333333333334,0.6531000462837319,outputs/tc_cox/mimic/transformer/lambda_0.1/target_lr_0.05/landmark_False/seed_4,new
tc_cox,mimic,transformer,0.1,0.05,False,3,0.375,0.8734779967697892,0.2857142857142857,0.783579329195916,outputs/tc_cox/mimic/transformer/lambda_0.1/target_lr_0.05/landmark_False/seed_3,new
tc_cox,mimic,transformer,0.1,0.05,False,6,0.6363636363636364,0.7811120381269754,0.6818181818181818,0.7667914672796129,outputs/tc_cox/mimic/transformer/lambda_0.1/target_lr_0.05/landmark_False/seed_6,new
tc_cox,mimic,transformer,0.1,0.05,False,1,0.9375,0.7154288156292393,1.0,0.8383505281751799,outputs/tc_cox/mimic/transformer/lambda_0.1/target_lr_0.05/landmark_False/seed_1,new
tc_cox,mimic,transformer,0.1,0.05,False,8,0.35714285714285715,0.819724256208152,0.3333333333333333,0.7874539097891564,outputs/tc_cox/mimic/transformer/lambda_0.1/target_lr_0.05/landmark_False/seed_8,new
tc_cox,mimic,transformer,0.1,0.05,False,9,1.0,0.8579478246306473,0.42857142857142855,0.6934934407733662,outputs/tc_cox/mimic/transformer/lambda_0.1/target_lr_0.05/landmark_False/seed_9,new
tc_cox,mimic,transformer,0.1,0.05,False,0,0.5,0.7586772757239638,0.8333333333333334,0.7740374048857506,outputs/tc_cox/mimic/transformer/lambda_0.1/target_lr_0.05/landmark_False/seed_0,new
tc_cox,mimic,transformer,0.1,0.05,False,7,0.4,0.8237831441797955,0.7307692307692307,0.7602417673343501,outputs/tc_cox/mimic/transformer/lambda_0.1/target_lr_0.05/landmark_False/seed_7,new
tc_cox,mimic,transformer,0.1,0.1,False,10,0.4,0.6792080942329607,0.2647058823529412,0.892070837388639,outputs/tc_cox/mimic/transformer/lambda_0.1/target_lr_0.1/landmark_False/seed_10,new
tc_cox,mimic,transformer,0.1,0.1,False,2,0.14285714285714285,0.6295744678572369,0.125,0.7532883194694935,outputs/tc_cox/mimic/transformer/lambda_0.1/target_lr_0.1/landmark_False/seed_2,new
tc_cox,mimic,transformer,0.1,0.1,False,5,0.25,0.7789826657476929,0.2777777777777778,0.6643325236189832,outputs/tc_cox/mimic/transformer/lambda_0.1/target_lr_0.1/landmark_False/seed_5,new
tc_cox,mimic,transformer,0.1,0.1,False,4,0.9210526315789473,0.7437107256772072,0.8333333333333334,0.6249610258245437,outputs/tc_cox/mimic/transformer/lambda_0.1/target_lr_0.1/landmark_False/seed_4,new
tc_cox,mimic,transformer,0.1,0.1,False,3,0.125,0.8509682792689741,0.10714285714285714,0.753277730322136,outputs/tc_cox/mimic/transformer/lambda_0.1/target_lr_0.1/landmark_False/seed_3,new
tc_cox,mimic,transformer,0.1,0.1,False,6,0.5,0.7468937451093087,0.5454545454545454,0.7412113376727981,outputs/tc_cox/mimic/transformer/lambda_0.1/target_lr_0.1/landmark_False/seed_6,new
tc_cox,mimic,transformer,0.1,0.1,False,1,0.9375,0.6910765626455215,1.0,0.8177597968360666,outputs/tc_cox/mimic/transformer/lambda_0.1/target_lr_0.1/landmark_False/seed_1,new
tc_cox,mimic,transformer,0.1,0.1,False,8,0.42857142857142855,0.7845551470093362,0.4166666666666667,0.7648844081647265,outputs/tc_cox/mimic/transformer/lambda_0.1/target_lr_0.1/landmark_False/seed_8,new
tc_cox,mimic,transformer,0.1,0.1,False,9,1.0,0.8356998853823665,0.7142857142857143,0.6652676693053784,outputs/tc_cox/mimic/transformer/lambda_0.1/target_lr_0.1/landmark_False/seed_9,new
tc_cox,mimic,transformer,0.1,0.1,False,0,0.18181818181818182,0.7272255923401562,0.6190476190476191,0.7273990140162491,outputs/tc_cox/mimic/transformer/lambda_0.1/target_lr_0.1/landmark_False/seed_0,new
tc_cox,mimic,transformer,0.1,0.1,False,7,0.1,0.8010258853732429,0.6538461538461539,0.7312634650463529,outputs/tc_cox/mimic/transformer/lambda_0.1/target_lr_0.1/landmark_False/seed_7,new
tc_cox,mimic,transformer,0.1,0.25,False,10,0.4,0.26279791172445816,0.23529411764705882,0.6540163304011978,outputs/tc_cox/mimic/transformer/lambda_0.1/target_lr_0.25/landmark_False/seed_10,new
tc_cox,mimic,transformer,0.1,0.25,False,2,0.14285714285714285,0.2959341732761804,0.2916666666666667,0.3439186815013025,outputs/tc_cox/mimic/transformer/lambda_0.1/target_lr_0.25/landmark_False/seed_2,new
tc_cox,mimic,transformer,0.1,0.25,False,5,0.0,0.3470368521765438,0.16666666666666666,0.41461191487596727,outputs/tc_cox/mimic/transformer/lambda_0.1/target_lr_0.25/landmark_False/seed_5,new
tc_cox,mimic,transformer,0.1,0.25,False,4,0.868421052631579,0.21914492780753536,0.75,0.21975666449836367,outputs/tc_cox/mimic/transformer/lambda_0.1/target_lr_0.25/landmark_False/seed_4,new
tc_cox,mimic,transformer,0.1,0.25,False,3,0.125,0.28829882501456194,0.10714285714285714,0.30552099403361377,outputs/tc_cox/mimic/transformer/lambda_0.1/target_lr_0.25/landmark_False/seed_3,new
tc_cox,mimic,transformer,0.1,0.25,False,6,0.7727272727272727,0.2830298939296111,0.6818181818181818,0.2675032341103042,outputs/tc_cox/mimic/transformer/lambda_0.1/target_lr_0.25/landmark_False/seed_6,new
tc_cox,mimic,transformer,0.1,0.25,False,1,0.9375,0.2960710921519532,0.9,0.43783453818242735,outputs/tc_cox/mimic/transformer/lambda_0.1/target_lr_0.25/landmark_False/seed_1,new
tc_cox,mimic,transformer,0.1,0.25,False,8,0.5714285714285714,0.3750868484376065,0.375,0.47020342004526705,outputs/tc_cox/mimic/transformer/lambda_0.1/target_lr_0.25/landmark_False/seed_8,new
tc_cox,mimic,transformer,0.1,0.25,False,9,1.0,0.2514553343840883,0.7142857142857143,0.2421312326350672,outputs/tc_cox/mimic/transformer/lambda_0.1/target_lr_0.25/landmark_False/seed_9,new
tc_cox,mimic,transformer,0.1,0.25,False,0,0.22727272727272727,0.3086826314537543,0.5714285714285714,0.2565475863102379,outputs/tc_cox/mimic/transformer/lambda_0.1/target_lr_0.25/landmark_False/seed_0,new
tc_cox,mimic,transformer,0.1,0.25,False,7,0.2,0.5750558004362153,0.6923076923076923,0.3794458610068371,outputs/tc_cox/mimic/transformer/lambda_0.1/target_lr_0.25/landmark_False/seed_7,new
tc_cox,mimic,transformer,0.8,0.05,False,10,0.5,0.56281123618431,0.4411764705882353,0.834619172493579,outputs/tc_cox/mimic/transformer/lambda_0.8/target_lr_0.05/landmark_False/seed_10,new
tc_cox,mimic,transformer,0.8,0.05,False,2,0.14285714285714285,0.5677078600086389,0.25,0.6866360921623905,outputs/tc_cox/mimic/transformer/lambda_0.8/target_lr_0.05/landmark_False/seed_2,new
tc_cox,mimic,transformer,0.8,0.05,False,5,0.5,0.7084538308370208,0.05555555555555555,0.606521898695591,outputs/tc_cox/mimic/transformer/lambda_0.8/target_lr_0.05/landmark_False/seed_5,new
tc_cox,mimic,transformer,0.8,0.05,False,4,0.9473684210526315,0.6628837899326778,0.8333333333333334,0.5480824296752249,outputs/tc_cox/mimic/transformer/lambda_0.8/target_lr_0.05/landmark_False/seed_4,new
tc_cox,mimic,transformer,0.8,0.05,False,3,0.3125,0.7026806465970887,0.21428571428571427,0.6188598442160388,outputs/tc_cox/mimic/transformer/lambda_0.8/target_lr_0.05/landmark_False/seed_3,new
tc_cox,mimic,transformer,0.8,0.05,False,6,0.5227272727272727,0.6576968882295502,0.5909090909090909,0.6675751529971887,outputs/tc_cox/mimic/transformer/lambda_0.8/target_lr_0.05/landmark_False/seed_6,new
tc_cox,mimic,transformer,0.8,0.05,False,1,0.8125,0.6357484365030953,1.0,0.7738404077819194,outputs/tc_cox/mimic/transformer/lambda_0.8/target_lr_0.05/landmark_False/seed_1,new
tc_cox,mimic,transformer,0.8,0.05,False,8,0.42857142857142855,0.7107225716970021,0.4583333333333333,0.7206746171500907,outputs/tc_cox/mimic/transformer/lambda_0.8/target_lr_0.05/landmark_False/seed_8,new
tc_cox,mimic,transformer,0.8,0.05,False,9,1.0,0.7783128812553001,0.5714285714285714,0.5994255479564563,outputs/tc_cox/mimic/transformer/lambda_0.8/target_lr_0.05/landmark_False/seed_9,new
tc_cox,mimic,transformer,0.8,0.05,False,0,0.3181818181818182,0.6563974210270158,0.6666666666666666,0.6300510639324589,outputs/tc_cox/mimic/transformer/lambda_0.8/target_lr_0.05/landmark_False/seed_0,new
tc_cox,mimic,transformer,0.8,0.05,False,7,0.0,0.7575993573253531,0.6153846153846154,0.6755583778327857,outputs/tc_cox/mimic/transformer/lambda_0.8/target_lr_0.05/landmark_False/seed_7,new
tc_cox,mimic,transformer,0.8,0.1,False,10,0.5,0.3983830616336161,0.5294117647058824,0.7522750308173396,outputs/tc_cox/mimic/transformer/lambda_0.8/target_lr_0.1/landmark_False/seed_10,new
tc_cox,mimic,transformer,0.8,0.1,False,2,0.14285714285714285,0.4809687001807263,0.20833333333333334,0.601640463639366,outputs/tc_cox/mimic/transformer/lambda_0.8/target_lr_0.1/landmark_False/seed_2,new
tc_cox,mimic,transformer,0.8,0.1,False,5,0.0,0.6115878459828314,0.0,0.5239165519124438,outputs/tc_cox/mimic/transformer/lambda_0.8/target_lr_0.1/landmark_False/seed_5,new
tc_cox,mimic,transformer,0.8,0.1,False,4,0.9473684210526315,0.5318235106339201,0.8333333333333334,0.42536307324944483,outputs/tc_cox/mimic/transformer/lambda_0.8/target_lr_0.1/landmark_False/seed_4,new
tc_cox,mimic,transformer,0.8,0.1,False,3,0.25,0.571164374247058,0.21428571428571427,0.44998097384575586,outputs/tc_cox/mimic/transformer/lambda_0.8/target_lr_0.1/landmark_False/seed_3,new
tc_cox,mimic,transformer,0.8,0.1,False,6,0.4090909090909091,0.5040137487642902,0.6363636363636364,0.5263090867260857,outputs/tc_cox/mimic/transformer/lambda_0.8/target_lr_0.1/landmark_False/seed_6,new
tc_cox,mimic,transformer,0.8,0.1,False,1,0.875,0.514967531681605,1.0,0.6953027765697352,outputs/tc_cox/mimic/transformer/lambda_0.8/target_lr_0.1/landmark_False/seed_1,new
tc_cox,mimic,transformer,0.8,0.1,False,8,0.42857142857142855,0.5762754052900723,0.375,0.6448536722373021,outputs/tc_cox/mimic/transformer/lambda_0.8/target_lr_0.1/landmark_False/seed_8,new
tc_cox,mimic,transformer,0.8,0.1,False,9,1.0,0.6830707205915816,0.7142857142857143,0.4952418928939118,outputs/tc_cox/mimic/transformer/lambda_0.8/target_lr_0.1/landmark_False/seed_9,new
tc_cox,mimic,transformer,0.8,0.1,False,0,0.3181818181818182,0.5278129866270479,0.6666666666666666,0.4612475274431198,outputs/tc_cox/mimic/transformer/lambda_0.8/target_lr_0.1/landmark_False/seed_0,new
tc_cox,mimic,transformer,0.8,0.1,False,7,0.0,0.6662850655384527,0.6153846153846154,0.5667534281193833,outputs/tc_cox/mimic/transformer/lambda_0.8/target_lr_0.1/landmark_False/seed_7,new
tc_cox,mimic,transformer,0.8,0.25,False,10,0.5,0.325078052149148,0.47058823529411764,0.7156958231387428,outputs/tc_cox/mimic/transformer/lambda_0.8/target_lr_0.25/landmark_False/seed_10,new
tc_cox,mimic,transformer,0.8,0.25,False,2,0.14285714285714285,0.44795377708263967,0.25,0.5544380151787871,outputs/tc_cox/mimic/transformer/lambda_0.8/target_lr_0.25/landmark_False/seed_2,new
tc_cox,mimic,transformer,0.8,0.25,False,5,0.0,0.5605878979582055,0.05555555555555555,0.495777529306419,outputs/tc_cox/mimic/transformer/lambda_0.8/target_lr_0.25/landmark_False/seed_5,new
tc_cox,mimic,transformer,0.8,0.25,False,4,0.9473684210526315,0.4507652715292269,0.8333333333333334,0.33850237580742953,outputs/tc_cox/mimic/transformer/lambda_0.8/target_lr_0.25/landmark_False/seed_4,new
tc_cox,mimic,transformer,0.8,0.25,False,3,0.25,0.5226286445338533,0.21428571428571427,0.35840247839044864,outputs/tc_cox/mimic/transformer/lambda_0.8/target_lr_0.25/landmark_False/seed_3,new
tc_cox,mimic,transformer,0.8,0.25,False,6,0.45454545454545453,0.40930856452652525,0.6363636363636364,0.4569907891135889,outputs/tc_cox/mimic/transformer/lambda_0.8/target_lr_0.25/landmark_False/seed_6,new
tc_cox,mimic,transformer,0.8,0.25,False,1,0.875,0.4239271126599764,1.0,0.648270472016618,outputs/tc_cox/mimic/transformer/lambda_0.8/target_lr_0.25/landmark_False/seed_1,new
tc_cox,mimic,transformer,0.8,0.25,False,8,0.42857142857142855,0.5131155793423305,0.4583333333333333,0.6167120952458679,outputs/tc_cox/mimic/transformer/lambda_0.8/target_lr_0.25/landmark_False/seed_8,new
tc_cox,mimic,transformer,0.8,0.25,False,9,1.0,0.6255856883356786,0.7142857142857143,0.43641181709425875,outputs/tc_cox/mimic/transformer/lambda_0.8/target_lr_0.25/landmark_False/seed_9,new
tc_cox,mimic,transformer,0.8,0.25,False,0,0.36363636363636365,0.45865218903412497,0.6666666666666666,0.372597331744715,outputs/tc_cox/mimic/transformer/lambda_0.8/target_lr_0.25/landmark_False/seed_0,new
tc_cox,mimic,transformer,0.8,0.25,False,7,0.0,0.6114148967016338,0.6153846153846154,0.49833084284251533,outputs/tc_cox/mimic/transformer/lambda_0.8/target_lr_0.25/landmark_False/seed_7,new
tc_cox,nasa,transformer,0.5,0.05,False,10,0.4889380530973451,0.6507585322450572,0.4808510638297872,0.5514003981241814,outputs/tc_cox/nasa/transformer/lambda_0.5/target_lr_0.05/landmark_False/seed_10,new
tc_cox,nasa,transformer,0.5,0.05,False,2,0.6240458015267175,0.5543923132891874,0.5019230769230769,0.6285890242024986,outputs/tc_cox/nasa/transformer/lambda_0.5/target_lr_0.05/landmark_False/seed_2,new
tc_cox,nasa,transformer,0.5,0.05,False,5,0.5437262357414449,0.6479107251020236,0.4233576642335766,0.5685987421572609,outputs/tc_cox/nasa/transformer/lambda_0.5/target_lr_0.05/landmark_False/seed_5,new
tc_cox,nasa,transformer,0.5,0.05,False,4,0.36538461538461536,0.6500917737817747,0.46638655462184875,0.5744799300884719,outputs/tc_cox/nasa/transformer/lambda_0.5/target_lr_0.05/landmark_False/seed_4,new
tc_cox,nasa,transformer,0.5,0.05,False,3,0.68359375,0.67360984060916,0.484251968503937,0.6434799825586996,outputs/tc_cox/nasa/transformer/lambda_0.5/target_lr_0.05/landmark_False/seed_3,new
tc_cox,nasa,transformer,0.5,0.05,False,6,0.48523206751054854,0.5462934165885313,0.5443262411347518,0.7021789966586857,outputs/tc_cox/nasa/transformer/lambda_0.5/target_lr_0.05/landmark_False/seed_6,new
tc_cox,nasa,transformer,0.5,0.05,False,1,0.5387323943661971,0.5538955630592212,0.4524793388429752,0.6179999931536014,outputs/tc_cox/nasa/transformer/lambda_0.5/target_lr_0.05/landmark_False/seed_1,new
tc_cox,nasa,transformer,0.5,0.05,False,8,0.512396694214876,0.6396874439926344,0.40192307692307694,0.6289660147250147,outputs/tc_cox/nasa/transformer/lambda_0.5/target_lr_0.05/landmark_False/seed_8,new
tc_cox,nasa,transformer,0.5,0.05,False,9,0.5464135021097046,0.6219726981418435,0.5205223880597015,0.5478428121291007,outputs/tc_cox/nasa/transformer/lambda_0.5/target_lr_0.05/landmark_False/seed_9,new
tc_cox,nasa,transformer,0.5,0.05,False,0,0.5273972602739726,0.5226124269857857,0.5586080586080586,0.582278465376293,outputs/tc_cox/nasa/transformer/lambda_0.5/target_lr_0.05/landmark_False/seed_0,new
tc_cox,nasa,transformer,0.5,0.05,False,7,0.49523809523809526,0.645757417928739,0.4648148148148148,0.587840714328963,outputs/tc_cox/nasa/transformer/lambda_0.5/target_lr_0.05/landmark_False/seed_7,new
tc_cox,nasa,transformer,0.5,0.1,False,10,0.4911504424778761,0.5581218277314578,0.4553191489361702,0.4785931871469206,outputs/tc_cox/nasa/transformer/lambda_0.5/target_lr_0.1/landmark_False/seed_10,new
tc_cox,nasa,transformer,0.5,0.1,False,2,0.6393129770992366,0.48383678577558886,0.5134615384615384,0.5444913651528661,outputs/tc_cox/nasa/transformer/lambda_0.5/target_lr_0.1/landmark_False/seed_2,new
tc_cox,nasa,transformer,0.5,0.1,False,5,0.5608365019011406,0.5666266984517536,0.3795620437956204,0.49480220407894665,outputs/tc_cox/nasa/transformer/lambda_0.5/target_lr_0.1/landmark_False/seed_5,new
tc_cox,nasa,transformer,0.5,0.1,False,4,0.36324786324786323,0.5572986658777894,0.46638655462184875,0.49525257148246216,outputs/tc_cox/nasa/transformer/lambda_0.5/target_lr_0.1/landmark_False/seed_4,new
tc_cox,nasa,transformer,0.5,0.1,False,3,0.671875,0.5778347292305509,0.4645669291338583,0.5569558579564854,outputs/tc_cox/nasa/transformer/lambda_0.5/target_lr_0.1/landmark_False/seed_3,new
tc_cox,nasa,transformer,0.5,0.1,False,6,0.45147679324894513,0.47257450720072597,0.5407801418439716,0.6053475987513535,outputs/tc_cox/nasa/transformer/lambda_0.5/target_lr_0.1/landmark_False/seed_6,new
tc_cox,nasa,transformer,0.5,0.1,False,1,0.5158450704225352,0.47703069437592044,0.609504132231405,0.528584221116246,outputs/tc_cox/nasa/transformer/lambda_0.5/target_lr_0.1/landmark_False/seed_1,new
tc_cox,nasa,transformer,0.5,0.1,False,8,0.46487603305785125,0.5554523907924204,0.3730769230769231,0.548477195437288,outputs/tc_cox/nasa/transformer/lambda_0.5/target_lr_0.1/landmark_False/seed_8,new
tc_cox,nasa,transformer,0.5,0.1,False,9,0.5274261603375527,0.5336523793223237,0.5093283582089553,0.47597968086726206,outputs/tc_cox/nasa/transformer/lambda_0.5/target_lr_0.1/landmark_False/seed_9,new
tc_cox,nasa,transformer,0.5,0.1,False,0,0.5388127853881278,0.4527790307753709,0.575091575091575,0.5064843890751096,outputs/tc_cox/nasa/transformer/lambda_0.5/target_lr_0.1/landmark_False/seed_0,new
tc_cox,nasa,transformer,0.5,0.1,False,7,0.48333333333333334,0.5658176128377933,0.4537037037037037,0.5210996246349655,outputs/tc_cox/nasa/transformer/lambda_0.5/target_lr_0.1/landmark_False/seed_7,new
tc_cox,nasa,transformer,0.5,0.25,False,10,0.4690265486725664,0.38519323857521165,0.46170212765957447,0.343606323085836,outputs/tc_cox/nasa/transformer/lambda_0.5/target_lr_0.25/landmark_False/seed_10,new
tc_cox,nasa,transformer,0.5,0.25,False,2,0.6087786259541985,0.33913020585282444,0.5384615384615384,0.37597614737729634,outputs/tc_cox/nasa/transformer/lambda_0.5/target_lr_0.25/landmark_False/seed_2,new
tc_cox,nasa,transformer,0.5,0.25,False,5,0.5608365019011406,0.41688418249507253,0.36313868613138683,0.3706343616592265,outputs/tc_cox/nasa/transformer/lambda_0.5/target_lr_0.25/landmark_False/seed_5,new
tc_cox,nasa,transformer,0.5,0.25,False,4,0.3803418803418803,0.38470990309948666,0.48739495798319327,0.3412545374129442,outputs/tc_cox/nasa/transformer/lambda_0.5/target_lr_0.25/landmark_False/seed_4,new
tc_cox,nasa,transformer,0.5,0.25,False,3,0.671875,0.3910303103944124,0.4645669291338583,0.39216706207451724,outputs/tc_cox/nasa/transformer/lambda_0.5/target_lr_0.25/landmark_False/seed_3,new
tc_cox,nasa,transformer,0.5,0.25,False,6,0.4704641350210971,0.33030377074838096,0.5549645390070922,0.40773377988441717,outputs/tc_cox/nasa/transformer/lambda_0.5/target_lr_0.25/landmark_False/seed_6,new
tc_cox,nasa,transformer,0.5,0.25,False,1,0.4964788732394366,0.31725088311458777,0.5991735537190083,0.3383110390505999,outputs/tc_cox/nasa/transformer/lambda_0.5/target_lr_0.25/landmark_False/seed_1,new
tc_cox,nasa,transformer,0.5,0.25,False,8,0.4669421487603306,0.3866119364130001,0.37884615384615383,0.3893626855936154,outputs/tc_cox/nasa/transformer/lambda_0.5/target_lr_0.25/landmark_False/seed_8,new
tc_cox,nasa,transformer,0.5,0.25,False,9,0.5295358649789029,0.3649520662747546,0.5186567164179104,0.33769831065746836,outputs/tc_cox/nasa/transformer/lambda_0.5/target_lr_0.25/landmark_False/seed_9,new
tc_cox,nasa,transformer,0.5,0.25,False,0,0.54337899543379,0.31643363384586315,0.5787545787545788,0.35977768654289227,outputs/tc_cox/nasa/transformer/lambda_0.5/target_lr_0.25/landmark_False/seed_0,new
tc_cox,nasa,transformer,0.5,0.25,False,7,0.4666666666666667,0.42793147289847383,0.45925925925925926,0.40474273819632345,outputs/tc_cox/nasa/transformer/lambda_0.5/target_lr_0.25/landmark_False/seed_7,new
tc_cox,nasa,transformer,0.95,0.05,False,10,0.5376106194690266,0.30056217519672257,0.5063829787234042,0.27349149118576,outputs/tc_cox/nasa/transformer/lambda_0.95/target_lr_0.05/landmark_False/seed_10,new
tc_cox,nasa,transformer,0.95,0.05,False,2,0.6469465648854962,0.2150211353226175,0.5615384615384615,0.21553594853842,outputs/tc_cox/nasa/transformer/lambda_0.95/target_lr_0.05/landmark_False/seed_2,new
tc_cox,nasa,transformer,0.95,0.05,False,5,0.6026615969581749,0.30383924809399104,0.4306569343065693,0.2459811508155695,outputs/tc_cox/nasa/transformer/lambda_0.95/target_lr_0.05/landmark_False/seed_5,new
tc_cox,nasa,transformer,0.95,0.05,False,4,0.42735042735042733,0.23577431197327312,0.4852941176470588,0.2207482888681304,outputs/tc_cox/nasa/transformer/lambda_0.95/target_lr_0.05/landmark_False/seed_4,new
tc_cox,nasa,transformer,0.95,0.05,False,3,0.6875,0.28893942803114636,0.4822834645669291,0.2996091171433922,outputs/tc_cox/nasa/transformer/lambda_0.95/target_lr_0.05/landmark_False/seed_3,new
tc_cox,nasa,transformer,0.95,0.05,False,6,0.4050632911392405,0.2511325428347264,0.5691489361702128,0.31852909493874465,outputs/tc_cox/nasa/transformer/lambda_0.95/target_lr_0.05/landmark_False/seed_6,new
tc_cox,nasa,transformer,0.95,0.05,False,1,0.5299295774647887,0.2301350421742163,0.5619834710743802,0.24332873215992573,outputs/tc_cox/nasa/transformer/lambda_0.95/target_lr_0.05/landmark_False/seed_1,new
tc_cox,nasa,transformer,0.95,0.05,False,8,0.5371900826446281,0.29665819209761957,0.4096153846153846,0.3057609446436678,outputs/tc_cox/nasa/transformer/lambda_0.95/target_lr_0.05/landmark_False/seed_8,new
tc_cox,nasa,transformer,0.95,0.05,False,9,0.5738396624472574,0.2388978762554632,0.5186567164179104,0.2394871234583012,outputs/tc_cox/nasa/transformer/lambda_0.95/target_lr_0.05/landmark_False/seed_9,new
tc_cox,nasa,transformer,0.95,0.05,False,0,0.541095890410959,0.2125286658328886,0.554945054945055,0.246357066569074,outputs/tc_cox/nasa/transformer/lambda_0.95/target_lr_0.05/landmark_False/seed_0,new
tc_cox,nasa,transformer,0.95,0.05,False,7,0.5,0.26604658234132883,0.46296296296296297,0.27291884178590514,outputs/tc_cox/nasa/transformer/lambda_0.95/target_lr_0.05/landmark_False/seed_7,new
tc_cox,nasa,transformer,0.95,0.1,False,10,0.5132743362831859,0.14340184490138272,0.5234042553191489,0.15273142368296944,outputs/tc_cox/nasa/transformer/lambda_0.95/target_lr_0.1/landmark_False/seed_10,new
tc_cox,nasa,transformer,0.95,0.1,False,2,0.6259541984732825,0.13370557108306816,0.5403846153846154,0.13540827588508664,outputs/tc_cox/nasa/transformer/lambda_0.95/target_lr_0.1/landmark_False/seed_2,new
tc_cox,nasa,transformer,0.95,0.1,False,5,0.5418250950570342,0.1352580264377603,0.4197080291970803,0.1555339472898618,outputs/tc_cox/nasa/transformer/lambda_0.95/target_lr_0.1/landmark_False/seed_5,new
tc_cox,nasa,transformer,0.95,0.1,False,4,0.4017094017094017,0.13820791308542496,0.5462184873949579,0.11271625365166284,outputs/tc_cox/nasa/transformer/lambda_0.95/target_lr_0.1/landmark_False/seed_4,new
tc_cox,nasa,transformer,0.95,0.1,False,3,0.66796875,0.11683620948008239,0.49015748031496065,0.154591063111028,outputs/tc_cox/nasa/transformer/lambda_0.95/target_lr_0.1/landmark_False/seed_3,new
tc_cox,nasa,transformer,0.95,0.1,False,6,0.4177215189873418,0.1376791500243028,0.5780141843971631,0.12367297709725072,outputs/tc_cox/nasa/transformer/lambda_0.95/target_lr_0.1/landmark_False/seed_6,new
tc_cox,nasa,transformer,0.95,0.1,False,1,0.4735915492957746,0.11826290788095974,0.5289256198347108,0.11154474987340685,outputs/tc_cox/nasa/transformer/lambda_0.95/target_lr_0.1/landmark_False/seed_1,new
tc_cox,nasa,transformer,0.95,0.1,False,8,0.5888429752066116,0.13794106017487145,0.3942307692307692,0.16726387863074949,outputs/tc_cox/nasa/transformer/lambda_0.95/target_lr_0.1/landmark_False/seed_8,new
tc_cox,nasa,transformer,0.95,0.1,False,9,0.510548523206751,0.11521912325038776,0.5111940298507462,0.14470846027432166,outputs/tc_cox/nasa/transformer/lambda_0.95/target_lr_0.1/landmark_False/seed_9,new
tc_cox,nasa,transformer,0.95,0.1,False,0,0.5525114155251142,0.117084948471037,0.5659340659340659,0.13433074249074367,outputs/tc_cox/nasa/transformer/lambda_0.95/target_lr_0.1/landmark_False/seed_0,new
tc_cox,nasa,transformer,0.95,0.1,False,7,0.4880952380952381,0.1285986559128444,0.4722222222222222,0.15774300867150032,outputs/tc_cox/nasa/transformer/lambda_0.95/target_lr_0.1/landmark_False/seed_7,new
tc_cox,nasa,transformer,0.95,0.25,False,10,0.5110619469026548,0.16138212718439235,0.5340425531914894,0.16716026098640113,outputs/tc_cox/nasa/transformer/lambda_0.95/target_lr_0.25/landmark_False/seed_10,new
tc_cox,nasa,transformer,0.95,0.25,False,2,0.6335877862595419,0.15585518154860592,0.5634615384615385,0.15786379499328718,outputs/tc_cox/nasa/transformer/lambda_0.95/target_lr_0.25/landmark_False/seed_2,new
tc_cox,nasa,transformer,0.95,0.25,False,5,0.564638783269962,0.16347192873364944,0.41058394160583944,0.19609475057559114,outputs/tc_cox/nasa/transformer/lambda_0.95/target_lr_0.25/landmark_False/seed_5,new
tc_cox,nasa,transformer,0.95,0.25,False,4,0.38247863247863245,0.1686507905756771,0.5546218487394958,0.14608940975768364,outputs/tc_cox/nasa/transformer/lambda_0.95/target_lr_0.25/landmark_False/seed_4,new
tc_cox,nasa,transformer,0.95,0.25,False,3,0.6796875,0.13652693786913858,0.4704724409448819,0.17420281924006153,outputs/tc_cox/nasa/transformer/lambda_0.95/target_lr_0.25/landmark_False/seed_3,new
tc_cox,nasa,transformer,0.95,0.25,False,6,0.41561181434599154,0.18554256254526272,0.5514184397163121,0.14481315225756655,outputs/tc_cox/nasa/transformer/lambda_0.95/target_lr_0.25/landmark_False/seed_6,new
tc_cox,nasa,transformer,0.95,0.25,False,1,0.47183098591549294,0.15629061714975812,0.5227272727272727,0.14712161701491008,outputs/tc_cox/nasa/transformer/lambda_0.95/target_lr_0.25/landmark_False/seed_1,new
tc_cox,nasa,transformer,0.95,0.25,False,8,0.6157024793388429,0.14806215166712533,0.4,0.17716415756330461,outputs/tc_cox/nasa/transformer/lambda_0.95/target_lr_0.25/landmark_False/seed_8,new
tc_cox,nasa,transformer,0.95,0.25,False,9,0.5506329113924051,0.1467423593084133,0.5093283582089553,0.17644928637238305,outputs/tc_cox/nasa/transformer/lambda_0.95/target_lr_0.25/landmark_False/seed_9,new
tc_cox,nasa,transformer,0.95,0.25,False,0,0.5639269406392694,0.14111435757146515,0.5824175824175825,0.1569449964245715,outputs/tc_cox/nasa/transformer/lambda_0.95/target_lr_0.25/landmark_False/seed_0,new
tc_cox,nasa,transformer,0.95,0.25,False,7,0.5071428571428571,0.15823503276566614,0.45185185185185184,0.1827499970736692,outputs/tc_cox/nasa/transformer/lambda_0.95/target_lr_0.25/landmark_False/seed_7,new
tc_cox,nasa,transformer,0.1,0.05,False,10,0.47345132743362833,0.687086758301811,0.4106382978723404,0.5801175196913879,outputs/tc_cox/nasa/transformer/lambda_0.1/target_lr_0.05/landmark_False/seed_10,new
tc_cox,nasa,transformer,0.1,0.05,False,2,0.6221374045801527,0.5828573610901306,0.5134615384615384,0.6632290575344119,outputs/tc_cox/nasa/transformer/lambda_0.1/target_lr_0.05/landmark_False/seed_2,new
tc_cox,nasa,transformer,0.1,0.05,False,5,0.5836501901140685,0.6776882053178388,0.4744525547445255,0.5966226749420176,outputs/tc_cox/nasa/transformer/lambda_0.1/target_lr_0.05/landmark_False/seed_5,new
tc_cox,nasa,transformer,0.1,0.05,False,4,0.41025641025641024,0.6845628091815993,0.4642857142857143,0.603271082452126,outputs/tc_cox/nasa/transformer/lambda_0.1/target_lr_0.05/landmark_False/seed_4,new
tc_cox,nasa,transformer,0.1,0.05,False,3,0.673828125,0.7083639902784628,0.43503937007874016,0.6749894101050865,outputs/tc_cox/nasa/transformer/lambda_0.1/target_lr_0.05/landmark_False/seed_3,new
tc_cox,nasa,transformer,0.1,0.05,False,6,0.4578059071729958,0.5739158753377347,0.5230496453900709,0.7378038823055872,outputs/tc_cox/nasa/transformer/lambda_0.1/target_lr_0.05/landmark_False/seed_6,new
tc_cox,nasa,transformer,0.1,0.05,False,1,0.5563380281690141,0.581922808464979,0.47520661157024796,0.6502843790554289,outputs/tc_cox/nasa/transformer/lambda_0.1/target_lr_0.05/landmark_False/seed_1,new
tc_cox,nasa,transformer,0.1,0.05,False,8,0.4772727272727273,0.673668083547851,0.39615384615384613,0.6616280018740553,outputs/tc_cox/nasa/transformer/lambda_0.1/target_lr_0.05/landmark_False/seed_8,new
tc_cox,nasa,transformer,0.1,0.05,False,9,0.46835443037974683,0.6561978786651956,0.5149253731343284,0.5754948185512004,outputs/tc_cox/nasa/transformer/lambda_0.1/target_lr_0.05/landmark_False/seed_9,new
tc_cox,nasa,transformer,0.1,0.05,False,0,0.5388127853881278,0.5497375486280067,0.5824175824175825,0.6116471651981013,outputs/tc_cox/nasa/transformer/lambda_0.1/target_lr_0.05/landmark_False/seed_0,new
tc_cox,nasa,transformer,0.1,0.05,False,7,0.4595238095238095,0.6797741663860024,0.44814814814814813,0.6158552756362848,outputs/tc_cox/nasa/transformer/lambda_0.1/target_lr_0.05/landmark_False/seed_7,new
tc_cox,nasa,transformer,0.1,0.1,False,10,0.4823008849557522,0.6491738881093407,0.44468085106382976,0.5504216599328882,outputs/tc_cox/nasa/transformer/lambda_0.1/target_lr_0.1/landmark_False/seed_10,new
tc_cox,nasa,transformer,0.1,0.1,False,2,0.6297709923664122,0.5503728315103291,0.5057692307692307,0.62307673426217,outputs/tc_cox/nasa/transformer/lambda_0.1/target_lr_0.1/landmark_False/seed_2,new
tc_cox,nasa,transformer,0.1,0.1,False,5,0.591254752851711,0.6418632466717833,0.4124087591240876,0.5619805297125056,outputs/tc_cox/nasa/transformer/lambda_0.1/target_lr_0.1/landmark_False/seed_5,new
tc_cox,nasa,transformer,0.1,0.1,False,4,0.33760683760683763,0.6465352513965531,0.49789915966386555,0.5718574047822943,outputs/tc_cox/nasa/transformer/lambda_0.1/target_lr_0.1/landmark_False/seed_4,new
tc_cox,nasa,transformer,0.1,0.1,False,3,0.6484375,0.6693368186985038,0.4625984251968504,0.6391779303533196,outputs/tc_cox/nasa/transformer/lambda_0.1/target_lr_0.1/landmark_False/seed_3,new
tc_cox,nasa,transformer,0.1,0.1,False,6,0.4704641350210971,0.5413404683761837,0.5531914893617021,0.6961609626645568,outputs/tc_cox/nasa/transformer/lambda_0.1/target_lr_0.1/landmark_False/seed_6,new
tc_cox,nasa,transformer,0.1,0.1,False,1,0.4964788732394366,0.5485624264107174,0.5247933884297521,0.6120122657791369,outputs/tc_cox/nasa/transformer/lambda_0.1/target_lr_0.1/landmark_False/seed_1,new
tc_cox,nasa,transformer,0.1,0.1,False,8,0.47520661157024796,0.6357582653715624,0.40384615384615385,0.625127085171044,outputs/tc_cox/nasa/transformer/lambda_0.1/target_lr_0.1/landmark_False/seed_8,new
tc_cox,nasa,transformer,0.1,0.1,False,9,0.5168776371308017,0.6194523026141772,0.5149253731343284,0.5458069354302957,outputs/tc_cox/nasa/transformer/lambda_0.1/target_lr_0.1/landmark_False/seed_9,new
tc_cox,nasa,transformer,0.1,0.1,False,0,0.545662100456621,0.5209782705205035,0.5805860805860806,0.5806823741350197,outputs/tc_cox/nasa/transformer/lambda_0.1/target_lr_0.1/landmark_False/seed_0,new
tc_cox,nasa,transformer,0.1,0.1,False,7,0.46904761904761905,0.6424343743808735,0.43703703703703706,0.5854187207299135,outputs/tc_cox/nasa/transformer/lambda_0.1/target_lr_0.1/landmark_False/seed_7,new
tc_cox,nasa,transformer,0.1,0.25,False,10,0.47123893805309736,0.28798302286647665,0.451063829787234,0.2684894475582246,outputs/tc_cox/nasa/transformer/lambda_0.1/target_lr_0.25/landmark_False/seed_10,new
tc_cox,nasa,transformer,0.1,0.25,False,2,0.6393129770992366,0.24674803498731038,0.49230769230769234,0.2637781293870068,outputs/tc_cox/nasa/transformer/lambda_0.1/target_lr_0.25/landmark_False/seed_2,new
tc_cox,nasa,transformer,0.1,0.25,False,5,0.564638783269962,0.33607345857468723,0.3813868613138686,0.32963113557041934,outputs/tc_cox/nasa/transformer/lambda_0.1/target_lr_0.25/landmark_False/seed_5,new
tc_cox,nasa,transformer,0.1,0.25,False,4,0.39316239316239315,0.25122693523029427,0.5567226890756303,0.23939632870481764,outputs/tc_cox/nasa/transformer/lambda_0.1/target_lr_0.25/landmark_False/seed_4,new
tc_cox,nasa,transformer,0.1,0.25,False,3,0.701171875,0.3423125892722918,0.49015748031496065,0.3468549989983618,outputs/tc_cox/nasa/transformer/lambda_0.1/target_lr_0.25/landmark_False/seed_3,new
tc_cox,nasa,transformer,0.1,0.25,False,6,0.4704641350210971,0.27507059541781137,0.5514184397163121,0.2860388672739772,outputs/tc_cox/nasa/transformer/lambda_0.1/target_lr_0.25/landmark_False/seed_6,new
tc_cox,nasa,transformer,0.1,0.25,False,1,0.477112676056338,0.23168119359723763,0.6012396694214877,0.22387441528954705,outputs/tc_cox/nasa/transformer/lambda_0.1/target_lr_0.25/landmark_False/seed_1,new
tc_cox,nasa,transformer,0.1,0.25,False,8,0.45661157024793386,0.6690229216458152,0.375,0.6571544294805315,outputs/tc_cox/nasa/transformer/lambda_0.1/target_lr_0.25/landmark_False/seed_8,new
tc_cox,nasa,transformer,0.1,0.25,False,9,0.5084388185654009,0.2538748623520394,0.5018656716417911,0.26226630194100753,outputs/tc_cox/nasa/transformer/lambda_0.1/target_lr_0.25/landmark_False/seed_9,new
tc_cox,nasa,transformer,0.1,0.25,False,0,0.6027397260273972,0.31708548164432404,0.5494505494505495,0.3581124719382716,outputs/tc_cox/nasa/transformer/lambda_0.1/target_lr_0.25/landmark_False/seed_0,new
tc_cox,nasa,transformer,0.1,0.25,False,7,0.4857142857142857,0.2997234014446932,0.42777777777777776,0.29697710148610545,outputs/tc_cox/nasa/transformer/lambda_0.1/target_lr_0.25/landmark_False/seed_7,new
tc_cox,nasa,transformer,0.8,0.05,False,10,0.49336283185840707,0.5503505353086351,0.4319148936170213,0.47203587985372036,outputs/tc_cox/nasa/transformer/lambda_0.8/target_lr_0.05/landmark_False/seed_10,new
tc_cox,nasa,transformer,0.8,0.05,False,2,0.6164122137404581,0.4694390863189118,0.5,0.5284629172908724,outputs/tc_cox/nasa/transformer/lambda_0.8/target_lr_0.05/landmark_False/seed_2,new
tc_cox,nasa,transformer,0.8,0.05,False,5,0.5361216730038023,0.5524846649686125,0.3594890510948905,0.4821229984421328,outputs/tc_cox/nasa/transformer/lambda_0.8/target_lr_0.05/landmark_False/seed_5,new
tc_cox,nasa,transformer,0.8,0.05,False,4,0.33760683760683763,0.5441234931612249,0.5042016806722689,0.48250052769498514,outputs/tc_cox/nasa/transformer/lambda_0.8/target_lr_0.05/landmark_False/seed_4,new
tc_cox,nasa,transformer,0.8,0.05,False,3,0.63671875,0.5542639682802348,0.4862204724409449,0.5345558365516403,outputs/tc_cox/nasa/transformer/lambda_0.8/target_lr_0.05/landmark_False/seed_3,new
tc_cox,nasa,transformer,0.8,0.05,False,6,0.4472573839662447,0.4669952995300251,0.549645390070922,0.5988704130108478,outputs/tc_cox/nasa/transformer/lambda_0.8/target_lr_0.05/landmark_False/seed_6,new
tc_cox,nasa,transformer,0.8,0.05,False,1,0.4788732394366197,0.46641439330939843,0.5971074380165289,0.5149595051837822,outputs/tc_cox/nasa/transformer/lambda_0.8/target_lr_0.05/landmark_False/seed_1,new
tc_cox,nasa,transformer,0.8,0.05,False,8,0.512396694214876,0.5503303965172895,0.38653846153846155,0.5433349477614083,outputs/tc_cox/nasa/transformer/lambda_0.8/target_lr_0.05/landmark_False/seed_8,new
tc_cox,nasa,transformer,0.8,0.05,False,9,0.5021097046413502,0.5065927103479962,0.5111940298507462,0.4555809936858804,outputs/tc_cox/nasa/transformer/lambda_0.8/target_lr_0.05/landmark_False/seed_9,new
tc_cox,nasa,transformer,0.8,0.05,False,0,0.5091324200913242,0.43717806476605997,0.575091575091575,0.4885837714218343,outputs/tc_cox/nasa/transformer/lambda_0.8/target_lr_0.05/landmark_False/seed_0,new
tc_cox,nasa,transformer,0.8,0.05,False,7,0.4785714285714286,0.5507505228499209,0.44814814814814813,0.5094568025151327,outputs/tc_cox/nasa/transformer/lambda_0.8/target_lr_0.05/landmark_False/seed_7,new
tc_cox,nasa,transformer,0.8,0.1,False,10,0.497787610619469,0.40663161623929056,0.44893617021276594,0.35864092675509757,outputs/tc_cox/nasa/transformer/lambda_0.8/target_lr_0.1/landmark_False/seed_10,new
tc_cox,nasa,transformer,0.8,0.1,False,2,0.6145038167938931,0.34538746576981555,0.5057692307692307,0.384527840512578,outputs/tc_cox/nasa/transformer/lambda_0.8/target_lr_0.1/landmark_False/seed_2,new
tc_cox,nasa,transformer,0.8,0.1,False,5,0.5475285171102662,0.42005942358220594,0.354014598540146,0.3610135295130198,outputs/tc_cox/nasa/transformer/lambda_0.8/target_lr_0.1/landmark_False/seed_5,new
tc_cox,nasa,transformer,0.8,0.1,False,4,0.36324786324786323,0.384873828212811,0.5210084033613446,0.3462163689844297,outputs/tc_cox/nasa/transformer/lambda_0.8/target_lr_0.1/landmark_False/seed_4,new
tc_cox,nasa,transformer,0.8,0.1,False,3,0.671875,0.39726493366087096,0.47834645669291337,0.3944007790990511,outputs/tc_cox/nasa/transformer/lambda_0.8/target_lr_0.1/landmark_False/seed_3,new
tc_cox,nasa,transformer,0.8,0.1,False,6,0.47257383966244726,0.33869620939403855,0.5602836879432624,0.4280598829798113,outputs/tc_cox/nasa/transformer/lambda_0.8/target_lr_0.1/landmark_False/seed_6,new
tc_cox,nasa,transformer,0.8,0.1,False,1,0.4753521126760563,0.3291126827298565,0.5971074380165289,0.35333996544084306,outputs/tc_cox/nasa/transformer/lambda_0.8/target_lr_0.1/landmark_False/seed_1,new
tc_cox,nasa,transformer,0.8,0.1,False,8,0.5268595041322314,0.4020324105905276,0.3730769230769231,0.4020801903206861,outputs/tc_cox/nasa/transformer/lambda_0.8/target_lr_0.1/landmark_False/seed_8,new
tc_cox,nasa,transformer,0.8,0.1,False,9,0.5316455696202531,0.3650242212317423,0.4869402985074627,0.3426390693355063,outputs/tc_cox/nasa/transformer/lambda_0.8/target_lr_0.1/landmark_False/seed_9,new
tc_cox,nasa,transformer,0.8,0.1,False,0,0.5136986301369864,0.31973663667116736,0.5952380952380952,0.3626606974949673,outputs/tc_cox/nasa/transformer/lambda_0.8/target_lr_0.1/landmark_False/seed_0,new
tc_cox,nasa,transformer,0.8,0.1,False,7,0.48095238095238096,0.405535524600355,0.46111111111111114,0.3891471433111028,outputs/tc_cox/nasa/transformer/lambda_0.8/target_lr_0.1/landmark_False/seed_7,new
tc_cox,nasa,transformer,0.8,0.25,False,10,0.49336283185840707,0.3239661062212998,0.4574468085106383,0.2964663832468176,outputs/tc_cox/nasa/transformer/lambda_0.8/target_lr_0.25/landmark_False/seed_10,new
tc_cox,nasa,transformer,0.8,0.25,False,2,0.6240458015267175,0.2777484598777182,0.5076923076923077,0.3052307718565743,outputs/tc_cox/nasa/transformer/lambda_0.8/target_lr_0.25/landmark_False/seed_2,new
tc_cox,nasa,transformer,0.8,0.25,False,5,0.5019011406844106,0.35405428283726653,0.35036496350364965,0.3046674564909425,outputs/tc_cox/nasa/transformer/lambda_0.8/target_lr_0.25/landmark_False/seed_5,new
tc_cox,nasa,transformer,0.8,0.25,False,4,0.33760683760683763,0.2955086138444062,0.5189075630252101,0.2674913586520411,outputs/tc_cox/nasa/transformer/lambda_0.8/target_lr_0.25/landmark_False/seed_4,new
tc_cox,nasa,transformer,0.8,0.25,False,3,0.681640625,0.30638539983864455,0.4822834645669291,0.31709890089594883,outputs/tc_cox/nasa/transformer/lambda_0.8/target_lr_0.25/landmark_False/seed_3,new
tc_cox,nasa,transformer,0.8,0.25,False,6,0.47257383966244726,0.26553620718550885,0.5567375886524822,0.3249519987906042,outputs/tc_cox/nasa/transformer/lambda_0.8/target_lr_0.25/landmark_False/seed_6,new
tc_cox,nasa,transformer,0.8,0.25,False,1,0.4665492957746479,0.2509147177007751,0.6198347107438017,0.2611264360602475,outputs/tc_cox/nasa/transformer/lambda_0.8/target_lr_0.25/landmark_False/seed_1,new
tc_cox,nasa,transformer,0.8,0.25,False,8,0.5454545454545454,0.32145558653498696,0.38269230769230766,0.32810130360192297,outputs/tc_cox/nasa/transformer/lambda_0.8/target_lr_0.25/landmark_False/seed_8,new
tc_cox,nasa,transformer,0.8,0.25,False,9,0.5443037974683544,0.295761984397552,0.47574626865671643,0.28825861656781726,outputs/tc_cox/nasa/transformer/lambda_0.8/target_lr_0.25/landmark_False/seed_9,new
tc_cox,nasa,transformer,0.8,0.25,False,0,0.5319634703196348,0.2572530386465244,0.5805860805860806,0.29394560228398403,outputs/tc_cox/nasa/transformer/lambda_0.8/target_lr_0.25/landmark_False/seed_0,new
tc_cox,nasa,transformer,0.8,0.25,False,7,0.4785714285714286,0.34033245714139404,0.45925925925925926,0.3355745952894723,outputs/tc_cox/nasa/transformer/lambda_0.8/target_lr_0.25/landmark_False/seed_7,new
cox,churn_lastfm_months,transformer,0.0,1.0,True,10,0.6926744446937402,0.16254850083964012,0.6911144411144411,0.1600710095006131,outputs/cox/churn_lastfm_months/transformer/lambda_0.0/target_lr_1.0/landmark_True/seed_10,new
cox,churn_lastfm_months,transformer,0.0,1.0,True,2,0.7350373031224096,0.1380337806627558,0.6971428571428572,0.1752232038867185,outputs/cox/churn_lastfm_months/transformer/lambda_0.0/target_lr_1.0/landmark_True/seed_2,new
cox,churn_lastfm_months,transformer,0.0,1.0,True,5,0.7515230394328755,0.14019830450966125,0.7863616268788682,0.12092688079752943,outputs/cox/churn_lastfm_months/transformer/lambda_0.0/target_lr_1.0/landmark_True/seed_5,new
cox,churn_lastfm_months,transformer,0.0,1.0,True,4,0.5380531465421392,0.23087626286130894,0.5324325839547009,0.23396955937859812,outputs/cox/churn_lastfm_months/transformer/lambda_0.0/target_lr_1.0/landmark_True/seed_4,new
cox,churn_lastfm_months,transformer,0.0,1.0,True,3,0.7324270557029178,0.1587964990576428,0.7308523608955886,0.16591500492238,outputs/cox/churn_lastfm_months/transformer/lambda_0.0/target_lr_1.0/landmark_True/seed_3,new
cox,churn_lastfm_months,transformer,0.0,1.0,True,6,0.7163155857798419,0.15042616820938134,0.7163772927665596,0.15027989958333257,outputs/cox/churn_lastfm_months/transformer/lambda_0.0/target_lr_1.0/landmark_True/seed_6,new
cox,churn_lastfm_months,transformer,0.0,1.0,True,1,0.7500414662464754,0.15513293434034986,0.7785300893409002,0.14163777505211836,outputs/cox/churn_lastfm_months/transformer/lambda_0.0/target_lr_1.0/landmark_True/seed_1,new
cox,churn_lastfm_months,transformer,0.0,1.0,True,8,0.7369487811558477,0.13856419191367889,0.6884880999942926,0.16478883351044457,outputs/cox/churn_lastfm_months/transformer/lambda_0.0/target_lr_1.0/landmark_True/seed_8,new
cox,churn_lastfm_months,transformer,0.0,1.0,True,9,0.7776846106545922,0.1369433614226429,0.7989981734654342,0.13021575096480933,outputs/cox/churn_lastfm_months/transformer/lambda_0.0/target_lr_1.0/landmark_True/seed_9,new
cox,churn_lastfm_months,transformer,0.0,1.0,True,0,0.7183702044245309,0.14627386361517225,0.7426396788223486,0.14968967309351405,outputs/cox/churn_lastfm_months/transformer/lambda_0.0/target_lr_1.0/landmark_True/seed_0,new
cox,churn_lastfm_months,transformer,0.0,1.0,True,7,0.7887870830772669,0.12872112419307014,0.7740518296073852,0.12140791273029197,outputs/cox/churn_lastfm_months/transformer/lambda_0.0/target_lr_1.0/landmark_True/seed_7,new
cox,big_rw,transformer,0.0,1.0,True,10,0.9344722197867382,0.039321443118134715,0.9318889447887987,0.040394223419928404,outputs/cox/big_rw/transformer/lambda_0.0/target_lr_1.0/landmark_True/seed_10,new
cox,big_rw,transformer,0.0,1.0,True,2,0.9465336462883992,0.03708066893089768,0.9437949245965109,0.03992098275035439,outputs/cox/big_rw/transformer/lambda_0.0/target_lr_1.0/landmark_True/seed_2,new
cox,big_rw,transformer,0.0,1.0,True,5,0.9222301530910606,0.04660470471633819,0.9288519859273142,0.045735083872380115,outputs/cox/big_rw/transformer/lambda_0.0/target_lr_1.0/landmark_True/seed_5,new
cox,big_rw,transformer,0.0,1.0,True,4,0.9601162621302701,0.03364050035485241,0.9602536156761258,0.03270712025181817,outputs/cox/big_rw/transformer/lambda_0.0/target_lr_1.0/landmark_True/seed_4,new
cox,big_rw,transformer,0.0,1.0,True,3,0.9527831164890825,0.029828143158632168,0.9564359934086117,0.03224313235215826,outputs/cox/big_rw/transformer/lambda_0.0/target_lr_1.0/landmark_True/seed_3,new
cox,big_rw,transformer,0.0,1.0,True,6,0.9391553386702708,0.052138950806242215,0.9396234411208105,0.051938643457731686,outputs/cox/big_rw/transformer/lambda_0.0/target_lr_1.0/landmark_True/seed_6,new
cox,big_rw,transformer,0.0,1.0,True,1,0.9545060039651276,0.04172887201921979,0.9567527280527175,0.04288311261776287,outputs/cox/big_rw/transformer/lambda_0.0/target_lr_1.0/landmark_True/seed_1,new
cox,big_rw,transformer,0.0,1.0,True,8,0.9342081557638028,0.04812799577401433,0.9328202874565072,0.05191584787841199,outputs/cox/big_rw/transformer/lambda_0.0/target_lr_1.0/landmark_True/seed_8,new
cox,big_rw,transformer,0.0,1.0,True,9,0.9365584320410691,0.04608168665800303,0.9381402184409009,0.039275306783454755,outputs/cox/big_rw/transformer/lambda_0.0/target_lr_1.0/landmark_True/seed_9,new
cox,big_rw,transformer,0.0,1.0,True,0,0.9463471974503272,0.046187012421314656,0.9466548915315676,0.0447946202314359,outputs/cox/big_rw/transformer/lambda_0.0/target_lr_1.0/landmark_True/seed_0,new
cox,big_rw,transformer,0.0,1.0,True,7,0.9640532691143121,0.032380800279583406,0.9610780372948429,0.03241382355806423,outputs/cox/big_rw/transformer/lambda_0.0/target_lr_1.0/landmark_True/seed_7,new
cox,mimic,transformer,0.0,1.0,False,10,0.5,0.21946758856340084,0.5,0.059092601907674826,outputs/cox/mimic/transformer/lambda_0.0/target_lr_1.0/landmark_False/seed_10,new
cox,mimic,transformer,0.0,1.0,False,2,0.5,0.3003512657092886,0.4166666666666667,0.20858065904906975,outputs/cox/mimic/transformer/lambda_0.0/target_lr_1.0/landmark_False/seed_2,new
cox,mimic,transformer,0.0,1.0,False,5,0.5,0.16657681211639422,0.5,0.2714655095973098,outputs/cox/mimic/transformer/lambda_0.0/target_lr_1.0/landmark_False/seed_5,new
cox,mimic,transformer,0.0,1.0,False,4,0.5,0.18808333449010306,0.5,0.2777383161142018,outputs/cox/mimic/transformer/lambda_0.0/target_lr_1.0/landmark_False/seed_4,new
cox,mimic,transformer,0.0,1.0,False,3,0.5,0.09460762923892063,0.5,0.17324155319601697,outputs/cox/mimic/transformer/lambda_0.0/target_lr_1.0/landmark_False/seed_3,new
cox,mimic,transformer,0.0,1.0,False,6,0.5,0.16357820182898572,0.5,0.19222816705953366,outputs/cox/mimic/transformer/lambda_0.0/target_lr_1.0/landmark_False/seed_6,new
cox,mimic,transformer,0.0,1.0,False,1,0.5,0.20786552983150972,0.5,0.08391926613231433,outputs/cox/mimic/transformer/lambda_0.0/target_lr_1.0/landmark_False/seed_1,new
cox,mimic,transformer,0.0,1.0,False,8,0.5,0.12643144074440144,0.4166666666666667,0.22211642140390864,outputs/cox/mimic/transformer/lambda_0.0/target_lr_1.0/landmark_False/seed_8,new
cox,mimic,transformer,0.0,1.0,False,9,0.5,0.10730721102424365,0.5,0.2620783368953678,outputs/cox/mimic/transformer/lambda_0.0/target_lr_1.0/landmark_False/seed_9,new
cox,mimic,transformer,0.0,1.0,False,0,0.5,0.1873095391807889,0.5,0.15288171956463356,outputs/cox/mimic/transformer/lambda_0.0/target_lr_1.0/landmark_False/seed_0,new
cox,mimic,transformer,0.0,1.0,False,7,0.5,0.14725435581950475,0.5,0.1896273363174275,outputs/cox/mimic/transformer/lambda_0.0/target_lr_1.0/landmark_False/seed_7,new
cox,nasa,transformer,0.0,1.0,False,10,0.5154867256637168,0.23985280684846674,0.5361702127659574,0.34712901614360414,outputs/cox/nasa/transformer/lambda_0.0/target_lr_1.0/landmark_False/seed_10,new
cox,nasa,transformer,0.0,1.0,False,2,0.5515267175572519,0.3324513427813587,0.49615384615384617,0.264617359232258,outputs/cox/nasa/transformer/lambda_0.0/target_lr_1.0/landmark_False/seed_2,new
cox,nasa,transformer,0.0,1.0,False,5,0.5209125475285171,0.2527149293796672,0.5346715328467153,0.3318664637978319,outputs/cox/nasa/transformer/lambda_0.0/target_lr_1.0/landmark_False/seed_5,new
cox,nasa,transformer,0.0,1.0,False,4,0.4935897435897436,0.25643582984052216,0.5,0.3326921968608401,outputs/cox/nasa/transformer/lambda_0.0/target_lr_1.0/landmark_False/seed_4,new
cox,nasa,transformer,0.0,1.0,False,3,0.544921875,0.21616627853345186,0.468503937007874,0.264140280232034,outputs/cox/nasa/transformer/lambda_0.0/target_lr_1.0/landmark_False/seed_3,new
cox,nasa,transformer,0.0,1.0,False,6,0.5421940928270043,0.36668718577838194,0.524822695035461,0.2007298199452542,outputs/cox/nasa/transformer/lambda_0.0/target_lr_1.0/landmark_False/seed_6,new
cox,nasa,transformer,0.0,1.0,False,1,0.5,0.3708805676965111,0.5,0.29663404696576373,outputs/cox/nasa/transformer/lambda_0.0/target_lr_1.0/landmark_False/seed_1,new
cox,nasa,transformer,0.0,1.0,False,8,0.5,0.2663337511734101,0.5,0.28015087679348216,outputs/cox/nasa/transformer/lambda_0.0/target_lr_1.0/landmark_False/seed_8,new
cox,nasa,transformer,0.0,1.0,False,9,0.5,0.2802677498618509,0.5,0.3598046209466568,outputs/cox/nasa/transformer/lambda_0.0/target_lr_1.0/landmark_False/seed_9,new
cox,nasa,transformer,0.0,1.0,False,0,0.4885844748858447,0.3969869348963865,0.47435897435897434,0.3356325331041827,outputs/cox/nasa/transformer/lambda_0.0/target_lr_1.0/landmark_False/seed_0,new
cox,nasa,transformer,0.0,1.0,False,7,0.4976190476190476,0.26187346282193186,0.5,0.3317496446928072,outputs/cox/nasa/transformer/lambda_0.0/target_lr_1.0/landmark_False/seed_7,new
ddh,churn_lastfm_months,,,,,10,0.9611846533542742,0.0861040914512378,0.9648129648129649,0.08393419151372528,../survan/_legacy_results/ddh/churn_lastfm_months/seed_10,legacy
ddh,churn_lastfm_months,,,,,2,0.9686653771760154,0.055580289067418465,0.9605547850208045,0.06252543537096152,../survan/_legacy_results/ddh/churn_lastfm_months/seed_2,legacy
ddh,churn_lastfm_months,,,,,5,0.9780128489144883,0.04794189726504343,0.9725629973474801,0.04482393268902003,../survan/_legacy_results/ddh/churn_lastfm_months/seed_5,legacy
ddh,churn_lastfm_months,,,,,4,0.9687847453858127,0.05434005189310786,0.9772102932107417,0.05648856384012459,../survan/_legacy_results/ddh/churn_lastfm_months/seed_4,legacy
ddh,churn_lastfm_months,,,,,3,0.9660145888594165,0.0576946593896872,0.9584903569053425,0.061414593860901465,../survan/_legacy_results/ddh/churn_lastfm_months/seed_3,legacy
ddh,churn_lastfm_months,,,,,6,0.9606623541770333,0.05609256163864079,0.9647852827518641,0.05337570498454917,../survan/_legacy_results/ddh/churn_lastfm_months/seed_6,legacy
ddh,churn_lastfm_months,,,,,1,0.975949577044286,0.04823505137250998,0.9692082935326178,0.058162372631060826,../survan/_legacy_results/ddh/churn_lastfm_months/seed_1,legacy
ddh,churn_lastfm_months,,,,,8,0.9724459052314435,0.05523316975362762,0.9738884766851207,0.057670991569770694,../survan/_legacy_results/ddh/churn_lastfm_months/seed_8,legacy
ddh,churn_lastfm_months,,,,,9,0.9732237687964671,0.04947651536477223,0.9697238058338407,0.04883166519501462,../survan/_legacy_results/ddh/churn_lastfm_months/seed_9,legacy
ddh,churn_lastfm_months,,,,,0,0.9718006160739289,0.056969925921038084,0.9681610349057655,0.06010198749327454,../survan/_legacy_results/ddh/churn_lastfm_months/seed_0,legacy
ddh,churn_lastfm_months,,,,,7,0.967707693167216,0.054240419365700766,0.9709987765543321,0.054650033430654624,../survan/_legacy_results/ddh/churn_lastfm_months/seed_7,legacy
ddh,big_rw,,,,,10,0.9833245114689649,0.046001718090982836,0.9844573828313468,0.04024497164852022,../survan/_legacy_results/ddh/big_rw/seed_10,legacy
ddh,big_rw,,,,,2,0.9832555667119485,0.05012855919115446,0.9859487542803165,0.04411397725497458,../survan/_legacy_results/ddh/big_rw/seed_2,legacy
ddh,big_rw,,,,,5,0.9804431314623339,0.05206255521655003,0.9788786482334869,0.044366668695762175,../survan/_legacy_results/ddh/big_rw/seed_5,legacy
ddh,big_rw,,,,,4,0.9892266824085005,0.03870244085169691,0.983780430158355,0.03315735962093838,../survan/_legacy_results/ddh/big_rw/seed_4,legacy
ddh,big_rw,,,,,3,0.9811823184803835,0.04790421419079855,0.9812935205948307,0.045939310265011545,../survan/_legacy_results/ddh/big_rw/seed_3,legacy
ddh,big_rw,,,,,6,0.9811214842826755,0.04008974634195047,0.9809962228517469,0.035546391189647586,../survan/_legacy_results/ddh/big_rw/seed_6,legacy
ddh,big_rw,,,,,1,0.9823442574549749,0.0414280729763076,0.983613817537644,0.03702833449031902,../survan/_legacy_results/ddh/big_rw/seed_1,legacy
ddh,big_rw,,,,,8,0.9815350980855589,0.04648468203449438,0.9816467667572999,0.04631828736000658,../survan/_legacy_results/ddh/big_rw/seed_8,legacy
ddh,big_rw,,,,,9,0.98264545884579,0.04022709942799356,0.9825783972125436,0.04263247489642393,../survan/_legacy_results/ddh/big_rw/seed_9,legacy
ddh,big_rw,,,,,0,0.9792245404574739,0.05374992916297214,0.9825032456036823,0.04697740580246303,../survan/_legacy_results/ddh/big_rw/seed_0,legacy
ddh,big_rw,,,,,7,0.9849442049949814,0.046550262434196056,0.9836937256292095,0.05344157667364706,../survan/_legacy_results/ddh/big_rw/seed_7,legacy
ddh,mimic,,,,,2,0.35714285714285715,0.4471537122249545,0.9166666666666666,0.12152762753920056,../survan/_legacy_results/ddh/mimic/seed_2,legacy
ddh,mimic,,,,,5,0.0,0.19399894667498205,0.8888888888888888,0.1604543093867675,../survan/_legacy_results/ddh/mimic/seed_5,legacy
ddh,mimic,,,,,4,0.8947368421052632,0.1405974985245997,0.8333333333333334,0.07895544747744802,../survan/_legacy_results/ddh/mimic/seed_4,legacy
ddh,mimic,,,,,3,1.0,0.22750650247367762,0.9642857142857143,0.21304762734159594,../survan/_legacy_results/ddh/mimic/seed_3,legacy
ddh,mimic,,,,,6,0.7727272727272727,0.5477592015044463,0.5454545454545454,0.18207940834695543,../survan/_legacy_results/ddh/mimic/seed_6,legacy
ddh,mimic,,,,,1,0.9375,0.37372790133172706,0.6,0.3652361973291996,../survan/_legacy_results/ddh/mimic/seed_1,legacy
ddh,mimic,,,,,8,0.6428571428571429,0.2727378558035388,0.5833333333333334,0.5809200476886639,../survan/_legacy_results/ddh/mimic/seed_8,legacy
ddh,mimic,,,,,9,0.8333333333333334,0.05271688767599712,0.8571428571428571,0.1632422783171353,../survan/_legacy_results/ddh/mimic/seed_9,legacy
ddh,mimic,,,,,0,0.7272727272727273,0.10392298833210177,0.6904761904761905,0.35846702708557376,../survan/_legacy_results/ddh/mimic/seed_0,legacy
ddh,mimic,,,,,7,1.0,0.3310116107754302,0.8846153846153846,0.4383023189163134,../survan/_legacy_results/ddh/mimic/seed_7,legacy
ddh,nasa,,,,,10,0.4763636363636364,0.1439844263127033,0.4763636363636364,0.1439844263127033,../survan/_legacy_results/ddh/nasa/seed_10,legacy
ddh,nasa,,,,,2,0.7938931297709924,0.10706905368809032,0.7403846153846154,0.08606565874309327,../survan/_legacy_results/ddh/nasa/seed_2,legacy
ddh,nasa,,,,,5,0.8536121673003803,0.06914245428646273,0.8485401459854015,0.05634542713642587,../survan/_legacy_results/ddh/nasa/seed_5,legacy
ddh,nasa,,,,,4,0.7692307692307693,0.05367037058871908,0.8130252100840336,0.060816923358671934,../survan/_legacy_results/ddh/nasa/seed_4,legacy
ddh,nasa,,,,,3,0.783203125,0.0844059342105513,0.8503937007874016,0.10410617331899283,../survan/_legacy_results/ddh/nasa/seed_3,legacy
ddh,nasa,,,,,6,0.7953586497890295,0.08826121728159124,0.8882978723404256,0.11314953161265497,../survan/_legacy_results/ddh/nasa/seed_6,legacy
ddh,nasa,,,,,1,0.8257042253521126,0.0686940253700951,0.9008264462809917,0.05560460846554542,../survan/_legacy_results/ddh/nasa/seed_1,legacy
ddh,nasa,,,,,8,0.871900826446281,0.053224115806477484,0.8403846153846154,0.04009071325510626,../survan/_legacy_results/ddh/nasa/seed_8,legacy
ddh,nasa,,,,,9,0.8459915611814346,0.061811306184115664,0.8899253731343284,0.04454960140806083,../survan/_legacy_results/ddh/nasa/seed_9,legacy
ddh,nasa,,,,,0,0.7031963470319634,0.08842915302519472,0.782051282051282,0.06250223383065927,../survan/_legacy_results/ddh/nasa/seed_0,legacy
ddh,nasa,,,,,7,0.819047619047619,0.057325107068044875,0.8518518518518519,0.03825867370025735,../survan/_legacy_results/ddh/nasa/seed_7,legacy
tc_ddh,churn_lastfm_months,,0.5,0.05,,10,0.979470495849226,0.035288549750140424,0.9804917304917304,0.03646648994581213,../survan/_legacy_results/ddh_tc/churn_lastfm_months/seed_10/lambda_0.5/target_lr_0.05,legacy
tc_ddh,churn_lastfm_months,,0.5,0.1,,10,0.979077855059457,0.03508633187626565,0.9809357309357309,0.03449247079817485,../survan/_legacy_results/ddh_tc/churn_lastfm_months/seed_10/lambda_0.5/target_lr_0.1,legacy
tc_ddh,churn_lastfm_months,,0.5,0.25,,10,0.9827238052501682,0.038454793243068934,0.9784104784104785,0.050597552398251776,../survan/_legacy_results/ddh_tc/churn_lastfm_months/seed_10/lambda_0.5/target_lr_0.25,legacy
tc_ddh,churn_lastfm_months,,0.95,0.05,,10,0.9787973973524793,0.04027315259840401,0.9781607281607282,0.03732906210535039,../survan/_legacy_results/ddh_tc/churn_lastfm_months/seed_10/lambda_0.95/target_lr_0.05,legacy
tc_ddh,churn_lastfm_months,,0.95,0.1,,10,0.9816580659636527,0.03571594590047553,0.9807969807969807,0.0354129897311149,../survan/_legacy_results/ddh_tc/churn_lastfm_months/seed_10/lambda_0.95/target_lr_0.1,legacy
tc_ddh,churn_lastfm_months,,0.95,0.25,,10,0.9791339466008526,0.049278875182617816,0.9791874791874792,0.05621207370650327,../survan/_legacy_results/ddh_tc/churn_lastfm_months/seed_10/lambda_0.95/target_lr_0.25,legacy
tc_ddh,churn_lastfm_months,,0.1,0.05,,10,0.9787413058110837,0.034477875114180906,0.9775502275502276,0.033491242122579916,../survan/_legacy_results/ddh_tc/churn_lastfm_months/seed_10/lambda_0.1/target_lr_0.05,legacy
tc_ddh,churn_lastfm_months,,0.1,0.1,,10,0.9782364819385236,0.03659567204483143,0.9796869796869797,0.037221984776448426,../survan/_legacy_results/ddh_tc/churn_lastfm_months/seed_10/lambda_0.1/target_lr_0.1,legacy
tc_ddh,churn_lastfm_months,,0.1,0.25,,10,0.9802838231994615,0.04267422790891867,0.9778554778554779,0.04984630355015662,../survan/_legacy_results/ddh_tc/churn_lastfm_months/seed_10/lambda_0.1/target_lr_0.25,legacy
tc_ddh,churn_lastfm_months,,0.8,0.05,,10,0.9812093336324882,0.034879854851769664,0.9814907314907315,0.032574365636091604,../survan/_legacy_results/ddh_tc/churn_lastfm_months/seed_10/lambda_0.8/target_lr_0.05,legacy
tc_ddh,churn_lastfm_months,,0.8,0.1,,10,0.979218083912946,0.04367614382982645,0.9812964812964813,0.057612457693727935,../survan/_legacy_results/ddh_tc/churn_lastfm_months/seed_10/lambda_0.8/target_lr_0.1,legacy
tc_ddh,churn_lastfm_months,,0.8,0.25,,10,0.9823031186897015,0.04232380792194013,0.9813797313797313,0.04378308381950884,../survan/_legacy_results/ddh_tc/churn_lastfm_months/seed_10/lambda_0.8/target_lr_0.25,legacy
tc_ddh,churn_lastfm_months,,0.5,0.05,,2,0.9794970986460348,0.036755498688344664,0.9760887656033287,0.04123988370663877,../survan/_legacy_results/ddh_tc/churn_lastfm_months/seed_2/lambda_0.5/target_lr_0.05,legacy
tc_ddh,churn_lastfm_months,,0.5,0.1,,2,0.9843603205305334,0.03292282743131075,0.9803883495145631,0.03772959999930549,../survan/_legacy_results/ddh_tc/churn_lastfm_months/seed_2/lambda_0.5/target_lr_0.1,legacy
tc_ddh,churn_lastfm_months,,0.5,0.25,,2,0.9798286819563415,0.036260885875805254,0.9775866851595006,0.042196682722746834,../survan/_legacy_results/ddh_tc/churn_lastfm_months/seed_2/lambda_0.5/target_lr_0.25,legacy
tc_ddh,churn_lastfm_months,,0.95,0.05,,2,0.9803536888643272,0.03877675454624775,0.9778640776699029,0.03555967429179923,../survan/_legacy_results/ddh_tc/churn_lastfm_months/seed_2/lambda_0.95/target_lr_0.05,legacy
tc_ddh,churn_lastfm_months,,0.95,0.1,,2,0.9744680851063829,0.04739116849835568,0.9754507628294036,0.061418729755290405,../survan/_legacy_results/ddh_tc/churn_lastfm_months/seed_2/lambda_0.95/target_lr_0.1,legacy
tc_ddh,churn_lastfm_months,,0.95,0.25,,2,0.974219397623653,0.0452403249290323,0.9676005547850208,0.057956977108250644,../survan/_legacy_results/ddh_tc/churn_lastfm_months/seed_2/lambda_0.95/target_lr_0.25,legacy
tc_ddh,churn_lastfm_months,,0.1,0.05,,2,0.9760431058303398,0.043511522645250246,0.9685714285714285,0.044333388483428986,../survan/_legacy_results/ddh_tc/churn_lastfm_months/seed_2/lambda_0.1/target_lr_0.05,legacy
tc_ddh,churn_lastfm_months,,0.1,0.1,,2,0.9791378833932025,0.04215246169412819,0.9732871012482663,0.04184414064679967,../survan/_legacy_results/ddh_tc/churn_lastfm_months/seed_2/lambda_0.1/target_lr_0.1,legacy
tc_ddh,churn_lastfm_months,,0.1,0.25,,2,0.9702680298424979,0.06526833313484844,0.9664355062413315,0.07926571944813474,../survan/_legacy_results/ddh_tc/churn_lastfm_months/seed_2/lambda_0.1/target_lr_0.25,legacy
tc_ddh,churn_lastfm_months,,0.8,0.05,,2,0.981431334622824,0.038135990637423546,0.9792787794729543,0.05044756748374286,../survan/_legacy_results/ddh_tc/churn_lastfm_months/seed_2/lambda_0.8/target_lr_0.05,legacy
tc_ddh,churn_lastfm_months,,0.8,0.1,,2,0.9761260016579165,0.0502434593577484,0.9717614424410541,0.062119152647032334,../survan/_legacy_results/ddh_tc/churn_lastfm_months/seed_2/lambda_0.8/target_lr_0.1,legacy
tc_ddh,churn_lastfm_months,,0.8,0.25,,2,0.9823431887261674,0.035377929029501244,0.9805825242718447,0.04641221993909458,../survan/_legacy_results/ddh_tc/churn_lastfm_months/seed_2/lambda_0.8/target_lr_0.25,legacy
tc_ddh,churn_lastfm_months,,0.5,0.05,,5,0.9800343376163049,0.044093774422310494,0.9797469053934571,0.03727453120000764,../survan/_legacy_results/ddh_tc/churn_lastfm_months/seed_5/lambda_0.5/target_lr_0.05,legacy
tc_ddh,churn_lastfm_months,,0.5,0.1,,5,0.9838557820115197,0.03631707278255667,0.9767075596816976,0.03129965993891455,../survan/_legacy_results/ddh_tc/churn_lastfm_months/seed_5/lambda_0.5/target_lr_0.1,legacy
tc_ddh,churn_lastfm_months,,0.5,0.25,,5,0.9792866637128932,0.046176718081526805,0.9726735190097259,0.036905075699268465,../survan/_legacy_results/ddh_tc/churn_lastfm_months/seed_5/lambda_0.5/target_lr_0.25,legacy
tc_ddh,churn_lastfm_months,,0.95,0.05,,5,0.9768498006202925,0.043747408506697116,0.9710156940760389,0.03520278166948133,../survan/_legacy_results/ddh_tc/churn_lastfm_months/seed_5/lambda_0.95/target_lr_0.05,legacy
tc_ddh,churn_lastfm_months,,0.95,0.1,,5,0.9779020824102791,0.0425827381808904,0.9757681255526083,0.035457996787504435,../survan/_legacy_results/ddh_tc/churn_lastfm_months/seed_5/lambda_0.95/target_lr_0.1,legacy
tc_ddh,churn_lastfm_months,,0.95,0.25,,5,0.9777082410279132,0.04185089966503796,0.9719827586206896,0.04022839025974144,../survan/_legacy_results/ddh_tc/churn_lastfm_months/seed_5/lambda_0.95/target_lr_0.25,legacy
tc_ddh,churn_lastfm_months,,0.1,0.05,,5,0.9798128046078866,0.04020231820784203,0.972922192749779,0.03214117501759849,../survan/_legacy_results/ddh_tc/churn_lastfm_months/seed_5/lambda_0.1/target_lr_0.05,legacy
tc_ddh,churn_lastfm_months,,0.1,0.1,,5,0.9760744350908286,0.04578608315849852,0.9715406719717065,0.039475652476288606,../survan/_legacy_results/ddh_tc/churn_lastfm_months/seed_5/lambda_0.1/target_lr_0.1,legacy
tc_ddh,churn_lastfm_months,,0.1,0.25,,5,0.9764898094816128,0.042767317876575874,0.9748563218390804,0.03505217446095994,../survan/_legacy_results/ddh_tc/churn_lastfm_months/seed_5/lambda_0.1/target_lr_0.25,legacy
tc_ddh,churn_lastfm_months,,0.8,0.05,,5,0.981529685423128,0.0395624739483717,0.9778404067197171,0.03700473682837697,../survan/_legacy_results/ddh_tc/churn_lastfm_months/seed_5/lambda_0.8/target_lr_0.05,legacy
tc_ddh,churn_lastfm_months,,0.8,0.1,,5,0.9798128046078866,0.03878076697403305,0.9749392130857648,0.033625586991946316,../survan/_legacy_results/ddh_tc/churn_lastfm_months/seed_5/lambda_0.8/target_lr_0.1,legacy
tc_ddh,churn_lastfm_months,,0.8,0.25,,5,0.9803666371289322,0.0426606164483761,0.9739997789566756,0.041273629251044566,../survan/_legacy_results/ddh_tc/churn_lastfm_months/seed_5/lambda_0.8/target_lr_0.25,legacy
tc_ddh,churn_lastfm_months,,0.5,0.05,,4,0.9763731376473205,0.03542870838634862,0.983937881930818,0.03862577602820339,../survan/_legacy_results/ddh_tc/churn_lastfm_months/seed_4/lambda_0.5/target_lr_0.05,legacy
tc_ddh,churn_lastfm_months,,0.5,0.1,,4,0.9757060262397154,0.03727004440257468,0.9824241744688008,0.030614027592678186,../survan/_legacy_results/ddh_tc/churn_lastfm_months/seed_4/lambda_0.5/target_lr_0.1,legacy
tc_ddh,churn_lastfm_months,,0.5,0.25,,4,0.9675339114965532,0.04593665775582043,0.9786118741940909,0.052859049804857755,../survan/_legacy_results/ddh_tc/churn_lastfm_months/seed_4/lambda_0.5/target_lr_0.25,legacy
tc_ddh,churn_lastfm_months,,0.95,0.05,,4,0.9727040249054926,0.04401555442855757,0.9799573919381062,0.03361686075696659,../survan/_legacy_results/ddh_tc/churn_lastfm_months/seed_4/lambda_0.95/target_lr_0.05,legacy
tc_ddh,churn_lastfm_months,,0.95,0.1,,4,0.9802924171670002,0.03514980002421472,0.9830689017211415,0.034340846162028704,../survan/_legacy_results/ddh_tc/churn_lastfm_months/seed_4/lambda_0.95/target_lr_0.1,legacy
tc_ddh,churn_lastfm_months,,0.95,0.25,,4,0.972620635979542,0.045360895329904644,0.9799854235577732,0.04280211402695831,../survan/_legacy_results/ddh_tc/churn_lastfm_months/seed_4/lambda_0.95/target_lr_0.25,legacy
tc_ddh,churn_lastfm_months,,0.1,0.05,,4,0.9682010229041583,0.0402036759924976,0.9786959690530919,0.03647458515785564,../survan/_legacy_results/ddh_tc/churn_lastfm_months/seed_4/lambda_0.1/target_lr_0.05,legacy
tc_ddh,churn_lastfm_months,,0.1,0.1,,4,0.9708694685345786,0.036572129445839804,0.9811066883444526,0.02948233961354062,../survan/_legacy_results/ddh_tc/churn_lastfm_months/seed_4/lambda_0.1/target_lr_0.1,legacy
tc_ddh,churn_lastfm_months,,0.1,0.25,,4,0.9730653769179453,0.03368575546047806,0.9826203958064696,0.03237540200677991,../survan/_legacy_results/ddh_tc/churn_lastfm_months/seed_4/lambda_0.1/target_lr_0.25,legacy
tc_ddh,churn_lastfm_months,,0.8,0.05,,4,0.9829330664887703,0.03341225517923587,0.9882827829792006,0.031688262836267696,../survan/_legacy_results/ddh_tc/churn_lastfm_months/seed_4/lambda_0.8/target_lr_0.05,legacy
tc_ddh,churn_lastfm_months,,0.8,0.1,,4,0.9815988436735602,0.03565326989787386,0.9826203958064696,0.036726852929482634,../survan/_legacy_results/ddh_tc/churn_lastfm_months/seed_4/lambda_0.8/target_lr_0.1,legacy
tc_ddh,churn_lastfm_months,,0.8,0.25,,4,0.98026462085835,0.04097267951421548,0.9827044906654706,0.037705316809016495,../survan/_legacy_results/ddh_tc/churn_lastfm_months/seed_4/lambda_0.8/target_lr_0.25,legacy
tc_ddh,churn_lastfm_months,,0.5,0.05,,3,0.9798574270557029,0.04382718244202541,0.9759199733983596,0.042519744539833024,../survan/_legacy_results/ddh_tc/churn_lastfm_months/seed_3/lambda_0.5/target_lr_0.05,legacy
tc_ddh,churn_lastfm_months,,0.5,0.1,,3,0.9839190981432361,0.04163827770817828,0.9764464641986256,0.03820845813822268,../survan/_legacy_results/ddh_tc/churn_lastfm_months/seed_3/lambda_0.5/target_lr_0.1,legacy
tc_ddh,churn_lastfm_months,,0.5,0.25,,3,0.9828415119363395,0.036122807938437244,0.9818776324540013,0.04362672410173726,../survan/_legacy_results/ddh_tc/churn_lastfm_months/seed_3/lambda_0.5/target_lr_0.25,legacy
tc_ddh,churn_lastfm_months,,0.95,0.05,,3,0.9817086648983201,0.038862651335285624,0.9797993792950566,0.03404105401733711,../survan/_legacy_results/ddh_tc/churn_lastfm_months/seed_3/lambda_0.95/target_lr_0.05,legacy
tc_ddh,churn_lastfm_months,,0.95,0.1,,3,0.9849137931034483,0.03888905812748531,0.9812957215694967,0.054103597608963654,../survan/_legacy_results/ddh_tc/churn_lastfm_months/seed_3/lambda_0.95/target_lr_0.1,legacy
tc_ddh,churn_lastfm_months,,0.95,0.25,,3,0.9808797524314765,0.036212161802384554,0.9774163156727999,0.03388789363646384,../survan/_legacy_results/ddh_tc/churn_lastfm_months/seed_3/lambda_0.95/target_lr_0.25,legacy
tc_ddh,churn_lastfm_months,,0.1,0.05,,3,0.9784759062776304,0.045963184022865304,0.9687984925737088,0.04714297629314625,../survan/_legacy_results/ddh_tc/churn_lastfm_months/seed_3/lambda_0.1/target_lr_0.05,legacy
tc_ddh,churn_lastfm_months,,0.1,0.1,,3,0.9755194518125553,0.048901588416395685,0.9668033695411217,0.04835507719963635,../survan/_legacy_results/ddh_tc/churn_lastfm_months/seed_3/lambda_0.1/target_lr_0.1,legacy
tc_ddh,churn_lastfm_months,,0.1,0.25,,3,0.9779232979664014,0.03955170350565641,0.9685213921525161,0.042660877192292244,../survan/_legacy_results/ddh_tc/churn_lastfm_months/seed_3/lambda_0.1/target_lr_0.25,legacy
tc_ddh,churn_lastfm_months,,0.8,0.05,,3,0.9827033598585323,0.03996522242240791,0.9786078474839282,0.03656313779314035,../survan/_legacy_results/ddh_tc/churn_lastfm_months/seed_3/lambda_0.8/target_lr_0.05,legacy
tc_ddh,churn_lastfm_months,,0.8,0.1,,3,0.9839467285587975,0.0378873882037619,0.978690977610286,0.037385583974868984,../survan/_legacy_results/ddh_tc/churn_lastfm_months/seed_3/lambda_0.8/target_lr_0.1,legacy
tc_ddh,churn_lastfm_months,,0.8,0.25,,3,0.9828691423519009,0.039860670183245496,0.9763079139880293,0.03794930836067498,../survan/_legacy_results/ddh_tc/churn_lastfm_months/seed_3/lambda_0.8/target_lr_0.25,legacy
tc_ddh,churn_lastfm_months,,0.5,0.05,,6,0.9742356388566373,0.04324093184033351,0.974827192075328,0.054944850710967406,../survan/_legacy_results/ddh_tc/churn_lastfm_months/seed_6/lambda_0.5/target_lr_0.05,legacy
tc_ddh,churn_lastfm_months,,0.5,0.1,,6,0.9657488804113452,0.056879240004024494,0.9663908996897621,0.05305209820485614,../survan/_legacy_results/ddh_tc/churn_lastfm_months/seed_6/lambda_0.5/target_lr_0.1,legacy
tc_ddh,churn_lastfm_months,,0.5,0.25,,6,0.9737656880632498,0.042741451962687374,0.9719969520492027,0.042271026089499626,../survan/_legacy_results/ddh_tc/churn_lastfm_months/seed_6/lambda_0.5/target_lr_0.25,legacy
tc_ddh,churn_lastfm_months,,0.95,0.05,,6,0.976253662851772,0.045246305266307504,0.9752081859249987,0.041816312034269484,../survan/_legacy_results/ddh_tc/churn_lastfm_months/seed_6/lambda_0.95/target_lr_0.05,legacy
tc_ddh,churn_lastfm_months,,0.95,0.1,,6,0.973433958091447,0.045659665763095714,0.9763511674740107,0.04541296383050531,../survan/_legacy_results/ddh_tc/churn_lastfm_months/seed_6/lambda_0.95/target_lr_0.1,legacy
tc_ddh,churn_lastfm_months,,0.95,0.25,,6,0.9665782053408526,0.0522107746478401,0.9739835628367713,0.04909410064098842,../survan/_legacy_results/ddh_tc/churn_lastfm_months/seed_6/lambda_0.95/target_lr_0.25,legacy
tc_ddh,churn_lastfm_months,,0.1,0.05,,6,0.9764748161663073,0.041789027913602374,0.9767865890164916,0.04329658910386156,../survan/_legacy_results/ddh_tc/churn_lastfm_months/seed_6/lambda_0.1/target_lr_0.05,legacy
tc_ddh,churn_lastfm_months,,0.1,0.1,,6,0.9737933322275668,0.04419439992377246,0.9749904751537583,0.037319290781459714,../survan/_legacy_results/ddh_tc/churn_lastfm_months/seed_6/lambda_0.1/target_lr_0.1,legacy
tc_ddh,churn_lastfm_months,,0.1,0.25,,6,0.9727981423121579,0.04184335416722452,0.9745822674576825,0.04110903167755287,../survan/_legacy_results/ddh_tc/churn_lastfm_months/seed_6/lambda_0.1/target_lr_0.25,legacy
tc_ddh,churn_lastfm_months,,0.8,0.05,,6,0.9748714546359264,0.044219211726334834,0.9767865890164916,0.04335158444328162,../survan/_legacy_results/ddh_tc/churn_lastfm_months/seed_6/lambda_0.8/target_lr_0.05,legacy
tc_ddh,churn_lastfm_months,,0.8,0.1,,6,0.9769447669596948,0.04427694485633508,0.9778207151798836,0.057533200869534874,../survan/_legacy_results/ddh_tc/churn_lastfm_months/seed_6/lambda_0.8/target_lr_0.1,legacy
tc_ddh,churn_lastfm_months,,0.8,0.25,,6,0.9784099076684912,0.03660193473522608,0.9778751428726936,0.036269328885585754,../survan/_legacy_results/ddh_tc/churn_lastfm_months/seed_6/lambda_0.8/target_lr_0.25,legacy
tc_ddh,churn_lastfm_months,,0.5,0.05,,1,0.9806214408138442,0.03524751280557176,0.9782547620385458,0.0351735176591978,../survan/_legacy_results/ddh_tc/churn_lastfm_months/seed_1/lambda_0.5/target_lr_0.05,legacy
tc_ddh,churn_lastfm_months,,0.5,0.1,,1,0.9777464477248853,0.043979493359890806,0.9748553126931505,0.033025763776830995,../survan/_legacy_results/ddh_tc/churn_lastfm_months/seed_1/lambda_0.5/target_lr_0.1,legacy
tc_ddh,churn_lastfm_months,,0.5,0.25,,1,0.9787416376402941,0.04213448900534827,0.9726920267460808,0.0352164610768202,../survan/_legacy_results/ddh_tc/churn_lastfm_months/seed_1/lambda_0.5/target_lr_0.25,legacy
tc_ddh,churn_lastfm_months,,0.95,0.05,,1,0.9705036766738542,0.045554591594657315,0.9697139967410238,0.05721471370150297,../survan/_legacy_results/ddh_tc/churn_lastfm_months/seed_1/lambda_0.95/target_lr_0.05,legacy
tc_ddh,churn_lastfm_months,,0.95,0.1,,1,0.9688726709791563,0.04603772389587162,0.9611732314435018,0.047242571770701874,../survan/_legacy_results/ddh_tc/churn_lastfm_months/seed_1/lambda_0.95/target_lr_0.1,legacy
tc_ddh,churn_lastfm_months,,0.95,0.25,,1,0.9711394924531431,0.04321186418332714,0.9604708658762713,0.046864097818869035,../survan/_legacy_results/ddh_tc/churn_lastfm_months/seed_1/lambda_0.95/target_lr_0.25,legacy
tc_ddh,churn_lastfm_months,,0.1,0.05,,1,0.9811743241001825,0.0356400994225435,0.9765128954318143,0.03767705105870149,../survan/_legacy_results/ddh_tc/churn_lastfm_months/seed_1/lambda_0.1/target_lr_0.05,legacy
tc_ddh,churn_lastfm_months,,0.1,0.1,,1,0.9838005197102891,0.03436580167479289,0.9844917682755521,0.03427151576839501,../survan/_legacy_results/ddh_tc/churn_lastfm_months/seed_1/lambda_0.1/target_lr_0.1,legacy
tc_ddh,churn_lastfm_months,,0.1,0.25,,1,0.9812572565931332,0.035903393217409416,0.9773276394898016,0.032176263654832796,../survan/_legacy_results/ddh_tc/churn_lastfm_months/seed_1/lambda_0.1/target_lr_0.25,legacy
tc_ddh,churn_lastfm_months,,0.8,0.05,,1,0.9847404212970642,0.034647999812584984,0.9840422543125246,0.0346752679797772,../survan/_legacy_results/ddh_tc/churn_lastfm_months/seed_1/lambda_0.8/target_lr_0.05,legacy
tc_ddh,churn_lastfm_months,,0.8,0.1,,1,0.9808702382926964,0.03915605490516562,0.9768781255267742,0.040107326890068774,../survan/_legacy_results/ddh_tc/churn_lastfm_months/seed_1/lambda_0.8/target_lr_0.1,legacy
tc_ddh,churn_lastfm_months,,0.8,0.25,,1,0.9757560678940675,0.0405806533844876,0.9666235882452099,0.04474696319155408,../survan/_legacy_results/ddh_tc/churn_lastfm_months/seed_1/lambda_0.8/target_lr_0.25,legacy
tc_ddh,churn_lastfm_months,,0.5,0.05,,8,0.9811832374691866,0.04358598738126876,0.9759431539295702,0.035594083710296244,../survan/_legacy_results/ddh_tc/churn_lastfm_months/seed_8/lambda_0.5/target_lr_0.05,legacy
tc_ddh,churn_lastfm_months,,0.5,0.1,,8,0.9841961106546152,0.03991597490800903,0.9749443524912962,0.03579434275352545,../survan/_legacy_results/ddh_tc/churn_lastfm_months/seed_8/lambda_0.5/target_lr_0.1,legacy
tc_ddh,churn_lastfm_months,,0.5,0.25,,8,0.9806354423445631,0.041379544392940594,0.9759146167456195,0.039655683902266536,../survan/_legacy_results/ddh_tc/churn_lastfm_months/seed_8/lambda_0.5/target_lr_0.25,legacy
tc_ddh,churn_lastfm_months,,0.95,0.05,,8,0.9803889345384826,0.04042034364296919,0.9803378802579762,0.04261413796845382,../survan/_legacy_results/ddh_tc/churn_lastfm_months/seed_8/lambda_0.95/target_lr_0.05,legacy
tc_ddh,churn_lastfm_months,,0.95,0.1,,8,0.978033415502602,0.047619978242731384,0.975229724330803,0.051307675911041246,../survan/_legacy_results/ddh_tc/churn_lastfm_months/seed_8/lambda_0.95/target_lr_0.1,legacy
tc_ddh,churn_lastfm_months,,0.95,0.25,,8,0.9660093125171186,0.04878533581477216,0.953398778608527,0.0480595215245442,../survan/_legacy_results/ddh_tc/churn_lastfm_months/seed_8/lambda_0.95/target_lr_0.25,legacy
tc_ddh,churn_lastfm_months,,0.1,0.05,,8,0.9867981374965763,0.03580829833555472,0.9791963928999486,0.0350617530641554,../survan/_legacy_results/ddh_tc/churn_lastfm_months/seed_8/lambda_0.1/target_lr_0.05,legacy
tc_ddh,churn_lastfm_months,,0.1,0.1,,8,0.9847712955354697,0.03112992445301738,0.9818503510073626,0.030236572525032,../survan/_legacy_results/ddh_tc/churn_lastfm_months/seed_8/lambda_0.1/target_lr_0.1,legacy
tc_ddh,churn_lastfm_months,,0.1,0.25,,8,0.9900027389756231,0.035141853392177236,0.9843045488271217,0.03421221756136646,../survan/_legacy_results/ddh_tc/churn_lastfm_months/seed_8/lambda_0.1/target_lr_0.25,legacy
tc_ddh,churn_lastfm_months,,0.8,0.05,,8,0.9795124623390852,0.04380935302751909,0.9746875178357399,0.040799867556012955,../survan/_legacy_results/ddh_tc/churn_lastfm_months/seed_8/lambda_0.8/target_lr_0.05,legacy
tc_ddh,churn_lastfm_months,,0.8,0.1,,8,0.9754861681731033,0.039655728397328414,0.9690086182295531,0.03410817123857794,../survan/_legacy_results/ddh_tc/churn_lastfm_months/seed_8/lambda_0.8/target_lr_0.1,legacy
tc_ddh,churn_lastfm_months,,0.8,0.25,,8,0.9747192549986305,0.04368000605495578,0.9715198904172136,0.03889443413760914,../survan/_legacy_results/ddh_tc/churn_lastfm_months/seed_8/lambda_0.8/target_lr_0.25,legacy
tc_ddh,churn_lastfm_months,,0.5,0.05,,9,0.9750405276985857,0.044106096707645065,0.9738196712237781,0.039393563526517364,../survan/_legacy_results/ddh_tc/churn_lastfm_months/seed_9/lambda_0.5/target_lr_0.05,legacy
tc_ddh,churn_lastfm_months,,0.5,0.1,,9,0.9802672033092962,0.04267082532377095,0.975397132894227,0.03358384212305852,../survan/_legacy_results/ddh_tc/churn_lastfm_months/seed_9/lambda_0.5/target_lr_0.1,legacy
tc_ddh,churn_lastfm_months,,0.5,0.25,,9,0.9774162893398177,0.03987259199660373,0.9698068301322854,0.043899737234373015,../survan/_legacy_results/ddh_tc/churn_lastfm_months/seed_9/lambda_0.5/target_lr_0.25,legacy
tc_ddh,churn_lastfm_months,,0.95,0.05,,9,0.9804908044049416,0.04193951477553234,0.9757015553218575,0.03914839080247796,../survan/_legacy_results/ddh_tc/churn_lastfm_months/seed_9/lambda_0.95/target_lr_0.05,legacy
tc_ddh,churn_lastfm_months,,0.95,0.1,,9,0.9780311923528425,0.04157096214996739,0.9727403553439974,0.04128050302801467,../survan/_legacy_results/ddh_tc/churn_lastfm_months/seed_9/lambda_0.95/target_lr_0.1,legacy
tc_ddh,churn_lastfm_months,,0.95,0.25,,9,0.979093297557158,0.05476327818204436,0.9754524824265235,0.06368354881870272,../survan/_legacy_results/ddh_tc/churn_lastfm_months/seed_9/lambda_0.95/target_lr_0.25,legacy
tc_ddh,churn_lastfm_months,,0.1,0.05,,9,0.9813572586505673,0.04108525125878564,0.9781092599767532,0.04386094786169375,../survan/_legacy_results/ddh_tc/churn_lastfm_months/seed_9/lambda_0.1/target_lr_0.05,legacy
tc_ddh,churn_lastfm_months,,0.1,0.1,,9,0.978925596735424,0.03944386710394519,0.9791055515580893,0.05708389242647493,../survan/_legacy_results/ddh_tc/churn_lastfm_months/seed_9/lambda_0.1/target_lr_0.1,legacy
tc_ddh,churn_lastfm_months,,0.1,0.25,,9,0.9795125496114931,0.040031340704402174,0.9763657497094149,0.03520645550436473,../survan/_legacy_results/ddh_tc/churn_lastfm_months/seed_9/lambda_0.1/target_lr_0.25,legacy
tc_ddh,churn_lastfm_months,,0.8,0.05,,9,0.9775280898876404,0.04723939847830733,0.9704433497536946,0.05104188402548867,../survan/_legacy_results/ddh_tc/churn_lastfm_months/seed_9/lambda_0.8/target_lr_0.05,legacy
tc_ddh,churn_lastfm_months,,0.8,0.1,,9,0.9797641008440942,0.04095990010033835,0.9724359329163669,0.04096992566668033,../survan/_legacy_results/ddh_tc/churn_lastfm_months/seed_9/lambda_0.8/target_lr_0.1,legacy
tc_ddh,churn_lastfm_months,,0.8,0.25,,9,0.9813572586505673,0.037689351024746395,0.9788288038966071,0.03444893661436903,../survan/_legacy_results/ddh_tc/churn_lastfm_months/seed_9/lambda_0.8/target_lr_0.25,legacy
tc_ddh,churn_lastfm_months,,0.5,0.05,,0,0.9841781013721647,0.03509693375918871,0.9822683171629307,0.04335340223498032,../survan/_legacy_results/ddh_tc/churn_lastfm_months/seed_0/lambda_0.5/target_lr_0.05,legacy
tc_ddh,churn_lastfm_months,,0.5,0.1,,0,0.9837020442453095,0.03521163219863623,0.9797869967659195,0.034584852323986025,../survan/_legacy_results/ddh_tc/churn_lastfm_months/seed_0/lambda_0.5/target_lr_0.1,legacy
tc_ddh,churn_lastfm_months,,0.5,0.25,,0,0.9806496779613554,0.039383290145302896,0.9731794357087097,0.0374365945869455,../survan/_legacy_results/ddh_tc/churn_lastfm_months/seed_0/lambda_0.5/target_lr_0.25,legacy
tc_ddh,churn_lastfm_months,,0.95,0.05,,0,0.9718006160739289,0.04933612098326414,0.9694156351065016,0.06419828674508278,../survan/_legacy_results/ddh_tc/churn_lastfm_months/seed_0/lambda_0.95/target_lr_0.05,legacy
tc_ddh,churn_lastfm_months,,0.95,0.1,,0,0.9758050966115934,0.04564150891000699,0.9748801159808186,0.05838125200317188,../survan/_legacy_results/ddh_tc/churn_lastfm_months/seed_0/lambda_0.95/target_lr_0.1,legacy
tc_ddh,churn_lastfm_months,,0.95,0.25,,0,0.9770372444693364,0.043930354035750054,0.9712557154009145,0.04001164531985847,../survan/_legacy_results/ddh_tc/churn_lastfm_months/seed_0/lambda_0.95/target_lr_0.25,legacy
tc_ddh,churn_lastfm_months,,0.1,0.05,,0,0.974292915149818,0.043639388173745505,0.9730121556819449,0.05906702968525993,../survan/_legacy_results/ddh_tc/churn_lastfm_months/seed_0/lambda_0.1/target_lr_0.05,legacy
tc_ddh,churn_lastfm_months,,0.1,0.1,,0,0.978241388966676,0.034678239279502476,0.9796197167391547,0.03386236398873052,../survan/_legacy_results/ddh_tc/churn_lastfm_months/seed_0/lambda_0.1/target_lr_0.1,legacy
tc_ddh,churn_lastfm_months,,0.1,0.25,,0,0.9775133015961915,0.045173247033967724,0.9727333556373369,0.050286416427762784,../survan/_legacy_results/ddh_tc/churn_lastfm_months/seed_0/lambda_0.1/target_lr_0.25,legacy
tc_ddh,churn_lastfm_months,,0.8,0.05,,0,0.9748249789974797,0.04993539563969994,0.9690253150440504,0.04652477262641855,../survan/_legacy_results/ddh_tc/churn_lastfm_months/seed_0/lambda_0.8/target_lr_0.05,legacy
tc_ddh,churn_lastfm_months,,0.8,0.1,,0,0.9793055166619994,0.040661147644276446,0.9798985167837627,0.03317902445393587,../survan/_legacy_results/ddh_tc/churn_lastfm_months/seed_0/lambda_0.8/target_lr_0.1,legacy
tc_ddh,churn_lastfm_months,,0.8,0.25,,0,0.9802856342761131,0.03764952639125107,0.9766923162707706,0.03647965641181486,../survan/_legacy_results/ddh_tc/churn_lastfm_months/seed_0/lambda_0.8/target_lr_0.25,legacy
tc_ddh,churn_lastfm_months,,0.5,0.05,,7,0.9815073467791496,0.036548537279343464,0.9817317317317318,0.03886305081163335,../survan/_legacy_results/ddh_tc/churn_lastfm_months/seed_7/lambda_0.5/target_lr_0.05,legacy
tc_ddh,churn_lastfm_months,,0.5,0.1,,7,0.9810045253924801,0.04005674374254349,0.9842342342342343,0.03370696115388229,../survan/_legacy_results/ddh_tc/churn_lastfm_months/seed_7/lambda_0.5/target_lr_0.1,legacy
tc_ddh,churn_lastfm_months,,0.5,0.25,,7,0.9718140678250181,0.053806694101594894,0.9710265821376932,0.041463594846634665,../survan/_legacy_results/ddh_tc/churn_lastfm_months/seed_7/lambda_0.5/target_lr_0.25,legacy
tc_ddh,churn_lastfm_months,,0.95,0.05,,7,0.9734342700709537,0.0458762482257822,0.97778333889445,0.04219096670332529,../survan/_legacy_results/ddh_tc/churn_lastfm_months/seed_7/lambda_0.95/target_lr_0.05,legacy
tc_ddh,churn_lastfm_months,,0.95,0.1,,7,0.9730711212916923,0.05142890283228257,0.9756145033922812,0.041566327782008666,../survan/_legacy_results/ddh_tc/churn_lastfm_months/seed_7/lambda_0.95/target_lr_0.1,legacy
tc_ddh,churn_lastfm_months,,0.95,0.25,,7,0.9701938655790826,0.05091540995080565,0.9740017795573351,0.04732524786140551,../survan/_legacy_results/ddh_tc/churn_lastfm_months/seed_7/lambda_0.95/target_lr_0.25,legacy
tc_ddh,churn_lastfm_months,,0.1,0.05,,7,0.9755852282250405,0.04694237745165466,0.9812312312312312,0.03526013544797397,../survan/_legacy_results/ddh_tc/churn_lastfm_months/seed_7/lambda_0.1/target_lr_0.05,legacy
tc_ddh,churn_lastfm_months,,0.1,0.1,,7,0.9804458349628471,0.04058006743237286,0.9825658992325659,0.03571670092457785,../survan/_legacy_results/ddh_tc/churn_lastfm_months/seed_7/lambda_0.1/target_lr_0.1,legacy
tc_ddh,churn_lastfm_months,,0.1,0.25,,7,0.9811162634784066,0.039018455560654426,0.9812312312312312,0.036625048651682784,../survan/_legacy_results/ddh_tc/churn_lastfm_months/seed_7/lambda_0.1/target_lr_0.25,legacy
tc_ddh,churn_lastfm_months,,0.8,0.05,,7,0.9734063355494721,0.04502019257171288,0.9796741185630075,0.041510334740402464,../survan/_legacy_results/ddh_tc/churn_lastfm_months/seed_7/lambda_0.8/target_lr_0.05,legacy
tc_ddh,churn_lastfm_months,,0.8,0.1,,7,0.9810324599139617,0.042503881444323044,0.9824824824824825,0.03215181745935544,../survan/_legacy_results/ddh_tc/churn_lastfm_months/seed_7/lambda_0.8/target_lr_0.1,legacy
tc_ddh,churn_lastfm_months,,0.8,0.25,,7,0.9770098888206045,0.0419510186912607,0.9797575353130908,0.03172035732004593,../survan/_legacy_results/ddh_tc/churn_lastfm_months/seed_7/lambda_0.8/target_lr_0.25,legacy
tc_ddh,big_rw,,0.5,0.05,,10,0.9940141214776136,0.02642399944188311,0.9945440602546757,0.01940547908347072,../survan/_legacy_results/ddh_tc/big_rw/seed_10/lambda_0.5/target_lr_0.05,legacy
tc_ddh,big_rw,,0.5,0.1,,10,0.9956556377125501,0.020842287515311083,0.9959795482310392,0.019228366887237273,../survan/_legacy_results/ddh_tc/big_rw/seed_10/lambda_0.5/target_lr_0.1,legacy
tc_ddh,big_rw,,0.5,0.25,,10,0.9943020498116018,0.022612394125904555,0.9947980520780927,0.023327326241913846,../survan/_legacy_results/ddh_tc/big_rw/seed_10/lambda_0.5/target_lr_0.25,legacy
tc_ddh,big_rw,,0.1,0.05,,10,0.9948662702781106,0.026042622187906973,0.9954514840340631,0.01763013655678073,../survan/_legacy_results/ddh_tc/big_rw/seed_10/lambda_0.1/target_lr_0.05,legacy
tc_ddh,big_rw,,0.1,0.1,,10,0.9940146626962865,0.02008999983775091,0.9953022367019271,0.018624472253425648,../survan/_legacy_results/ddh_tc/big_rw/seed_10/lambda_0.1/target_lr_0.1,legacy
tc_ddh,big_rw,,0.1,0.25,,10,0.992592610633215,0.020739228748996433,0.9921631582689263,0.017941043350675832,../survan/_legacy_results/ddh_tc/big_rw/seed_10/lambda_0.1/target_lr_0.25,legacy
tc_ddh,big_rw,,0.8,0.05,,10,0.9945945785043098,0.022285612904839096,0.9950531293366526,0.022726987281605902,../survan/_legacy_results/ddh_tc/big_rw/seed_10/lambda_0.8/target_lr_0.05,legacy
tc_ddh,big_rw,,0.8,0.1,,10,0.9925033095521848,0.034046163914867325,0.9939638951708448,0.02994691302404875,../survan/_legacy_results/ddh_tc/big_rw/seed_10/lambda_0.8/target_lr_0.1,legacy
tc_ddh,big_rw,,0.8,0.25,,10,0.9959941699924554,0.017971920347532845,0.9965822360940834,0.016031847221186127,../survan/_legacy_results/ddh_tc/big_rw/seed_10/lambda_0.8/target_lr_0.25,legacy
tc_ddh,big_rw,,0.5,0.05,,2,0.9897820565826,0.03344811443898656,0.9902585901523202,0.030754368341269815,../survan/_legacy_results/ddh_tc/big_rw/seed_2/lambda_0.5/target_lr_0.05,legacy
tc_ddh,big_rw,,0.5,0.1,,2,0.987301399799185,0.027626588555262337,0.9898748376431692,0.03199599043115346,../survan/_legacy_results/ddh_tc/big_rw/seed_2/lambda_0.5/target_lr_0.1,legacy
tc_ddh,big_rw,,0.5,0.25,,2,0.9892209556434942,0.020371185495466678,0.9914984059511158,0.01575758897753261,../survan/_legacy_results/ddh_tc/big_rw/seed_2/lambda_0.5/target_lr_0.25,legacy
tc_ddh,big_rw,,0.95,0.05,,2,0.9873309314275589,0.031384652022165976,0.9884874247254694,0.022190998715966845,../survan/_legacy_results/ddh_tc/big_rw/seed_2/lambda_0.95/target_lr_0.05,legacy
tc_ddh,big_rw,,0.95,0.1,,2,0.9894276770421121,0.033261846669677596,0.9885759829968119,0.029655701545959322,../survan/_legacy_results/ddh_tc/big_rw/seed_2/lambda_0.95/target_lr_0.1,legacy
tc_ddh,big_rw,,0.95,0.25,,2,0.9915539542850392,0.0271027396196353,0.9901405124571968,0.021682619941564844,../survan/_legacy_results/ddh_tc/big_rw/seed_2/lambda_0.95/target_lr_0.25,legacy
tc_ddh,big_rw,,0.1,0.05,,2,0.9866221723465832,0.03451611004501254,0.9880151139449758,0.03448458252096734,../survan/_legacy_results/ddh_tc/big_rw/seed_2/lambda_0.1/target_lr_0.05,legacy
tc_ddh,big_rw,,0.1,0.1,,2,0.9932667887307306,0.025156302866816724,0.9877199197071673,0.03306319857622541,../survan/_legacy_results/ddh_tc/big_rw/seed_2/lambda_0.1/target_lr_0.1,legacy
tc_ddh,big_rw,,0.1,0.25,,2,0.9910814482310555,0.023574182974440555,0.9894025268626756,0.022082130414058394,../survan/_legacy_results/ddh_tc/big_rw/seed_2/lambda_0.1/target_lr_0.25,legacy
tc_ddh,big_rw,,0.8,0.05,,2,0.9848798062725179,0.023896587938045177,0.9892844491675522,0.028776148910426808,../survan/_legacy_results/ddh_tc/big_rw/seed_2/lambda_0.8/target_lr_0.05,legacy
tc_ddh,big_rw,,0.8,0.1,,2,0.9889551709881282,0.026020919636695075,0.9893139685913331,0.01746155870261323,../survan/_legacy_results/ddh_tc/big_rw/seed_2/lambda_0.8/target_lr_0.1,legacy
tc_ddh,big_rw,,0.8,0.25,,2,0.9855590337251195,0.025154162891793768,0.989727240524265,0.023536767617041095,../survan/_legacy_results/ddh_tc/big_rw/seed_2/lambda_0.8/target_lr_0.25,legacy
tc_ddh,big_rw,,0.5,0.05,,5,0.9874741506646972,0.023389432132636646,0.9863818976722203,0.01887886696673828,../survan/_legacy_results/ddh_tc/big_rw/seed_5/lambda_0.5/target_lr_0.05,legacy
tc_ddh,big_rw,,0.5,0.1,,5,0.9848153618906942,0.020791969793338944,0.9828665957698216,0.015787911213764345,../survan/_legacy_results/ddh_tc/big_rw/seed_5/lambda_0.5/target_lr_0.1,legacy
tc_ddh,big_rw,,0.5,0.25,,5,0.9861742983751847,0.0222436985857301,0.9852889046437433,0.015957749200715122,../survan/_legacy_results/ddh_tc/big_rw/seed_5/lambda_0.5/target_lr_0.25,legacy
tc_ddh,big_rw,,0.95,0.05,,5,0.9908124076809454,0.028692367632615453,0.9915514592933948,0.024996166881555353,../survan/_legacy_results/ddh_tc/big_rw/seed_5/lambda_0.95/target_lr_0.05,legacy
tc_ddh,big_rw,,0.95,0.1,,5,0.9912850812407681,0.035303117551990636,0.9883611012643271,0.03086232304679018,../survan/_legacy_results/ddh_tc/big_rw/seed_5/lambda_0.95/target_lr_0.1,legacy
tc_ddh,big_rw,,0.95,0.25,,5,0.989423929098966,0.02837017970988908,0.9862637362637363,0.027860257630004562,../survan/_legacy_results/ddh_tc/big_rw/seed_5/lambda_0.95/target_lr_0.25,legacy
tc_ddh,big_rw,,0.1,0.05,,5,0.9827769571639586,0.024300987708434498,0.9866477608413092,0.020869450507082537,../survan/_legacy_results/ddh_tc/big_rw/seed_5/lambda_0.1/target_lr_0.05,legacy
tc_ddh,big_rw,,0.1,0.1,,5,0.9880354505169867,0.028769260876740227,0.9867954626019142,0.033404218906066256,../survan/_legacy_results/ddh_tc/big_rw/seed_5/lambda_0.1/target_lr_0.1,legacy
tc_ddh,big_rw,,0.1,0.25,,5,0.9859084194977843,0.025766114778373567,0.9863523573200993,0.02442064178370356,../survan/_legacy_results/ddh_tc/big_rw/seed_5/lambda_0.1/target_lr_0.25,legacy
tc_ddh,big_rw,,0.8,0.05,,5,0.9861152141802068,0.027429740335420977,0.9843140730237504,0.026041349097215314,../survan/_legacy_results/ddh_tc/big_rw/seed_5/lambda_0.8/target_lr_0.05,legacy
tc_ddh,big_rw,,0.8,0.1,,5,0.9890694239290989,0.02072078353972572,0.9876816731655441,0.015318165082857901,../survan/_legacy_results/ddh_tc/big_rw/seed_5/lambda_0.8/target_lr_0.1,legacy
tc_ddh,big_rw,,0.8,0.25,,5,0.991669128508124,0.02641027587816428,0.9879179959825121,0.022887233175024637,../survan/_legacy_results/ddh_tc/big_rw/seed_5/lambda_0.8/target_lr_0.25,legacy
tc_ddh,big_rw,,0.5,0.05,,4,0.9891381345926801,0.03229677053208256,0.9870597967383598,0.03795764595717015,../survan/_legacy_results/ddh_tc/big_rw/seed_4/lambda_0.5/target_lr_0.05,legacy
tc_ddh,big_rw,,0.5,0.1,,4,0.9881050767414403,0.029611005098689247,0.9894233041834082,0.02758334371015952,../survan/_legacy_results/ddh_tc/big_rw/seed_4/lambda_0.5/target_lr_0.1,legacy
tc_ddh,big_rw,,0.5,0.25,,4,0.9893742621015348,0.020827670057321137,0.9838690616875443,0.024630940003059747,../survan/_legacy_results/ddh_tc/big_rw/seed_4/lambda_0.5/target_lr_0.25,legacy
tc_ddh,big_rw,,0.95,0.05,,4,0.9927095631641086,0.019942456496873644,0.9878574805010636,0.02083423095125665,../survan/_legacy_results/ddh_tc/big_rw/seed_4/lambda_0.95/target_lr_0.05,legacy
tc_ddh,big_rw,,0.95,0.1,,4,0.9927981109799292,0.021014555289475826,0.987975655873316,0.018252013168613492,../survan/_legacy_results/ddh_tc/big_rw/seed_4/lambda_0.95/target_lr_0.1,legacy
tc_ddh,big_rw,,0.95,0.25,,4,0.9889315230224321,0.02198148240160677,0.9809442212242968,0.01992648942248966,../survan/_legacy_results/ddh_tc/big_rw/seed_4/lambda_0.95/target_lr_0.25,legacy
tc_ddh,big_rw,,0.1,0.05,,4,0.9864521841794569,0.028961039356691264,0.9796738359725833,0.017756887136818254,../survan/_legacy_results/ddh_tc/big_rw/seed_4/lambda_0.1/target_lr_0.05,legacy
tc_ddh,big_rw,,0.1,0.1,,4,0.9922963400236128,0.026067490807620473,0.9805896951075396,0.022857510477383738,../survan/_legacy_results/ddh_tc/big_rw/seed_4/lambda_0.1/target_lr_0.1,legacy
tc_ddh,big_rw,,0.1,0.25,,4,0.9933589138134593,0.023140350944034535,0.9862621129756559,0.02126164062911207,../survan/_legacy_results/ddh_tc/big_rw/seed_4/lambda_0.1/target_lr_0.25,legacy
tc_ddh,big_rw,,0.8,0.05,,4,0.99185360094451,0.022137135808642756,0.9794670290711416,0.019132919850853868,../survan/_legacy_results/ddh_tc/big_rw/seed_4/lambda_0.8/target_lr_0.05,legacy
tc_ddh,big_rw,,0.8,0.1,,4,0.9937131050767415,0.020522197754576817,0.9872961474828645,0.01857280918166815,../survan/_legacy_results/ddh_tc/big_rw/seed_4/lambda_0.8/target_lr_0.1,legacy
tc_ddh,big_rw,,0.8,0.25,,4,0.9909976387249114,0.023601804422427316,0.9865280075632238,0.023523468035392472,../survan/_legacy_results/ddh_tc/big_rw/seed_4/lambda_0.8/target_lr_0.25,legacy
tc_ddh,big_rw,,0.5,0.05,,3,0.9748209953251672,0.022507588719254575,0.9851882450135725,0.02190716444705216,../survan/_legacy_results/ddh_tc/big_rw/seed_3/lambda_0.5/target_lr_0.05,legacy
tc_ddh,big_rw,,0.5,0.1,,3,0.9759157346588555,0.02198416037611587,0.9881682993036704,0.020123725167730554,../survan/_legacy_results/ddh_tc/big_rw/seed_3/lambda_0.5/target_lr_0.1,legacy
tc_ddh,big_rw,,0.5,0.25,,3,0.9760340848570921,0.02197477362711388,0.9866340139265903,0.022855532368893764,../survan/_legacy_results/ddh_tc/big_rw/seed_3/lambda_0.5/target_lr_0.25,legacy
tc_ddh,big_rw,,0.95,0.05,,3,0.9832534469495237,0.028956884284014536,0.9871356072229435,0.03281130714854534,../survan/_legacy_results/ddh_tc/big_rw/seed_3/lambda_0.95/target_lr_0.05,legacy
tc_ddh,big_rw,,0.95,0.1,,3,0.9910349724835789,0.02944340622013361,0.9889649474802313,0.03133333424738974,../survan/_legacy_results/ddh_tc/big_rw/seed_3/lambda_0.95/target_lr_0.1,legacy
tc_ddh,big_rw,,0.95,0.25,,3,0.9879578673294278,0.033437495447077505,0.9875191785672135,0.039725622720174124,../survan/_legacy_results/ddh_tc/big_rw/seed_3/lambda_0.95/target_lr_0.25,legacy
tc_ddh,big_rw,,0.1,0.05,,3,0.9762411977040062,0.029561513699389693,0.9764841260474448,0.023671934060721933,../survan/_legacy_results/ddh_tc/big_rw/seed_3/lambda_0.1/target_lr_0.05,legacy
tc_ddh,big_rw,,0.1,0.1,,3,0.9741404816853069,0.026315338467031893,0.9782544553286912,0.021203628659771233,../survan/_legacy_results/ddh_tc/big_rw/seed_3/lambda_0.1/target_lr_0.1,legacy
tc_ddh,big_rw,,0.1,0.25,,3,0.9799692289484585,0.02504722819162569,0.9892009913843975,0.020243745594569897,../survan/_legacy_results/ddh_tc/big_rw/seed_3/lambda_0.1/target_lr_0.25,legacy
tc_ddh,big_rw,,0.8,0.05,,3,0.9828983963548139,0.03152589762050955,0.9786970376490027,0.035875383424331296,../survan/_legacy_results/ddh_tc/big_rw/seed_3/lambda_0.8/target_lr_0.05,legacy
tc_ddh,big_rw,,0.8,0.1,,3,0.9836972601929108,0.02599299207065671,0.9872536291750266,0.03307632072097856,../survan/_legacy_results/ddh_tc/big_rw/seed_3/lambda_0.8/target_lr_0.1,legacy
tc_ddh,big_rw,,0.8,0.25,,3,0.9857979762116101,0.024629754925689328,0.9897615956567921,0.030683487958303685,../survan/_legacy_results/ddh_tc/big_rw/seed_3/lambda_0.8/target_lr_0.25,legacy
tc_ddh,big_rw,,0.5,0.05,,6,0.9847849208225006,0.031628482782505685,0.9851274787535411,0.03579137069862469,../survan/_legacy_results/ddh_tc/big_rw/seed_6/lambda_0.5/target_lr_0.05,legacy
tc_ddh,big_rw,,0.5,0.1,,6,0.9866757267785393,0.035973917864726423,0.9892587346553352,0.031190424782522146,../survan/_legacy_results/ddh_tc/big_rw/seed_6/lambda_0.5/target_lr_0.1,legacy
tc_ddh,big_rw,,0.5,0.25,,6,0.9908118648073742,0.025474097987627564,0.98890462700661,0.021539562943014744,../survan/_legacy_results/ddh_tc/big_rw/seed_6/lambda_0.5/target_lr_0.25,legacy
tc_ddh,big_rw,,0.95,0.05,,6,0.9901914441030489,0.026309466970972244,0.9891997167138811,0.026300715605475714,../survan/_legacy_results/ddh_tc/big_rw/seed_6/lambda_0.95/target_lr_0.05,legacy
tc_ddh,big_rw,,0.95,0.1,,6,0.9903391633183645,0.02460002091820853,0.9892882436260623,0.018275854301839416,../survan/_legacy_results/ddh_tc/big_rw/seed_6/lambda_0.95/target_lr_0.1,legacy
tc_ddh,big_rw,,0.95,0.25,,6,0.9898073741432285,0.02261181305181599,0.9873111425873465,0.024288130883668532,../survan/_legacy_results/ddh_tc/big_rw/seed_6/lambda_0.95/target_lr_0.25,legacy
tc_ddh,big_rw,,0.1,0.05,,6,0.983780430158355,0.03587348472309592,0.9880783758262511,0.04513736092941409,../survan/_legacy_results/ddh_tc/big_rw/seed_6/lambda_0.1/target_lr_0.05,legacy
tc_ddh,big_rw,,0.1,0.1,,6,0.9847849208225006,0.04121800904561614,0.9879898489140698,0.03484895904632941,../survan/_legacy_results/ddh_tc/big_rw/seed_6/lambda_0.1/target_lr_0.1,legacy
tc_ddh,big_rw,,0.1,0.25,,6,0.9911663909241314,0.02928733061794039,0.9901144948064211,0.02441697540438919,../survan/_legacy_results/ddh_tc/big_rw/seed_6/lambda_0.1/target_lr_0.25,legacy
tc_ddh,big_rw,,0.8,0.05,,6,0.9864984637201607,0.027388824851343117,0.9868389990557129,0.03239145411067998,../survan/_legacy_results/ddh_tc/big_rw/seed_6/lambda_0.8/target_lr_0.05,legacy
tc_ddh,big_rw,,0.8,0.1,,6,0.9861734814464665,0.026231604915807612,0.9886980642115203,0.032339816825079644,../survan/_legacy_results/ddh_tc/big_rw/seed_6/lambda_0.8/target_lr_0.1,legacy
tc_ddh,big_rw,,0.8,0.25,,6,0.9866757267785393,0.024270100641733582,0.9868389990557129,0.025126976400463838,../survan/_legacy_results/ddh_tc/big_rw/seed_6/lambda_0.8/target_lr_0.25,legacy
tc_ddh,big_rw,,0.5,0.05,,1,0.9861824623560673,0.023334512783361586,0.9815766164747565,0.02702654653774326,../survan/_legacy_results/ddh_tc/big_rw/seed_1/lambda_0.5/target_lr_0.05,legacy
tc_ddh,big_rw,,0.5,0.1,,1,0.984529081783289,0.022677927885196843,0.985060525538825,0.013227915753473896,../survan/_legacy_results/ddh_tc/big_rw/seed_1/lambda_0.5/target_lr_0.1,legacy
tc_ddh,big_rw,,0.5,0.25,,1,0.9836433421907292,0.018510798848353827,0.9866253321523472,0.0145899179902797,../survan/_legacy_results/ddh_tc/big_rw/seed_1/lambda_0.5/target_lr_0.25,legacy
tc_ddh,big_rw,,0.95,0.05,,1,0.9897549453793918,0.022832380842449308,0.9870977266017125,0.016748668518529023,../survan/_legacy_results/ddh_tc/big_rw/seed_1/lambda_0.95/target_lr_0.05,legacy
tc_ddh,big_rw,,0.95,0.1,,1,0.9904340124003543,0.027710822352281443,0.9855919692943608,0.01821360810573109,../survan/_legacy_results/ddh_tc/big_rw/seed_1/lambda_0.95/target_lr_0.1,legacy
tc_ddh,big_rw,,0.95,0.25,,1,0.9894596988485386,0.024268766607064837,0.9862119870091527,0.017285657773360424,../survan/_legacy_results/ddh_tc/big_rw/seed_1/lambda_0.95/target_lr_0.25,legacy
tc_ddh,big_rw,,0.1,0.05,,1,0.9853262474165928,0.022769977685244976,0.9805727782698553,0.014860062880459055,../survan/_legacy_results/ddh_tc/big_rw/seed_1/lambda_0.1/target_lr_0.05,legacy
tc_ddh,big_rw,,0.1,0.1,,1,0.983348095659876,0.02462094577824402,0.9823147328018895,0.015591519780371486,../survan/_legacy_results/ddh_tc/big_rw/seed_1/lambda_0.1/target_lr_0.1,legacy
tc_ddh,big_rw,,0.1,0.25,,1,0.9848538529672276,0.02014619660557651,0.9834661942722173,0.016505813267358168,../survan/_legacy_results/ddh_tc/big_rw/seed_1/lambda_0.1/target_lr_0.25,legacy
tc_ddh,big_rw,,0.8,0.05,,1,0.9920873929731325,0.027332785200073546,0.9907292589312076,0.022184117818104285,../survan/_legacy_results/ddh_tc/big_rw/seed_1/lambda_0.8/target_lr_0.05,legacy
tc_ddh,big_rw,,0.8,0.1,,1,0.9916445231768527,0.028257364927723235,0.9895777974608798,0.022730860674653925,../survan/_legacy_results/ddh_tc/big_rw/seed_1/lambda_0.8/target_lr_0.1,legacy
tc_ddh,big_rw,,0.8,0.25,,1,0.9877177443165043,0.023745753945135513,0.9869796279893711,0.023227873089631004,../survan/_legacy_results/ddh_tc/big_rw/seed_1/lambda_0.8/target_lr_0.25,legacy
tc_ddh,big_rw,,0.5,0.05,,8,0.9546502008981328,0.046283285832212556,0.9535701619576782,0.03933577080158154,../survan/_legacy_results/ddh_tc/big_rw/seed_8/lambda_0.5/target_lr_0.05,legacy
tc_ddh,big_rw,,0.5,0.1,,8,0.954413850153628,0.050768600446807685,0.9581806360089845,0.04379712393705362,../survan/_legacy_results/ddh_tc/big_rw/seed_8/lambda_0.5/target_lr_0.1,legacy
tc_ddh,big_rw,,0.5,0.25,,8,0.9875620420704325,0.01999435369484357,0.9896559877054025,0.01590927690746029,../survan/_legacy_results/ddh_tc/big_rw/seed_8/lambda_0.5/target_lr_0.25,legacy
tc_ddh,big_rw,,0.95,0.05,,8,0.9846667454502481,0.04614868604196683,0.9826220593450763,0.042762386185911244,../survan/_legacy_results/ddh_tc/big_rw/seed_8/lambda_0.95/target_lr_0.05,legacy
tc_ddh,big_rw,,0.95,0.1,,8,0.9831304656109666,0.02484046034741892,0.983154037120227,0.023882563266443512,../survan/_legacy_results/ddh_tc/big_rw/seed_8/lambda_0.95/target_lr_0.1,legacy
tc_ddh,big_rw,,0.95,0.25,,8,0.9842531316473647,0.024663021224815812,0.9901584111597116,0.029928413197774527,../survan/_legacy_results/ddh_tc/big_rw/seed_8/lambda_0.95/target_lr_0.25,legacy
tc_ddh,big_rw,,0.1,0.05,,8,0.9386669818009927,0.06054019724235964,0.9457087126137841,0.06158142892556568,../survan/_legacy_results/ddh_tc/big_rw/seed_8/lambda_0.1/target_lr_0.05,legacy
tc_ddh,big_rw,,0.1,0.1,,8,0.9454325218624439,0.052523392756078535,0.9442309965716987,0.04526889632421922,../survan/_legacy_results/ddh_tc/big_rw/seed_8/lambda_0.1/target_lr_0.1,legacy
tc_ddh,big_rw,,0.1,0.25,,8,0.9822146064760104,0.022888800426624552,0.9776569334436694,0.018850244451100163,../survan/_legacy_results/ddh_tc/big_rw/seed_8/lambda_0.1/target_lr_0.25,legacy
tc_ddh,big_rw,,0.8,0.05,,8,0.9326695816591822,0.06584376740411343,0.927059936162667,0.055396748689663974,../survan/_legacy_results/ddh_tc/big_rw/seed_8/lambda_0.8/target_lr_0.05,legacy
tc_ddh,big_rw,,0.8,0.1,,8,0.9808260458520445,0.04285644121513392,0.983242700082752,0.03234408467757522,../survan/_legacy_results/ddh_tc/big_rw/seed_8/lambda_0.8/target_lr_0.1,legacy
tc_ddh,big_rw,,0.8,0.25,,8,0.9838986055306074,0.020439446060670167,0.9843953185955787,0.023764011826890988,../survan/_legacy_results/ddh_tc/big_rw/seed_8/lambda_0.8/target_lr_0.25,legacy
tc_ddh,big_rw,,0.5,0.05,,9,0.9905983916745507,0.03389936310878679,0.9872733715230615,0.031991920691057246,../survan/_legacy_results/ddh_tc/big_rw/seed_9/lambda_0.5/target_lr_0.05,legacy
tc_ddh,big_rw,,0.5,0.1,,9,0.9908053453169348,0.031327217456753834,0.9869190338392488,0.032529824200440226,../survan/_legacy_results/ddh_tc/big_rw/seed_9/lambda_0.5/target_lr_0.1,legacy
tc_ddh,big_rw,,0.5,0.25,,9,0.9905983916745507,0.027538669769316498,0.9878934624697336,0.028019977998110155,../survan/_legacy_results/ddh_tc/big_rw/seed_9/lambda_0.5/target_lr_0.25,legacy
tc_ddh,big_rw,,0.95,0.05,,9,0.9909236045411542,0.026743199283184988,0.987007618260202,0.03110106563976678,../survan/_legacy_results/ddh_tc/big_rw/seed_9/lambda_0.95/target_lr_0.05,legacy
tc_ddh,big_rw,,0.95,0.1,,9,0.9655865657521286,0.04874044913426062,0.9684344180003543,0.0903927228051398,../survan/_legacy_results/ddh_tc/big_rw/seed_9/lambda_0.95/target_lr_0.1,legacy
tc_ddh,big_rw,,0.95,0.25,,9,0.990982734153264,0.027977394174693672,0.9864465835941653,0.02867752135818391,../survan/_legacy_results/ddh_tc/big_rw/seed_9/lambda_0.95/target_lr_0.25,legacy
tc_ddh,big_rw,,0.1,0.05,,9,0.9595553453169348,0.05331791507753147,0.9599007854485324,0.04979854137566793,../survan/_legacy_results/ddh_tc/big_rw/seed_9/lambda_0.1/target_lr_0.05,legacy
tc_ddh,big_rw,,0.1,0.1,,9,0.9885288552507095,0.034306314511470586,0.9877162936278273,0.03767846499669789,../survan/_legacy_results/ddh_tc/big_rw/seed_9/lambda_0.1/target_lr_0.1,legacy
tc_ddh,big_rw,,0.1,0.25,,9,0.990746215704825,0.02635217084535852,0.9890450599421249,0.03190996510910831,../survan/_legacy_results/ddh_tc/big_rw/seed_9/lambda_0.1/target_lr_0.25,legacy
tc_ddh,big_rw,,0.8,0.05,,9,0.990746215704825,0.02447696553769004,0.9856788519459044,0.025249681843938193,../survan/_legacy_results/ddh_tc/big_rw/seed_9/lambda_0.8/target_lr_0.05,legacy
tc_ddh,big_rw,,0.8,0.1,,9,0.98956362346263,0.02889763762752264,0.9862989428925766,0.0346831180475482,../survan/_legacy_results/ddh_tc/big_rw/seed_9/lambda_0.8/target_lr_0.1,legacy
tc_ddh,big_rw,,0.8,0.25,,9,0.9908644749290445,0.02591594100421267,0.9819583062658713,0.02071353595006673,../survan/_legacy_results/ddh_tc/big_rw/seed_9/lambda_0.8/target_lr_0.25,legacy
tc_ddh,big_rw,,0.5,0.05,,0,0.9706542939890065,0.03464532294539992,0.9804378614422282,0.027600168695217264,../survan/_legacy_results/ddh_tc/big_rw/seed_0/lambda_0.5/target_lr_0.05,legacy
tc_ddh,big_rw,,0.5,0.1,,0,0.9790176724392695,0.027331214810013195,0.9847751681812817,0.018077923542547024,../survan/_legacy_results/ddh_tc/big_rw/seed_0/lambda_0.5/target_lr_0.1,legacy
tc_ddh,big_rw,,0.5,0.25,,0,0.988651811572788,0.022412457563771356,0.9874306621031512,0.017192328573485956,../survan/_legacy_results/ddh_tc/big_rw/seed_0/lambda_0.5/target_lr_0.25,legacy
tc_ddh,big_rw,,0.95,0.05,,0,0.9838051894319996,0.025545548936552462,0.9883158267437744,0.021584926622257538,../survan/_legacy_results/ddh_tc/big_rw/seed_0/lambda_0.95/target_lr_0.05,legacy
tc_ddh,big_rw,,0.95,0.1,,0,0.9869082097050653,0.029924833058478054,0.9888174200401275,0.022671387637056877,../survan/_legacy_results/ddh_tc/big_rw/seed_0/lambda_0.95/target_lr_0.1,legacy
tc_ddh,big_rw,,0.95,0.25,,0,0.989095100183226,0.028180917290243503,0.986427475510445,0.0238102034768267,../survan/_legacy_results/ddh_tc/big_rw/seed_0/lambda_0.95/target_lr_0.25,legacy
tc_ddh,big_rw,,0.1,0.05,,0,0.9803179856965542,0.030129938182250536,0.9822967071875369,0.02227018115581227,../survan/_legacy_results/ddh_tc/big_rw/seed_0/lambda_0.1/target_lr_0.05,legacy
tc_ddh,big_rw,,0.1,0.1,,0,0.9720728175424079,0.037288701139949455,0.9835654431724301,0.047317126518637495,../survan/_legacy_results/ddh_tc/big_rw/seed_0/lambda_0.1/target_lr_0.1,legacy
tc_ddh,big_rw,,0.1,0.25,,0,0.9843666883385543,0.025081147416388522,0.982532751091703,0.018036250888086372,../survan/_legacy_results/ddh_tc/big_rw/seed_0/lambda_0.1/target_lr_0.25,legacy
tc_ddh,big_rw,,0.8,0.05,,0,0.9686742715290502,0.04244849891418291,0.9719992918682875,0.03880561006513039,../survan/_legacy_results/ddh_tc/big_rw/seed_0/lambda_0.8/target_lr_0.05,legacy
tc_ddh,big_rw,,0.8,0.1,,0,0.9832436905254448,0.025911350722589415,0.9836539596364924,0.024159904085305342,../survan/_legacy_results/ddh_tc/big_rw/seed_0/lambda_0.8/target_lr_0.1,legacy
tc_ddh,big_rw,,0.8,0.25,,0,0.9863171582244814,0.0253397739154126,0.9917974743302255,0.02353360918014243,../survan/_legacy_results/ddh_tc/big_rw/seed_0/lambda_0.8/target_lr_0.25,legacy
tc_ddh,big_rw,,0.5,0.05,,7,0.9824053846608019,0.03973629924648132,0.9829552168261846,0.0453521296138277,../survan/_legacy_results/ddh_tc/big_rw/seed_7/lambda_0.5/target_lr_0.05,legacy
tc_ddh,big_rw,,0.5,0.1,,7,0.9868040384956014,0.024185712727576702,0.9862341959116153,0.023656333142014638,../survan/_legacy_results/ddh_tc/big_rw/seed_7/lambda_0.5/target_lr_0.1,legacy
tc_ddh,big_rw,,0.5,0.25,,7,0.9931806104977269,0.021309344963226732,0.988863287250384,0.028345174506628844,../survan/_legacy_results/ddh_tc/big_rw/seed_7/lambda_0.5/target_lr_0.25,legacy
tc_ddh,big_rw,,0.95,0.05,,7,0.9893133376631045,0.0250979022234367,0.989867659222498,0.029959788474355795,../survan/_legacy_results/ddh_tc/big_rw/seed_7/lambda_0.95/target_lr_0.05,legacy
tc_ddh,big_rw,,0.95,0.1,,7,0.9919997638306666,0.020486418155438862,0.9909015715467329,0.027596070201501434,../survan/_legacy_results/ddh_tc/big_rw/seed_7/lambda_0.95/target_lr_0.1,legacy
tc_ddh,big_rw,,0.95,0.25,,7,0.9901989726633996,0.02380937609904716,0.9880066170388752,0.0249167374461196,../survan/_legacy_results/ddh_tc/big_rw/seed_7/lambda_0.95/target_lr_0.25,legacy
tc_ddh,big_rw,,0.1,0.05,,7,0.966759166322253,0.042064540749759474,0.9561325771003191,0.04023019185212397,../survan/_legacy_results/ddh_tc/big_rw/seed_7/lambda_0.1/target_lr_0.05,legacy
tc_ddh,big_rw,,0.1,0.1,,7,0.9615929621538644,0.055169369499042616,0.9606227106227107,0.064801043617972,../survan/_legacy_results/ddh_tc/big_rw/seed_7/lambda_0.1/target_lr_0.1,legacy
tc_ddh,big_rw,,0.1,0.25,,7,0.9897561551632521,0.024104886193239545,0.989838118870377,0.030212795489860236,../survan/_legacy_results/ddh_tc/big_rw/seed_7/lambda_0.1/target_lr_0.25,legacy
tc_ddh,big_rw,,0.8,0.05,,7,0.9869811654956604,0.038176827148895004,0.9837232659813305,0.027083044805968473,../survan/_legacy_results/ddh_tc/big_rw/seed_7/lambda_0.8/target_lr_0.05,legacy
tc_ddh,big_rw,,0.8,0.1,,7,0.9907303536635768,0.029200401924760273,0.9878589152782701,0.03480805617546107,../survan/_legacy_results/ddh_tc/big_rw/seed_7/lambda_0.8/target_lr_0.1,legacy
tc_ddh,big_rw,,0.8,0.25,,7,0.9899037609966346,0.023981855367515556,0.9853479853479854,0.023674131776041458,../survan/_legacy_results/ddh_tc/big_rw/seed_7/lambda_0.8/target_lr_0.25,legacy
tc_ddh,mimic,,0.5,0.05,,2,0.6428571428571429,0.5937252138271075,0.9583333333333334,0.5773195279232919,../survan/_legacy_results/ddh_tc/mimic/seed_2/lambda_0.5/target_lr_0.05,legacy
tc_ddh,mimic,,0.5,0.025,,2,0.6428571428571429,0.6162965278786564,0.875,0.6285653798327204,../survan/_legacy_results/ddh_tc/mimic/seed_2/lambda_0.5/target_lr_0.025,legacy
tc_ddh,mimic,,0.5,0.1,,2,0.2857142857142857,0.5429611925777296,0.9166666666666666,0.5504251596245379,../survan/_legacy_results/ddh_tc/mimic/seed_2/lambda_0.5/target_lr_0.1,legacy
tc_ddh,mimic,,0.5,0.01,,2,0.7142857142857143,0.6246644623997892,0.9583333333333334,0.7451264785750155,../survan/_legacy_results/ddh_tc/mimic/seed_2/lambda_0.5/target_lr_0.01,legacy
tc_ddh,mimic,,0.5,0.005,,2,0.5,0.6856811790865375,0.7916666666666666,0.7846057420853668,../survan/_legacy_results/ddh_tc/mimic/seed_2/lambda_0.5/target_lr_0.005,legacy
tc_ddh,mimic,,0.5,0.25,,2,0.21428571428571427,0.502366542870138,0.9166666666666666,0.5609616092125709,../survan/_legacy_results/ddh_tc/mimic/seed_2/lambda_0.5/target_lr_0.25,legacy
tc_ddh,mimic,,0.95,0.05,,2,0.5714285714285714,0.5735314734382853,0.9583333333333334,0.6162095783930577,../survan/_legacy_results/ddh_tc/mimic/seed_2/lambda_0.95/target_lr_0.05,legacy
tc_ddh,mimic,,0.95,0.025,,2,0.5,0.583225503359816,0.875,0.602347235237155,../survan/_legacy_results/ddh_tc/mimic/seed_2/lambda_0.95/target_lr_0.025,legacy
tc_ddh,mimic,,0.95,0.1,,2,0.14285714285714285,0.5176970613339245,0.875,0.5792060512303587,../survan/_legacy_results/ddh_tc/mimic/seed_2/lambda_0.95/target_lr_0.1,legacy
tc_ddh,mimic,,0.95,0.01,,2,0.2857142857142857,0.6087869230132276,0.9583333333333334,0.6295035069112531,../survan/_legacy_results/ddh_tc/mimic/seed_2/lambda_0.95/target_lr_0.01,legacy
tc_ddh,mimic,,0.95,0.005,,2,0.7142857142857143,0.6129701291598061,0.9166666666666666,0.6453856103401788,../survan/_legacy_results/ddh_tc/mimic/seed_2/lambda_0.95/target_lr_0.005,legacy
tc_ddh,mimic,,0.95,0.25,,2,0.2857142857142857,0.4763283386122694,1.0,0.49988499490585264,../survan/_legacy_results/ddh_tc/mimic/seed_2/lambda_0.95/target_lr_0.25,legacy
tc_ddh,mimic,,0.1,0.05,,2,0.6428571428571429,0.5923906064336636,0.875,0.6170005039955605,../survan/_legacy_results/ddh_tc/mimic/seed_2/lambda_0.1/target_lr_0.05,legacy
tc_ddh,mimic,,0.1,0.025,,2,0.6428571428571429,0.6017386319276967,0.9166666666666666,0.7243890757090928,../survan/_legacy_results/ddh_tc/mimic/seed_2/lambda_0.1/target_lr_0.025,legacy
tc_ddh,mimic,,0.1,0.1,,2,0.5714285714285714,0.5778148947336995,0.9166666666666666,0.5869544464025931,../survan/_legacy_results/ddh_tc/mimic/seed_2/lambda_0.1/target_lr_0.1,legacy
tc_ddh,mimic,,0.1,0.01,,2,0.42857142857142855,0.6837956958986758,0.9166666666666666,0.7832344024106198,../survan/_legacy_results/ddh_tc/mimic/seed_2/lambda_0.1/target_lr_0.01,legacy
tc_ddh,mimic,,0.1,0.005,,2,0.5,0.6855881315455815,0.7916666666666666,0.7854707191695325,../survan/_legacy_results/ddh_tc/mimic/seed_2/lambda_0.1/target_lr_0.005,legacy
tc_ddh,mimic,,0.1,0.25,,2,0.2857142857142857,0.4849988127700347,1.0,0.5817553250425352,../survan/_legacy_results/ddh_tc/mimic/seed_2/lambda_0.1/target_lr_0.25,legacy
tc_ddh,mimic,,0.8,0.05,,2,0.21428571428571427,0.6059102621243827,1.0,0.589071933475244,../survan/_legacy_results/ddh_tc/mimic/seed_2/lambda_0.8/target_lr_0.05,legacy
tc_ddh,mimic,,0.8,0.025,,2,0.5714285714285714,0.621812762255595,0.9583333333333334,0.599888346955688,../survan/_legacy_results/ddh_tc/mimic/seed_2/lambda_0.8/target_lr_0.025,legacy
tc_ddh,mimic,,0.8,0.1,,2,0.14285714285714285,0.5700557007255089,1.0,0.6073376193954724,../survan/_legacy_results/ddh_tc/mimic/seed_2/lambda_0.8/target_lr_0.1,legacy
tc_ddh,mimic,,0.8,0.01,,2,0.7142857142857143,0.60774470052769,0.9583333333333334,0.6837454521180066,../survan/_legacy_results/ddh_tc/mimic/seed_2/lambda_0.8/target_lr_0.01,legacy
tc_ddh,mimic,,0.8,0.005,,2,0.7142857142857143,0.6144904054910441,0.9583333333333334,0.734500657617736,../survan/_legacy_results/ddh_tc/mimic/seed_2/lambda_0.8/target_lr_0.005,legacy
tc_ddh,mimic,,0.8,0.25,,2,0.14285714285714285,0.4931918212125805,1.0,0.5837871826031509,../survan/_legacy_results/ddh_tc/mimic/seed_2/lambda_0.8/target_lr_0.25,legacy
tc_ddh,mimic,,0.5,0.05,,5,0.5,0.7369900985618204,0.16666666666666666,0.5111180733374445,../survan/_legacy_results/ddh_tc/mimic/seed_5/lambda_0.5/target_lr_0.05,legacy
tc_ddh,mimic,,0.5,0.025,,5,0.75,0.7719360636803172,0.16666666666666666,0.5188677382630636,../survan/_legacy_results/ddh_tc/mimic/seed_5/lambda_0.5/target_lr_0.025,legacy
tc_ddh,mimic,,0.5,0.1,,5,0.5,0.46242406788309925,1.0,0.37329313795589164,../survan/_legacy_results/ddh_tc/mimic/seed_5/lambda_0.5/target_lr_0.1,legacy
tc_ddh,mimic,,0.5,0.01,,5,1.0,0.8272746744388887,1.0,0.6978810734882395,../survan/_legacy_results/ddh_tc/mimic/seed_5/lambda_0.5/target_lr_0.01,legacy
tc_ddh,mimic,,0.5,0.005,,5,0.5,0.8287865027880158,1.0,0.6994238984836788,../survan/_legacy_results/ddh_tc/mimic/seed_5/lambda_0.5/target_lr_0.005,legacy
tc_ddh,mimic,,0.5,0.25,,5,0.0,0.4807022874358563,1.0,0.4080251414682511,../survan/_legacy_results/ddh_tc/mimic/seed_5/lambda_0.5/target_lr_0.25,legacy
tc_ddh,mimic,,0.95,0.05,,5,0.5,0.486676324664294,1.0,0.3222959173196622,../survan/_legacy_results/ddh_tc/mimic/seed_5/lambda_0.95/target_lr_0.05,legacy
tc_ddh,mimic,,0.95,0.025,,5,0.5,0.5049422655986463,0.3333333333333333,0.38906407630780676,../survan/_legacy_results/ddh_tc/mimic/seed_5/lambda_0.95/target_lr_0.025,legacy
tc_ddh,mimic,,0.95,0.1,,5,1.0,0.46177197671793047,1.0,0.35415760345031855,../survan/_legacy_results/ddh_tc/mimic/seed_5/lambda_0.95/target_lr_0.1,legacy
tc_ddh,mimic,,0.95,0.01,,5,0.25,0.7627580702783479,0.2777777777777778,0.5344133886214625,../survan/_legacy_results/ddh_tc/mimic/seed_5/lambda_0.95/target_lr_0.01,legacy
tc_ddh,mimic,,0.95,0.005,,5,0.5,0.7683240608958027,0.3333333333333333,0.5419698129136534,../survan/_legacy_results/ddh_tc/mimic/seed_5/lambda_0.95/target_lr_0.005,legacy
tc_ddh,mimic,,0.95,0.25,,5,1.0,0.45773911758588276,0.7777777777777778,0.40815711435636737,../survan/_legacy_results/ddh_tc/mimic/seed_5/lambda_0.95/target_lr_0.25,legacy
tc_ddh,mimic,,0.1,0.05,,5,0.75,0.7518494775990294,0.1111111111111111,0.5262917353537362,../survan/_legacy_results/ddh_tc/mimic/seed_5/lambda_0.1/target_lr_0.05,legacy
tc_ddh,mimic,,0.1,0.025,,5,1.0,0.8240912746116582,0.9444444444444444,0.698661968461624,../survan/_legacy_results/ddh_tc/mimic/seed_5/lambda_0.1/target_lr_0.025,legacy
tc_ddh,mimic,,0.1,0.1,,5,0.0,0.7181378399729434,0.16666666666666666,0.5211879832699069,../survan/_legacy_results/ddh_tc/mimic/seed_5/lambda_0.1/target_lr_0.1,legacy
tc_ddh,mimic,,0.1,0.01,,5,1.0,0.7836683525884466,1.0,0.6685575094147659,../survan/_legacy_results/ddh_tc/mimic/seed_5/lambda_0.1/target_lr_0.01,legacy
tc_ddh,mimic,,0.1,0.005,,5,0.5,0.8287840045173652,0.8888888888888888,0.7011203823452978,../survan/_legacy_results/ddh_tc/mimic/seed_5/lambda_0.1/target_lr_0.005,legacy
tc_ddh,mimic,,0.1,0.25,,5,1.0,0.3783636218479209,1.0,0.3146124992659023,../survan/_legacy_results/ddh_tc/mimic/seed_5/lambda_0.1/target_lr_0.25,legacy
tc_ddh,mimic,,0.8,0.05,,5,0.5,0.7259643137238996,0.3888888888888889,0.49031689832944136,../survan/_legacy_results/ddh_tc/mimic/seed_5/lambda_0.8/target_lr_0.05,legacy
tc_ddh,mimic,,0.8,0.025,,5,0.0,0.7583516387297672,0.16666666666666666,0.514808378024197,../survan/_legacy_results/ddh_tc/mimic/seed_5/lambda_0.8/target_lr_0.025,legacy
tc_ddh,mimic,,0.8,0.1,,5,0.5,0.5074151447057412,0.7222222222222222,0.36581575117146414,../survan/_legacy_results/ddh_tc/mimic/seed_5/lambda_0.8/target_lr_0.1,legacy
tc_ddh,mimic,,0.8,0.01,,5,0.0,0.760067878706403,0.2777777777777778,0.5943468037956191,../survan/_legacy_results/ddh_tc/mimic/seed_5/lambda_0.8/target_lr_0.01,legacy
tc_ddh,mimic,,0.8,0.005,,5,0.5,0.828922374346466,0.7777777777777778,0.6972235512616186,../survan/_legacy_results/ddh_tc/mimic/seed_5/lambda_0.8/target_lr_0.005,legacy
tc_ddh,mimic,,0.8,0.25,,5,0.5,0.3828778040120257,0.9444444444444444,0.3203023137656297,../survan/_legacy_results/ddh_tc/mimic/seed_5/lambda_0.8/target_lr_0.25,legacy
tc_ddh,mimic,,0.5,0.05,,4,0.9736842105263158,0.5847467355376575,0.3333333333333333,0.3560234860289865,../survan/_legacy_results/ddh_tc/mimic/seed_4/lambda_0.5/target_lr_0.05,legacy
tc_ddh,mimic,,0.5,0.025,,4,1.0,0.7467073004783362,0.5,0.387295011098017,../survan/_legacy_results/ddh_tc/mimic/seed_4/lambda_0.5/target_lr_0.025,legacy
tc_ddh,mimic,,0.5,0.1,,4,0.9473684210526315,0.4628237188571946,0.6666666666666666,0.2837079895815204,../survan/_legacy_results/ddh_tc/mimic/seed_4/lambda_0.5/target_lr_0.1,legacy
tc_ddh,mimic,,0.5,0.01,,4,0.7894736842105263,0.762850313499284,0.25,0.631403553300042,../survan/_legacy_results/ddh_tc/mimic/seed_4/lambda_0.5/target_lr_0.01,legacy
tc_ddh,mimic,,0.5,0.005,,4,0.7631578947368421,0.7625582654080744,0.16666666666666666,0.6454735147046057,../survan/_legacy_results/ddh_tc/mimic/seed_4/lambda_0.5/target_lr_0.005,legacy
tc_ddh,mimic,,0.5,0.25,,4,0.9210526315789473,0.16080441985846403,0.6666666666666666,0.18669163132891978,../survan/_legacy_results/ddh_tc/mimic/seed_4/lambda_0.5/target_lr_0.25,legacy
tc_ddh,mimic,,0.95,0.05,,4,0.9210526315789473,0.5461947625848138,0.8333333333333334,0.4001149014113307,../survan/_legacy_results/ddh_tc/mimic/seed_4/lambda_0.95/target_lr_0.05,legacy
tc_ddh,mimic,,0.95,0.025,,4,0.9473684210526315,0.6594499698654775,0.5833333333333334,0.41027956976311025,../survan/_legacy_results/ddh_tc/mimic/seed_4/lambda_0.95/target_lr_0.025,legacy
tc_ddh,mimic,,0.95,0.1,,4,0.9473684210526315,0.4974909634406138,0.8333333333333334,0.3689645543713326,../survan/_legacy_results/ddh_tc/mimic/seed_4/lambda_0.95/target_lr_0.1,legacy
tc_ddh,mimic,,0.95,0.01,,4,0.7105263157894737,0.7979161017101746,0.75,0.6698735930325144,../survan/_legacy_results/ddh_tc/mimic/seed_4/lambda_0.95/target_lr_0.01,legacy
tc_ddh,mimic,,0.95,0.005,,4,0.5789473684210527,0.7983782312293565,0.75,0.6706956138281749,../survan/_legacy_results/ddh_tc/mimic/seed_4/lambda_0.95/target_lr_0.005,legacy
tc_ddh,mimic,,0.95,0.25,,4,0.9473684210526315,0.14196563126964265,0.8333333333333334,0.15627625103991427,../survan/_legacy_results/ddh_tc/mimic/seed_4/lambda_0.95/target_lr_0.25,legacy
tc_ddh,mimic,,0.1,0.05,,4,0.5,0.7720014234481568,0.16666666666666666,0.6561408948392724,../survan/_legacy_results/ddh_tc/mimic/seed_4/lambda_0.1/target_lr_0.05,legacy
tc_ddh,mimic,,0.1,0.025,,4,0.6052631578947368,0.715851325899012,0.16666666666666666,0.5953281743037272,../survan/_legacy_results/ddh_tc/mimic/seed_4/lambda_0.1/target_lr_0.025,legacy
tc_ddh,mimic,,0.1,0.1,,4,0.9473684210526315,0.5339066444487505,0.5833333333333334,0.39711437623296375,../survan/_legacy_results/ddh_tc/mimic/seed_4/lambda_0.1/target_lr_0.1,legacy
tc_ddh,mimic,,0.1,0.01,,4,0.39473684210526316,0.7620817705902594,0.3333333333333333,0.645699755261258,../survan/_legacy_results/ddh_tc/mimic/seed_4/lambda_0.1/target_lr_0.01,legacy
tc_ddh,mimic,,0.1,0.005,,4,0.39473684210526316,0.7770744272733512,0.4166666666666667,0.662045836461378,../survan/_legacy_results/ddh_tc/mimic/seed_4/lambda_0.1/target_lr_0.005,legacy
tc_ddh,mimic,,0.1,0.25,,4,0.39473684210526316,0.7665436644457523,0.08333333333333333,0.6494969734465246,../survan/_legacy_results/ddh_tc/mimic/seed_4/lambda_0.1/target_lr_0.25,legacy
tc_ddh,mimic,,0.8,0.05,,4,0.8947368421052632,0.4437913742179133,0.5,0.2870701455813273,../survan/_legacy_results/ddh_tc/mimic/seed_4/lambda_0.8/target_lr_0.05,legacy
tc_ddh,mimic,,0.8,0.025,,4,0.5789473684210527,0.7318190659558022,0.5,0.41153560151550933,../survan/_legacy_results/ddh_tc/mimic/seed_4/lambda_0.8/target_lr_0.025,legacy
tc_ddh,mimic,,0.8,0.1,,4,0.868421052631579,0.4078327337110754,0.6666666666666666,0.27249518476875995,../survan/_legacy_results/ddh_tc/mimic/seed_4/lambda_0.8/target_lr_0.1,legacy
tc_ddh,mimic,,0.8,0.01,,4,0.7105263157894737,0.7321797217895941,0.3333333333333333,0.5392312071008234,../survan/_legacy_results/ddh_tc/mimic/seed_4/lambda_0.8/target_lr_0.01,legacy
tc_ddh,mimic,,0.8,0.005,,4,0.6842105263157895,0.7298784013824369,0.4166666666666667,0.6059243883927105,../survan/_legacy_results/ddh_tc/mimic/seed_4/lambda_0.8/target_lr_0.005,legacy
tc_ddh,mimic,,0.8,0.25,,4,0.9473684210526315,0.1341977263400855,0.8333333333333334,0.14830212873910584,../survan/_legacy_results/ddh_tc/mimic/seed_4/lambda_0.8/target_lr_0.25,legacy
tc_ddh,mimic,,0.5,0.05,,3,1.0,0.3942994486838006,0.4642857142857143,0.3182998669630572,../survan/_legacy_results/ddh_tc/mimic/seed_3/lambda_0.5/target_lr_0.05,legacy
tc_ddh,mimic,,0.5,0.025,,3,1.0,0.6661615565851734,0.9642857142857143,0.44168268382044384,../survan/_legacy_results/ddh_tc/mimic/seed_3/lambda_0.5/target_lr_0.025,legacy
tc_ddh,mimic,,0.5,0.1,,3,1.0,0.4199501724868424,0.2857142857142857,0.33856074331241853,../survan/_legacy_results/ddh_tc/mimic/seed_3/lambda_0.5/target_lr_0.1,legacy
tc_ddh,mimic,,0.5,0.01,,3,0.9375,0.8989330990340224,0.8214285714285714,0.7893421770494518,../survan/_legacy_results/ddh_tc/mimic/seed_3/lambda_0.5/target_lr_0.01,legacy
tc_ddh,mimic,,0.5,0.005,,3,0.625,0.9002140832379357,0.8214285714285714,0.7909299054056593,../survan/_legacy_results/ddh_tc/mimic/seed_3/lambda_0.5/target_lr_0.005,legacy
tc_ddh,mimic,,0.5,0.25,,3,1.0,0.46408877126761816,1.0,0.29316862042159514,../survan/_legacy_results/ddh_tc/mimic/seed_3/lambda_0.5/target_lr_0.25,legacy
tc_ddh,mimic,,0.95,0.05,,3,1.0,0.6217417134730521,0.8571428571428571,0.4900375389406582,../survan/_legacy_results/ddh_tc/mimic/seed_3/lambda_0.95/target_lr_0.05,legacy
tc_ddh,mimic,,0.95,0.025,,3,1.0,0.7036816593230727,1.0,0.4988474075828808,../survan/_legacy_results/ddh_tc/mimic/seed_3/lambda_0.95/target_lr_0.025,legacy
tc_ddh,mimic,,0.95,0.1,,3,1.0,0.5592605183820001,0.5714285714285714,0.39908503919129873,../survan/_legacy_results/ddh_tc/mimic/seed_3/lambda_0.95/target_lr_0.1,legacy
tc_ddh,mimic,,0.95,0.01,,3,0.875,0.6975309216956835,0.9642857142857143,0.5619009824634654,../survan/_legacy_results/ddh_tc/mimic/seed_3/lambda_0.95/target_lr_0.01,legacy
tc_ddh,mimic,,0.95,0.005,,3,0.75,0.7379959604966675,0.9285714285714286,0.5831640890219462,../survan/_legacy_results/ddh_tc/mimic/seed_3/lambda_0.95/target_lr_0.005,legacy
tc_ddh,mimic,,0.95,0.25,,3,1.0,0.48518348203606376,0.8571428571428571,0.2271614055651158,../survan/_legacy_results/ddh_tc/mimic/seed_3/lambda_0.95/target_lr_0.25,legacy
tc_ddh,mimic,,0.1,0.05,,3,0.8125,0.6944291143109852,0.9642857142857143,0.590924796689727,../survan/_legacy_results/ddh_tc/mimic/seed_3/lambda_0.1/target_lr_0.05,legacy
tc_ddh,mimic,,0.1,0.025,,3,0.8125,0.8220187317277363,0.8928571428571429,0.717394267667973,../survan/_legacy_results/ddh_tc/mimic/seed_3/lambda_0.1/target_lr_0.025,legacy
tc_ddh,mimic,,0.1,0.1,,3,0.375,0.8497080956700993,0.8571428571428571,0.7543586573171204,../survan/_legacy_results/ddh_tc/mimic/seed_3/lambda_0.1/target_lr_0.1,legacy
tc_ddh,mimic,,0.1,0.01,,3,0.8125,0.8993414731315742,0.8214285714285714,0.789888359077066,../survan/_legacy_results/ddh_tc/mimic/seed_3/lambda_0.1/target_lr_0.01,legacy
tc_ddh,mimic,,0.1,0.005,,3,0.5625,0.900599900924135,0.8214285714285714,0.7928237602120922,../survan/_legacy_results/ddh_tc/mimic/seed_3/lambda_0.1/target_lr_0.005,legacy
tc_ddh,mimic,,0.1,0.25,,3,0.875,0.3813569693959436,1.0,0.2474420451260741,../survan/_legacy_results/ddh_tc/mimic/seed_3/lambda_0.1/target_lr_0.25,legacy
tc_ddh,mimic,,0.8,0.05,,3,0.875,0.6527418893478566,0.9642857142857143,0.4693664133983702,../survan/_legacy_results/ddh_tc/mimic/seed_3/lambda_0.8/target_lr_0.05,legacy
tc_ddh,mimic,,0.8,0.025,,3,0.875,0.6744350880911304,0.8571428571428571,0.4460120749933331,../survan/_legacy_results/ddh_tc/mimic/seed_3/lambda_0.8/target_lr_0.025,legacy
tc_ddh,mimic,,0.8,0.1,,3,1.0,0.5374888788779346,0.9642857142857143,0.3384484515829864,../survan/_legacy_results/ddh_tc/mimic/seed_3/lambda_0.8/target_lr_0.1,legacy
tc_ddh,mimic,,0.8,0.01,,3,0.8125,0.7118857336174693,0.9642857142857143,0.550715510730587,../survan/_legacy_results/ddh_tc/mimic/seed_3/lambda_0.8/target_lr_0.01,legacy
tc_ddh,mimic,,0.8,0.005,,3,0.5,0.9002209247999686,0.8571428571428571,0.7888998880643013,../survan/_legacy_results/ddh_tc/mimic/seed_3/lambda_0.8/target_lr_0.005,legacy
tc_ddh,mimic,,0.8,0.25,,3,1.0,0.5720211082446581,0.9285714285714286,0.24266051207641004,../survan/_legacy_results/ddh_tc/mimic/seed_3/lambda_0.8/target_lr_0.25,legacy
tc_ddh,mimic,,0.5,0.05,,6,0.75,0.6969951056538132,0.5454545454545454,0.4934190812537758,../survan/_legacy_results/ddh_tc/mimic/seed_6/lambda_0.5/target_lr_0.05,legacy
tc_ddh,mimic,,0.5,0.025,,6,0.5227272727272727,0.7384033785358988,0.7272727272727273,0.5058181947814865,../survan/_legacy_results/ddh_tc/mimic/seed_6/lambda_0.5/target_lr_0.025,legacy
tc_ddh,mimic,,0.5,0.1,,6,0.8181818181818182,0.6699760498623325,0.6818181818181818,0.5745506523713535,../survan/_legacy_results/ddh_tc/mimic/seed_6/lambda_0.5/target_lr_0.1,legacy
tc_ddh,mimic,,0.5,0.01,,6,0.6136363636363636,0.7202617779386131,0.6818181818181818,0.7205794412956374,../survan/_legacy_results/ddh_tc/mimic/seed_6/lambda_0.5/target_lr_0.01,legacy
tc_ddh,mimic,,0.5,0.005,,6,0.3409090909090909,0.7689403713249978,0.8181818181818182,0.7558349260126714,../survan/_legacy_results/ddh_tc/mimic/seed_6/lambda_0.5/target_lr_0.005,legacy
tc_ddh,mimic,,0.5,0.25,,6,0.9090909090909091,0.3749708755798441,0.8636363636363636,0.1950794697248324,../survan/_legacy_results/ddh_tc/mimic/seed_6/lambda_0.5/target_lr_0.25,legacy
tc_ddh,mimic,,0.95,0.05,,6,0.8863636363636364,0.6258221714549416,0.3181818181818182,0.5796775026979571,../survan/_legacy_results/ddh_tc/mimic/seed_6/lambda_0.95/target_lr_0.05,legacy
tc_ddh,mimic,,0.95,0.025,,6,0.8181818181818182,0.6803246216429185,0.5,0.5247270076217441,../survan/_legacy_results/ddh_tc/mimic/seed_6/lambda_0.95/target_lr_0.025,legacy
tc_ddh,mimic,,0.95,0.1,,6,0.8636363636363636,0.5668070895776376,0.45454545454545453,0.5348424787184985,../survan/_legacy_results/ddh_tc/mimic/seed_6/lambda_0.95/target_lr_0.1,legacy
tc_ddh,mimic,,0.95,0.01,,6,0.7272727272727273,0.822132354540566,0.13636363636363635,0.7723904349528754,../survan/_legacy_results/ddh_tc/mimic/seed_6/lambda_0.95/target_lr_0.01,legacy
tc_ddh,mimic,,0.95,0.005,,6,0.5,0.8253079134024703,0.18181818181818182,0.7754252063815301,../survan/_legacy_results/ddh_tc/mimic/seed_6/lambda_0.95/target_lr_0.005,legacy
tc_ddh,mimic,,0.95,0.25,,6,0.8636363636363636,0.5313597129728495,0.5454545454545454,0.2460741092881816,../survan/_legacy_results/ddh_tc/mimic/seed_6/lambda_0.95/target_lr_0.25,legacy
tc_ddh,mimic,,0.1,0.05,,6,0.4772727272727273,0.7867813331663065,0.3181818181818182,0.7684557918714431,../survan/_legacy_results/ddh_tc/mimic/seed_6/lambda_0.1/target_lr_0.05,legacy
tc_ddh,mimic,,0.1,0.025,,6,0.4772727272727273,0.7866012031699077,0.4090909090909091,0.768412301767214,../survan/_legacy_results/ddh_tc/mimic/seed_6/lambda_0.1/target_lr_0.025,legacy
tc_ddh,mimic,,0.1,0.1,,6,0.6363636363636364,0.7913863976058606,0.7272727272727273,0.7718709649637294,../survan/_legacy_results/ddh_tc/mimic/seed_6/lambda_0.1/target_lr_0.1,legacy
tc_ddh,mimic,,0.1,0.01,,6,0.6590909090909091,0.7889124695445732,0.5454545454545454,0.7696996342071968,../survan/_legacy_results/ddh_tc/mimic/seed_6/lambda_0.1/target_lr_0.01,legacy
tc_ddh,mimic,,0.1,0.005,,6,0.45454545454545453,0.793626435516955,0.8181818181818182,0.7733254449089433,../survan/_legacy_results/ddh_tc/mimic/seed_6/lambda_0.1/target_lr_0.005,legacy
tc_ddh,mimic,,0.1,0.25,,6,0.6363636363636364,0.757108005266269,0.36363636363636365,0.7463720657833788,../survan/_legacy_results/ddh_tc/mimic/seed_6/lambda_0.1/target_lr_0.25,legacy
tc_ddh,mimic,,0.8,0.05,,6,0.7954545454545454,0.6873266092431543,0.6363636363636364,0.4640852352983416,../survan/_legacy_results/ddh_tc/mimic/seed_6/lambda_0.8/target_lr_0.05,legacy
tc_ddh,mimic,,0.8,0.025,,6,0.5681818181818182,0.7169825850914595,0.6363636363636364,0.46626480377264806,../survan/_legacy_results/ddh_tc/mimic/seed_6/lambda_0.8/target_lr_0.025,legacy
tc_ddh,mimic,,0.8,0.1,,6,0.75,0.6206052918717032,0.6363636363636364,0.4612584632715058,../survan/_legacy_results/ddh_tc/mimic/seed_6/lambda_0.8/target_lr_0.1,legacy
tc_ddh,mimic,,0.8,0.01,,6,0.4772727272727273,0.7180779984850175,0.45454545454545453,0.5478300004871376,../survan/_legacy_results/ddh_tc/mimic/seed_6/lambda_0.8/target_lr_0.01,legacy
tc_ddh,mimic,,0.8,0.005,,6,0.3409090909090909,0.7177552257837575,0.8636363636363636,0.718384250973721,../survan/_legacy_results/ddh_tc/mimic/seed_6/lambda_0.8/target_lr_0.005,legacy
tc_ddh,mimic,,0.8,0.25,,6,0.8636363636363636,0.5209252426703406,0.8181818181818182,0.2387433850211574,../survan/_legacy_results/ddh_tc/mimic/seed_6/lambda_0.8/target_lr_0.25,legacy
tc_ddh,mimic,,0.5,0.05,,1,0.875,0.4703530424478709,0.1,0.6536356971225039,../survan/_legacy_results/ddh_tc/mimic/seed_1/lambda_0.5/target_lr_0.05,legacy
tc_ddh,mimic,,0.5,0.025,,1,0.9375,0.5148377416364514,0.3,0.6534100686817794,../survan/_legacy_results/ddh_tc/mimic/seed_1/lambda_0.5/target_lr_0.025,legacy
tc_ddh,mimic,,0.5,0.1,,1,0.875,0.4682593359599719,0.3,0.6321400830570121,../survan/_legacy_results/ddh_tc/mimic/seed_1/lambda_0.5/target_lr_0.1,legacy
tc_ddh,mimic,,0.5,0.01,,1,0.6875,0.7036629650520488,0.6,0.7678413194656472,../survan/_legacy_results/ddh_tc/mimic/seed_1/lambda_0.5/target_lr_0.01,legacy
tc_ddh,mimic,,0.5,0.005,,1,0.5,0.7463069388098621,0.3,0.8465846181140849,../survan/_legacy_results/ddh_tc/mimic/seed_1/lambda_0.5/target_lr_0.005,legacy
tc_ddh,mimic,,0.5,0.25,,1,0.875,0.42560901449284533,0.1,0.6188157781848059,../survan/_legacy_results/ddh_tc/mimic/seed_1/lambda_0.5/target_lr_0.25,legacy
tc_ddh,mimic,,0.95,0.05,,1,0.875,0.5313256752423726,0.3,0.6500358688436961,../survan/_legacy_results/ddh_tc/mimic/seed_1/lambda_0.95/target_lr_0.05,legacy
tc_ddh,mimic,,0.95,0.025,,1,0.75,0.5553067308399878,0.1,0.6522728626014549,../survan/_legacy_results/ddh_tc/mimic/seed_1/lambda_0.95/target_lr_0.025,legacy
tc_ddh,mimic,,0.95,0.1,,1,0.875,0.4226175562129942,0.4,0.547404045013718,../survan/_legacy_results/ddh_tc/mimic/seed_1/lambda_0.95/target_lr_0.1,legacy
tc_ddh,mimic,,0.95,0.01,,1,0.6875,0.684983140788785,0.2,0.7176387285809585,../survan/_legacy_results/ddh_tc/mimic/seed_1/lambda_0.95/target_lr_0.01,legacy
tc_ddh,mimic,,0.95,0.005,,1,0.5,0.6884233029403719,0.4,0.742072540187639,../survan/_legacy_results/ddh_tc/mimic/seed_1/lambda_0.95/target_lr_0.005,legacy
tc_ddh,mimic,,0.95,0.25,,1,0.875,0.35202413673838695,0.6,0.415292271640715,../survan/_legacy_results/ddh_tc/mimic/seed_1/lambda_0.95/target_lr_0.25,legacy
tc_ddh,mimic,,0.1,0.05,,1,0.375,0.694628788372268,0.3,0.8236365090567742,../survan/_legacy_results/ddh_tc/mimic/seed_1/lambda_0.1/target_lr_0.05,legacy
tc_ddh,mimic,,0.1,0.025,,1,0.875,0.5594437421266715,0.4,0.7204117863738113,../survan/_legacy_results/ddh_tc/mimic/seed_1/lambda_0.1/target_lr_0.025,legacy
tc_ddh,mimic,,0.1,0.1,,1,0.875,0.4829548300547736,0.2,0.6521872600658515,../survan/_legacy_results/ddh_tc/mimic/seed_1/lambda_0.1/target_lr_0.1,legacy
tc_ddh,mimic,,0.1,0.01,,1,0.3125,0.7454237675073211,0.3,0.845208000509669,../survan/_legacy_results/ddh_tc/mimic/seed_1/lambda_0.1/target_lr_0.01,legacy
tc_ddh,mimic,,0.1,0.005,,1,0.8125,0.7091759765060619,0.3,0.8343722385214013,../survan/_legacy_results/ddh_tc/mimic/seed_1/lambda_0.1/target_lr_0.005,legacy
tc_ddh,mimic,,0.1,0.25,,1,0.6875,0.44596917533961977,0.4,0.6411022424368589,../survan/_legacy_results/ddh_tc/mimic/seed_1/lambda_0.1/target_lr_0.25,legacy
tc_ddh,mimic,,0.8,0.05,,1,0.625,0.5380632369945886,0.2,0.6440203973714504,../survan/_legacy_results/ddh_tc/mimic/seed_1/lambda_0.8/target_lr_0.05,legacy
tc_ddh,mimic,,0.8,0.025,,1,0.6875,0.6152436919937928,0.4,0.6450821134404394,../survan/_legacy_results/ddh_tc/mimic/seed_1/lambda_0.8/target_lr_0.025,legacy
tc_ddh,mimic,,0.8,0.1,,1,0.875,0.3500586569637976,0.4,0.5464355145243351,../survan/_legacy_results/ddh_tc/mimic/seed_1/lambda_0.8/target_lr_0.1,legacy
tc_ddh,mimic,,0.8,0.01,,1,0.1875,0.7443799669103603,0.2,0.8415998793106141,../survan/_legacy_results/ddh_tc/mimic/seed_1/lambda_0.8/target_lr_0.01,legacy
tc_ddh,mimic,,0.8,0.005,,1,0.5,0.7466659051982975,0.4,0.8429083229698126,../survan/_legacy_results/ddh_tc/mimic/seed_1/lambda_0.8/target_lr_0.005,legacy
tc_ddh,mimic,,0.8,0.25,,1,0.875,0.3970867486928098,0.3,0.5525688274979892,../survan/_legacy_results/ddh_tc/mimic/seed_1/lambda_0.8/target_lr_0.25,legacy
tc_ddh,mimic,,0.5,0.05,,8,0.21428571428571427,0.7823317708287603,0.6666666666666666,0.6699210570512588,../survan/_legacy_results/ddh_tc/mimic/seed_8/lambda_0.5/target_lr_0.05,legacy
tc_ddh,mimic,,0.5,0.025,,8,0.42857142857142855,0.6688803606093181,0.5,0.6110445672542801,../survan/_legacy_results/ddh_tc/mimic/seed_8/lambda_0.5/target_lr_0.025,legacy
tc_ddh,mimic,,0.5,0.1,,8,0.7142857142857143,0.469384094495705,0.5833333333333334,0.4903262751246542,../survan/_legacy_results/ddh_tc/mimic/seed_8/lambda_0.5/target_lr_0.1,legacy
tc_ddh,mimic,,0.5,0.01,,8,0.8571428571428571,0.6068271398758248,0.375,0.6521696466240405,../survan/_legacy_results/ddh_tc/mimic/seed_8/lambda_0.5/target_lr_0.01,legacy
tc_ddh,mimic,,0.5,0.005,,8,0.5,0.8625791302348356,0.7916666666666666,0.7909366717337214,../survan/_legacy_results/ddh_tc/mimic/seed_8/lambda_0.5/target_lr_0.005,legacy
tc_ddh,mimic,,0.5,0.25,,8,0.7857142857142857,0.42672237630349735,0.75,0.4838835859255695,../survan/_legacy_results/ddh_tc/mimic/seed_8/lambda_0.5/target_lr_0.25,legacy
tc_ddh,mimic,,0.95,0.05,,8,0.7142857142857143,0.560329966760601,0.3333333333333333,0.5923096128068166,../survan/_legacy_results/ddh_tc/mimic/seed_8/lambda_0.95/target_lr_0.05,legacy
tc_ddh,mimic,,0.95,0.025,,8,0.5714285714285714,0.5793459165938065,0.5833333333333334,0.5896241050231003,../survan/_legacy_results/ddh_tc/mimic/seed_8/lambda_0.95/target_lr_0.025,legacy
tc_ddh,mimic,,0.95,0.1,,8,0.7142857142857143,0.47694983127772617,0.6666666666666666,0.5127744683541268,../survan/_legacy_results/ddh_tc/mimic/seed_8/lambda_0.95/target_lr_0.1,legacy
tc_ddh,mimic,,0.95,0.01,,8,0.6428571428571429,0.7792374836548824,0.4166666666666667,0.649316997174188,../survan/_legacy_results/ddh_tc/mimic/seed_8/lambda_0.95/target_lr_0.01,legacy
tc_ddh,mimic,,0.95,0.005,,8,0.7857142857142857,0.7862976427202862,0.3333333333333333,0.670100205123532,../survan/_legacy_results/ddh_tc/mimic/seed_8/lambda_0.95/target_lr_0.005,legacy
tc_ddh,mimic,,0.95,0.25,,8,0.5714285714285714,0.2860524788208522,0.6666666666666666,0.35814651526850294,../survan/_legacy_results/ddh_tc/mimic/seed_8/lambda_0.95/target_lr_0.25,legacy
tc_ddh,mimic,,0.1,0.05,,8,0.35714285714285715,0.7560067452550551,0.375,0.6659419468673091,../survan/_legacy_results/ddh_tc/mimic/seed_8/lambda_0.1/target_lr_0.05,legacy
tc_ddh,mimic,,0.1,0.025,,8,0.35714285714285715,0.7581019798239569,0.6666666666666666,0.7230084671294773,../survan/_legacy_results/ddh_tc/mimic/seed_8/lambda_0.1/target_lr_0.025,legacy
tc_ddh,mimic,,0.1,0.1,,8,0.6428571428571429,0.6673557326017816,0.125,0.6239420042027793,../survan/_legacy_results/ddh_tc/mimic/seed_8/lambda_0.1/target_lr_0.1,legacy
tc_ddh,mimic,,0.1,0.01,,8,0.21428571428571427,0.7950774416058577,0.5833333333333334,0.7699928372118058,../survan/_legacy_results/ddh_tc/mimic/seed_8/lambda_0.1/target_lr_0.01,legacy
tc_ddh,mimic,,0.1,0.005,,8,0.21428571428571427,0.8087212845190558,0.625,0.7799242709895051,../survan/_legacy_results/ddh_tc/mimic/seed_8/lambda_0.1/target_lr_0.005,legacy
tc_ddh,mimic,,0.1,0.25,,8,0.7142857142857143,0.35986255076538837,0.7083333333333334,0.4700297200690725,../survan/_legacy_results/ddh_tc/mimic/seed_8/lambda_0.1/target_lr_0.25,legacy
tc_ddh,mimic,,0.8,0.05,,8,1.0,0.24664186319317966,0.7083333333333334,0.4079957146706734,../survan/_legacy_results/ddh_tc/mimic/seed_8/lambda_0.8/target_lr_0.05,legacy
tc_ddh,mimic,,0.8,0.025,,8,0.2857142857142857,0.7627586555291375,0.16666666666666666,0.6348177141324325,../survan/_legacy_results/ddh_tc/mimic/seed_8/lambda_0.8/target_lr_0.025,legacy
tc_ddh,mimic,,0.8,0.1,,8,0.6428571428571429,0.5401430746043369,0.5833333333333334,0.531155669226562,../survan/_legacy_results/ddh_tc/mimic/seed_8/lambda_0.8/target_lr_0.1,legacy
tc_ddh,mimic,,0.8,0.01,,8,0.8571428571428571,0.7751383501782899,0.2916666666666667,0.6547734740276621,../survan/_legacy_results/ddh_tc/mimic/seed_8/lambda_0.8/target_lr_0.01,legacy
tc_ddh,mimic,,0.8,0.005,,8,0.5,0.8630634338351534,0.875,0.789780663324233,../survan/_legacy_results/ddh_tc/mimic/seed_8/lambda_0.8/target_lr_0.005,legacy
tc_ddh,mimic,,0.8,0.25,,8,0.42857142857142855,0.331441367732737,0.4166666666666667,0.4233505099854703,../survan/_legacy_results/ddh_tc/mimic/seed_8/lambda_0.8/target_lr_0.25,legacy
tc_ddh,mimic,,0.5,0.05,,9,0.75,0.7423789448238359,0.14285714285714285,0.44318085428606946,../survan/_legacy_results/ddh_tc/mimic/seed_9/lambda_0.5/target_lr_0.05,legacy
tc_ddh,mimic,,0.5,0.025,,9,0.6666666666666666,0.8380096366170375,0.7142857142857143,0.518347483730239,../survan/_legacy_results/ddh_tc/mimic/seed_9/lambda_0.5/target_lr_0.025,legacy
tc_ddh,mimic,,0.5,0.1,,9,1.0,0.719360618199921,0.42857142857142855,0.32690590554796695,../survan/_legacy_results/ddh_tc/mimic/seed_9/lambda_0.5/target_lr_0.1,legacy
tc_ddh,mimic,,0.5,0.01,,9,0.5833333333333334,0.8454492995710441,0.7857142857142857,0.6060619408347963,../survan/_legacy_results/ddh_tc/mimic/seed_9/lambda_0.5/target_lr_0.01,legacy
tc_ddh,mimic,,0.5,0.005,,9,0.4166666666666667,0.8448786718928556,0.7857142857142857,0.6763921501640401,../survan/_legacy_results/ddh_tc/mimic/seed_9/lambda_0.5/target_lr_0.005,legacy
tc_ddh,mimic,,0.5,0.25,,9,0.6666666666666666,0.32874438644991716,0.42857142857142855,0.18376216465660755,../survan/_legacy_results/ddh_tc/mimic/seed_9/lambda_0.5/target_lr_0.25,legacy
tc_ddh,mimic,,0.95,0.05,,9,0.5833333333333334,0.6734589915234361,0.35714285714285715,0.3513222112536833,../survan/_legacy_results/ddh_tc/mimic/seed_9/lambda_0.95/target_lr_0.05,legacy
tc_ddh,mimic,,0.95,0.025,,9,0.9166666666666666,0.7322611083291677,0.2857142857142857,0.4706701314807125,../survan/_legacy_results/ddh_tc/mimic/seed_9/lambda_0.95/target_lr_0.025,legacy
tc_ddh,mimic,,0.95,0.1,,9,0.3333333333333333,0.6778698857129806,0.07142857142857142,0.3992664101490532,../survan/_legacy_results/ddh_tc/mimic/seed_9/lambda_0.95/target_lr_0.1,legacy
tc_ddh,mimic,,0.95,0.01,,9,0.6666666666666666,0.8271463698527848,0.8571428571428571,0.523169078786253,../survan/_legacy_results/ddh_tc/mimic/seed_9/lambda_0.95/target_lr_0.01,legacy
tc_ddh,mimic,,0.95,0.005,,9,0.5,0.8856908134210648,0.8571428571428571,0.6948085153480225,../survan/_legacy_results/ddh_tc/mimic/seed_9/lambda_0.95/target_lr_0.005,legacy
tc_ddh,mimic,,0.95,0.25,,9,0.3333333333333333,0.3141777183836811,0.14285714285714285,0.28529580556913764,../survan/_legacy_results/ddh_tc/mimic/seed_9/lambda_0.95/target_lr_0.25,legacy
tc_ddh,mimic,,0.1,0.05,,9,0.5,0.8134388530237698,0.6428571428571429,0.5345649088809665,../survan/_legacy_results/ddh_tc/mimic/seed_9/lambda_0.1/target_lr_0.05,legacy
tc_ddh,mimic,,0.1,0.025,,9,0.5833333333333334,0.8251683484653359,0.5714285714285714,0.6195744596167577,../survan/_legacy_results/ddh_tc/mimic/seed_9/lambda_0.1/target_lr_0.025,legacy
tc_ddh,mimic,,0.1,0.1,,9,0.16666666666666666,0.7855688503526062,0.9285714285714286,0.5503408147045294,../survan/_legacy_results/ddh_tc/mimic/seed_9/lambda_0.1/target_lr_0.1,legacy
tc_ddh,mimic,,0.1,0.01,,9,0.5833333333333334,0.8436235486684295,0.7857142857142857,0.672980578957051,../survan/_legacy_results/ddh_tc/mimic/seed_9/lambda_0.1/target_lr_0.01,legacy
tc_ddh,mimic,,0.1,0.005,,9,0.5,0.8849701751290855,0.5714285714285714,0.712685456946866,../survan/_legacy_results/ddh_tc/mimic/seed_9/lambda_0.1/target_lr_0.005,legacy
tc_ddh,mimic,,0.1,0.25,,9,0.08333333333333333,0.6265736140768697,0.5714285714285714,0.3754964389349859,../survan/_legacy_results/ddh_tc/mimic/seed_9/lambda_0.1/target_lr_0.25,legacy
tc_ddh,mimic,,0.8,0.05,,9,0.5,0.6780048596564257,0.2857142857142857,0.2139248109632447,../survan/_legacy_results/ddh_tc/mimic/seed_9/lambda_0.8/target_lr_0.05,legacy
tc_ddh,mimic,,0.8,0.025,,9,0.08333333333333333,0.8280345626802081,0.8571428571428571,0.37636099230537984,../survan/_legacy_results/ddh_tc/mimic/seed_9/lambda_0.8/target_lr_0.025,legacy
tc_ddh,mimic,,0.8,0.1,,9,0.16666666666666666,0.34580374476985437,0.21428571428571427,0.201199336976754,../survan/_legacy_results/ddh_tc/mimic/seed_9/lambda_0.8/target_lr_0.1,legacy
tc_ddh,mimic,,0.8,0.01,,9,0.5,0.8264110718339184,0.35714285714285715,0.6195130200755355,../survan/_legacy_results/ddh_tc/mimic/seed_9/lambda_0.8/target_lr_0.01,legacy
tc_ddh,mimic,,0.8,0.005,,9,0.4166666666666667,0.8151192368728009,0.5714285714285714,0.6370387803969952,../survan/_legacy_results/ddh_tc/mimic/seed_9/lambda_0.8/target_lr_0.005,legacy
tc_ddh,mimic,,0.8,0.25,,9,0.6666666666666666,0.2830317289377324,0.5714285714285714,0.2071990640770062,../survan/_legacy_results/ddh_tc/mimic/seed_9/lambda_0.8/target_lr_0.25,legacy
tc_ddh,mimic,,0.5,0.05,,0,0.7272727272727273,0.4357373595871431,0.6904761904761905,0.45220778354609437,../survan/_legacy_results/ddh_tc/mimic/seed_0/lambda_0.5/target_lr_0.05,legacy
tc_ddh,mimic,,0.5,0.025,,0,0.7727272727272727,0.6886033298272424,0.7857142857142857,0.4382141579485245,../survan/_legacy_results/ddh_tc/mimic/seed_0/lambda_0.5/target_lr_0.025,legacy
tc_ddh,mimic,,0.5,0.1,,0,0.6363636363636364,0.3374039827056759,0.7142857142857143,0.22565161410024265,../survan/_legacy_results/ddh_tc/mimic/seed_0/lambda_0.5/target_lr_0.1,legacy
tc_ddh,mimic,,0.5,0.01,,0,0.8636363636363636,0.4773350167140548,0.7619047619047619,0.43026325172778307,../survan/_legacy_results/ddh_tc/mimic/seed_0/lambda_0.5/target_lr_0.01,legacy
tc_ddh,mimic,,0.5,0.005,,0,0.5909090909090909,0.7501285911610917,0.6666666666666666,0.7594214935930031,../survan/_legacy_results/ddh_tc/mimic/seed_0/lambda_0.5/target_lr_0.005,legacy
tc_ddh,mimic,,0.5,0.25,,0,0.6363636363636364,0.256682308997734,0.7380952380952381,0.3490793719342283,../survan/_legacy_results/ddh_tc/mimic/seed_0/lambda_0.5/target_lr_0.25,legacy
tc_ddh,mimic,,0.95,0.05,,0,0.7272727272727273,0.5348486084715505,0.7857142857142857,0.42691684168928057,../survan/_legacy_results/ddh_tc/mimic/seed_0/lambda_0.95/target_lr_0.05,legacy
tc_ddh,mimic,,0.95,0.025,,0,0.6363636363636364,0.6052223607676487,0.6904761904761905,0.42027485294598543,../survan/_legacy_results/ddh_tc/mimic/seed_0/lambda_0.95/target_lr_0.025,legacy
tc_ddh,mimic,,0.95,0.1,,0,0.6818181818181818,0.378630159439248,0.7380952380952381,0.32625413662089964,../survan/_legacy_results/ddh_tc/mimic/seed_0/lambda_0.95/target_lr_0.1,legacy
tc_ddh,mimic,,0.95,0.01,,0,0.5909090909090909,0.7251151210175626,0.7619047619047619,0.5106130010839979,../survan/_legacy_results/ddh_tc/mimic/seed_0/lambda_0.95/target_lr_0.01,legacy
tc_ddh,mimic,,0.95,0.005,,0,0.3181818181818182,0.7332972782847632,0.7142857142857143,0.6041114813416052,../survan/_legacy_results/ddh_tc/mimic/seed_0/lambda_0.95/target_lr_0.005,legacy
tc_ddh,mimic,,0.95,0.25,,0,0.6363636363636364,0.24553562588242983,0.6666666666666666,0.420752230196866,../survan/_legacy_results/ddh_tc/mimic/seed_0/lambda_0.95/target_lr_0.25,legacy
tc_ddh,mimic,,0.1,0.05,,0,0.6818181818181818,0.7180121469767878,0.8095238095238095,0.582228021314577,../survan/_legacy_results/ddh_tc/mimic/seed_0/lambda_0.1/target_lr_0.05,legacy
tc_ddh,mimic,,0.1,0.025,,0,0.7272727272727273,0.7070751522333569,0.40476190476190477,0.6808698860278272,../survan/_legacy_results/ddh_tc/mimic/seed_0/lambda_0.1/target_lr_0.025,legacy
tc_ddh,mimic,,0.1,0.1,,0,0.7272727272727273,0.5041903666723344,0.8571428571428571,0.37731681249234233,../survan/_legacy_results/ddh_tc/mimic/seed_0/lambda_0.1/target_lr_0.1,legacy
tc_ddh,mimic,,0.1,0.01,,0,0.6363636363636364,0.7456501301722336,0.5,0.7533624057464818,../survan/_legacy_results/ddh_tc/mimic/seed_0/lambda_0.1/target_lr_0.01,legacy
tc_ddh,mimic,,0.1,0.005,,0,0.5909090909090909,0.7665730687536636,0.6190476190476191,0.7843340910125566,../survan/_legacy_results/ddh_tc/mimic/seed_0/lambda_0.1/target_lr_0.005,legacy
tc_ddh,mimic,,0.1,0.25,,0,0.6818181818181818,0.46605852891494093,0.7619047619047619,0.3712055196469734,../survan/_legacy_results/ddh_tc/mimic/seed_0/lambda_0.1/target_lr_0.25,legacy
tc_ddh,mimic,,0.8,0.05,,0,0.7272727272727273,0.5424756065415227,0.7857142857142857,0.364567680498587,../survan/_legacy_results/ddh_tc/mimic/seed_0/lambda_0.8/target_lr_0.05,legacy
tc_ddh,mimic,,0.8,0.025,,0,0.8181818181818182,0.6080121584996242,0.8333333333333334,0.3236896676056085,../survan/_legacy_results/ddh_tc/mimic/seed_0/lambda_0.8/target_lr_0.025,legacy
tc_ddh,mimic,,0.8,0.1,,0,0.7272727272727273,0.369427218457829,0.7857142857142857,0.38159971703744466,../survan/_legacy_results/ddh_tc/mimic/seed_0/lambda_0.8/target_lr_0.1,legacy
tc_ddh,mimic,,0.8,0.01,,0,0.7727272727272727,0.5908294616687207,0.7857142857142857,0.3196418960252945,../survan/_legacy_results/ddh_tc/mimic/seed_0/lambda_0.8/target_lr_0.01,legacy
tc_ddh,mimic,,0.8,0.005,,0,0.5909090909090909,0.7053435303346056,0.6666666666666666,0.6907715643948202,../survan/_legacy_results/ddh_tc/mimic/seed_0/lambda_0.8/target_lr_0.005,legacy
tc_ddh,mimic,,0.8,0.25,,0,0.8181818181818182,0.25629628135292165,0.7380952380952381,0.35740447503149514,../survan/_legacy_results/ddh_tc/mimic/seed_0/lambda_0.8/target_lr_0.25,legacy
tc_ddh,mimic,,0.5,0.05,,7,1.0,0.7276444641217594,0.46153846153846156,0.5820407997178614,../survan/_legacy_results/ddh_tc/mimic/seed_7/lambda_0.5/target_lr_0.05,legacy
tc_ddh,mimic,,0.5,0.025,,7,1.0,0.7758157898935416,0.7307692307692307,0.5559975661938056,../survan/_legacy_results/ddh_tc/mimic/seed_7/lambda_0.5/target_lr_0.025,legacy
tc_ddh,mimic,,0.5,0.1,,7,1.0,0.5479105554486735,0.9230769230769231,0.2394477409837281,../survan/_legacy_results/ddh_tc/mimic/seed_7/lambda_0.5/target_lr_0.1,legacy
tc_ddh,mimic,,0.5,0.01,,7,1.0,0.7902523620491257,0.5384615384615384,0.7201151252278795,../survan/_legacy_results/ddh_tc/mimic/seed_7/lambda_0.5/target_lr_0.01,legacy
tc_ddh,mimic,,0.5,0.005,,7,0.5,0.8498397375094808,0.6923076923076923,0.7706566699223797,../survan/_legacy_results/ddh_tc/mimic/seed_7/lambda_0.5/target_lr_0.005,legacy
tc_ddh,mimic,,0.5,0.25,,7,1.0,0.630876440019591,0.5,0.2846051182474618,../survan/_legacy_results/ddh_tc/mimic/seed_7/lambda_0.5/target_lr_0.25,legacy
tc_ddh,mimic,,0.95,0.05,,7,1.0,0.7144305653648846,0.5769230769230769,0.5587005101416843,../survan/_legacy_results/ddh_tc/mimic/seed_7/lambda_0.95/target_lr_0.05,legacy
tc_ddh,mimic,,0.95,0.025,,7,1.0,0.7079001113431971,0.5384615384615384,0.5096684879707302,../survan/_legacy_results/ddh_tc/mimic/seed_7/lambda_0.95/target_lr_0.025,legacy
tc_ddh,mimic,,0.95,0.1,,7,1.0,0.4749718619213994,0.8461538461538461,0.3279342246277215,../survan/_legacy_results/ddh_tc/mimic/seed_7/lambda_0.95/target_lr_0.1,legacy
tc_ddh,mimic,,0.95,0.01,,7,1.0,0.7702328822557246,0.5384615384615384,0.5752655694225605,../survan/_legacy_results/ddh_tc/mimic/seed_7/lambda_0.95/target_lr_0.01,legacy
tc_ddh,mimic,,0.95,0.005,,7,1.0,0.7676576138156648,0.5,0.5805901421514078,../survan/_legacy_results/ddh_tc/mimic/seed_7/lambda_0.95/target_lr_0.005,legacy
tc_ddh,mimic,,0.95,0.25,,7,1.0,0.35371185474748923,0.9230769230769231,0.29567538004819766,../survan/_legacy_results/ddh_tc/mimic/seed_7/lambda_0.95/target_lr_0.25,legacy
tc_ddh,mimic,,0.1,0.05,,7,1.0,0.6859951394070009,0.7307692307692307,0.4857537743119431,../survan/_legacy_results/ddh_tc/mimic/seed_7/lambda_0.1/target_lr_0.05,legacy
tc_ddh,mimic,,0.1,0.025,,7,1.0,0.7548327393443528,0.7692307692307693,0.6626699191110252,../survan/_legacy_results/ddh_tc/mimic/seed_7/lambda_0.1/target_lr_0.025,legacy
tc_ddh,mimic,,0.1,0.1,,7,1.0,0.6437392857374467,0.7692307692307693,0.4404768011291548,../survan/_legacy_results/ddh_tc/mimic/seed_7/lambda_0.1/target_lr_0.1,legacy
tc_ddh,mimic,,0.1,0.01,,7,1.0,0.8085604612721797,0.5769230769230769,0.7447407410590898,../survan/_legacy_results/ddh_tc/mimic/seed_7/lambda_0.1/target_lr_0.01,legacy
tc_ddh,mimic,,0.1,0.005,,7,0.5,0.8501132368437808,0.6538461538461539,0.7744204562486886,../survan/_legacy_results/ddh_tc/mimic/seed_7/lambda_0.1/target_lr_0.005,legacy
tc_ddh,mimic,,0.1,0.25,,7,1.0,0.6542882957378028,0.5769230769230769,0.46565355106032924,../survan/_legacy_results/ddh_tc/mimic/seed_7/lambda_0.1/target_lr_0.25,legacy
tc_ddh,mimic,,0.8,0.05,,7,1.0,0.49046541401808585,0.5384615384615384,0.31542473949061095,../survan/_legacy_results/ddh_tc/mimic/seed_7/lambda_0.8/target_lr_0.05,legacy
tc_ddh,mimic,,0.8,0.025,,7,1.0,0.4649465252532515,0.8461538461538461,0.21400299048843185,../survan/_legacy_results/ddh_tc/mimic/seed_7/lambda_0.8/target_lr_0.025,legacy
tc_ddh,mimic,,0.8,0.1,,7,1.0,0.5175067213599096,0.6153846153846154,0.28449307005532704,../survan/_legacy_results/ddh_tc/mimic/seed_7/lambda_0.8/target_lr_0.1,legacy
tc_ddh,mimic,,0.8,0.01,,7,1.0,0.6605016662937321,0.7692307692307693,0.41887536059892466,../survan/_legacy_results/ddh_tc/mimic/seed_7/lambda_0.8/target_lr_0.01,legacy
tc_ddh,mimic,,0.8,0.005,,7,0.5,0.8501717508503202,0.6153846153846154,0.7662606735392844,../survan/_legacy_results/ddh_tc/mimic/seed_7/lambda_0.8/target_lr_0.005,legacy
tc_ddh,mimic,,0.8,0.25,,7,1.0,0.522941043540384,0.5384615384615384,0.17780867059469838,../survan/_legacy_results/ddh_tc/mimic/seed_7/lambda_0.8/target_lr_0.25,legacy
tc_ddh,nasa,,0.5,0.05,,2,0.8053435114503816,0.08379246412034086,0.8,0.10847050374193788,../survan/_legacy_results/ddh_tc/nasa/seed_2/lambda_0.5/target_lr_0.05,legacy
tc_ddh,nasa,,0.5,0.1,,2,0.8206106870229007,0.09023569818515695,0.7,0.11101339402608698,../survan/_legacy_results/ddh_tc/nasa/seed_2/lambda_0.5/target_lr_0.1,legacy
tc_ddh,nasa,,0.5,0.25,,2,0.7213740458015268,0.08112652926210448,0.675,0.08601232807263001,../survan/_legacy_results/ddh_tc/nasa/seed_2/lambda_0.5/target_lr_0.25,legacy
tc_ddh,nasa,,0.95,0.05,,2,0.8282442748091603,0.05876983888115774,0.8480769230769231,0.05678414720054896,../survan/_legacy_results/ddh_tc/nasa/seed_2/lambda_0.95/target_lr_0.05,legacy
tc_ddh,nasa,,0.95,0.1,,2,0.7977099236641222,0.08672970300004375,0.8134615384615385,0.059553356835441974,../survan/_legacy_results/ddh_tc/nasa/seed_2/lambda_0.95/target_lr_0.1,legacy
tc_ddh,nasa,,0.95,0.25,,2,0.9293893129770993,0.05054339263387992,0.7980769230769231,0.10618508296478489,../survan/_legacy_results/ddh_tc/nasa/seed_2/lambda_0.95/target_lr_0.25,legacy
tc_ddh,nasa,,0.1,0.05,,2,0.8568702290076335,0.06654624369078375,0.8076923076923077,0.09711078128478749,../survan/_legacy_results/ddh_tc/nasa/seed_2/lambda_0.1/target_lr_0.05,legacy
tc_ddh,nasa,,0.1,0.1,,2,0.8721374045801527,0.05133961323138661,0.8307692307692308,0.07326226410888872,../survan/_legacy_results/ddh_tc/nasa/seed_2/lambda_0.1/target_lr_0.1,legacy
tc_ddh,nasa,,0.1,0.25,,2,0.7633587786259542,0.06856143040097967,0.775,0.08750275257336193,../survan/_legacy_results/ddh_tc/nasa/seed_2/lambda_0.1/target_lr_0.25,legacy
tc_ddh,nasa,,0.8,0.05,,2,0.816793893129771,0.06969878177993168,0.6846153846153846,0.08577641629125214,../survan/_legacy_results/ddh_tc/nasa/seed_2/lambda_0.8/target_lr_0.05,legacy
tc_ddh,nasa,,0.8,0.1,,2,0.7786259541984732,0.0941750241862869,0.7403846153846154,0.07603909889805331,../survan/_legacy_results/ddh_tc/nasa/seed_2/lambda_0.8/target_lr_0.1,legacy
tc_ddh,nasa,,0.8,0.25,,2,0.7958015267175572,0.08735905614377526,0.7115384615384616,0.08513329273667145,../survan/_legacy_results/ddh_tc/nasa/seed_2/lambda_0.8/target_lr_0.25,legacy
tc_ddh,nasa,,0.5,0.05,,5,0.9144486692015209,0.06050272464255645,0.9434306569343066,0.04249057620133477,../survan/_legacy_results/ddh_tc/nasa/seed_5/lambda_0.5/target_lr_0.05,legacy
tc_ddh,nasa,,0.5,0.1,,5,0.9220532319391636,0.055542582446410846,0.8704379562043796,0.04496100757419302,../survan/_legacy_results/ddh_tc/nasa/seed_5/lambda_0.5/target_lr_0.1,legacy
tc_ddh,nasa,,0.5,0.25,,5,0.9049429657794676,0.047373795906541186,0.8740875912408759,0.037490536037121075,../survan/_legacy_results/ddh_tc/nasa/seed_5/lambda_0.5/target_lr_0.25,legacy
tc_ddh,nasa,,0.95,0.05,,5,0.9619771863117871,0.04128871895788292,0.8813868613138686,0.04369995309629493,../survan/_legacy_results/ddh_tc/nasa/seed_5/lambda_0.95/target_lr_0.05,legacy
tc_ddh,nasa,,0.95,0.1,,5,0.9638783269961977,0.03844834470751227,0.8740875912408759,0.027672828486415682,../survan/_legacy_results/ddh_tc/nasa/seed_5/lambda_0.95/target_lr_0.1,legacy
tc_ddh,nasa,,0.95,0.25,,5,0.8669201520912547,0.07349241407655283,0.8065693430656934,0.09526046714679327,../survan/_legacy_results/ddh_tc/nasa/seed_5/lambda_0.95/target_lr_0.25,legacy
tc_ddh,nasa,,0.1,0.05,,5,0.9467680608365019,0.05629940845605445,0.8923357664233577,0.09172370591626292,../survan/_legacy_results/ddh_tc/nasa/seed_5/lambda_0.1/target_lr_0.05,legacy
tc_ddh,nasa,,0.1,0.1,,5,0.8916349809885932,0.06527973760544534,0.8959854014598541,0.07240974230388053,../survan/_legacy_results/ddh_tc/nasa/seed_5/lambda_0.1/target_lr_0.1,legacy
tc_ddh,nasa,,0.1,0.25,,5,0.8973384030418251,0.06621048388068175,0.9014598540145985,0.04265024770259306,../survan/_legacy_results/ddh_tc/nasa/seed_5/lambda_0.1/target_lr_0.25,legacy
tc_ddh,nasa,,0.8,0.05,,5,0.8992395437262357,0.06851411771961043,0.8503649635036497,0.05770162137678173,../survan/_legacy_results/ddh_tc/nasa/seed_5/lambda_0.8/target_lr_0.05,legacy
tc_ddh,nasa,,0.8,0.1,,5,0.9011406844106464,0.048220786116282104,0.8777372262773723,0.04059229922552032,../survan/_legacy_results/ddh_tc/nasa/seed_5/lambda_0.8/target_lr_0.1,legacy
tc_ddh,nasa,,0.8,0.25,,5,0.8574144486692015,0.0684343011648716,0.833941605839416,0.04729015672060275,../survan/_legacy_results/ddh_tc/nasa/seed_5/lambda_0.8/target_lr_0.25,legacy
tc_ddh,nasa,,0.5,0.05,,4,0.7970085470085471,0.10971337926519667,0.8781512605042017,0.04731631803619567,../survan/_legacy_results/ddh_tc/nasa/seed_4/lambda_0.5/target_lr_0.05,legacy
tc_ddh,nasa,,0.5,0.1,,4,0.7905982905982906,0.10509709253882925,0.8949579831932774,0.04452278350431951,../survan/_legacy_results/ddh_tc/nasa/seed_4/lambda_0.5/target_lr_0.1,legacy
tc_ddh,nasa,,0.5,0.25,,4,0.8632478632478633,0.06730333124153483,0.865546218487395,0.0525926571841885,../survan/_legacy_results/ddh_tc/nasa/seed_4/lambda_0.5/target_lr_0.25,legacy
tc_ddh,nasa,,0.95,0.05,,4,0.8141025641025641,0.189700039704104,0.7815126050420168,0.09805956439988069,../survan/_legacy_results/ddh_tc/nasa/seed_4/lambda_0.95/target_lr_0.05,legacy
tc_ddh,nasa,,0.95,0.1,,4,0.8653846153846154,0.08671967639404168,0.7773109243697479,0.10380789942346225,../survan/_legacy_results/ddh_tc/nasa/seed_4/lambda_0.95/target_lr_0.1,legacy
tc_ddh,nasa,,0.95,0.25,,4,0.8055555555555556,0.06393564243016955,0.8046218487394958,0.09552887062900838,../survan/_legacy_results/ddh_tc/nasa/seed_4/lambda_0.95/target_lr_0.25,legacy
tc_ddh,nasa,,0.1,0.05,,4,0.782051282051282,0.11842237386718905,0.842436974789916,0.0642236851774526,../survan/_legacy_results/ddh_tc/nasa/seed_4/lambda_0.1/target_lr_0.05,legacy
tc_ddh,nasa,,0.1,0.1,,4,0.8397435897435898,0.0704322561725573,0.8970588235294118,0.04163813708351676,../survan/_legacy_results/ddh_tc/nasa/seed_4/lambda_0.1/target_lr_0.1,legacy
tc_ddh,nasa,,0.1,0.25,,4,0.8376068376068376,0.06434159110659513,0.9201680672268907,0.0475032613279066,../survan/_legacy_results/ddh_tc/nasa/seed_4/lambda_0.1/target_lr_0.25,legacy
tc_ddh,nasa,,0.8,0.05,,4,0.8055555555555556,0.10848818072862405,0.8739495798319328,0.04407614562508911,../survan/_legacy_results/ddh_tc/nasa/seed_4/lambda_0.8/target_lr_0.05,legacy
tc_ddh,nasa,,0.8,0.1,,4,0.8611111111111112,0.07256847031986753,0.8928571428571429,0.04252874421020995,../survan/_legacy_results/ddh_tc/nasa/seed_4/lambda_0.8/target_lr_0.1,legacy
tc_ddh,nasa,,0.8,0.25,,4,0.8397435897435898,0.06493611481655896,0.8403361344537815,0.07903288293152314,../survan/_legacy_results/ddh_tc/nasa/seed_4/lambda_0.8/target_lr_0.25,legacy
tc_ddh,nasa,,0.5,0.05,,3,0.912109375,0.03601286050768463,0.90748031496063,0.06292997797824526,../survan/_legacy_results/ddh_tc/nasa/seed_3/lambda_0.5/target_lr_0.05,legacy
tc_ddh,nasa,,0.5,0.1,,3,0.869140625,0.06265986002458054,0.8838582677165354,0.05335656285357257,../survan/_legacy_results/ddh_tc/nasa/seed_3/lambda_0.5/target_lr_0.1,legacy
tc_ddh,nasa,,0.5,0.25,,3,0.828125,0.050235760426811535,0.8976377952755905,0.033991874236192904,../survan/_legacy_results/ddh_tc/nasa/seed_3/lambda_0.5/target_lr_0.25,legacy
tc_ddh,nasa,,0.95,0.05,,3,0.818359375,0.07967558315594327,0.8543307086614174,0.05099357435188677,../survan/_legacy_results/ddh_tc/nasa/seed_3/lambda_0.95/target_lr_0.05,legacy
tc_ddh,nasa,,0.95,0.1,,3,0.78125,0.09443405106951518,0.7854330708661418,0.07404869082303063,../survan/_legacy_results/ddh_tc/nasa/seed_3/lambda_0.95/target_lr_0.1,legacy
tc_ddh,nasa,,0.95,0.25,,3,0.81640625,0.056724593757025106,0.9330708661417323,0.04829611318538968,../survan/_legacy_results/ddh_tc/nasa/seed_3/lambda_0.95/target_lr_0.25,legacy
tc_ddh,nasa,,0.1,0.05,,3,0.896484375,0.048362553570765576,0.9311023622047244,0.04852582979318483,../survan/_legacy_results/ddh_tc/nasa/seed_3/lambda_0.1/target_lr_0.05,legacy
tc_ddh,nasa,,0.1,0.1,,3,0.79296875,0.06479855774176647,0.8956692913385826,0.06569209734824022,../survan/_legacy_results/ddh_tc/nasa/seed_3/lambda_0.1/target_lr_0.1,legacy
tc_ddh,nasa,,0.1,0.25,,3,0.8046875,0.05808642907744005,0.90748031496063,0.06981915097209002,../survan/_legacy_results/ddh_tc/nasa/seed_3/lambda_0.1/target_lr_0.25,legacy
tc_ddh,nasa,,0.8,0.05,,3,0.861328125,0.056708414429126996,0.9035433070866141,0.041341604306532685,../survan/_legacy_results/ddh_tc/nasa/seed_3/lambda_0.8/target_lr_0.05,legacy
tc_ddh,nasa,,0.8,0.1,,3,0.859375,0.050831108828450086,0.8700787401574803,0.05719879279577351,../survan/_legacy_results/ddh_tc/nasa/seed_3/lambda_0.8/target_lr_0.1,legacy
tc_ddh,nasa,,0.8,0.25,,3,0.833984375,0.038261166547173264,0.9153543307086615,0.04503294716092012,../survan/_legacy_results/ddh_tc/nasa/seed_3/lambda_0.8/target_lr_0.25,legacy
tc_ddh,nasa,,0.5,0.05,,6,0.8016877637130801,0.07965361234136131,0.874113475177305,0.04426790213174488,../survan/_legacy_results/ddh_tc/nasa/seed_6/lambda_0.5/target_lr_0.05,legacy
tc_ddh,nasa,,0.5,0.1,,6,0.8523206751054853,0.06512529234696361,0.875886524822695,0.11334887874718909,../survan/_legacy_results/ddh_tc/nasa/seed_6/lambda_0.5/target_lr_0.1,legacy
tc_ddh,nasa,,0.5,0.25,,6,0.8270042194092827,0.07257929886813501,0.9042553191489362,0.07027668147398469,../survan/_legacy_results/ddh_tc/nasa/seed_6/lambda_0.5/target_lr_0.25,legacy
tc_ddh,nasa,,0.95,0.05,,6,0.8417721518987342,0.057279708476957264,0.9113475177304965,0.0760704549217124,../survan/_legacy_results/ddh_tc/nasa/seed_6/lambda_0.95/target_lr_0.05,legacy
tc_ddh,nasa,,0.95,0.1,,6,0.8417721518987342,0.0604815513002642,0.9024822695035462,0.10595708944443044,../survan/_legacy_results/ddh_tc/nasa/seed_6/lambda_0.95/target_lr_0.1,legacy
tc_ddh,nasa,,0.95,0.25,,6,0.8628691983122363,0.043114045632444725,0.900709219858156,0.0510176227269156,../survan/_legacy_results/ddh_tc/nasa/seed_6/lambda_0.95/target_lr_0.25,legacy
tc_ddh,nasa,,0.1,0.05,,6,0.8987341772151899,0.05628335515055297,0.8953900709219859,0.05578706092691922,../survan/_legacy_results/ddh_tc/nasa/seed_6/lambda_0.1/target_lr_0.05,legacy
tc_ddh,nasa,,0.1,0.1,,6,0.8354430379746836,0.08724653886696458,0.8687943262411347,0.11166382459477651,../survan/_legacy_results/ddh_tc/nasa/seed_6/lambda_0.1/target_lr_0.1,legacy
tc_ddh,nasa,,0.1,0.25,,6,0.8291139240506329,0.055695034195019075,0.875886524822695,0.09635761301053405,../survan/_legacy_results/ddh_tc/nasa/seed_6/lambda_0.1/target_lr_0.25,legacy
tc_ddh,nasa,,0.8,0.05,,6,0.8881856540084389,0.0524507698252724,0.9273049645390071,0.060129596097244414,../survan/_legacy_results/ddh_tc/nasa/seed_6/lambda_0.8/target_lr_0.05,legacy
tc_ddh,nasa,,0.8,0.1,,6,0.8143459915611815,0.05762587335420944,0.8936170212765957,0.04715962932972733,../survan/_legacy_results/ddh_tc/nasa/seed_6/lambda_0.8/target_lr_0.1,legacy
tc_ddh,nasa,,0.8,0.25,,6,0.8713080168776371,0.04736151250210081,0.898936170212766,0.05537806916240224,../survan/_legacy_results/ddh_tc/nasa/seed_6/lambda_0.8/target_lr_0.25,legacy
tc_ddh,nasa,,0.5,0.05,,1,0.8556338028169014,0.06684570599019518,0.8863636363636364,0.06064830432749586,../survan/_legacy_results/ddh_tc/nasa/seed_1/lambda_0.5/target_lr_0.05,legacy
tc_ddh,nasa,,0.5,0.1,,1,0.8503521126760564,0.07425263801381353,0.8760330578512396,0.06144417320355997,../survan/_legacy_results/ddh_tc/nasa/seed_1/lambda_0.5/target_lr_0.1,legacy
tc_ddh,nasa,,0.5,0.25,,1,0.8767605633802817,0.050986450974077675,0.9008264462809917,0.05409877025139132,../survan/_legacy_results/ddh_tc/nasa/seed_1/lambda_0.5/target_lr_0.25,legacy
tc_ddh,nasa,,0.95,0.05,,1,0.7676056338028169,0.08617796404806527,0.762396694214876,0.08682591527951822,../survan/_legacy_results/ddh_tc/nasa/seed_1/lambda_0.95/target_lr_0.05,legacy
tc_ddh,nasa,,0.95,0.1,,1,0.823943661971831,0.05946745640513488,0.8677685950413223,0.06516842089840687,../survan/_legacy_results/ddh_tc/nasa/seed_1/lambda_0.95/target_lr_0.1,legacy
tc_ddh,nasa,,0.95,0.25,,1,0.823943661971831,0.0625621272444016,0.859504132231405,0.0689850944533328,../survan/_legacy_results/ddh_tc/nasa/seed_1/lambda_0.95/target_lr_0.25,legacy
tc_ddh,nasa,,0.1,0.05,,1,0.7904929577464789,0.08915569805083413,0.8471074380165289,0.08381792089104892,../survan/_legacy_results/ddh_tc/nasa/seed_1/lambda_0.1/target_lr_0.05,legacy
tc_ddh,nasa,,0.1,0.1,,1,0.7394366197183099,0.10360371357745324,0.7768595041322314,0.11225546231246146,../survan/_legacy_results/ddh_tc/nasa/seed_1/lambda_0.1/target_lr_0.1,legacy
tc_ddh,nasa,,0.1,0.25,,1,0.875,0.04356192300562592,0.9008264462809917,0.03945811065115847,../survan/_legacy_results/ddh_tc/nasa/seed_1/lambda_0.1/target_lr_0.25,legacy
tc_ddh,nasa,,0.8,0.05,,1,0.7816901408450704,0.07191065134040661,0.8677685950413223,0.07787611318718456,../survan/_legacy_results/ddh_tc/nasa/seed_1/lambda_0.8/target_lr_0.05,legacy
tc_ddh,nasa,,0.8,0.1,,1,0.8626760563380281,0.050608551604421285,0.9152892561983471,0.05223200313427811,../survan/_legacy_results/ddh_tc/nasa/seed_1/lambda_0.8/target_lr_0.1,legacy
tc_ddh,nasa,,0.8,0.25,,1,0.8098591549295775,0.07076716144440393,0.890495867768595,0.04329542738488287,../survan/_legacy_results/ddh_tc/nasa/seed_1/lambda_0.8/target_lr_0.25,legacy
tc_ddh,nasa,,0.5,0.05,,8,0.9132231404958677,0.04547347998439658,0.8596153846153847,0.04822344693086069,../survan/_legacy_results/ddh_tc/nasa/seed_8/lambda_0.5/target_lr_0.05,legacy
tc_ddh,nasa,,0.5,0.1,,8,0.9152892561983471,0.05110245311799476,0.8384615384615385,0.05500207674952642,../survan/_legacy_results/ddh_tc/nasa/seed_8/lambda_0.5/target_lr_0.1,legacy
tc_ddh,nasa,,0.5,0.25,,8,0.8884297520661157,0.058715381628766085,0.8115384615384615,0.041617860051075636,../survan/_legacy_results/ddh_tc/nasa/seed_8/lambda_0.5/target_lr_0.25,legacy
tc_ddh,nasa,,0.95,0.05,,8,0.9111570247933884,0.041981885578426456,0.8480769230769231,0.043728495740054156,../survan/_legacy_results/ddh_tc/nasa/seed_8/lambda_0.95/target_lr_0.05,legacy
tc_ddh,nasa,,0.95,0.1,,8,0.9194214876033058,0.04049984783010545,0.8211538461538461,0.04880650309467519,../survan/_legacy_results/ddh_tc/nasa/seed_8/lambda_0.95/target_lr_0.1,legacy
tc_ddh,nasa,,0.95,0.25,,8,0.9235537190082644,0.04381058326196788,0.8403846153846154,0.05049560821020123,../survan/_legacy_results/ddh_tc/nasa/seed_8/lambda_0.95/target_lr_0.25,legacy
tc_ddh,nasa,,0.1,0.05,,8,0.8842975206611571,0.08272671986054037,0.8692307692307693,0.048936159146107695,../survan/_legacy_results/ddh_tc/nasa/seed_8/lambda_0.1/target_lr_0.05,legacy
tc_ddh,nasa,,0.1,0.1,,8,0.8801652892561983,0.08338665784939901,0.8538461538461538,0.04492576385920649,../survan/_legacy_results/ddh_tc/nasa/seed_8/lambda_0.1/target_lr_0.1,legacy
tc_ddh,nasa,,0.1,0.25,,8,0.8822314049586777,0.048902164878215165,0.8730769230769231,0.07232501058950822,../survan/_legacy_results/ddh_tc/nasa/seed_8/lambda_0.1/target_lr_0.25,legacy
tc_ddh,nasa,,0.8,0.05,,8,0.9008264462809917,0.08640507805777915,0.7980769230769231,0.11879093406146907,../survan/_legacy_results/ddh_tc/nasa/seed_8/lambda_0.8/target_lr_0.05,legacy
tc_ddh,nasa,,0.8,0.1,,8,0.9049586776859504,0.04629864520088063,0.9326923076923077,0.030753865053996562,../survan/_legacy_results/ddh_tc/nasa/seed_8/lambda_0.8/target_lr_0.1,legacy
tc_ddh,nasa,,0.8,0.25,,8,0.878099173553719,0.059193032749296756,0.8076923076923077,0.0582401299058124,../survan/_legacy_results/ddh_tc/nasa/seed_8/lambda_0.8/target_lr_0.25,legacy
tc_ddh,nasa,,0.5,0.05,,9,0.8312236286919831,0.08285941232204223,0.8600746268656716,0.051595189541596316,../survan/_legacy_results/ddh_tc/nasa/seed_9/lambda_0.5/target_lr_0.05,legacy
tc_ddh,nasa,,0.5,0.1,,9,0.8438818565400844,0.07690491961498995,0.8899253731343284,0.05150982805962285,../survan/_legacy_results/ddh_tc/nasa/seed_9/lambda_0.5/target_lr_0.1,legacy
tc_ddh,nasa,,0.5,0.25,,9,0.8122362869198312,0.08265349233072933,0.8899253731343284,0.05026676170526653,../survan/_legacy_results/ddh_tc/nasa/seed_9/lambda_0.5/target_lr_0.25,legacy
tc_ddh,nasa,,0.95,0.05,,9,0.8544303797468354,0.06279493955838833,0.8731343283582089,0.05624208700107815,../survan/_legacy_results/ddh_tc/nasa/seed_9/lambda_0.95/target_lr_0.05,legacy
tc_ddh,nasa,,0.95,0.1,,9,0.7784810126582279,0.08187614010184655,0.878731343283582,0.06138090021903235,../survan/_legacy_results/ddh_tc/nasa/seed_9/lambda_0.95/target_lr_0.1,legacy
tc_ddh,nasa,,0.95,0.25,,9,0.7974683544303798,0.0990694725328455,0.8171641791044776,0.08770355439080009,../survan/_legacy_results/ddh_tc/nasa/seed_9/lambda_0.95/target_lr_0.25,legacy
tc_ddh,nasa,,0.1,0.05,,9,0.8375527426160337,0.07085341285911526,0.9085820895522388,0.0492986890549415,../survan/_legacy_results/ddh_tc/nasa/seed_9/lambda_0.1/target_lr_0.05,legacy
tc_ddh,nasa,,0.1,0.1,,9,0.8333333333333334,0.09590311976475568,0.8563432835820896,0.06562264523113866,../survan/_legacy_results/ddh_tc/nasa/seed_9/lambda_0.1/target_lr_0.1,legacy
tc_ddh,nasa,,0.1,0.25,,9,0.8080168776371308,0.0699981819800595,0.917910447761194,0.041285974955988985,../survan/_legacy_results/ddh_tc/nasa/seed_9/lambda_0.1/target_lr_0.25,legacy
tc_ddh,nasa,,0.8,0.05,,9,0.8755274261603375,0.07351462033906561,0.9235074626865671,0.030249954622320677,../survan/_legacy_results/ddh_tc/nasa/seed_9/lambda_0.8/target_lr_0.05,legacy
tc_ddh,nasa,,0.8,0.1,,9,0.810126582278481,0.07057828463516089,0.8563432835820896,0.04537217417921571,../survan/_legacy_results/ddh_tc/nasa/seed_9/lambda_0.8/target_lr_0.1,legacy
tc_ddh,nasa,,0.8,0.25,,9,0.7531645569620253,0.13100603180272144,0.7574626865671642,0.10235455079752964,../survan/_legacy_results/ddh_tc/nasa/seed_9/lambda_0.8/target_lr_0.25,legacy
tc_ddh,nasa,,0.5,0.05,,0,0.7990867579908676,0.07814641184689523,0.8461538461538461,0.0511450940410597,../survan/_legacy_results/ddh_tc/nasa/seed_0/lambda_0.5/target_lr_0.05,legacy
tc_ddh,nasa,,0.5,0.1,,0,0.8082191780821918,0.06659159895199442,0.8553113553113553,0.059851610354705834,../survan/_legacy_results/ddh_tc/nasa/seed_0/lambda_0.5/target_lr_0.1,legacy
tc_ddh,nasa,,0.5,0.25,,0,0.7831050228310502,0.08565959926479284,0.8351648351648352,0.06098673995069004,../survan/_legacy_results/ddh_tc/nasa/seed_0/lambda_0.5/target_lr_0.25,legacy
tc_ddh,nasa,,0.95,0.05,,0,0.771689497716895,0.10280712651572041,0.8168498168498168,0.08426144646271042,../survan/_legacy_results/ddh_tc/nasa/seed_0/lambda_0.95/target_lr_0.05,legacy
tc_ddh,nasa,,0.95,0.1,,0,0.7945205479452054,0.08257734472438677,0.8296703296703297,0.06150381823114755,../survan/_legacy_results/ddh_tc/nasa/seed_0/lambda_0.95/target_lr_0.1,legacy
tc_ddh,nasa,,0.95,0.25,,0,0.821917808219178,0.07027166670274296,0.8424908424908425,0.05599391936282227,../survan/_legacy_results/ddh_tc/nasa/seed_0/lambda_0.95/target_lr_0.25,legacy
tc_ddh,nasa,,0.1,0.05,,0,0.8904109589041096,0.07086002888529737,0.9230769230769231,0.06539560095570165,../survan/_legacy_results/ddh_tc/nasa/seed_0/lambda_0.1/target_lr_0.05,legacy
tc_ddh,nasa,,0.1,0.1,,0,0.8378995433789954,0.05385340170857092,0.891941391941392,0.038915005918487774,../survan/_legacy_results/ddh_tc/nasa/seed_0/lambda_0.1/target_lr_0.1,legacy
tc_ddh,nasa,,0.1,0.25,,0,0.817351598173516,0.06261497406860858,0.86996336996337,0.06385796174351432,../survan/_legacy_results/ddh_tc/nasa/seed_0/lambda_0.1/target_lr_0.25,legacy
tc_ddh,nasa,,0.8,0.05,,0,0.7602739726027398,0.06389115516530201,0.8131868131868132,0.06257924861737693,../survan/_legacy_results/ddh_tc/nasa/seed_0/lambda_0.8/target_lr_0.05,legacy
tc_ddh,nasa,,0.8,0.1,,0,0.8105022831050228,0.04775142488345334,0.8663003663003663,0.05446216242321857,../survan/_legacy_results/ddh_tc/nasa/seed_0/lambda_0.8/target_lr_0.1,legacy
tc_ddh,nasa,,0.8,0.25,,0,0.7785388127853882,0.06949822415988381,0.8498168498168498,0.06329853491561815,../survan/_legacy_results/ddh_tc/nasa/seed_0/lambda_0.8/target_lr_0.25,legacy
tc_ddh,nasa,,0.5,0.05,,7,0.719047619047619,0.06298059861261865,0.8388888888888889,0.04811582344860078,../survan/_legacy_results/ddh_tc/nasa/seed_7/lambda_0.5/target_lr_0.05,legacy
tc_ddh,nasa,,0.5,0.1,,7,0.669047619047619,0.06202057379118461,0.8574074074074074,0.06056337584209191,../survan/_legacy_results/ddh_tc/nasa/seed_7/lambda_0.5/target_lr_0.1,legacy
tc_ddh,nasa,,0.5,0.25,,7,0.7238095238095238,0.06339135223046188,0.8425925925925926,0.05106886452742647,../survan/_legacy_results/ddh_tc/nasa/seed_7/lambda_0.5/target_lr_0.25,legacy
tc_ddh,nasa,,0.95,0.05,,7,0.7738095238095238,0.050204743645226035,0.8925925925925926,0.037196985246903666,../survan/_legacy_results/ddh_tc/nasa/seed_7/lambda_0.95/target_lr_0.05,legacy
tc_ddh,nasa,,0.95,0.1,,7,0.6452380952380953,0.10885555505271044,0.8462962962962963,0.0661831883141566,../survan/_legacy_results/ddh_tc/nasa/seed_7/lambda_0.95/target_lr_0.1,legacy
tc_ddh,nasa,,0.95,0.25,,7,0.6785714285714286,0.059850181838509736,0.8240740740740741,0.05265140924346877,../survan/_legacy_results/ddh_tc/nasa/seed_7/lambda_0.95/target_lr_0.25,legacy
tc_ddh,nasa,,0.1,0.05,,7,0.8095238095238095,0.06744976165517316,0.8814814814814815,0.061263147043927144,../survan/_legacy_results/ddh_tc/nasa/seed_7/lambda_0.1/target_lr_0.05,legacy
tc_ddh,nasa,,0.1,0.1,,7,0.6880952380952381,0.1127696250461965,0.85,0.06952580207637812,../survan/_legacy_results/ddh_tc/nasa/seed_7/lambda_0.1/target_lr_0.1,legacy
tc_ddh,nasa,,0.1,0.25,,7,0.7214285714285714,0.06531530168516178,0.8851851851851852,0.03474362132891751,../survan/_legacy_results/ddh_tc/nasa/seed_7/lambda_0.1/target_lr_0.25,legacy
tc_ddh,nasa,,0.8,0.05,,7,0.7238095238095238,0.10369706336574104,0.8518518518518519,0.06725668637899018,../survan/_legacy_results/ddh_tc/nasa/seed_7/lambda_0.8/target_lr_0.05,legacy
tc_ddh,nasa,,0.8,0.1,,7,0.680952380952381,0.06603902515149149,0.8740740740740741,0.050629127688075315,../survan/_legacy_results/ddh_tc/nasa/seed_7/lambda_0.8/target_lr_0.1,legacy
tc_ddh,nasa,,0.8,0.25,,7,0.719047619047619,0.050793698988627636,0.8314814814814815,0.05385125125875339,../survan/_legacy_results/ddh_tc/nasa/seed_7/lambda_0.8/target_lr_0.25,legacy
