algorithm,dataset,backbone,lambda_,target_lr,landmark,seed,val_ci,val_bs,test_ci,test_bs,run_dir,n_train
tcsr_fitted,pbc2,linear,0.0,1.0,True,2,0.6012014787430684,0.2624392504433682,0.5452755905511811,0.23147582959518062,outputs_small/ntrain_10/tcsr_fitted/pbc2/linear/lambda_0.0/target_lr_1.0/landmark_True/seed_2,10
tcsr_fitted,pbc2,linear,0.0,1.0,True,5,0.6174377224199288,0.315555983630376,0.7367125984251969,0.2977324038618468,outputs_small/ntrain_10/tcsr_fitted/pbc2/linear/lambda_0.0/target_lr_1.0/landmark_True/seed_5,10
tcsr_fitted,pbc2,linear,0.0,1.0,True,4,0.7596153846153846,0.2770473240959235,0.8464566929133859,0.2566942738758421,outputs_small/ntrain_10/tcsr_fitted/pbc2/linear/lambda_0.0/target_lr_1.0/landmark_True/seed_4,10
tcsr_fitted,pbc2,linear,0.0,1.0,True,3,0.8165280665280665,0.18704524572208664,0.8548228346456693,0.170093644818529,outputs_small/ntrain_10/tcsr_fitted/pbc2/linear/lambda_0.0/target_lr_1.0/landmark_True/seed_3,10
tcsr_fitted,pbc2,linear,0.0,1.0,True,6,0.751269035532995,0.1827431495477577,0.7864173228346457,0.1732476454264179,outputs_small/ntrain_10/tcsr_fitted/pbc2/linear/lambda_0.0/target_lr_1.0/landmark_True/seed_6,10
tcsr_fitted,pbc2,linear,0.0,1.0,True,1,0.6826683291770573,0.24560991103718938,0.7047244094488189,0.18450879060503098,outputs_small/ntrain_10/tcsr_fitted/pbc2/linear/lambda_0.0/target_lr_1.0/landmark_True/seed_1,10
tcsr_fitted,pbc2,linear,0.0,1.0,True,8,0.6515679442508711,0.19605081767095608,0.6973425196850394,0.1825784917679574,outputs_small/ntrain_10/tcsr_fitted/pbc2/linear/lambda_0.0/target_lr_1.0/landmark_True/seed_8,10
tcsr_fitted,pbc2,linear,0.0,1.0,True,9,0.6664816870144284,0.25459694248660386,0.6687992125984252,0.2036112967858172,outputs_small/ntrain_10/tcsr_fitted/pbc2/linear/lambda_0.0/target_lr_1.0/landmark_True/seed_9,10
tcsr_fitted,pbc2,linear,0.0,1.0,True,0,0.7548309178743962,0.16242698626976335,0.7839566929133859,0.1839940963943795,outputs_small/ntrain_10/tcsr_fitted/pbc2/linear/lambda_0.0/target_lr_1.0/landmark_True/seed_0,10
tcsr_fitted,pbc2,linear,0.0,1.0,True,7,0.6817102137767221,0.18981365569004688,0.8125,0.14327686671837353,outputs_small/ntrain_10/tcsr_fitted/pbc2/linear/lambda_0.0/target_lr_1.0/landmark_True/seed_7,10
tcsr_fitted,pbc2,linear,0.0,0.1,True,2,0.6312384473197782,0.2866592218062828,0.6230314960629921,0.26730019498813995,outputs_small/ntrain_10/tcsr_fitted/pbc2/linear/lambda_0.0/target_lr_0.1/landmark_True/seed_2,10
tcsr_fitted,pbc2,linear,0.0,0.1,True,5,0.6981020166073547,0.20831704277135596,0.8046259842519685,0.20042579654986836,outputs_small/ntrain_10/tcsr_fitted/pbc2/linear/lambda_0.0/target_lr_0.1/landmark_True/seed_5,10
tcsr_fitted,pbc2,linear,0.0,0.1,True,4,0.7932692307692307,0.2679528023213433,0.8759842519685039,0.22373249765640363,outputs_small/ntrain_10/tcsr_fitted/pbc2/linear/lambda_0.0/target_lr_0.1/landmark_True/seed_4,10
tcsr_fitted,pbc2,linear,0.0,0.1,True,3,0.841995841995842,0.15858440196187468,0.889763779527559,0.11069056182530497,outputs_small/ntrain_10/tcsr_fitted/pbc2/linear/lambda_0.0/target_lr_0.1/landmark_True/seed_3,10
tcsr_fitted,pbc2,linear,0.0,0.1,True,6,0.7290609137055838,0.20929295603417472,0.7918307086614174,0.16254939804461088,outputs_small/ntrain_10/tcsr_fitted/pbc2/linear/lambda_0.0/target_lr_0.1/landmark_True/seed_6,10
tcsr_fitted,pbc2,linear,0.0,0.1,True,1,0.7687032418952618,0.21524017816725002,0.8690944881889764,0.12023068829696988,outputs_small/ntrain_10/tcsr_fitted/pbc2/linear/lambda_0.0/target_lr_0.1/landmark_True/seed_1,10
tcsr_fitted,pbc2,linear,0.0,0.1,True,8,0.7084785133565621,0.1945043779755817,0.7598425196850394,0.15656456391389525,outputs_small/ntrain_10/tcsr_fitted/pbc2/linear/lambda_0.0/target_lr_0.1/landmark_True/seed_8,10
tcsr_fitted,pbc2,linear,0.0,0.1,True,9,0.7097669256381798,0.21847159373767733,0.6924212598425197,0.156449471673777,outputs_small/ntrain_10/tcsr_fitted/pbc2/linear/lambda_0.0/target_lr_0.1/landmark_True/seed_9,10
tcsr_fitted,pbc2,linear,0.0,0.1,True,0,0.7765700483091788,0.1808569660690339,0.7928149606299213,0.1388223877374109,outputs_small/ntrain_10/tcsr_fitted/pbc2/linear/lambda_0.0/target_lr_0.1/landmark_True/seed_0,10
tcsr_fitted,pbc2,linear,0.0,0.1,True,7,0.755938242280285,0.18046519713902473,0.860236220472441,0.12530951065225862,outputs_small/ntrain_10/tcsr_fitted/pbc2/linear/lambda_0.0/target_lr_0.1/landmark_True/seed_7,10
tcsr_fitted,pbc2,linear,0.0,0.01,True,2,0.6127541589648798,0.3096486897497186,0.6186023622047244,0.2966720725980865,outputs_small/ntrain_10/tcsr_fitted/pbc2/linear/lambda_0.0/target_lr_0.01/landmark_True/seed_2,10
tcsr_fitted,pbc2,linear,0.0,0.01,True,5,0.6897983392645315,0.1930393370403707,0.7613188976377953,0.19145558479189126,outputs_small/ntrain_10/tcsr_fitted/pbc2/linear/lambda_0.0/target_lr_0.01/landmark_True/seed_5,10
tcsr_fitted,pbc2,linear,0.0,0.01,True,4,0.7758413461538461,0.2815536210860573,0.8715551181102362,0.21383275110709615,outputs_small/ntrain_10/tcsr_fitted/pbc2/linear/lambda_0.0/target_lr_0.01/landmark_True/seed_4,10
tcsr_fitted,pbc2,linear,0.0,0.01,True,3,0.8477130977130977,0.16804556282274133,0.906003937007874,0.09560321027984375,outputs_small/ntrain_10/tcsr_fitted/pbc2/linear/lambda_0.0/target_lr_0.01/landmark_True/seed_3,10
tcsr_fitted,pbc2,linear,0.0,0.01,True,6,0.7062182741116751,0.221070916722753,0.7716535433070866,0.19109462060809593,outputs_small/ntrain_10/tcsr_fitted/pbc2/linear/lambda_0.0/target_lr_0.01/landmark_True/seed_6,10
tcsr_fitted,pbc2,linear,0.0,0.01,True,1,0.7849127182044888,0.22151239620238733,0.8725393700787402,0.1306131538768154,outputs_small/ntrain_10/tcsr_fitted/pbc2/linear/lambda_0.0/target_lr_0.01/landmark_True/seed_1,10
tcsr_fitted,pbc2,linear,0.0,0.01,True,8,0.7259001161440186,0.19548966242679505,0.7667322834645669,0.15896831715485438,outputs_small/ntrain_10/tcsr_fitted/pbc2/linear/lambda_0.0/target_lr_0.01/landmark_True/seed_8,10
tcsr_fitted,pbc2,linear,0.0,0.01,True,9,0.7086570477247502,0.23097229787049428,0.6943897637795275,0.1616310679922227,outputs_small/ntrain_10/tcsr_fitted/pbc2/linear/lambda_0.0/target_lr_0.01/landmark_True/seed_9,10
tcsr_fitted,pbc2,linear,0.0,0.01,True,0,0.7910628019323671,0.18861594195700843,0.8326771653543307,0.12031414926312928,outputs_small/ntrain_10/tcsr_fitted/pbc2/linear/lambda_0.0/target_lr_0.01/landmark_True/seed_0,10
tcsr_fitted,pbc2,linear,0.0,0.01,True,7,0.7108076009501187,0.22979884131552727,0.8651574803149606,0.09599475840561356,outputs_small/ntrain_10/tcsr_fitted/pbc2/linear/lambda_0.0/target_lr_0.01/landmark_True/seed_7,10
tcsr_fitted,pbc2,linear,0.0,0.0,True,2,0.6538817005545287,0.2837964545002982,0.6299212598425197,0.29845757235133463,outputs_small/ntrain_10/tcsr_fitted/pbc2/linear/lambda_0.0/target_lr_0.0/landmark_True/seed_2,10
tcsr_fitted,pbc2,linear,0.0,0.0,True,5,0.6684460260972717,0.21932372769801772,0.7170275590551181,0.25824576845447494,outputs_small/ntrain_10/tcsr_fitted/pbc2/linear/lambda_0.0/target_lr_0.0/landmark_True/seed_5,10
tcsr_fitted,pbc2,linear,0.0,0.0,True,4,0.7794471153846154,0.3068234835346047,0.8351377952755905,0.24161561251567756,outputs_small/ntrain_10/tcsr_fitted/pbc2/linear/lambda_0.0/target_lr_0.0/landmark_True/seed_4,10
tcsr_fitted,pbc2,linear,0.0,0.0,True,3,0.8482328482328483,0.17450834208555013,0.9079724409448819,0.09512238999033401,outputs_small/ntrain_10/tcsr_fitted/pbc2/linear/lambda_0.0/target_lr_0.0/landmark_True/seed_3,10
tcsr_fitted,pbc2,linear,0.0,0.0,True,6,0.6986040609137056,0.22492895080355768,0.7716535433070866,0.1972385707281911,outputs_small/ntrain_10/tcsr_fitted/pbc2/linear/lambda_0.0/target_lr_0.0/landmark_True/seed_6,10
tcsr_fitted,pbc2,linear,0.0,0.0,True,1,0.7668329177057357,0.22755562730432075,0.8764763779527559,0.15005537262324498,outputs_small/ntrain_10/tcsr_fitted/pbc2/linear/lambda_0.0/target_lr_0.0/landmark_True/seed_1,10
tcsr_fitted,pbc2,linear,0.0,0.0,True,8,0.7357723577235772,0.1925876874387088,0.7741141732283464,0.16020487828760296,outputs_small/ntrain_10/tcsr_fitted/pbc2/linear/lambda_0.0/target_lr_0.0/landmark_True/seed_8,10
tcsr_fitted,pbc2,linear,0.0,0.0,True,9,0.7103218645948945,0.23409357792458596,0.6963582677165354,0.1602616332120455,outputs_small/ntrain_10/tcsr_fitted/pbc2/linear/lambda_0.0/target_lr_0.0/landmark_True/seed_9,10
tcsr_fitted,pbc2,linear,0.0,0.0,True,0,0.7584541062801933,0.21240836543121808,0.8533464566929134,0.12134721009961519,outputs_small/ntrain_10/tcsr_fitted/pbc2/linear/lambda_0.0/target_lr_0.0/landmark_True/seed_0,10
tcsr_fitted,pbc2,linear,0.0,0.0,True,7,0.6733966745843231,0.2567474783928661,0.8336614173228346,0.11664245233019016,outputs_small/ntrain_10/tcsr_fitted/pbc2/linear/lambda_0.0/target_lr_0.0/landmark_True/seed_7,10
tcsr_fitted,aids,linear,0.0,1.0,True,2,0.5924270931326434,0.21693919707598752,0.6834305150631681,0.1892918980876193,outputs_small/ntrain_10/tcsr_fitted/aids/linear/lambda_0.0/target_lr_1.0/landmark_True/seed_2,10
tcsr_fitted,aids,linear,0.0,1.0,True,5,0.7004950495049505,0.16572532688057298,0.6635082604470359,0.18415854110977264,outputs_small/ntrain_10/tcsr_fitted/aids/linear/lambda_0.0/target_lr_1.0/landmark_True/seed_5,10
tcsr_fitted,aids,linear,0.0,1.0,True,4,0.7172024326672459,0.18239005082544266,0.6839164237123421,0.18184883154386788,outputs_small/ntrain_10/tcsr_fitted/aids/linear/lambda_0.0/target_lr_1.0/landmark_True/seed_4,10
tcsr_fitted,aids,linear,0.0,1.0,True,3,0.6532663316582915,0.26029109434285064,0.6656948493683188,0.22431182310837203,outputs_small/ntrain_10/tcsr_fitted/aids/linear/lambda_0.0/target_lr_1.0/landmark_True/seed_3,10
tcsr_fitted,aids,linear,0.0,1.0,True,6,0.7034456058846302,0.16430966049703075,0.6980077745383868,0.19661632266970241,outputs_small/ntrain_10/tcsr_fitted/aids/linear/lambda_0.0/target_lr_1.0/landmark_True/seed_6,10
tcsr_fitted,aids,linear,0.0,1.0,True,1,0.7349531876950512,0.15307919750378496,0.6839164237123421,0.1785258936805584,outputs_small/ntrain_10/tcsr_fitted/aids/linear/lambda_0.0/target_lr_1.0/landmark_True/seed_1,10
tcsr_fitted,aids,linear,0.0,1.0,True,8,0.6222943722943723,0.19863586103276804,0.6336248785228377,0.21582518814097434,outputs_small/ntrain_10/tcsr_fitted/aids/linear/lambda_0.0/target_lr_1.0/landmark_True/seed_8,10
tcsr_fitted,aids,linear,0.0,1.0,True,9,0.583404255319149,0.21316690896331714,0.586977648202138,0.21847628621910323,outputs_small/ntrain_10/tcsr_fitted/aids/linear/lambda_0.0/target_lr_1.0/landmark_True/seed_9,10
tcsr_fitted,aids,linear,0.0,1.0,True,0,0.6045804620997163,0.21212136002442034,0.5881924198250729,0.20001745363504927,outputs_small/ntrain_10/tcsr_fitted/aids/linear/lambda_0.0/target_lr_1.0/landmark_True/seed_0,10
tcsr_fitted,aids,linear,0.0,1.0,True,7,0.7430939226519337,0.18324729961589503,0.7223032069970845,0.1673709520756454,outputs_small/ntrain_10/tcsr_fitted/aids/linear/lambda_0.0/target_lr_1.0/landmark_True/seed_7,10
tcsr_fitted,aids,linear,0.0,0.1,True,2,0.6512229539040452,0.2009332421200351,0.6912050534499514,0.16824799049724795,outputs_small/ntrain_10/tcsr_fitted/aids/linear/lambda_0.0/target_lr_0.1/landmark_True/seed_2,10
tcsr_fitted,aids,linear,0.0,0.1,True,5,0.7196782178217822,0.2060630728530666,0.6878036929057337,0.21733360299942428,outputs_small/ntrain_10/tcsr_fitted/aids/linear/lambda_0.0/target_lr_0.1/landmark_True/seed_5,10
tcsr_fitted,aids,linear,0.0,0.1,True,4,0.6972198088618593,0.2049761488469723,0.6158892128279884,0.19895148189146883,outputs_small/ntrain_10/tcsr_fitted/aids/linear/lambda_0.0/target_lr_0.1/landmark_True/seed_4,10
tcsr_fitted,aids,linear,0.0,0.1,True,3,0.6840452261306532,0.2914852836455109,0.6899902818270165,0.24543554547633914,outputs_small/ntrain_10/tcsr_fitted/aids/linear/lambda_0.0/target_lr_0.1/landmark_True/seed_3,10
tcsr_fitted,aids,linear,0.0,0.1,True,6,0.7382888114595432,0.15054492440131698,0.7147716229348883,0.18228324692092482,outputs_small/ntrain_10/tcsr_fitted/aids/linear/lambda_0.0/target_lr_0.1/landmark_True/seed_6,10
tcsr_fitted,aids,linear,0.0,0.1,True,1,0.7086491306286223,0.1593084674452852,0.6771137026239067,0.16027986780375802,outputs_small/ntrain_10/tcsr_fitted/aids/linear/lambda_0.0/target_lr_0.1/landmark_True/seed_1,10
tcsr_fitted,aids,linear,0.0,0.1,True,8,0.6186147186147186,0.21104565638813427,0.6321671525753159,0.21702191811413113,outputs_small/ntrain_10/tcsr_fitted/aids/linear/lambda_0.0/target_lr_0.1/landmark_True/seed_8,10
tcsr_fitted,aids,linear,0.0,0.1,True,9,0.48617021276595745,0.24694584332548097,0.5493197278911565,0.25587199862935117,outputs_small/ntrain_10/tcsr_fitted/aids/linear/lambda_0.0/target_lr_0.1/landmark_True/seed_9,10
tcsr_fitted,aids,linear,0.0,0.1,True,0,0.48540737738143497,0.280631034024411,0.5,0.2689144334913787,outputs_small/ntrain_10/tcsr_fitted/aids/linear/lambda_0.0/target_lr_0.1/landmark_True/seed_0,10
tcsr_fitted,aids,linear,0.0,0.1,True,7,0.6466213344666384,0.22897810499628088,0.6537900874635568,0.1891279465487983,outputs_small/ntrain_10/tcsr_fitted/aids/linear/lambda_0.0/target_lr_0.1/landmark_True/seed_7,10
tcsr_fitted,aids,linear,0.0,0.01,True,2,0.6436970837253058,0.2179642059311247,0.6785714285714286,0.18531480278742232,outputs_small/ntrain_10/tcsr_fitted/aids/linear/lambda_0.0/target_lr_0.01/landmark_True/seed_2,10
tcsr_fitted,aids,linear,0.0,0.01,True,5,0.6953382838283828,0.23834123197530582,0.6705539358600583,0.24821833166346685,outputs_small/ntrain_10/tcsr_fitted/aids/linear/lambda_0.0/target_lr_0.01/landmark_True/seed_5,10
tcsr_fitted,aids,linear,0.0,0.01,True,4,0.6828844483058211,0.24977545238139698,0.608357628765792,0.23793924346667233,outputs_small/ntrain_10/tcsr_fitted/aids/linear/lambda_0.0/target_lr_0.01/landmark_True/seed_4,10
tcsr_fitted,aids,linear,0.0,0.01,True,3,0.6626884422110553,0.3176341039879172,0.6980077745383868,0.24634011241749784,outputs_small/ntrain_10/tcsr_fitted/aids/linear/lambda_0.0/target_lr_0.01/landmark_True/seed_3,10
tcsr_fitted,aids,linear,0.0,0.01,True,6,0.6877661633759194,0.19624784095942252,0.6613216715257532,0.1895277716228574,outputs_small/ntrain_10/tcsr_fitted/aids/linear/lambda_0.0/target_lr_0.01/landmark_True/seed_6,10
tcsr_fitted,aids,linear,0.0,0.01,True,1,0.6649576460098083,0.1997620226540219,0.6479591836734694,0.17497219690166022,outputs_small/ntrain_10/tcsr_fitted/aids/linear/lambda_0.0/target_lr_0.01/landmark_True/seed_1,10
tcsr_fitted,aids,linear,0.0,0.01,True,8,0.6034632034632035,0.23865733090055566,0.6180758017492711,0.22758851212362977,outputs_small/ntrain_10/tcsr_fitted/aids/linear/lambda_0.0/target_lr_0.01/landmark_True/seed_8,10
tcsr_fitted,aids,linear,0.0,0.01,True,9,0.4280851063829787,0.26352741826350556,0.510932944606414,0.26361131640952074,outputs_small/ntrain_10/tcsr_fitted/aids/linear/lambda_0.0/target_lr_0.01/landmark_True/seed_9,10
tcsr_fitted,aids,linear,0.0,0.01,True,0,0.4925010133765707,0.3186575786776074,0.5,0.30104707152395443,outputs_small/ntrain_10/tcsr_fitted/aids/linear/lambda_0.0/target_lr_0.01/landmark_True/seed_0,10
tcsr_fitted,aids,linear,0.0,0.01,True,7,0.6359966000849979,0.2859496034547884,0.6345966958211856,0.23102457790333897,outputs_small/ntrain_10/tcsr_fitted/aids/linear/lambda_0.0/target_lr_0.01/landmark_True/seed_7,10
tcsr_fitted,aids,linear,0.0,0.0,True,2,0.6312323612417686,0.22330773467539697,0.685617103984451,0.1925622297116411,outputs_small/ntrain_10/tcsr_fitted/aids/linear/lambda_0.0/target_lr_0.0/landmark_True/seed_2,10
tcsr_fitted,aids,linear,0.0,0.0,True,5,0.6920379537953796,0.2973358183480263,0.640427599611273,0.33447982186288605,outputs_small/ntrain_10/tcsr_fitted/aids/linear/lambda_0.0/target_lr_0.0/landmark_True/seed_5,10
tcsr_fitted,aids,linear,0.0,0.0,True,4,0.6815812337098176,0.2953497120243841,0.6231778425655977,0.27035307958877547,outputs_small/ntrain_10/tcsr_fitted/aids/linear/lambda_0.0/target_lr_0.0/landmark_True/seed_4,10
tcsr_fitted,aids,linear,0.0,0.0,True,3,0.6572445561139029,0.3653258133846429,0.6625364431486881,0.30697617353500034,outputs_small/ntrain_10/tcsr_fitted/aids/linear/lambda_0.0/target_lr_0.0/landmark_True/seed_3,10
tcsr_fitted,aids,linear,0.0,0.0,True,6,0.6593108788230739,0.24968898315848895,0.63022351797862,0.2263449555126682,outputs_small/ntrain_10/tcsr_fitted/aids/linear/lambda_0.0/target_lr_0.0/landmark_True/seed_6,10
tcsr_fitted,aids,linear,0.0,0.0,True,1,0.664288898796255,0.2523487028390253,0.6294946550048591,0.201798433673208,outputs_small/ntrain_10/tcsr_fitted/aids/linear/lambda_0.0/target_lr_0.0/landmark_True/seed_1,10
tcsr_fitted,aids,linear,0.0,0.0,True,8,0.6025974025974026,0.275587304100528,0.6294946550048591,0.24327000653300146,outputs_small/ntrain_10/tcsr_fitted/aids/linear/lambda_0.0/target_lr_0.0/landmark_True/seed_8,10
tcsr_fitted,aids,linear,0.0,0.0,True,9,0.47297872340425534,0.32524784975813603,0.5393586005830904,0.3524903315555233,outputs_small/ntrain_10/tcsr_fitted/aids/linear/lambda_0.0/target_lr_0.0/landmark_True/seed_9,10
tcsr_fitted,aids,linear,0.0,0.0,True,0,0.4925010133765707,0.32702727135527837,0.5,0.3151703266034813,outputs_small/ntrain_10/tcsr_fitted/aids/linear/lambda_0.0/target_lr_0.0/landmark_True/seed_0,10
tcsr_fitted,aids,linear,0.0,0.0,True,7,0.5930726731831705,0.3249730922792742,0.5568513119533528,0.28769504578475247,outputs_small/ntrain_10/tcsr_fitted/aids/linear/lambda_0.0/target_lr_0.0/landmark_True/seed_7,10
tcsr_fitted,rw,linear,0.0,1.0,True,2,0.5404567887065305,0.24757482037910167,0.5988190864404748,0.24204863458369613,outputs_small/ntrain_10/tcsr_fitted/rw/linear/lambda_0.0/target_lr_1.0/landmark_True/seed_2,10
tcsr_fitted,rw,linear,0.0,1.0,True,5,0.5886635618699523,0.2656235401165162,0.6617611797146625,0.22188838013162215,outputs_small/ntrain_10/tcsr_fitted/rw/linear/lambda_0.0/target_lr_1.0/landmark_True/seed_5,10
tcsr_fitted,rw,linear,0.0,1.0,True,4,0.6163912250779274,0.25662564698574436,0.6157535067737682,0.24565900453524514,outputs_small/ntrain_10/tcsr_fitted/rw/linear/lambda_0.0/target_lr_1.0/landmark_True/seed_4,10
tcsr_fitted,rw,linear,0.0,1.0,True,3,0.6067412422725935,0.2591412555819022,0.654298045797866,0.2243598463490753,outputs_small/ntrain_10/tcsr_fitted/rw/linear/lambda_0.0/target_lr_1.0/landmark_True/seed_3,10
tcsr_fitted,rw,linear,0.0,1.0,True,6,0.5927219796215429,0.2521999190256358,0.6298705191224074,0.24585005698684156,outputs_small/ntrain_10/tcsr_fitted/rw/linear/lambda_0.0/target_lr_1.0/landmark_True/seed_6,10
tcsr_fitted,rw,linear,0.0,1.0,True,1,0.5498065764023211,0.29942943380509757,0.6196199496463254,0.23698334578743102,outputs_small/ntrain_10/tcsr_fitted/rw/linear/lambda_0.0/target_lr_1.0/landmark_True/seed_1,10
tcsr_fitted,rw,linear,0.0,1.0,True,8,0.661640019379845,0.22612100568525284,0.6383227430763697,0.22297123174294398,outputs_small/ntrain_10/tcsr_fitted/rw/linear/lambda_0.0/target_lr_1.0/landmark_True/seed_8,10
tcsr_fitted,rw,linear,0.0,1.0,True,9,0.6163993491399349,0.2283093793012656,0.6445270351276825,0.21733041408070028,outputs_small/ntrain_10/tcsr_fitted/rw/linear/lambda_0.0/target_lr_1.0/landmark_True/seed_9,10
tcsr_fitted,rw,linear,0.0,1.0,True,0,0.5912101318770696,0.25710385691160736,0.6130859609159574,0.24877111974733435,outputs_small/ntrain_10/tcsr_fitted/rw/linear/lambda_0.0/target_lr_1.0/landmark_True/seed_0,10
tcsr_fitted,rw,linear,0.0,1.0,True,7,0.5944515528672792,0.23070915316925,0.6390121088598489,0.21129763167562476,outputs_small/ntrain_10/tcsr_fitted/rw/linear/lambda_0.0/target_lr_1.0/landmark_True/seed_7,10
tcsr_fitted,rw,linear,0.0,0.1,True,2,0.5247331573510846,0.3121876256041432,0.5974403548735163,0.28787607942267884,outputs_small/ntrain_10/tcsr_fitted/rw/linear/lambda_0.0/target_lr_0.1/landmark_True/seed_2,10
tcsr_fitted,rw,linear,0.0,0.1,True,5,0.5780522313270058,0.3183615294036078,0.6426387723294569,0.2637242628619908,outputs_small/ntrain_10/tcsr_fitted/rw/linear/lambda_0.0/target_lr_0.1/landmark_True/seed_5,10
tcsr_fitted,rw,linear,0.0,0.1,True,4,0.5890137034640945,0.29832959513268825,0.5713643448027814,0.3043903717416744,outputs_small/ntrain_10/tcsr_fitted/rw/linear/lambda_0.0/target_lr_0.1/landmark_True/seed_4,10
tcsr_fitted,rw,linear,0.0,0.1,True,3,0.6157491904621725,0.2755934628006343,0.6473744155377054,0.2359714073531891,outputs_small/ntrain_10/tcsr_fitted/rw/linear/lambda_0.0/target_lr_0.1/landmark_True/seed_3,10
tcsr_fitted,rw,linear,0.0,0.1,True,6,0.6043668122270742,0.26387648464344854,0.6281920633017624,0.2536870539227733,outputs_small/ntrain_10/tcsr_fitted/rw/linear/lambda_0.0/target_lr_0.1/landmark_True/seed_6,10
tcsr_fitted,rw,linear,0.0,0.1,True,1,0.5367202611218569,0.3510584550437824,0.6050233784917876,0.27254241566613396,outputs_small/ntrain_10/tcsr_fitted/rw/linear/lambda_0.0/target_lr_0.1/landmark_True/seed_1,10
tcsr_fitted,rw,linear,0.0,0.1,True,8,0.6363250968992248,0.23545663175846188,0.635025776285817,0.23116677654037882,outputs_small/ntrain_10/tcsr_fitted/rw/linear/lambda_0.0/target_lr_0.1/landmark_True/seed_8,10
tcsr_fitted,rw,linear,0.0,0.1,True,9,0.6003893537889354,0.24132513310998271,0.6293010430404028,0.22858697641601736,outputs_small/ntrain_10/tcsr_fitted/rw/linear/lambda_0.0/target_lr_0.1/landmark_True/seed_9,10
tcsr_fitted,rw,linear,0.0,0.1,True,0,0.5978911287980015,0.2887017557371172,0.5854214123006833,0.3000264875297056,outputs_small/ntrain_10/tcsr_fitted/rw/linear/lambda_0.0/target_lr_0.1/landmark_True/seed_0,10
tcsr_fitted,rw,linear,0.0,0.1,True,7,0.5804641153890893,0.25935955067725064,0.6162330655796667,0.23293667433191778,outputs_small/ntrain_10/tcsr_fitted/rw/linear/lambda_0.0/target_lr_0.1/landmark_True/seed_7,10
tcsr_fitted,rw,linear,0.0,0.01,True,2,0.5256226328474694,0.32714374798749035,0.6013367701714423,0.29778352713716455,outputs_small/ntrain_10/tcsr_fitted/rw/linear/lambda_0.0/target_lr_0.01/landmark_True/seed_2,10
tcsr_fitted,rw,linear,0.0,0.01,True,5,0.5771090019454106,0.33160991750653906,0.6423090756504016,0.2746540803135769,outputs_small/ntrain_10/tcsr_fitted/rw/linear/lambda_0.0/target_lr_0.01/landmark_True/seed_5,10
tcsr_fitted,rw,linear,0.0,0.01,True,4,0.5788390284067517,0.31537429304831494,0.5542800623426448,0.32787720448848656,outputs_small/ntrain_10/tcsr_fitted/rw/linear/lambda_0.0/target_lr_0.01/landmark_True/seed_4,10
tcsr_fitted,rw,linear,0.0,0.01,True,3,0.6182513982926111,0.27965918582633126,0.6495324301642489,0.2396035110761463,outputs_small/ntrain_10/tcsr_fitted/rw/linear/lambda_0.0/target_lr_0.01/landmark_True/seed_3,10
tcsr_fitted,rw,linear,0.0,0.01,True,6,0.6004949053857351,0.26922312606568216,0.6282520081524997,0.25794083568852827,outputs_small/ntrain_10/tcsr_fitted/rw/linear/lambda_0.0/target_lr_0.01/landmark_True/seed_6,10
tcsr_fitted,rw,linear,0.0,0.01,True,1,0.5358740328820116,0.36737440998733834,0.6073312552451744,0.28394129374695865,outputs_small/ntrain_10/tcsr_fitted/rw/linear/lambda_0.0/target_lr_0.01/landmark_True/seed_1,10
tcsr_fitted,rw,linear,0.0,0.01,True,8,0.6292393410852714,0.2413567367827486,0.6342464932262318,0.23555265848258441,outputs_small/ntrain_10/tcsr_fitted/rw/linear/lambda_0.0/target_lr_0.01/landmark_True/seed_8,10
tcsr_fitted,rw,linear,0.0,0.01,True,9,0.5982973035797303,0.24509891594248007,0.621598129720657,0.23203565944478735,outputs_small/ntrain_10/tcsr_fitted/rw/linear/lambda_0.0/target_lr_0.01/landmark_True/seed_9,10
tcsr_fitted,rw,linear,0.0,0.01,True,0,0.5931563353279498,0.2966670529521957,0.5764596571154538,0.31378065303087643,outputs_small/ntrain_10/tcsr_fitted/rw/linear/lambda_0.0/target_lr_0.01/landmark_True/seed_0,10
tcsr_fitted,rw,linear,0.0,0.01,True,7,0.5819471908805397,0.2670342572484753,0.6167126243855653,0.239587719359882,outputs_small/ntrain_10/tcsr_fitted/rw/linear/lambda_0.0/target_lr_0.01/landmark_True/seed_7,10
tcsr_fitted,rw,linear,0.0,0.0,True,2,0.5267129576494892,0.3291113323056999,0.6013367701714423,0.2990512073852945,outputs_small/ntrain_10/tcsr_fitted/rw/linear/lambda_0.0/target_lr_0.0/landmark_True/seed_2,10
tcsr_fitted,rw,linear,0.0,0.0,True,5,0.575252019100395,0.3334144082014745,0.642369020501139,0.276071031025505,outputs_small/ntrain_10/tcsr_fitted/rw/linear/lambda_0.0/target_lr_0.0/landmark_True/seed_5,10
tcsr_fitted,rw,linear,0.0,0.0,True,4,0.5786037758042698,0.31776438502457516,0.552841385924949,0.33102159858049673,outputs_small/ntrain_10/tcsr_fitted/rw/linear/lambda_0.0/target_lr_0.0/landmark_True/seed_4,10
tcsr_fitted,rw,linear,0.0,0.0,True,3,0.6182513982926111,0.2801636844024578,0.6480937537465532,0.24006973470535253,outputs_small/ntrain_10/tcsr_fitted/rw/linear/lambda_0.0/target_lr_0.0/landmark_True/seed_3,10
tcsr_fitted,rw,linear,0.0,0.0,True,6,0.5988937409024745,0.269935110936613,0.629900491547776,0.25851967248482843,outputs_small/ntrain_10/tcsr_fitted/rw/linear/lambda_0.0/target_lr_0.0/landmark_True/seed_6,10
tcsr_fitted,rw,linear,0.0,0.0,True,1,0.5339700193423598,0.3694853102185734,0.6092494904687688,0.2854112466054876,outputs_small/ntrain_10/tcsr_fitted/rw/linear/lambda_0.0/target_lr_0.0/landmark_True/seed_1,10
tcsr_fitted,rw,linear,0.0,0.0,True,8,0.6285731589147286,0.24215678092000897,0.633437237741278,0.2361345527703254,outputs_small/ntrain_10/tcsr_fitted/rw/linear/lambda_0.0/target_lr_0.0/landmark_True/seed_8,10
tcsr_fitted,rw,linear,0.0,0.0,True,9,0.5967863784286378,0.2455765146539731,0.62354633736962,0.23247163756723377,outputs_small/ntrain_10/tcsr_fitted/rw/linear/lambda_0.0/target_lr_0.0/landmark_True/seed_9,10
tcsr_fitted,rw,linear,0.0,0.0,True,0,0.5932144309533492,0.2977230687175136,0.5764896295408224,0.31569167884420085,outputs_small/ntrain_10/tcsr_fitted/rw/linear/lambda_0.0/target_lr_0.0/landmark_True/seed_0,10
tcsr_fitted,rw,linear,0.0,0.0,True,7,0.5804641153890893,0.2680098405472152,0.6189605562882149,0.24044158979075253,outputs_small/ntrain_10/tcsr_fitted/rw/linear/lambda_0.0/target_lr_0.0/landmark_True/seed_7,10
inc_tcsr,pbc2,linear,0.0,1.0,True,2,0.5397412199630314,0.3188132846056423,0.5738188976377953,0.2294615004345082,outputs_small/ntrain_10/inc_tcsr/pbc2/linear/lambda_0.0/target_lr_1.0/landmark_True/seed_2,10
inc_tcsr,pbc2,linear,0.0,1.0,True,5,0.641755634638197,0.306114484242778,0.7440944881889764,0.2915180974564374,outputs_small/ntrain_10/inc_tcsr/pbc2/linear/lambda_0.0/target_lr_1.0/landmark_True/seed_5,10
inc_tcsr,pbc2,linear,0.0,1.0,True,4,0.7560096153846154,0.24393671592369431,0.8523622047244095,0.20601859063171754,outputs_small/ntrain_10/inc_tcsr/pbc2/linear/lambda_0.0/target_lr_1.0/landmark_True/seed_4,10
inc_tcsr,pbc2,linear,0.0,1.0,True,3,0.7957380457380457,0.13769675901240666,0.8223425196850394,0.12285425841663732,outputs_small/ntrain_10/inc_tcsr/pbc2/linear/lambda_0.0/target_lr_1.0/landmark_True/seed_3,10
inc_tcsr,pbc2,linear,0.0,1.0,True,6,0.8197969543147208,0.1696464806094926,0.7746062992125984,0.20632873876044922,outputs_small/ntrain_10/inc_tcsr/pbc2/linear/lambda_0.0/target_lr_1.0/landmark_True/seed_6,10
inc_tcsr,pbc2,linear,0.0,1.0,True,1,0.7375311720698254,0.21959138625375144,0.7130905511811023,0.16879225796484779,outputs_small/ntrain_10/inc_tcsr/pbc2/linear/lambda_0.0/target_lr_1.0/landmark_True/seed_1,10
inc_tcsr,pbc2,linear,0.0,1.0,True,8,0.5412311265969802,0.25698886099072954,0.6476377952755905,0.19626929383682676,outputs_small/ntrain_10/inc_tcsr/pbc2/linear/lambda_0.0/target_lr_1.0/landmark_True/seed_8,10
inc_tcsr,pbc2,linear,0.0,1.0,True,9,0.7513873473917869,0.20995931420262118,0.8198818897637795,0.18786304735548318,outputs_small/ntrain_10/inc_tcsr/pbc2/linear/lambda_0.0/target_lr_1.0/landmark_True/seed_9,10
inc_tcsr,pbc2,linear,0.0,1.0,True,0,0.7246376811594203,0.1725233217275211,0.8174212598425197,0.18774778856016258,outputs_small/ntrain_10/inc_tcsr/pbc2/linear/lambda_0.0/target_lr_1.0/landmark_True/seed_0,10
inc_tcsr,pbc2,linear,0.0,1.0,True,7,0.6912114014251781,0.21092314946041565,0.7750984251968503,0.18685762947389753,outputs_small/ntrain_10/inc_tcsr/pbc2/linear/lambda_0.0/target_lr_1.0/landmark_True/seed_7,10
inc_tcsr,aids,linear,0.0,1.0,True,2,0.6479303857008467,0.17806323320554643,0.6610787172011662,0.14745566392331583,outputs_small/ntrain_10/inc_tcsr/aids/linear/lambda_0.0/target_lr_1.0/landmark_True/seed_2,10
inc_tcsr,aids,linear,0.0,1.0,True,5,0.7139026402640264,0.17719293765536254,0.6338678328474247,0.17297354329813744,outputs_small/ntrain_10/inc_tcsr/aids/linear/lambda_0.0/target_lr_1.0/landmark_True/seed_5,10
inc_tcsr,aids,linear,0.0,1.0,True,4,0.73501303214596,0.17806424693484393,0.6712827988338192,0.1577215811331144,outputs_small/ntrain_10/inc_tcsr/aids/linear/lambda_0.0/target_lr_1.0/landmark_True/seed_4,10
inc_tcsr,aids,linear,0.0,1.0,True,3,0.6989112227805695,0.2125401539951583,0.6705539358600583,0.18449411580873987,outputs_small/ntrain_10/inc_tcsr/aids/linear/lambda_0.0/target_lr_1.0/landmark_True/seed_3,10
inc_tcsr,aids,linear,0.0,1.0,True,6,0.7653890824622532,0.15128386197639576,0.6946064139941691,0.1527148808794974,outputs_small/ntrain_10/inc_tcsr/aids/linear/lambda_0.0/target_lr_1.0/landmark_True/seed_6,10
inc_tcsr,aids,linear,0.0,1.0,True,1,0.7115470352206866,0.15028856624642578,0.6766277939747327,0.1484995804158152,outputs_small/ntrain_10/inc_tcsr/aids/linear/lambda_0.0/target_lr_1.0/landmark_True/seed_1,10
inc_tcsr,aids,linear,0.0,1.0,True,8,0.6235930735930736,0.17078553941354235,0.6610787172011662,0.16785662745345992,outputs_small/ntrain_10/inc_tcsr/aids/linear/lambda_0.0/target_lr_1.0/landmark_True/seed_8,10
inc_tcsr,aids,linear,0.0,1.0,True,9,0.5346808510638298,0.22264933930817507,0.5733722060252673,0.2276226364133108,outputs_small/ntrain_10/inc_tcsr/aids/linear/lambda_0.0/target_lr_1.0/landmark_True/seed_9,10
inc_tcsr,aids,linear,0.0,1.0,True,0,0.5985002026753141,0.23068721016440594,0.6107871720116618,0.21527379766605637,outputs_small/ntrain_10/inc_tcsr/aids/linear/lambda_0.0/target_lr_1.0/landmark_True/seed_0,10
inc_tcsr,aids,linear,0.0,1.0,True,7,0.5384615384615384,0.23624108479836567,0.5221088435374149,0.2575879684844157,outputs_small/ntrain_10/inc_tcsr/aids/linear/lambda_0.0/target_lr_1.0/landmark_True/seed_7,10
inc_tcsr,rw,linear,0.0,1.0,True,2,0.5183059795707563,0.35140350172541424,0.6094293250209807,0.3155520204025585,outputs_small/ntrain_10/inc_tcsr/rw/linear/lambda_0.0/target_lr_1.0/landmark_True/seed_2,10
inc_tcsr,rw,linear,0.0,1.0,True,5,0.5896657430878972,0.3157751709880987,0.6455161251648484,0.2653611519066998,outputs_small/ntrain_10/inc_tcsr/rw/linear/lambda_0.0/target_lr_1.0/landmark_True/seed_5,10
inc_tcsr,rw,linear,0.0,1.0,True,4,0.5958360289360701,0.3010683727251253,0.6178515765495743,0.27876733410634535,outputs_small/ntrain_10/inc_tcsr/rw/linear/lambda_0.0/target_lr_1.0/landmark_True/seed_4,10
inc_tcsr,rw,linear,0.0,1.0,True,3,0.6368854871945835,0.2737936402093358,0.6487831195300323,0.24039544980061128,outputs_small/ntrain_10/inc_tcsr/rw/linear/lambda_0.0/target_lr_1.0/landmark_True/seed_3,10
inc_tcsr,rw,linear,0.0,1.0,True,6,0.5774963609898107,0.2970284930271379,0.6068516964392758,0.27674939345924854,outputs_small/ntrain_10/inc_tcsr/rw/linear/lambda_0.0/target_lr_1.0/landmark_True/seed_6,10
inc_tcsr,rw,linear,0.0,1.0,True,1,0.5590244197292069,0.32816413332941063,0.5960016784558206,0.29206649895205,outputs_small/ntrain_10/inc_tcsr/rw/linear/lambda_0.0/target_lr_1.0/landmark_True/seed_1,10
inc_tcsr,rw,linear,0.0,1.0,True,8,0.6207303779069767,0.25939708319793586,0.6274427526675459,0.25354738976807584,outputs_small/ntrain_10/inc_tcsr/rw/linear/lambda_0.0/target_lr_1.0/landmark_True/seed_8,10
inc_tcsr,rw,linear,0.0,1.0,True,9,0.5558751743375174,0.2903557856728836,0.5811953003237021,0.2875926590740766,outputs_small/ntrain_10/inc_tcsr/rw/linear/lambda_0.0/target_lr_1.0/landmark_True/seed_9,10
inc_tcsr,rw,linear,0.0,1.0,True,0,0.6125312263986522,0.2821340758768326,0.6009471286416497,0.2966529046732111,outputs_small/ntrain_10/inc_tcsr/rw/linear/lambda_0.0/target_lr_1.0/landmark_True/seed_0,10
inc_tcsr,rw,linear,0.0,1.0,True,7,0.5769163661742468,0.3076080795664191,0.6212984054669703,0.2808185547625224,outputs_small/ntrain_10/inc_tcsr/rw/linear/lambda_0.0/target_lr_1.0/landmark_True/seed_7,10
cox,pbc2,linear,0.0,1.0,True,2,0.5378927911275416,0.4636619247888784,0.5137795275590551,0.34767688787890094,outputs_small/ntrain_10/cox/pbc2/linear/lambda_0.0/target_lr_1.0/landmark_True/seed_2,10
cox,pbc2,linear,0.0,1.0,True,5,0.6358244365361803,0.23262212972668486,0.7711614173228346,0.15579259557644154,outputs_small/ntrain_10/cox/pbc2/linear/lambda_0.0/target_lr_1.0/landmark_True/seed_5,10
cox,pbc2,linear,0.0,1.0,True,4,0.5715144230769231,0.31593754969697724,0.718996062992126,0.22167705444642707,outputs_small/ntrain_10/cox/pbc2/linear/lambda_0.0/target_lr_1.0/landmark_True/seed_4,10
cox,pbc2,linear,0.0,1.0,True,3,0.7281704781704782,0.20991982356162697,0.6963582677165354,0.21957922183072281,outputs_small/ntrain_10/cox/pbc2/linear/lambda_0.0/target_lr_1.0/landmark_True/seed_3,10
cox,pbc2,linear,0.0,1.0,True,6,0.6351522842639594,0.2820289879451521,0.6289370078740157,0.28070206843398077,outputs_small/ntrain_10/cox/pbc2/linear/lambda_0.0/target_lr_1.0/landmark_True/seed_6,10
cox,pbc2,linear,0.0,1.0,True,1,0.6577306733167082,0.29511126870444543,0.5831692913385826,0.2971699873352418,outputs_small/ntrain_10/cox/pbc2/linear/lambda_0.0/target_lr_1.0/landmark_True/seed_1,10
cox,pbc2,linear,0.0,1.0,True,8,0.4901277584204414,0.36546309583717346,0.5019685039370079,0.2957431482931939,outputs_small/ntrain_10/cox/pbc2/linear/lambda_0.0/target_lr_1.0/landmark_True/seed_8,10
cox,pbc2,linear,0.0,1.0,True,9,0.755826859045505,0.21383728743284205,0.6594488188976378,0.22798109184205448,outputs_small/ntrain_10/cox/pbc2/linear/lambda_0.0/target_lr_1.0/landmark_True/seed_9,10
cox,pbc2,linear,0.0,1.0,True,0,0.6781400966183575,0.2803949636239795,0.6796259842519685,0.1924385471654111,outputs_small/ntrain_10/cox/pbc2/linear/lambda_0.0/target_lr_1.0/landmark_True/seed_0,10
cox,pbc2,linear,0.0,1.0,True,7,0.6282660332541568,0.27247153352511266,0.6702755905511811,0.24061909843034443,outputs_small/ntrain_10/cox/pbc2/linear/lambda_0.0/target_lr_1.0/landmark_True/seed_7,10
cox,aids,linear,0.0,1.0,True,2,0.58137347130762,0.20719106518609468,0.5634110787172012,0.1951606076767165,outputs_small/ntrain_10/cox/aids/linear/lambda_0.0/target_lr_1.0/landmark_True/seed_2,10
cox,aids,linear,0.0,1.0,True,5,0.5,0.31718358503161836,0.5,0.3581749431782198,outputs_small/ntrain_10/cox/aids/linear/lambda_0.0/target_lr_1.0/landmark_True/seed_5,10
cox,aids,linear,0.0,1.0,True,4,0.6522589052997394,0.20018248440979067,0.6139455782312925,0.1917423077792108,outputs_small/ntrain_10/cox/aids/linear/lambda_0.0/target_lr_1.0/landmark_True/seed_4,10
cox,aids,linear,0.0,1.0,True,3,0.5236599664991625,0.24601608291763818,0.42225461613216714,0.35251689302730654,outputs_small/ntrain_10/cox/aids/linear/lambda_0.0/target_lr_1.0/landmark_True/seed_3,10
cox,aids,linear,0.0,1.0,True,6,0.6360820751064653,0.24654650222522542,0.6321671525753159,0.1830148053905681,outputs_small/ntrain_10/cox/aids/linear/lambda_0.0/target_lr_1.0/landmark_True/seed_6,10
cox,aids,linear,0.0,1.0,True,1,0.6419973250111458,0.24278629239224422,0.5852769679300291,0.2187479716038504,outputs_small/ntrain_10/cox/aids/linear/lambda_0.0/target_lr_1.0/landmark_True/seed_1,10
cox,aids,linear,0.0,1.0,True,8,0.5772727272727273,0.18934846998220178,0.5959669582118562,0.2163859175588179,outputs_small/ntrain_10/cox/aids/linear/lambda_0.0/target_lr_1.0/landmark_True/seed_8,10
cox,aids,linear,0.0,1.0,True,9,0.5255319148936171,0.25562728639635146,0.5,0.29036689555915013,outputs_small/ntrain_10/cox/aids/linear/lambda_0.0/target_lr_1.0/landmark_True/seed_9,10
cox,aids,linear,0.0,1.0,True,0,0.4929063640048642,0.2849742632739839,0.5,0.3153744996045382,outputs_small/ntrain_10/cox/aids/linear/lambda_0.0/target_lr_1.0/landmark_True/seed_0,10
cox,aids,linear,0.0,1.0,True,7,0.5282617934551637,0.273986366440158,0.5,0.3148375766291843,outputs_small/ntrain_10/cox/aids/linear/lambda_0.0/target_lr_1.0/landmark_True/seed_7,10
cox,rw,linear,0.0,1.0,True,2,0.5323080454493286,0.3711854830458536,0.5227790432801822,0.3769006892843981,outputs_small/ntrain_10/cox/rw/linear/lambda_0.0/target_lr_1.0/landmark_True/seed_2,10
cox,rw,linear,0.0,1.0,True,5,0.5407062429994695,0.372360291258038,0.6045138472605204,0.3448880262863102,outputs_small/ntrain_10/cox/rw/linear/lambda_0.0/target_lr_1.0/landmark_True/seed_5,10
cox,rw,linear,0.0,1.0,True,4,0.5749573604658001,0.35595937567618324,0.5837429564800384,0.34792334534133484,outputs_small/ntrain_10/cox/rw/linear/lambda_0.0/target_lr_1.0/landmark_True/seed_4,10
cox,rw,linear,0.0,1.0,True,3,0.6338828377980571,0.2980075303477786,0.5896475242776645,0.3046920639454276,outputs_small/ntrain_10/cox/rw/linear/lambda_0.0/target_lr_1.0/landmark_True/seed_3,10
cox,rw,linear,0.0,1.0,True,6,0.5680931586608442,0.27119022193345077,0.5804759621148543,0.2652087608291977,outputs_small/ntrain_10/cox/rw/linear/lambda_0.0/target_lr_1.0/landmark_True/seed_6,10
cox,rw,linear,0.0,1.0,True,1,0.524026837524178,0.356526448646249,0.5915058146505215,0.32650969123568296,outputs_small/ntrain_10/cox/rw/linear/lambda_0.0/target_lr_1.0/landmark_True/seed_1,10
cox,rw,linear,0.0,1.0,True,8,0.47126332364341084,0.3739588062692507,0.49658314350797267,0.3378367019028491,outputs_small/ntrain_10/cox/rw/linear/lambda_0.0/target_lr_1.0/landmark_True/seed_8,10
cox,rw,linear,0.0,1.0,True,9,0.5189446768944677,0.3337547976840664,0.5627023138712385,0.3041032410828615,outputs_small/ntrain_10/cox/rw/linear/lambda_0.0/target_lr_1.0/landmark_True/seed_9,10
cox,rw,linear,0.0,1.0,True,0,0.47681984546563644,0.3979980277845557,0.512288694401151,0.3766805929922213,outputs_small/ntrain_10/cox/rw/linear/lambda_0.0/target_lr_1.0/landmark_True/seed_0,10
cox,rw,linear,0.0,1.0,True,7,0.5604571362103059,0.3836839845881551,0.547985853015226,0.37937571209197224,outputs_small/ntrain_10/cox/rw/linear/lambda_0.0/target_lr_1.0/landmark_True/seed_7,10
d_tcsr,pbc2,linear,0.0,0.5,True,2,0.5212569316081331,0.24607681722775332,0.514763779527559,0.3149717917528745,outputs_small/ntrain_10/d_tcsr/pbc2/linear/lambda_0.0/target_lr_0.5/landmark_True/seed_2,10
d_tcsr,pbc2,linear,0.0,0.5,True,5,0.5355871886120996,0.3717183504318024,0.656988188976378,0.3590957103103822,outputs_small/ntrain_10/d_tcsr/pbc2/linear/lambda_0.0/target_lr_0.5/landmark_True/seed_5,10
d_tcsr,pbc2,linear,0.0,0.5,True,4,0.6724759615384616,0.3138363706214948,0.71998031496063,0.32225279899010356,outputs_small/ntrain_10/d_tcsr/pbc2/linear/lambda_0.0/target_lr_0.5/landmark_True/seed_4,10
d_tcsr,pbc2,linear,0.0,0.5,True,3,0.7463617463617463,0.24947435738157098,0.7465551181102362,0.25512276785483484,outputs_small/ntrain_10/d_tcsr/pbc2/linear/lambda_0.0/target_lr_0.5/landmark_True/seed_3,10
d_tcsr,pbc2,linear,0.0,0.5,True,6,0.774746192893401,0.27278529790085365,0.7406496062992126,0.30504227385689897,outputs_small/ntrain_10/d_tcsr/pbc2/linear/lambda_0.0/target_lr_0.5/landmark_True/seed_6,10
d_tcsr,pbc2,linear,0.0,0.5,True,1,0.685785536159601,0.2976132256839319,0.6683070866141733,0.28876725621391747,outputs_small/ntrain_10/d_tcsr/pbc2/linear/lambda_0.0/target_lr_0.5/landmark_True/seed_1,10
d_tcsr,pbc2,linear,0.0,0.5,True,8,0.5389082462253194,0.22650825123535107,0.6284448818897638,0.23680783900913924,outputs_small/ntrain_10/d_tcsr/pbc2/linear/lambda_0.0/target_lr_0.5/landmark_True/seed_8,10
d_tcsr,pbc2,linear,0.0,0.5,True,9,0.595449500554939,0.3392943161185656,0.6328740157480315,0.3388675324611447,outputs_small/ntrain_10/d_tcsr/pbc2/linear/lambda_0.0/target_lr_0.5/landmark_True/seed_9,10
d_tcsr,pbc2,linear,0.0,0.5,True,0,0.6618357487922706,0.2441415606288966,0.7244094488188977,0.2981477611549097,outputs_small/ntrain_10/d_tcsr/pbc2/linear/lambda_0.0/target_lr_0.5/landmark_True/seed_0,10
d_tcsr,pbc2,linear,0.0,0.5,True,7,0.7262470308788599,0.29837307025150844,0.7696850393700787,0.2825576054722913,outputs_small/ntrain_10/d_tcsr/pbc2/linear/lambda_0.0/target_lr_0.5/landmark_True/seed_7,10
d_tcsr,pbc2,linear,0.0,0.05,True,2,0.5212569316081331,0.34106909679600317,0.5526574803149606,0.4576973991214425,outputs_small/ntrain_10/d_tcsr/pbc2/linear/lambda_0.0/target_lr_0.05/landmark_True/seed_2,10
d_tcsr,pbc2,linear,0.0,0.05,True,5,0.5510083036773428,0.449448177585179,0.59498031496063,0.4405645124697814,outputs_small/ntrain_10/d_tcsr/pbc2/linear/lambda_0.0/target_lr_0.05/landmark_True/seed_5,10
d_tcsr,pbc2,linear,0.0,0.05,True,4,0.5649038461538461,0.41693677420437564,0.5861220472440944,0.450943533260957,outputs_small/ntrain_10/d_tcsr/pbc2/linear/lambda_0.0/target_lr_0.05/landmark_True/seed_4,10
d_tcsr,pbc2,linear,0.0,0.05,True,3,0.6694386694386695,0.4305017786919838,0.65501968503937,0.44281807602155737,outputs_small/ntrain_10/d_tcsr/pbc2/linear/lambda_0.0/target_lr_0.05/landmark_True/seed_3,10
d_tcsr,pbc2,linear,0.0,0.05,True,6,0.5126903553299492,0.41839700463469937,0.562007874015748,0.45530648365518706,outputs_small/ntrain_10/d_tcsr/pbc2/linear/lambda_0.0/target_lr_0.05/landmark_True/seed_6,10
d_tcsr,pbc2,linear,0.0,0.05,True,1,0.5336658354114713,0.4373546663355423,0.5423228346456693,0.45568222674285114,outputs_small/ntrain_10/d_tcsr/pbc2/linear/lambda_0.0/target_lr_0.05/landmark_True/seed_1,10
d_tcsr,pbc2,linear,0.0,0.05,True,8,0.5842044134727061,0.35821307666349783,0.6599409448818898,0.404742601842622,outputs_small/ntrain_10/d_tcsr/pbc2/linear/lambda_0.0/target_lr_0.05/landmark_True/seed_8,10
d_tcsr,pbc2,linear,0.0,0.05,True,9,0.4711431742508324,0.4292126087482796,0.5447834645669292,0.4528494840975302,outputs_small/ntrain_10/d_tcsr/pbc2/linear/lambda_0.0/target_lr_0.05/landmark_True/seed_9,10
d_tcsr,pbc2,linear,0.0,0.05,True,0,0.6630434782608695,0.3875760348849882,0.6707677165354331,0.42914219635304923,outputs_small/ntrain_10/d_tcsr/pbc2/linear/lambda_0.0/target_lr_0.05/landmark_True/seed_0,10
d_tcsr,pbc2,linear,0.0,0.05,True,7,0.668646080760095,0.45368242487074617,0.7312992125984252,0.43608557678106213,outputs_small/ntrain_10/d_tcsr/pbc2/linear/lambda_0.0/target_lr_0.05/landmark_True/seed_7,10
d_tcsr,pbc2,linear,0.0,0.95,True,2,0.49306839186691315,0.31788122354125764,0.5088582677165354,0.2476497333653565,outputs_small/ntrain_10/d_tcsr/pbc2/linear/lambda_0.0/target_lr_0.95/landmark_True/seed_2,10
d_tcsr,pbc2,linear,0.0,0.95,True,5,0.5527876631079478,0.30947074338519054,0.6806102362204725,0.2936746911612966,outputs_small/ntrain_10/d_tcsr/pbc2/linear/lambda_0.0/target_lr_0.95/landmark_True/seed_5,10
d_tcsr,pbc2,linear,0.0,0.95,True,4,0.7457932692307693,0.23530667174653755,0.8499015748031497,0.20117521841962602,outputs_small/ntrain_10/d_tcsr/pbc2/linear/lambda_0.0/target_lr_0.95/landmark_True/seed_4,10
d_tcsr,pbc2,linear,0.0,0.95,True,3,0.7811850311850311,0.14516430394783025,0.812007874015748,0.12745904176993336,outputs_small/ntrain_10/d_tcsr/pbc2/linear/lambda_0.0/target_lr_0.95/landmark_True/seed_3,10
d_tcsr,pbc2,linear,0.0,0.95,True,6,0.8102791878172588,0.17348790592915322,0.7711614173228346,0.212942232690893,outputs_small/ntrain_10/d_tcsr/pbc2/linear/lambda_0.0/target_lr_0.95/landmark_True/seed_6,10
d_tcsr,pbc2,linear,0.0,0.95,True,1,0.7082294264339152,0.22595782756293986,0.6643700787401575,0.181774649122624,outputs_small/ntrain_10/d_tcsr/pbc2/linear/lambda_0.0/target_lr_0.95/landmark_True/seed_1,10
d_tcsr,pbc2,linear,0.0,0.95,True,8,0.49825783972125437,0.2552899839222382,0.6043307086614174,0.202566820421102,outputs_small/ntrain_10/d_tcsr/pbc2/linear/lambda_0.0/target_lr_0.95/landmark_True/seed_8,10
d_tcsr,pbc2,linear,0.0,0.95,True,9,0.6798002219755827,0.24410484081886274,0.6653543307086615,0.22224624096939258,outputs_small/ntrain_10/d_tcsr/pbc2/linear/lambda_0.0/target_lr_0.95/landmark_True/seed_9,10
d_tcsr,pbc2,linear,0.0,0.95,True,0,0.6727053140096618,0.17554423843757935,0.7440944881889764,0.20202008371728253,outputs_small/ntrain_10/d_tcsr/pbc2/linear/lambda_0.0/target_lr_0.95/landmark_True/seed_0,10
d_tcsr,pbc2,linear,0.0,0.95,True,7,0.6846793349168646,0.2141625960051143,0.7214566929133859,0.20056386261418535,outputs_small/ntrain_10/d_tcsr/pbc2/linear/lambda_0.0/target_lr_0.95/landmark_True/seed_7,10
d_tcsr,pbc2,linear,0.0,0.75,True,2,0.4519408502772643,0.26867712949004535,0.46161417322834647,0.2752168458591835,outputs_small/ntrain_10/d_tcsr/pbc2/linear/lambda_0.0/target_lr_0.75/landmark_True/seed_2,10
d_tcsr,pbc2,linear,0.0,0.75,True,5,0.5593119810201661,0.3390663133340135,0.6609251968503937,0.32554770719953224,outputs_small/ntrain_10/d_tcsr/pbc2/linear/lambda_0.0/target_lr_0.75/landmark_True/seed_5,10
d_tcsr,pbc2,linear,0.0,0.75,True,4,0.6947115384615384,0.2579766400098899,0.734744094488189,0.2431377153561884,outputs_small/ntrain_10/d_tcsr/pbc2/linear/lambda_0.0/target_lr_0.75/landmark_True/seed_4,10
d_tcsr,pbc2,linear,0.0,0.75,True,3,0.7416839916839917,0.19513481712256492,0.7125984251968503,0.19369971946814446,outputs_small/ntrain_10/d_tcsr/pbc2/linear/lambda_0.0/target_lr_0.75/landmark_True/seed_3,10
d_tcsr,pbc2,linear,0.0,0.75,True,6,0.7766497461928934,0.213099788222118,0.7367125984251969,0.24950154748114384,outputs_small/ntrain_10/d_tcsr/pbc2/linear/lambda_0.0/target_lr_0.75/landmark_True/seed_6,10
d_tcsr,pbc2,linear,0.0,0.75,True,1,0.6801745635910225,0.2504495611633293,0.6018700787401575,0.2252748563337768,outputs_small/ntrain_10/d_tcsr/pbc2/linear/lambda_0.0/target_lr_0.75/landmark_True/seed_1,10
d_tcsr,pbc2,linear,0.0,0.75,True,8,0.5331010452961672,0.22848117205011317,0.6117125984251969,0.20046461002158547,outputs_small/ntrain_10/d_tcsr/pbc2/linear/lambda_0.0/target_lr_0.75/landmark_True/seed_8,10
d_tcsr,pbc2,linear,0.0,0.75,True,9,0.5993340732519423,0.29204885642952416,0.5989173228346457,0.27671622834427306,outputs_small/ntrain_10/d_tcsr/pbc2/linear/lambda_0.0/target_lr_0.75/landmark_True/seed_9,10
d_tcsr,pbc2,linear,0.0,0.75,True,0,0.6322463768115942,0.20439899314385424,0.6761811023622047,0.25557646873165457,outputs_small/ntrain_10/d_tcsr/pbc2/linear/lambda_0.0/target_lr_0.75/landmark_True/seed_0,10
d_tcsr,pbc2,linear,0.0,0.75,True,7,0.6935866983372921,0.24183996185336204,0.7667322834645669,0.22408224714242303,outputs_small/ntrain_10/d_tcsr/pbc2/linear/lambda_0.0/target_lr_0.75/landmark_True/seed_7,10
d_tcsr,pbc2,linear,0.0,0.1,True,2,0.5531423290203327,0.32825015898211485,0.5610236220472441,0.4420649162038459,outputs_small/ntrain_10/d_tcsr/pbc2/linear/lambda_0.0/target_lr_0.1/landmark_True/seed_2,10
d_tcsr,pbc2,linear,0.0,0.1,True,5,0.5498220640569395,0.4391307925464351,0.6446850393700787,0.4293088488237097,outputs_small/ntrain_10/d_tcsr/pbc2/linear/lambda_0.0/target_lr_0.1/landmark_True/seed_5,10
d_tcsr,pbc2,linear,0.0,0.1,True,4,0.6207932692307693,0.4040881961919652,0.6274606299212598,0.436388053219603,outputs_small/ntrain_10/d_tcsr/pbc2/linear/lambda_0.0/target_lr_0.1/landmark_True/seed_4,10
d_tcsr,pbc2,linear,0.0,0.1,True,3,0.6891891891891891,0.4145217202467644,0.734744094488189,0.42440261984368544,outputs_small/ntrain_10/d_tcsr/pbc2/linear/lambda_0.0/target_lr_0.1/landmark_True/seed_3,10
d_tcsr,pbc2,linear,0.0,0.1,True,6,0.6491116751269036,0.40244430673957915,0.6761811023622047,0.4390301991787928,outputs_small/ntrain_10/d_tcsr/pbc2/linear/lambda_0.0/target_lr_0.1/landmark_True/seed_6,10
d_tcsr,pbc2,linear,0.0,0.1,True,1,0.60785536159601,0.42257007991717344,0.6190944881889764,0.4390762968390064,outputs_small/ntrain_10/d_tcsr/pbc2/linear/lambda_0.0/target_lr_0.1/landmark_True/seed_1,10
d_tcsr,pbc2,linear,0.0,0.1,True,8,0.5563298490127758,0.33959119473530636,0.6860236220472441,0.383481708835612,outputs_small/ntrain_10/d_tcsr/pbc2/linear/lambda_0.0/target_lr_0.1/landmark_True/seed_8,10
d_tcsr,pbc2,linear,0.0,0.1,True,9,0.5965593784683685,0.4178739723193004,0.609251968503937,0.43882181131859105,outputs_small/ntrain_10/d_tcsr/pbc2/linear/lambda_0.0/target_lr_0.1/landmark_True/seed_9,10
d_tcsr,pbc2,linear,0.0,0.1,True,0,0.6678743961352657,0.3718346836388906,0.7485236220472441,0.4139100707780057,outputs_small/ntrain_10/d_tcsr/pbc2/linear/lambda_0.0/target_lr_0.1/landmark_True/seed_0,10
d_tcsr,pbc2,linear,0.0,0.1,True,7,0.7048693586698337,0.43661213874328514,0.780511811023622,0.41872530819218773,outputs_small/ntrain_10/d_tcsr/pbc2/linear/lambda_0.0/target_lr_0.1/landmark_True/seed_7,10
d_tcsr,pbc2,linear,0.0,0.01,True,2,0.5152495378927912,0.3508207070128119,0.5,0.469396668786395,outputs_small/ntrain_10/d_tcsr/pbc2/linear/lambda_0.0/target_lr_0.01/landmark_True/seed_2,10
d_tcsr,pbc2,linear,0.0,0.01,True,5,0.5005931198102017,0.457929625710205,0.531496062992126,0.44990956563224405,outputs_small/ntrain_10/d_tcsr/pbc2/linear/lambda_0.0/target_lr_0.01/landmark_True/seed_5,10
d_tcsr,pbc2,linear,0.0,0.01,True,4,0.5667067307692307,0.42734977722384776,0.6166338582677166,0.4623999166569512,outputs_small/ntrain_10/d_tcsr/pbc2/linear/lambda_0.0/target_lr_0.01/landmark_True/seed_4,10
d_tcsr,pbc2,linear,0.0,0.01,True,3,0.6075883575883576,0.44193888780804047,0.5723425196850394,0.45640859878005136,outputs_small/ntrain_10/d_tcsr/pbc2/linear/lambda_0.0/target_lr_0.01/landmark_True/seed_3,10
d_tcsr,pbc2,linear,0.0,0.01,True,6,0.5,0.4304730683238607,0.515748031496063,0.4675405233647359,outputs_small/ntrain_10/d_tcsr/pbc2/linear/lambda_0.0/target_lr_0.01/landmark_True/seed_6,10
d_tcsr,pbc2,linear,0.0,0.01,True,1,0.5099750623441397,0.448432944769016,0.5,0.468082125283769,outputs_small/ntrain_10/d_tcsr/pbc2/linear/lambda_0.0/target_lr_0.01/landmark_True/seed_1,10
d_tcsr,pbc2,linear,0.0,0.01,True,8,0.6318234610917538,0.3724605739066482,0.7091535433070866,0.4209244113334092,outputs_small/ntrain_10/d_tcsr/pbc2/linear/lambda_0.0/target_lr_0.01/landmark_True/seed_8,10
d_tcsr,pbc2,linear,0.0,0.01,True,9,0.5,0.4381428525720428,0.5,0.46389535030601087,outputs_small/ntrain_10/d_tcsr/pbc2/linear/lambda_0.0/target_lr_0.01/landmark_True/seed_9,10
d_tcsr,pbc2,linear,0.0,0.01,True,0,0.6274154589371981,0.3996701500529458,0.6313976377952756,0.44104003190743013,outputs_small/ntrain_10/d_tcsr/pbc2/linear/lambda_0.0/target_lr_0.01/landmark_True/seed_0,10
d_tcsr,pbc2,linear,0.0,0.01,True,7,0.5546318289786223,0.4669897217079435,0.6200787401574803,0.44961468538983956,outputs_small/ntrain_10/d_tcsr/pbc2/linear/lambda_0.0/target_lr_0.01/landmark_True/seed_7,10
d_tcsr,pbc2,linear,0.0,0.9,True,2,0.46950092421441775,0.3052887146304075,0.4921259842519685,0.2550271413326898,outputs_small/ntrain_10/d_tcsr/pbc2/linear/lambda_0.0/target_lr_0.9/landmark_True/seed_2,10
d_tcsr,pbc2,linear,0.0,0.9,True,5,0.5284697508896797,0.3113131686184911,0.6417322834645669,0.29648554918058173,outputs_small/ntrain_10/d_tcsr/pbc2/linear/lambda_0.0/target_lr_0.9/landmark_True/seed_5,10
d_tcsr,pbc2,linear,0.0,0.9,True,4,0.7481971153846154,0.23278787974034226,0.8174212598425197,0.20287893805569268,outputs_small/ntrain_10/d_tcsr/pbc2/linear/lambda_0.0/target_lr_0.9/landmark_True/seed_4,10
d_tcsr,pbc2,linear,0.0,0.9,True,3,0.774948024948025,0.15662983154021565,0.7898622047244095,0.13858778951522424,outputs_small/ntrain_10/d_tcsr/pbc2/linear/lambda_0.0/target_lr_0.9/landmark_True/seed_3,10
d_tcsr,pbc2,linear,0.0,0.9,True,6,0.8115482233502538,0.18125808125614598,0.7746062992125984,0.21864749661402894,outputs_small/ntrain_10/d_tcsr/pbc2/linear/lambda_0.0/target_lr_0.9/landmark_True/seed_6,10
d_tcsr,pbc2,linear,0.0,0.9,True,1,0.6882793017456359,0.23220618441469462,0.6181102362204725,0.19515340697672384,outputs_small/ntrain_10/d_tcsr/pbc2/linear/lambda_0.0/target_lr_0.9/landmark_True/seed_1,10
d_tcsr,pbc2,linear,0.0,0.9,True,8,0.5145180023228804,0.2450825393206862,0.6126968503937008,0.19681971092773537,outputs_small/ntrain_10/d_tcsr/pbc2/linear/lambda_0.0/target_lr_0.9/landmark_True/seed_8,10
d_tcsr,pbc2,linear,0.0,0.9,True,9,0.6037735849056604,0.26183684877864544,0.6082677165354331,0.24047674548396572,outputs_small/ntrain_10/d_tcsr/pbc2/linear/lambda_0.0/target_lr_0.9/landmark_True/seed_9,10
d_tcsr,pbc2,linear,0.0,0.9,True,0,0.6274154589371981,0.18882261355676055,0.6830708661417323,0.2255218919874215,outputs_small/ntrain_10/d_tcsr/pbc2/linear/lambda_0.0/target_lr_0.9/landmark_True/seed_0,10
d_tcsr,pbc2,linear,0.0,0.9,True,7,0.6882422802850356,0.21911541120417172,0.7436023622047244,0.20353462137541634,outputs_small/ntrain_10/d_tcsr/pbc2/linear/lambda_0.0/target_lr_0.9/landmark_True/seed_7,10
d_tcsr,pbc2,linear,0.0,0.25,True,2,0.5568391866913124,0.29107411601818833,0.562007874015748,0.3943422836507478,outputs_small/ntrain_10/d_tcsr/pbc2/linear/lambda_0.0/target_lr_0.25/landmark_True/seed_2,10
d_tcsr,pbc2,linear,0.0,0.25,True,5,0.5557532621589562,0.4103209294020314,0.6845472440944882,0.3987493286218079,outputs_small/ntrain_10/d_tcsr/pbc2/linear/lambda_0.0/target_lr_0.25/landmark_True/seed_5,10
d_tcsr,pbc2,linear,0.0,0.25,True,4,0.6628605769230769,0.3684721863902195,0.6761811023622047,0.3933503876062109,outputs_small/ntrain_10/d_tcsr/pbc2/linear/lambda_0.0/target_lr_0.25/landmark_True/seed_4,10
d_tcsr,pbc2,linear,0.0,0.25,True,3,0.7624740124740125,0.35925414733482663,0.7623031496062992,0.3654219362358548,outputs_small/ntrain_10/d_tcsr/pbc2/linear/lambda_0.0/target_lr_0.25/landmark_True/seed_3,10
d_tcsr,pbc2,linear,0.0,0.25,True,6,0.690989847715736,0.35407881251619056,0.7514763779527559,0.389044151069191,outputs_small/ntrain_10/d_tcsr/pbc2/linear/lambda_0.0/target_lr_0.25/landmark_True/seed_6,10
d_tcsr,pbc2,linear,0.0,0.25,True,1,0.6452618453865336,0.3764341841987959,0.6181102362204725,0.38661957491168863,outputs_small/ntrain_10/d_tcsr/pbc2/linear/lambda_0.0/target_lr_0.25/landmark_True/seed_1,10
d_tcsr,pbc2,linear,0.0,0.25,True,8,0.5824622531939605,0.28635298099906586,0.65748031496063,0.32153286617357124,outputs_small/ntrain_10/d_tcsr/pbc2/linear/lambda_0.0/target_lr_0.25/landmark_True/seed_8,10
d_tcsr,pbc2,linear,0.0,0.25,True,9,0.623196448390677,0.38537349940544846,0.5693897637795275,0.39831220743019413,outputs_small/ntrain_10/d_tcsr/pbc2/linear/lambda_0.0/target_lr_0.25/landmark_True/seed_9,10
d_tcsr,pbc2,linear,0.0,0.25,True,0,0.6503623188405797,0.32561737952505854,0.7076771653543307,0.37064628209647493,outputs_small/ntrain_10/d_tcsr/pbc2/linear/lambda_0.0/target_lr_0.25/landmark_True/seed_0,10
d_tcsr,pbc2,linear,0.0,0.25,True,7,0.6805225653206651,0.38682192167288604,0.7721456692913385,0.36878553450208146,outputs_small/ntrain_10/d_tcsr/pbc2/linear/lambda_0.0/target_lr_0.25/landmark_True/seed_7,10
d_tcsr,aids,linear,0.0,0.5,True,2,0.6432267168391346,0.18815967374377782,0.652332361516035,0.15002486812712643,outputs_small/ntrain_10/d_tcsr/aids/linear/lambda_0.0/target_lr_0.5/landmark_True/seed_2,10
d_tcsr,aids,linear,0.0,0.5,True,5,0.720503300330033,0.16185373650247803,0.6819727891156463,0.17038669356938685,outputs_small/ntrain_10/d_tcsr/aids/linear/lambda_0.0/target_lr_0.5/landmark_True/seed_5,10
d_tcsr,aids,linear,0.0,0.5,True,4,0.7158992180712423,0.1776354753248051,0.6486880466472303,0.1652261864018579,outputs_small/ntrain_10/d_tcsr/aids/linear/lambda_0.0/target_lr_0.5/landmark_True/seed_4,10
d_tcsr,aids,linear,0.0,0.5,True,3,0.6375628140703518,0.22986033391355992,0.6542759961127308,0.19945281000135018,outputs_small/ntrain_10/d_tcsr/aids/linear/lambda_0.0/target_lr_0.5/landmark_True/seed_3,10
d_tcsr,aids,linear,0.0,0.5,True,6,0.7338366240805265,0.1450803259582713,0.7077259475218659,0.16944523497747643,outputs_small/ntrain_10/d_tcsr/aids/linear/lambda_0.0/target_lr_0.5/landmark_True/seed_6,10
d_tcsr,aids,linear,0.0,0.5,True,1,0.7400802496656264,0.13771149710099456,0.685374149659864,0.1547031058381644,outputs_small/ntrain_10/d_tcsr/aids/linear/lambda_0.0/target_lr_0.5/landmark_True/seed_1,10
d_tcsr,aids,linear,0.0,0.5,True,8,0.6335497835497835,0.1660283480735908,0.6970359572400389,0.1806231614868773,outputs_small/ntrain_10/d_tcsr/aids/linear/lambda_0.0/target_lr_0.5/landmark_True/seed_8,10
d_tcsr,aids,linear,0.0,0.5,True,9,0.5140425531914894,0.21832680934477414,0.5852769679300291,0.22139251840714655,outputs_small/ntrain_10/d_tcsr/aids/linear/lambda_0.0/target_lr_0.5/landmark_True/seed_9,10
d_tcsr,aids,linear,0.0,0.5,True,0,0.5956627482772598,0.2506444192995767,0.6059280855199223,0.2224274740303914,outputs_small/ntrain_10/d_tcsr/aids/linear/lambda_0.0/target_lr_0.5/landmark_True/seed_0,10
d_tcsr,aids,linear,0.0,0.5,True,7,0.6821079473013175,0.17909900223092054,0.6827016520894071,0.16406199320458392,outputs_small/ntrain_10/d_tcsr/aids/linear/lambda_0.0/target_lr_0.5/landmark_True/seed_7,10
d_tcsr,aids,linear,0.0,0.05,True,2,0.4896519285042333,0.3047859004556887,0.5663265306122449,0.2575000273596124,outputs_small/ntrain_10/d_tcsr/aids/linear/lambda_0.0/target_lr_0.05/landmark_True/seed_2,10
d_tcsr,aids,linear,0.0,0.05,True,5,0.6454207920792079,0.21296314053745885,0.5405733722060253,0.24234947228854073,outputs_small/ntrain_10/d_tcsr/aids/linear/lambda_0.0/target_lr_0.05/landmark_True/seed_5,10
d_tcsr,aids,linear,0.0,0.05,True,4,0.6070807993049522,0.22995431047880815,0.5969387755102041,0.24054555674080355,outputs_small/ntrain_10/d_tcsr/aids/linear/lambda_0.0/target_lr_0.05/landmark_True/seed_4,10
d_tcsr,aids,linear,0.0,0.05,True,3,0.5850083752093802,0.30566993830962624,0.5709426627793974,0.27867833297925926,outputs_small/ntrain_10/d_tcsr/aids/linear/lambda_0.0/target_lr_0.05/landmark_True/seed_3,10
d_tcsr,aids,linear,0.0,0.05,True,6,0.6380178087495161,0.204317576284971,0.6331389698736638,0.24739971930508686,outputs_small/ntrain_10/d_tcsr/aids/linear/lambda_0.0/target_lr_0.05/landmark_True/seed_6,10
d_tcsr,aids,linear,0.0,0.05,True,1,0.6299598751671868,0.19493056164510522,0.5988824101068999,0.23486348545773678,outputs_small/ntrain_10/d_tcsr/aids/linear/lambda_0.0/target_lr_0.05/landmark_True/seed_1,10
d_tcsr,aids,linear,0.0,0.05,True,8,0.5216450216450217,0.236005201732075,0.5879494655004859,0.2630576051259331,outputs_small/ntrain_10/d_tcsr/aids/linear/lambda_0.0/target_lr_0.05/landmark_True/seed_8,10
d_tcsr,aids,linear,0.0,0.05,True,9,0.49425531914893617,0.2398912623043435,0.5386297376093294,0.2489014783232045,outputs_small/ntrain_10/d_tcsr/aids/linear/lambda_0.0/target_lr_0.05/landmark_True/seed_9,10
d_tcsr,aids,linear,0.0,0.05,True,0,0.5800567490879611,0.22883261243309624,0.5575801749271136,0.2294121910321112,outputs_small/ntrain_10/d_tcsr/aids/linear/lambda_0.0/target_lr_0.05/landmark_True/seed_0,10
d_tcsr,aids,linear,0.0,0.05,True,7,0.6081597960050998,0.23624453605434348,0.5986394557823129,0.23892561241094262,outputs_small/ntrain_10/d_tcsr/aids/linear/lambda_0.0/target_lr_0.05/landmark_True/seed_7,10
d_tcsr,aids,linear,0.0,0.95,True,2,0.6032455315145814,0.1792142627609545,0.6829446064139941,0.1497068678470058,outputs_small/ntrain_10/d_tcsr/aids/linear/lambda_0.0/target_lr_0.95/landmark_True/seed_2,10
d_tcsr,aids,linear,0.0,0.95,True,5,0.7151402640264026,0.17779280993228855,0.6338678328474247,0.17295594788930205,outputs_small/ntrain_10/d_tcsr/aids/linear/lambda_0.0/target_lr_0.95/landmark_True/seed_5,10
d_tcsr,aids,linear,0.0,0.95,True,4,0.739357080799305,0.17860119967744686,0.6455296404275996,0.1565902738772567,outputs_small/ntrain_10/d_tcsr/aids/linear/lambda_0.0/target_lr_0.95/landmark_True/seed_4,10
d_tcsr,aids,linear,0.0,0.95,True,3,0.6907453936348409,0.21742998357643908,0.6722546161321672,0.18848368919352157,outputs_small/ntrain_10/d_tcsr/aids/linear/lambda_0.0/target_lr_0.95/landmark_True/seed_3,10
d_tcsr,aids,linear,0.0,0.95,True,6,0.6356949283778552,0.19478680790811456,0.6652089407191448,0.1564772429801875,outputs_small/ntrain_10/d_tcsr/aids/linear/lambda_0.0/target_lr_0.95/landmark_True/seed_6,10
d_tcsr,aids,linear,0.0,0.95,True,1,0.6145786892554614,0.19475621183464753,0.5600097181729835,0.17281328121910602,outputs_small/ntrain_10/d_tcsr/aids/linear/lambda_0.0/target_lr_0.95/landmark_True/seed_1,10
d_tcsr,aids,linear,0.0,0.95,True,8,0.5696969696969697,0.22200044739561745,0.5949951409135082,0.20076355637985804,outputs_small/ntrain_10/d_tcsr/aids/linear/lambda_0.0/target_lr_0.95/landmark_True/seed_8,10
d_tcsr,aids,linear,0.0,0.95,True,9,0.5346808510638298,0.2230253604579148,0.5733722060252673,0.2249319277895648,outputs_small/ntrain_10/d_tcsr/aids/linear/lambda_0.0/target_lr_0.95/landmark_True/seed_9,10
d_tcsr,aids,linear,0.0,0.95,True,0,0.5985002026753141,0.23116435421718798,0.6107871720116618,0.2149677091992089,outputs_small/ntrain_10/d_tcsr/aids/linear/lambda_0.0/target_lr_0.95/landmark_True/seed_0,10
d_tcsr,aids,linear,0.0,0.95,True,7,0.5384615384615384,0.23706037398895755,0.5221088435374149,0.2571518773423223,outputs_small/ntrain_10/d_tcsr/aids/linear/lambda_0.0/target_lr_0.95/landmark_True/seed_7,10
d_tcsr,aids,linear,0.0,0.75,True,2,0.6055973659454374,0.1865397759789677,0.6593780369290574,0.15059661900119647,outputs_small/ntrain_10/d_tcsr/aids/linear/lambda_0.0/target_lr_0.75/landmark_True/seed_2,10
d_tcsr,aids,linear,0.0,0.75,True,5,0.7289603960396039,0.1666505953712802,0.6576773566569485,0.16658582089001656,outputs_small/ntrain_10/d_tcsr/aids/linear/lambda_0.0/target_lr_0.75/landmark_True/seed_5,10
d_tcsr,aids,linear,0.0,0.75,True,4,0.6985230234578628,0.167528162768207,0.6460155490767736,0.1545687822864146,outputs_small/ntrain_10/d_tcsr/aids/linear/lambda_0.0/target_lr_0.75/landmark_True/seed_4,10
d_tcsr,aids,linear,0.0,0.75,True,3,0.6976549413735343,0.22715885335822808,0.7123420796890184,0.19747276981726483,outputs_small/ntrain_10/d_tcsr/aids/linear/lambda_0.0/target_lr_0.75/landmark_True/seed_3,10
d_tcsr,aids,linear,0.0,0.75,True,6,0.7711962833914053,0.14976426889547795,0.6863459669582118,0.15605727524100949,outputs_small/ntrain_10/d_tcsr/aids/linear/lambda_0.0/target_lr_0.75/landmark_True/seed_6,10
d_tcsr,aids,linear,0.0,0.75,True,1,0.61836825679893,0.19284841750301485,0.576530612244898,0.17180963616362865,outputs_small/ntrain_10/d_tcsr/aids/linear/lambda_0.0/target_lr_0.75/landmark_True/seed_1,10
d_tcsr,aids,linear,0.0,0.75,True,8,0.5948051948051948,0.20962529255816076,0.6110301263362488,0.20506856392374792,outputs_small/ntrain_10/d_tcsr/aids/linear/lambda_0.0/target_lr_0.75/landmark_True/seed_8,10
d_tcsr,aids,linear,0.0,0.75,True,9,0.5346808510638298,0.22727957631172405,0.5733722060252673,0.22421508104945667,outputs_small/ntrain_10/d_tcsr/aids/linear/lambda_0.0/target_lr_0.75/landmark_True/seed_9,10
d_tcsr,aids,linear,0.0,0.75,True,0,0.6015403323875153,0.2425119869881922,0.6260932944606414,0.22560779392333127,outputs_small/ntrain_10/d_tcsr/aids/linear/lambda_0.0/target_lr_0.75/landmark_True/seed_0,10
d_tcsr,aids,linear,0.0,0.75,True,7,0.5450488737781556,0.23823872876709373,0.5223517978620019,0.26244341930712495,outputs_small/ntrain_10/d_tcsr/aids/linear/lambda_0.0/target_lr_0.75/landmark_True/seed_7,10
d_tcsr,aids,linear,0.0,0.1,True,2,0.5235183443085607,0.2889872660410625,0.565354713313897,0.24582414202292513,outputs_small/ntrain_10/d_tcsr/aids/linear/lambda_0.0/target_lr_0.1/landmark_True/seed_2,10
d_tcsr,aids,linear,0.0,0.1,True,5,0.6227310231023102,0.1956105439489915,0.5823615160349854,0.2274659737236811,outputs_small/ntrain_10/d_tcsr/aids/linear/lambda_0.0/target_lr_0.1/landmark_True/seed_5,10
d_tcsr,aids,linear,0.0,0.1,True,4,0.6218505647263249,0.21594847988503574,0.576287657920311,0.22631252181959094,outputs_small/ntrain_10/d_tcsr/aids/linear/lambda_0.0/target_lr_0.1/landmark_True/seed_4,10
d_tcsr,aids,linear,0.0,0.1,True,3,0.6086683417085427,0.29206211665439846,0.5721574344023324,0.26572172574853814,outputs_small/ntrain_10/d_tcsr/aids/linear/lambda_0.0/target_lr_0.1/landmark_True/seed_3,10
d_tcsr,aids,linear,0.0,0.1,True,6,0.6353077816492451,0.1918362005037077,0.641156462585034,0.23468908513146675,outputs_small/ntrain_10/d_tcsr/aids/linear/lambda_0.0/target_lr_0.1/landmark_True/seed_6,10
d_tcsr,aids,linear,0.0,0.1,True,1,0.6711992866696389,0.18038914912242077,0.6168610301263362,0.22032636620464904,outputs_small/ntrain_10/d_tcsr/aids/linear/lambda_0.0/target_lr_0.1/landmark_True/seed_1,10
d_tcsr,aids,linear,0.0,0.1,True,8,0.5534632034632034,0.2226391320839643,0.619290573372206,0.2503252454519813,outputs_small/ntrain_10/d_tcsr/aids/linear/lambda_0.0/target_lr_0.1/landmark_True/seed_8,10
d_tcsr,aids,linear,0.0,0.1,True,9,0.5078723404255319,0.22716707464617983,0.5140913508260447,0.23938182782644815,outputs_small/ntrain_10/d_tcsr/aids/linear/lambda_0.0/target_lr_0.1/landmark_True/seed_9,10
d_tcsr,aids,linear,0.0,0.1,True,0,0.6321443048236725,0.21763556215569835,0.5867346938775511,0.21819021416533727,outputs_small/ntrain_10/d_tcsr/aids/linear/lambda_0.0/target_lr_0.1/landmark_True/seed_0,10
d_tcsr,aids,linear,0.0,0.1,True,7,0.6510837229069273,0.2226105926915696,0.5806608357628765,0.22534978886638607,outputs_small/ntrain_10/d_tcsr/aids/linear/lambda_0.0/target_lr_0.1/landmark_True/seed_7,10
d_tcsr,aids,linear,0.0,0.01,True,2,0.4800094073377234,0.3174726752451589,0.5157920310981535,0.2669029093752224,outputs_small/ntrain_10/d_tcsr/aids/linear/lambda_0.0/target_lr_0.01/landmark_True/seed_2,10
d_tcsr,aids,linear,0.0,0.01,True,5,0.6590346534653465,0.22242429207190906,0.5529640427599611,0.2500570325599074,outputs_small/ntrain_10/d_tcsr/aids/linear/lambda_0.0/target_lr_0.01/landmark_True/seed_5,10
d_tcsr,aids,linear,0.0,0.01,True,4,0.618375325803649,0.242093528729601,0.608357628765792,0.2517228661941857,outputs_small/ntrain_10/d_tcsr/aids/linear/lambda_0.0/target_lr_0.01/landmark_True/seed_4,10
d_tcsr,aids,linear,0.0,0.01,True,3,0.5175879396984925,0.3174129655009489,0.543974732750243,0.2895739761871326,outputs_small/ntrain_10/d_tcsr/aids/linear/lambda_0.0/target_lr_0.01/landmark_True/seed_3,10
d_tcsr,aids,linear,0.0,0.01,True,6,0.6221447928765002,0.21369112592421066,0.6068999028182702,0.2567462027261927,outputs_small/ntrain_10/d_tcsr/aids/linear/lambda_0.0/target_lr_0.01/landmark_True/seed_6,10
d_tcsr,aids,linear,0.0,0.01,True,1,0.6397681676326349,0.20874419441291459,0.5903790087463557,0.24771924717386293,outputs_small/ntrain_10/d_tcsr/aids/linear/lambda_0.0/target_lr_0.01/landmark_True/seed_1,10
d_tcsr,aids,linear,0.0,0.01,True,8,0.5142857142857142,0.24682537029311463,0.5585519922254616,0.27295268886291935,outputs_small/ntrain_10/d_tcsr/aids/linear/lambda_0.0/target_lr_0.01/landmark_True/seed_8,10
d_tcsr,aids,linear,0.0,0.01,True,9,0.5878723404255319,0.24903720591274267,0.5607385811467445,0.2561242053486644,outputs_small/ntrain_10/d_tcsr/aids/linear/lambda_0.0/target_lr_0.01/landmark_True/seed_9,10
d_tcsr,aids,linear,0.0,0.01,True,0,0.5786380218889339,0.23844875772710677,0.5471331389698737,0.23802094517120861,outputs_small/ntrain_10/d_tcsr/aids/linear/lambda_0.0/target_lr_0.01/landmark_True/seed_0,10
d_tcsr,aids,linear,0.0,0.01,True,7,0.619209519762006,0.24793505333567806,0.5699708454810496,0.25005262030153463,outputs_small/ntrain_10/d_tcsr/aids/linear/lambda_0.0/target_lr_0.01/landmark_True/seed_7,10
d_tcsr,aids,linear,0.0,0.9,True,2,0.602304797742239,0.18088690041545874,0.6720116618075802,0.1497403837383069,outputs_small/ntrain_10/d_tcsr/aids/linear/lambda_0.0/target_lr_0.9/landmark_True/seed_2,10
d_tcsr,aids,linear,0.0,0.9,True,5,0.7025577557755776,0.17635584652174885,0.6387269193391643,0.17071104609170626,outputs_small/ntrain_10/d_tcsr/aids/linear/lambda_0.0/target_lr_0.9/landmark_True/seed_5,10
d_tcsr,aids,linear,0.0,0.9,True,4,0.7033014769765421,0.17898870272488693,0.5991253644314869,0.15584353931337797,outputs_small/ntrain_10/d_tcsr/aids/linear/lambda_0.0/target_lr_0.9/landmark_True/seed_4,10
d_tcsr,aids,linear,0.0,0.9,True,3,0.6993299832495813,0.2174130727904806,0.6763848396501457,0.18839167993911954,outputs_small/ntrain_10/d_tcsr/aids/linear/lambda_0.0/target_lr_0.9/landmark_True/seed_3,10
d_tcsr,aids,linear,0.0,0.9,True,6,0.6356949283778552,0.196284436204586,0.6703109815354713,0.15704119378250916,outputs_small/ntrain_10/d_tcsr/aids/linear/lambda_0.0/target_lr_0.9/landmark_True/seed_6,10
d_tcsr,aids,linear,0.0,0.9,True,1,0.6161390994204191,0.19616725154865072,0.5583090379008746,0.17361498117889548,outputs_small/ntrain_10/d_tcsr/aids/linear/lambda_0.0/target_lr_0.9/landmark_True/seed_1,10
d_tcsr,aids,linear,0.0,0.9,True,8,0.5738095238095238,0.23053917776656474,0.5925655976676385,0.2078503097993763,outputs_small/ntrain_10/d_tcsr/aids/linear/lambda_0.0/target_lr_0.9/landmark_True/seed_8,10
d_tcsr,aids,linear,0.0,0.9,True,9,0.5346808510638298,0.22428488710947525,0.5733722060252673,0.22614862833320068,outputs_small/ntrain_10/d_tcsr/aids/linear/lambda_0.0/target_lr_0.9/landmark_True/seed_9,10
d_tcsr,aids,linear,0.0,0.9,True,0,0.5985002026753141,0.23161492648603357,0.6137026239067055,0.21441906317927714,outputs_small/ntrain_10/d_tcsr/aids/linear/lambda_0.0/target_lr_0.9/landmark_True/seed_0,10
d_tcsr,aids,linear,0.0,0.9,True,7,0.5384615384615384,0.23814257992608043,0.5221088435374149,0.2627783847124091,outputs_small/ntrain_10/d_tcsr/aids/linear/lambda_0.0/target_lr_0.9/landmark_True/seed_7,10
d_tcsr,aids,linear,0.0,0.25,True,2,0.5148165569143932,0.24916406306060027,0.6243926141885325,0.21576973851296877,outputs_small/ntrain_10/d_tcsr/aids/linear/lambda_0.0/target_lr_0.25/landmark_True/seed_2,10
d_tcsr,aids,linear,0.0,0.25,True,5,0.7139026402640264,0.17028377706900152,0.5952380952380952,0.19600251098613536,outputs_small/ntrain_10/d_tcsr/aids/linear/lambda_0.0/target_lr_0.25/landmark_True/seed_5,10
d_tcsr,aids,linear,0.0,0.25,True,4,0.697002606429192,0.18893660144358312,0.6690962099125365,0.19317521912794353,outputs_small/ntrain_10/d_tcsr/aids/linear/lambda_0.0/target_lr_0.25/landmark_True/seed_4,10
d_tcsr,aids,linear,0.0,0.25,True,3,0.6800670016750419,0.26348169843601743,0.652818270165209,0.23662601740590872,outputs_small/ntrain_10/d_tcsr/aids/linear/lambda_0.0/target_lr_0.25/landmark_True/seed_3,10
d_tcsr,aids,linear,0.0,0.25,True,6,0.6978319783197832,0.1642617189222635,0.6542759961127308,0.20355262141183564,outputs_small/ntrain_10/d_tcsr/aids/linear/lambda_0.0/target_lr_0.25/landmark_True/seed_6,10
d_tcsr,aids,linear,0.0,0.25,True,1,0.7307177886758806,0.15045754090900496,0.6622934888241011,0.18575230096592096,outputs_small/ntrain_10/d_tcsr/aids/linear/lambda_0.0/target_lr_0.25/landmark_True/seed_1,10
d_tcsr,aids,linear,0.0,0.25,True,8,0.6372294372294373,0.18855886854097983,0.640913508260447,0.21593228852789365,outputs_small/ntrain_10/d_tcsr/aids/linear/lambda_0.0/target_lr_0.25/landmark_True/seed_8,10
d_tcsr,aids,linear,0.0,0.25,True,9,0.5078723404255319,0.20647634535873138,0.5140913508260447,0.21788288245399354,outputs_small/ntrain_10/d_tcsr/aids/linear/lambda_0.0/target_lr_0.25/landmark_True/seed_9,10
d_tcsr,aids,linear,0.0,0.25,True,0,0.597081475476287,0.2019918999063437,0.5553935860058309,0.19073299725101414,outputs_small/ntrain_10/d_tcsr/aids/linear/lambda_0.0/target_lr_0.25/landmark_True/seed_0,10
d_tcsr,aids,linear,0.0,0.25,True,7,0.6974075648108797,0.1939914497710164,0.6501457725947521,0.19404768342366188,outputs_small/ntrain_10/d_tcsr/aids/linear/lambda_0.0/target_lr_0.25/landmark_True/seed_7,10
d_tcsr,rw,linear,0.0,0.5,True,2,0.5298117755078618,0.3614021080983071,0.5912360628222035,0.33388743345407307,outputs_small/ntrain_10/d_tcsr/rw/linear/lambda_0.0/target_lr_0.5/landmark_True/seed_2,10
d_tcsr,rw,linear,0.0,0.5,True,5,0.5991569887401993,0.2705254138281025,0.6759081644886704,0.2267194003982584,outputs_small/ntrain_10/d_tcsr/rw/linear/lambda_0.0/target_lr_0.5/landmark_True/seed_5,10
d_tcsr,rw,linear,0.0,0.5,True,4,0.6509145444921485,0.27698629554022136,0.6176117971466251,0.2635165932893086,outputs_small/ntrain_10/d_tcsr/rw/linear/lambda_0.0/target_lr_0.5/landmark_True/seed_4,10
d_tcsr,rw,linear,0.0,0.5,True,3,0.5894318516337945,0.300462423883883,0.6253446828917396,0.25511806674989396,outputs_small/ntrain_10/d_tcsr/rw/linear/lambda_0.0/target_lr_0.5/landmark_True/seed_3,10
d_tcsr,rw,linear,0.0,0.5,True,6,0.5891994177583697,0.2817871219510475,0.5920153458817887,0.27707085465842296,outputs_small/ntrain_10/d_tcsr/rw/linear/lambda_0.0/target_lr_0.5/landmark_True/seed_6,10
d_tcsr,rw,linear,0.0,0.5,True,1,0.5511363636363636,0.33783093555830424,0.5962714302841385,0.2912479824543734,outputs_small/ntrain_10/d_tcsr/rw/linear/lambda_0.0/target_lr_0.5/landmark_True/seed_1,10
d_tcsr,rw,linear,0.0,0.5,True,8,0.6341145833333334,0.2367363170071057,0.636614314830356,0.22913915753793365,outputs_small/ntrain_10/d_tcsr/rw/linear/lambda_0.0/target_lr_0.5/landmark_True/seed_8,10
d_tcsr,rw,linear,0.0,0.5,True,9,0.5815899581589958,0.269398679350219,0.6039443711785157,0.2564570394361017,outputs_small/ntrain_10/d_tcsr/rw/linear/lambda_0.0/target_lr_0.5/landmark_True/seed_9,10
d_tcsr,rw,linear,0.0,0.5,True,0,0.6086388194968919,0.285224117785486,0.6132957678935379,0.2836835987102394,outputs_small/ntrain_10/d_tcsr/rw/linear/lambda_0.0/target_lr_0.5/landmark_True/seed_0,10
d_tcsr,rw,linear,0.0,0.5,True,7,0.5567930673490753,0.3560168454604251,0.587219757822803,0.3187502457439232,outputs_small/ntrain_10/d_tcsr/rw/linear/lambda_0.0/target_lr_0.5/landmark_True/seed_7,10
d_tcsr,rw,linear,0.0,0.05,True,2,0.5621198209571904,0.27569201530685156,0.5537705311113775,0.28508464642647996,outputs_small/ntrain_10/d_tcsr/rw/linear/lambda_0.0/target_lr_0.05/landmark_True/seed_2,10
d_tcsr,rw,linear,0.0,0.05,True,5,0.5925838589872074,0.2744685298490965,0.6734504256084403,0.23915240512487468,outputs_small/ntrain_10/d_tcsr/rw/linear/lambda_0.0/target_lr_0.05/landmark_True/seed_5,10
d_tcsr,rw,linear,0.0,0.05,True,4,0.596924072222549,0.3116954459242721,0.5973804100227791,0.2899041411082597,outputs_small/ntrain_10/d_tcsr/rw/linear/lambda_0.0/target_lr_0.05/landmark_True/seed_4,10
d_tcsr,rw,linear,0.0,0.05,True,3,0.587165145716809,0.30400753319651946,0.6279522838988131,0.26207870471162503,outputs_small/ntrain_10/d_tcsr/rw/linear/lambda_0.0/target_lr_0.05/landmark_True/seed_3,10
d_tcsr,rw,linear,0.0,0.05,True,6,0.6222416302765648,0.2693541331361779,0.6427286896055628,0.259863881922804,outputs_small/ntrain_10/d_tcsr/rw/linear/lambda_0.0/target_lr_0.05/landmark_True/seed_6,10
d_tcsr,rw,linear,0.0,0.05,True,1,0.5464216634429401,0.336520019854903,0.5907265315909364,0.27986484655030824,outputs_small/ntrain_10/d_tcsr/rw/linear/lambda_0.0/target_lr_0.05/landmark_True/seed_1,10
d_tcsr,rw,linear,0.0,0.05,True,8,0.6325096899224806,0.28263650313606525,0.6305598849058865,0.25802624575236605,outputs_small/ntrain_10/d_tcsr/rw/linear/lambda_0.0/target_lr_0.05/landmark_True/seed_8,10
d_tcsr,rw,linear,0.0,0.05,True,9,0.6327289632728963,0.2706232964849614,0.6205790672581225,0.2632894283737988,outputs_small/ntrain_10/d_tcsr/rw/linear/lambda_0.0/target_lr_0.05/landmark_True/seed_9,10
d_tcsr,rw,linear,0.0,0.05,True,0,0.6105269273223726,0.2816854392661699,0.6417695719937657,0.2628867481258667,outputs_small/ntrain_10/d_tcsr/rw/linear/lambda_0.0/target_lr_0.05/landmark_True/seed_0,10
d_tcsr,rw,linear,0.0,0.05,True,7,0.5907584040944516,0.2848140309560427,0.6214482675938137,0.2739618853699536,outputs_small/ntrain_10/d_tcsr/rw/linear/lambda_0.0/target_lr_0.05/landmark_True/seed_7,10
d_tcsr,rw,linear,0.0,0.95,True,2,0.514862848617009,0.3535380475501389,0.6033748950965112,0.31501010489619097,outputs_small/ntrain_10/d_tcsr/rw/linear/lambda_0.0/target_lr_0.95/landmark_True/seed_2,10
d_tcsr,rw,linear,0.0,0.95,True,5,0.5924659553145081,0.3036621458505049,0.6552271909842945,0.25375523444034187,outputs_small/ntrain_10/d_tcsr/rw/linear/lambda_0.0/target_lr_0.95/landmark_True/seed_5,10
d_tcsr,rw,linear,0.0,0.95,True,4,0.5970711050991001,0.299535446891941,0.6156036446469249,0.27719647164552064,outputs_small/ntrain_10/d_tcsr/rw/linear/lambda_0.0/target_lr_0.95/landmark_True/seed_4,10
d_tcsr,rw,linear,0.0,0.95,True,3,0.63971151015602,0.27336547941237765,0.6530392039323822,0.24006776208782543,outputs_small/ntrain_10/d_tcsr/rw/linear/lambda_0.0/target_lr_0.95/landmark_True/seed_3,10
d_tcsr,rw,linear,0.0,0.95,True,6,0.5777874818049491,0.2965975828056183,0.6058326339767414,0.2767335771998661,outputs_small/ntrain_10/d_tcsr/rw/linear/lambda_0.0/target_lr_0.95/landmark_True/seed_6,10
d_tcsr,rw,linear,0.0,0.95,True,1,0.5602937620889749,0.3286589040372683,0.5965711545378252,0.2928588844787548,outputs_small/ntrain_10/d_tcsr/rw/linear/lambda_0.0/target_lr_0.95/landmark_True/seed_1,10
d_tcsr,rw,linear,0.0,0.95,True,8,0.6207000968992248,0.2668145937071787,0.6174019901690445,0.2611741890276504,outputs_small/ntrain_10/d_tcsr/rw/linear/lambda_0.0/target_lr_0.95/landmark_True/seed_8,10
d_tcsr,rw,linear,0.0,0.95,True,9,0.5615992561599256,0.29582424736068413,0.5781381129360987,0.29111536282106704,outputs_small/ntrain_10/d_tcsr/rw/linear/lambda_0.0/target_lr_0.95/landmark_True/seed_9,10
d_tcsr,rw,linear,0.0,0.95,True,0,0.6073897635508047,0.2820830883253102,0.6049634336410502,0.2913948872586277,outputs_small/ntrain_10/d_tcsr/rw/linear/lambda_0.0/target_lr_0.95/landmark_True/seed_0,10
d_tcsr,rw,linear,0.0,0.95,True,7,0.5484762126323136,0.3443565914140489,0.5763697398393478,0.30744587816166424,outputs_small/ntrain_10/d_tcsr/rw/linear/lambda_0.0/target_lr_0.95/landmark_True/seed_7,10
d_tcsr,rw,linear,0.0,0.75,True,2,0.5304143234247676,0.34744800495925326,0.6128461815130081,0.3147568815184177,outputs_small/ntrain_10/d_tcsr/rw/linear/lambda_0.0/target_lr_0.75/landmark_True/seed_2,10
d_tcsr,rw,linear,0.0,0.75,True,5,0.6025467193303071,0.29163668859545594,0.6691943412060904,0.2382269477611284,outputs_small/ntrain_10/d_tcsr/rw/linear/lambda_0.0/target_lr_0.75/landmark_True/seed_5,10
d_tcsr,rw,linear,0.0,0.75,True,4,0.6015114979709463,0.290731947664661,0.6282819805778683,0.26769797757875724,outputs_small/ntrain_10/d_tcsr/rw/linear/lambda_0.0/target_lr_0.75/landmark_True/seed_4,10
d_tcsr,rw,linear,0.0,0.75,True,3,0.6402413894612894,0.2769826771250387,0.6456060424409543,0.24621967542181453,outputs_small/ntrain_10/d_tcsr/rw/linear/lambda_0.0/target_lr_0.75/landmark_True/seed_3,10
d_tcsr,rw,linear,0.0,0.75,True,6,0.578136826783115,0.2985947442937935,0.5979498861047836,0.278788708844485,outputs_small/ntrain_10/d_tcsr/rw/linear/lambda_0.0/target_lr_0.75/landmark_True/seed_6,10
d_tcsr,rw,linear,0.0,0.75,True,1,0.5522848162475822,0.3362971936139597,0.5899472485313512,0.2966104601209288,outputs_small/ntrain_10/d_tcsr/rw/linear/lambda_0.0/target_lr_0.75/landmark_True/seed_1,10
d_tcsr,rw,linear,0.0,0.75,True,8,0.6172177810077519,0.2674325989244066,0.6226771370339288,0.2633445824506058,outputs_small/ntrain_10/d_tcsr/rw/linear/lambda_0.0/target_lr_0.75/landmark_True/seed_8,10
d_tcsr,rw,linear,0.0,0.75,True,9,0.5638075313807531,0.29612323041994904,0.6011269631938616,0.2878822573689087,outputs_small/ntrain_10/d_tcsr/rw/linear/lambda_0.0/target_lr_0.75/landmark_True/seed_9,10
d_tcsr,rw,linear,0.0,0.75,True,0,0.6084354848079939,0.2829248097825564,0.6075410622227551,0.2899129007788162,outputs_small/ntrain_10/d_tcsr/rw/linear/lambda_0.0/target_lr_0.75/landmark_True/seed_0,10
d_tcsr,rw,linear,0.0,0.75,True,7,0.5576073048737932,0.36438728978756335,0.5847919913679415,0.3307982901252806,outputs_small/ntrain_10/d_tcsr/rw/linear/lambda_0.0/target_lr_0.75/landmark_True/seed_7,10
d_tcsr,rw,linear,0.0,0.1,True,2,0.5607425685756915,0.2756043840907995,0.5517623786116772,0.286212080373816,outputs_small/ntrain_10/d_tcsr/rw/linear/lambda_0.0/target_lr_0.1/landmark_True/seed_2,10
d_tcsr,rw,linear,0.0,0.1,True,5,0.595649354477392,0.27373163291402663,0.6787255724733245,0.2361948516737292,outputs_small/ntrain_10/d_tcsr/rw/linear/lambda_0.0/target_lr_0.1/landmark_True/seed_5,10
d_tcsr,rw,linear,0.0,0.1,True,4,0.6097159324825031,0.306599365039504,0.6064620549094832,0.2863068505826998,outputs_small/ntrain_10/d_tcsr/rw/linear/lambda_0.0/target_lr_0.1/landmark_True/seed_4,10
d_tcsr,rw,linear,0.0,0.1,True,3,0.5925228142478658,0.30330591988130934,0.6256444071454262,0.2606505647811885,outputs_small/ntrain_10/d_tcsr/rw/linear/lambda_0.0/target_lr_0.1/landmark_True/seed_3,10
d_tcsr,rw,linear,0.0,0.1,True,6,0.6182823871906842,0.26911573021456503,0.6407505095312312,0.2599777107282193,outputs_small/ntrain_10/d_tcsr/rw/linear/lambda_0.0/target_lr_0.1/landmark_True/seed_6,10
d_tcsr,rw,linear,0.0,0.1,True,1,0.5556697292069632,0.33443016806216397,0.5939635535307517,0.2784983745139007,outputs_small/ntrain_10/d_tcsr/rw/linear/lambda_0.0/target_lr_0.1/landmark_True/seed_1,10
d_tcsr,rw,linear,0.0,0.1,True,8,0.6321160368217055,0.2797541559838137,0.6396415297925908,0.2575158792288524,outputs_small/ntrain_10/d_tcsr/rw/linear/lambda_0.0/target_lr_0.1/landmark_True/seed_8,10
d_tcsr,rw,linear,0.0,0.1,True,9,0.6340364946536494,0.26860265442307324,0.6222575230787676,0.26014315433948065,outputs_small/ntrain_10/d_tcsr/rw/linear/lambda_0.0/target_lr_0.1/landmark_True/seed_9,10
d_tcsr,rw,linear,0.0,0.1,True,0,0.612850752338349,0.28136852517874006,0.6405706749790193,0.26207179827493166,outputs_small/ntrain_10/d_tcsr/rw/linear/lambda_0.0/target_lr_0.1/landmark_True/seed_0,10
d_tcsr,rw,linear,0.0,0.1,True,7,0.5961091078283122,0.28258192770700047,0.6174919074451505,0.27260479208674,outputs_small/ntrain_10/d_tcsr/rw/linear/lambda_0.0/target_lr_0.1/landmark_True/seed_7,10
d_tcsr,rw,linear,0.0,0.01,True,2,0.5658785722483645,0.2757025557479913,0.5631519002517684,0.28404759897229154,outputs_small/ntrain_10/d_tcsr/rw/linear/lambda_0.0/target_lr_0.01/landmark_True/seed_2,10
d_tcsr,rw,linear,0.0,0.01,True,5,0.5917585332783116,0.275240426214133,0.6687147824001918,0.24201372315405104,outputs_small/ntrain_10/d_tcsr/rw/linear/lambda_0.0/target_lr_0.01/landmark_True/seed_5,10
d_tcsr,rw,linear,0.0,0.01,True,4,0.5906310651061577,0.3157673391121268,0.5944131399112816,0.2926822120518048,outputs_small/ntrain_10/d_tcsr/rw/linear/lambda_0.0/target_lr_0.01/landmark_True/seed_4,10
d_tcsr,rw,linear,0.0,0.01,True,3,0.588430968501619,0.30465220688956934,0.6271730008392279,0.26333487121057464,outputs_small/ntrain_10/d_tcsr/rw/linear/lambda_0.0/target_lr_0.01/landmark_True/seed_3,10
d_tcsr,rw,linear,0.0,0.01,True,6,0.6190393013100437,0.2696758037319138,0.6427586620309316,0.25975902071179846,outputs_small/ntrain_10/d_tcsr/rw/linear/lambda_0.0/target_lr_0.01/landmark_True/seed_6,10
d_tcsr,rw,linear,0.0,0.01,True,1,0.5492323500967118,0.3382791552491957,0.6061623306557967,0.28106176535315286,outputs_small/ntrain_10/d_tcsr/rw/linear/lambda_0.0/target_lr_0.01/landmark_True/seed_1,10
d_tcsr,rw,linear,0.0,0.01,True,8,0.6289365310077519,0.2850259598355433,0.6325380649802183,0.2583811105670427,outputs_small/ntrain_10/d_tcsr/rw/linear/lambda_0.0/target_lr_0.01/landmark_True/seed_8,10
d_tcsr,rw,linear,0.0,0.01,True,9,0.620728730822873,0.2718805493949282,0.614524637333653,0.2655964702806906,outputs_small/ntrain_10/d_tcsr/rw/linear/lambda_0.0/target_lr_0.01/landmark_True/seed_9,10
d_tcsr,rw,linear,0.0,0.01,True,0,0.6126183698367513,0.28199414377224646,0.6375734324421533,0.26359002375930807,outputs_small/ntrain_10/d_tcsr/rw/linear/lambda_0.0/target_lr_0.01/landmark_True/seed_0,10
d_tcsr,rw,linear,0.0,0.01,True,7,0.5897406071885541,0.2867342874812885,0.6242656755784678,0.2749853102494996,outputs_small/ntrain_10/d_tcsr/rw/linear/lambda_0.0/target_lr_0.01/landmark_True/seed_7,10
d_tcsr,rw,linear,0.0,0.9,True,2,0.5155801675657065,0.3526984511573286,0.5996882867761659,0.31252500181758824,outputs_small/ntrain_10/d_tcsr/rw/linear/lambda_0.0/target_lr_0.9/landmark_True/seed_2,10
d_tcsr,rw,linear,0.0,0.9,True,5,0.5905205447149678,0.3151102411509871,0.652349838148903,0.2648186431908635,outputs_small/ntrain_10/d_tcsr/rw/linear/lambda_0.0/target_lr_0.9/landmark_True/seed_5,10
d_tcsr,rw,linear,0.0,0.9,True,4,0.6047462212550726,0.28897691981435764,0.6265735523318547,0.26478060306233897,outputs_small/ntrain_10/d_tcsr/rw/linear/lambda_0.0/target_lr_0.9/landmark_True/seed_4,10
d_tcsr,rw,linear,0.0,0.9,True,3,0.6443626729467177,0.27312935660939136,0.6565160052751469,0.24029731666319726,outputs_small/ntrain_10/d_tcsr/rw/linear/lambda_0.0/target_lr_0.9/landmark_True/seed_3,10
d_tcsr,rw,linear,0.0,0.9,True,6,0.5803202328966521,0.29666055633607474,0.6053231027454742,0.27698942749610994,outputs_small/ntrain_10/d_tcsr/rw/linear/lambda_0.0/target_lr_0.9/landmark_True/seed_6,10
d_tcsr,rw,linear,0.0,0.9,True,1,0.5570599613152805,0.33518018005195616,0.5880290133077568,0.29709718780818195,outputs_small/ntrain_10/d_tcsr/rw/linear/lambda_0.0/target_lr_0.9/landmark_True/seed_1,10
d_tcsr,rw,linear,0.0,0.9,True,8,0.6190952034883721,0.26771823229134967,0.6164428725572473,0.2619328128995256,outputs_small/ntrain_10/d_tcsr/rw/linear/lambda_0.0/target_lr_0.9/landmark_True/seed_8,10
d_tcsr,rw,linear,0.0,0.9,True,9,0.5484367735936774,0.30296862124338825,0.5780781680853615,0.2918558896445809,outputs_small/ntrain_10/d_tcsr/rw/linear/lambda_0.0/target_lr_0.9/landmark_True/seed_9,10
d_tcsr,rw,linear,0.0,0.9,True,0,0.6081159588682972,0.2822775453768993,0.6062822203572713,0.2911765500494538,outputs_small/ntrain_10/d_tcsr/rw/linear/lambda_0.0/target_lr_0.9/landmark_True/seed_0,10
d_tcsr,rw,linear,0.0,0.9,True,7,0.5677561940211702,0.3397932536650841,0.5752307876753386,0.3103187668709971,outputs_small/ntrain_10/d_tcsr/rw/linear/lambda_0.0/target_lr_0.9/landmark_True/seed_7,10
d_tcsr,rw,linear,0.0,0.25,True,2,0.548175140594514,0.2750031685627741,0.5416017264117012,0.28819840157591636,outputs_small/ntrain_10/d_tcsr/rw/linear/lambda_0.0/target_lr_0.25/landmark_True/seed_2,10
d_tcsr,rw,linear,0.0,0.25,True,5,0.6012497789306137,0.2718902730501772,0.6801342764656516,0.23034646601749395,outputs_small/ntrain_10/d_tcsr/rw/linear/lambda_0.0/target_lr_0.25/landmark_True/seed_5,10
d_tcsr,rw,linear,0.0,0.25,True,4,0.6253014173969299,0.29280109163071405,0.614614554609759,0.27584800984706614,outputs_small/ntrain_10/d_tcsr/rw/linear/lambda_0.0/target_lr_0.25/landmark_True/seed_4,10
d_tcsr,rw,linear,0.0,0.25,True,3,0.5953488372093023,0.3018581278855496,0.6141949406545978,0.25753183347910447,outputs_small/ntrain_10/d_tcsr/rw/linear/lambda_0.0/target_lr_0.25/landmark_True/seed_3,10
d_tcsr,rw,linear,0.0,0.25,True,6,0.5926346433770014,0.26929495471765774,0.6307996643088358,0.26227819648989065,outputs_small/ntrain_10/d_tcsr/rw/linear/lambda_0.0/target_lr_0.25/landmark_True/seed_6,10
d_tcsr,rw,linear,0.0,0.25,True,1,0.5518012572533849,0.3292069886231443,0.5827238940175039,0.2729362609632674,outputs_small/ntrain_10/d_tcsr/rw/linear/lambda_0.0/target_lr_0.25/landmark_True/seed_1,10
d_tcsr,rw,linear,0.0,0.25,True,8,0.6358103197674418,0.27227095682215946,0.6358350317707709,0.2557750908616526,outputs_small/ntrain_10/d_tcsr/rw/linear/lambda_0.0/target_lr_0.25/landmark_True/seed_8,10
d_tcsr,rw,linear,0.0,0.25,True,9,0.6023361227336123,0.24332887320208482,0.6302301882268313,0.23204947767272188,outputs_small/ntrain_10/d_tcsr/rw/linear/lambda_0.0/target_lr_0.25/landmark_True/seed_9,10
d_tcsr,rw,linear,0.0,0.25,True,0,0.602451635391855,0.28056997890948343,0.6396115573672222,0.2598939916345913,outputs_small/ntrain_10/d_tcsr/rw/linear/lambda_0.0/target_lr_0.25/landmark_True/seed_0,10
d_tcsr,rw,linear,0.0,0.25,True,7,0.5983191811096894,0.2776101775936226,0.6103584702074092,0.2688562061881683,outputs_small/ntrain_10/d_tcsr/rw/linear/lambda_0.0/target_lr_0.25/landmark_True/seed_7,10
tcsr_fitted,pbc2,linear,0.0,1.0,True,2,0.7033271719038817,0.19362487977186538,0.7278543307086615,0.22497521078338875,outputs_small/ntrain_20/tcsr_fitted/pbc2/linear/lambda_0.0/target_lr_1.0/landmark_True/seed_2,20
tcsr_fitted,pbc2,linear,0.0,1.0,True,5,0.7437722419928826,0.21849922945713401,0.8671259842519685,0.1658028499509478,outputs_small/ntrain_20/tcsr_fitted/pbc2/linear/lambda_0.0/target_lr_1.0/landmark_True/seed_5,20
tcsr_fitted,pbc2,linear,0.0,1.0,True,4,0.7554086538461539,0.19583959070825088,0.859251968503937,0.1684031287630665,outputs_small/ntrain_20/tcsr_fitted/pbc2/linear/lambda_0.0/target_lr_1.0/landmark_True/seed_4,20
tcsr_fitted,pbc2,linear,0.0,1.0,True,3,0.7728690228690228,0.1823956095670178,0.8184055118110236,0.1531737853957318,outputs_small/ntrain_20/tcsr_fitted/pbc2/linear/lambda_0.0/target_lr_1.0/landmark_True/seed_3,20
tcsr_fitted,pbc2,linear,0.0,1.0,True,6,0.8312182741116751,0.1510654933249246,0.8262795275590551,0.1246225836716181,outputs_small/ntrain_20/tcsr_fitted/pbc2/linear/lambda_0.0/target_lr_1.0/landmark_True/seed_6,20
tcsr_fitted,pbc2,linear,0.0,1.0,True,1,0.78428927680798,0.21540544008924425,0.8587598425196851,0.14276982195665666,outputs_small/ntrain_20/tcsr_fitted/pbc2/linear/lambda_0.0/target_lr_1.0/landmark_True/seed_1,20
tcsr_fitted,pbc2,linear,0.0,1.0,True,8,0.6480836236933798,0.19290707212798597,0.7893700787401575,0.18111346813873952,outputs_small/ntrain_20/tcsr_fitted/pbc2/linear/lambda_0.0/target_lr_1.0/landmark_True/seed_8,20
tcsr_fitted,pbc2,linear,0.0,1.0,True,9,0.6908990011098779,0.2303482020386542,0.7554133858267716,0.16096901835608124,outputs_small/ntrain_20/tcsr_fitted/pbc2/linear/lambda_0.0/target_lr_1.0/landmark_True/seed_9,20
tcsr_fitted,pbc2,linear,0.0,1.0,True,0,0.7391304347826086,0.16218722425911844,0.7839566929133859,0.1957396551094179,outputs_small/ntrain_20/tcsr_fitted/pbc2/linear/lambda_0.0/target_lr_1.0/landmark_True/seed_0,20
tcsr_fitted,pbc2,linear,0.0,1.0,True,7,0.7001187648456056,0.19657790136484166,0.8341535433070866,0.14483877958252073,outputs_small/ntrain_20/tcsr_fitted/pbc2/linear/lambda_0.0/target_lr_1.0/landmark_True/seed_7,20
tcsr_fitted,pbc2,linear,0.0,0.1,True,2,0.7111829944547134,0.20036353750483926,0.7042322834645669,0.24777962976603896,outputs_small/ntrain_20/tcsr_fitted/pbc2/linear/lambda_0.0/target_lr_0.1/landmark_True/seed_2,20
tcsr_fitted,pbc2,linear,0.0,0.1,True,5,0.7597864768683275,0.21104048940386652,0.8380905511811023,0.1631741815619422,outputs_small/ntrain_20/tcsr_fitted/pbc2/linear/lambda_0.0/target_lr_0.1/landmark_True/seed_5,20
tcsr_fitted,pbc2,linear,0.0,0.1,True,4,0.7542067307692307,0.18422643774331776,0.8312007874015748,0.16098864985667188,outputs_small/ntrain_20/tcsr_fitted/pbc2/linear/lambda_0.0/target_lr_0.1/landmark_True/seed_4,20
tcsr_fitted,pbc2,linear,0.0,0.1,True,3,0.8056133056133056,0.13533816115969918,0.8646653543307087,0.10866357328766715,outputs_small/ntrain_20/tcsr_fitted/pbc2/linear/lambda_0.0/target_lr_0.1/landmark_True/seed_3,20
tcsr_fitted,pbc2,linear,0.0,0.1,True,6,0.8331218274111675,0.1645484128146813,0.84251968503937,0.10274787618749336,outputs_small/ntrain_20/tcsr_fitted/pbc2/linear/lambda_0.0/target_lr_0.1/landmark_True/seed_6,20
tcsr_fitted,pbc2,linear,0.0,0.1,True,1,0.7992518703241895,0.20037363058550473,0.9045275590551181,0.10036660290195926,outputs_small/ntrain_20/tcsr_fitted/pbc2/linear/lambda_0.0/target_lr_0.1/landmark_True/seed_1,20
tcsr_fitted,pbc2,linear,0.0,0.1,True,8,0.7125435540069687,0.1934847697778436,0.8085629921259843,0.1772097322612177,outputs_small/ntrain_20/tcsr_fitted/pbc2/linear/lambda_0.0/target_lr_0.1/landmark_True/seed_8,20
tcsr_fitted,pbc2,linear,0.0,0.1,True,9,0.7330743618201998,0.20601828377949122,0.8223425196850394,0.11387015066191428,outputs_small/ntrain_20/tcsr_fitted/pbc2/linear/lambda_0.0/target_lr_0.1/landmark_True/seed_9,20
tcsr_fitted,pbc2,linear,0.0,0.1,True,0,0.7862318840579711,0.14198337703445477,0.8218503937007874,0.16091538670575273,outputs_small/ntrain_20/tcsr_fitted/pbc2/linear/lambda_0.0/target_lr_0.1/landmark_True/seed_0,20
tcsr_fitted,pbc2,linear,0.0,0.1,True,7,0.744061757719715,0.18980618018183754,0.8823818897637795,0.10628032466507219,outputs_small/ntrain_20/tcsr_fitted/pbc2/linear/lambda_0.0/target_lr_0.1/landmark_True/seed_7,20
tcsr_fitted,pbc2,linear,0.0,0.01,True,2,0.6501848428835489,0.22519108712432112,0.5812007874015748,0.30149618677507806,outputs_small/ntrain_20/tcsr_fitted/pbc2/linear/lambda_0.0/target_lr_0.01/landmark_True/seed_2,20
tcsr_fitted,pbc2,linear,0.0,0.01,True,5,0.7698695136417556,0.21612252097773782,0.8248031496062992,0.16885822929474148,outputs_small/ntrain_20/tcsr_fitted/pbc2/linear/lambda_0.0/target_lr_0.01/landmark_True/seed_5,20
tcsr_fitted,pbc2,linear,0.0,0.01,True,4,0.7391826923076923,0.18826463484976957,0.828248031496063,0.17334928408004383,outputs_small/ntrain_20/tcsr_fitted/pbc2/linear/lambda_0.0/target_lr_0.01/landmark_True/seed_4,20
tcsr_fitted,pbc2,linear,0.0,0.01,True,3,0.841995841995842,0.09874945261829224,0.9010826771653543,0.09845340760769207,outputs_small/ntrain_20/tcsr_fitted/pbc2/linear/lambda_0.0/target_lr_0.01/landmark_True/seed_3,20
tcsr_fitted,pbc2,linear,0.0,0.01,True,6,0.8293147208121827,0.17586944782794336,0.8420275590551181,0.10658884375865514,outputs_small/ntrain_20/tcsr_fitted/pbc2/linear/lambda_0.0/target_lr_0.01/landmark_True/seed_6,20
tcsr_fitted,pbc2,linear,0.0,0.01,True,1,0.7899002493765586,0.204374925712191,0.9015748031496063,0.09457433811876806,outputs_small/ntrain_20/tcsr_fitted/pbc2/linear/lambda_0.0/target_lr_0.01/landmark_True/seed_1,20
tcsr_fitted,pbc2,linear,0.0,0.01,True,8,0.7311265969802555,0.19050651804572816,0.8233267716535433,0.1725724642588166,outputs_small/ntrain_20/tcsr_fitted/pbc2/linear/lambda_0.0/target_lr_0.01/landmark_True/seed_8,20
tcsr_fitted,pbc2,linear,0.0,0.01,True,9,0.7469478357380688,0.20167926657678345,0.8420275590551181,0.10603979413637707,outputs_small/ntrain_20/tcsr_fitted/pbc2/linear/lambda_0.0/target_lr_0.01/landmark_True/seed_9,20
tcsr_fitted,pbc2,linear,0.0,0.01,True,0,0.8128019323671497,0.14460035814371608,0.8636811023622047,0.13630193514886343,outputs_small/ntrain_20/tcsr_fitted/pbc2/linear/lambda_0.0/target_lr_0.01/landmark_True/seed_0,20
tcsr_fitted,pbc2,linear,0.0,0.01,True,7,0.7719714964370546,0.1886865854740823,0.8961614173228346,0.08496185163589257,outputs_small/ntrain_20/tcsr_fitted/pbc2/linear/lambda_0.0/target_lr_0.01/landmark_True/seed_7,20
tcsr_fitted,pbc2,linear,0.0,0.0,True,2,0.5586876155268022,0.3202596197898795,0.5142716535433071,0.38282517642105834,outputs_small/ntrain_20/tcsr_fitted/pbc2/linear/lambda_0.0/target_lr_0.0/landmark_True/seed_2,20
tcsr_fitted,pbc2,linear,0.0,0.0,True,5,0.7740213523131673,0.21110464715971305,0.8297244094488189,0.16769062008471852,outputs_small/ntrain_20/tcsr_fitted/pbc2/linear/lambda_0.0/target_lr_0.0/landmark_True/seed_5,20
tcsr_fitted,pbc2,linear,0.0,0.0,True,4,0.7379807692307693,0.19031980404595586,0.8307086614173228,0.1788782073022852,outputs_small/ntrain_20/tcsr_fitted/pbc2/linear/lambda_0.0/target_lr_0.0/landmark_True/seed_4,20
tcsr_fitted,pbc2,linear,0.0,0.0,True,3,0.8544698544698545,0.09397769996503307,0.8828740157480315,0.10842038253825184,outputs_small/ntrain_20/tcsr_fitted/pbc2/linear/lambda_0.0/target_lr_0.0/landmark_True/seed_3,20
tcsr_fitted,pbc2,linear,0.0,0.0,True,6,0.8299492385786802,0.1776592020223144,0.8400590551181102,0.10738795026198979,outputs_small/ntrain_20/tcsr_fitted/pbc2/linear/lambda_0.0/target_lr_0.0/landmark_True/seed_6,20
tcsr_fitted,pbc2,linear,0.0,0.0,True,1,0.7917705735660848,0.2145436627278181,0.8951771653543307,0.09461147068440512,outputs_small/ntrain_20/tcsr_fitted/pbc2/linear/lambda_0.0/target_lr_0.0/landmark_True/seed_1,20
tcsr_fitted,pbc2,linear,0.0,0.0,True,8,0.7456445993031359,0.18915278891747736,0.8203740157480315,0.16793150910190147,outputs_small/ntrain_20/tcsr_fitted/pbc2/linear/lambda_0.0/target_lr_0.0/landmark_True/seed_8,20
tcsr_fitted,pbc2,linear,0.0,0.0,True,9,0.7574916759156493,0.19365011595255294,0.84251968503937,0.10365143998258963,outputs_small/ntrain_20/tcsr_fitted/pbc2/linear/lambda_0.0/target_lr_0.0/landmark_True/seed_9,20
tcsr_fitted,pbc2,linear,0.0,0.0,True,0,0.8019323671497585,0.1542605647929455,0.8715551181102362,0.12573040180683845,outputs_small/ntrain_20/tcsr_fitted/pbc2/linear/lambda_0.0/target_lr_0.0/landmark_True/seed_0,20
tcsr_fitted,pbc2,linear,0.0,0.0,True,7,0.7541567695961995,0.18606606365812947,0.8809055118110236,0.09630744955097753,outputs_small/ntrain_20/tcsr_fitted/pbc2/linear/lambda_0.0/target_lr_0.0/landmark_True/seed_7,20
tcsr_fitted,aids,linear,0.0,1.0,True,2,0.5954844778927564,0.1829754404823182,0.6885325558794947,0.1707692921884835,outputs_small/ntrain_20/tcsr_fitted/aids/linear/lambda_0.0/target_lr_1.0/landmark_True/seed_2,20
tcsr_fitted,aids,linear,0.0,1.0,True,5,0.6815181518151815,0.17610022381489085,0.6326530612244898,0.17239586287581377,outputs_small/ntrain_20/tcsr_fitted/aids/linear/lambda_0.0/target_lr_1.0/landmark_True/seed_5,20
tcsr_fitted,aids,linear,0.0,1.0,True,4,0.7382710686359687,0.1830004398099573,0.7096695821185617,0.17461100731729048,outputs_small/ntrain_20/tcsr_fitted/aids/linear/lambda_0.0/target_lr_1.0/landmark_True/seed_4,20
tcsr_fitted,aids,linear,0.0,1.0,True,3,0.6224874371859297,0.2771168510749702,0.7079689018464529,0.2244621240682374,outputs_small/ntrain_20/tcsr_fitted/aids/linear/lambda_0.0/target_lr_1.0/landmark_True/seed_3,20
tcsr_fitted,aids,linear,0.0,1.0,True,6,0.7067363530778165,0.18307877920253493,0.7043245869776482,0.21257868674361274,outputs_small/ntrain_20/tcsr_fitted/aids/linear/lambda_0.0/target_lr_1.0/landmark_True/seed_6,20
tcsr_fitted,aids,linear,0.0,1.0,True,1,0.7726259473918858,0.14112249589331421,0.7215743440233237,0.15854467572353012,outputs_small/ntrain_20/tcsr_fitted/aids/linear/lambda_0.0/target_lr_1.0/landmark_True/seed_1,20
tcsr_fitted,aids,linear,0.0,1.0,True,8,0.6636363636363637,0.1941972914056937,0.7103984450923226,0.19579007952855007,outputs_small/ntrain_20/tcsr_fitted/aids/linear/lambda_0.0/target_lr_1.0/landmark_True/seed_8,20
tcsr_fitted,aids,linear,0.0,1.0,True,9,0.6619148936170213,0.20403805891384955,0.6054421768707483,0.20419812812579022,outputs_small/ntrain_20/tcsr_fitted/aids/linear/lambda_0.0/target_lr_1.0/landmark_True/seed_9,20
tcsr_fitted,aids,linear,0.0,1.0,True,0,0.658694770976895,0.18700313721175005,0.641885325558795,0.17502585335382073,outputs_small/ntrain_20/tcsr_fitted/aids/linear/lambda_0.0/target_lr_1.0/landmark_True/seed_0,20
tcsr_fitted,aids,linear,0.0,1.0,True,7,0.7399065023374416,0.18082723402500347,0.6975218658892128,0.16945789703281197,outputs_small/ntrain_20/tcsr_fitted/aids/linear/lambda_0.0/target_lr_1.0/landmark_True/seed_7,20
tcsr_fitted,aids,linear,0.0,0.1,True,2,0.5790216368767639,0.20387520423238611,0.6588921282798834,0.1720363262471073,outputs_small/ntrain_20/tcsr_fitted/aids/linear/lambda_0.0/target_lr_0.1/landmark_True/seed_2,20
tcsr_fitted,aids,linear,0.0,0.1,True,5,0.6623349834983498,0.20687898399895144,0.6137026239067055,0.1947998131747518,outputs_small/ntrain_20/tcsr_fitted/aids/linear/lambda_0.0/target_lr_0.1/landmark_True/seed_5,20
tcsr_fitted,aids,linear,0.0,0.1,True,4,0.6980886185925282,0.19423172366998193,0.6569484936831875,0.17717391305668692,outputs_small/ntrain_20/tcsr_fitted/aids/linear/lambda_0.0/target_lr_0.1/landmark_True/seed_4,20
tcsr_fitted,aids,linear,0.0,0.1,True,3,0.6957705192629816,0.2940480187388153,0.7261904761904762,0.23321181098611926,outputs_small/ntrain_20/tcsr_fitted/aids/linear/lambda_0.0/target_lr_0.1/landmark_True/seed_3,20
tcsr_fitted,aids,linear,0.0,0.1,True,6,0.7179636082075106,0.16653104671251312,0.7125850340136054,0.18721055307037596,outputs_small/ntrain_20/tcsr_fitted/aids/linear/lambda_0.0/target_lr_0.1/landmark_True/seed_6,20
tcsr_fitted,aids,linear,0.0,0.1,True,1,0.7407489968791797,0.15703957218765086,0.6938775510204082,0.15887654811821203,outputs_small/ntrain_20/tcsr_fitted/aids/linear/lambda_0.0/target_lr_0.1/landmark_True/seed_1,20
tcsr_fitted,aids,linear,0.0,0.1,True,8,0.6359307359307359,0.22339605405651575,0.6817298347910593,0.19810869084453742,outputs_small/ntrain_20/tcsr_fitted/aids/linear/lambda_0.0/target_lr_0.1/landmark_True/seed_8,20
tcsr_fitted,aids,linear,0.0,0.1,True,9,0.693404255319149,0.2108182093934203,0.6428571428571429,0.19722507898105202,outputs_small/ntrain_20/tcsr_fitted/aids/linear/lambda_0.0/target_lr_0.1/landmark_True/seed_9,20
tcsr_fitted,aids,linear,0.0,0.1,True,0,0.6550466153222537,0.18001004558424988,0.6333819241982507,0.17434407949448363,outputs_small/ntrain_20/tcsr_fitted/aids/linear/lambda_0.0/target_lr_0.1/landmark_True/seed_0,20
tcsr_fitted,aids,linear,0.0,0.1,True,7,0.7103697407564811,0.18598209641369232,0.6715257531584062,0.1719120964880349,outputs_small/ntrain_20/tcsr_fitted/aids/linear/lambda_0.0/target_lr_0.1/landmark_True/seed_7,20
tcsr_fitted,aids,linear,0.0,0.01,True,2,0.5569143932267169,0.22963075674492917,0.6392128279883382,0.18675138586626408,outputs_small/ntrain_20/tcsr_fitted/aids/linear/lambda_0.0/target_lr_0.01/landmark_True/seed_2,20
tcsr_fitted,aids,linear,0.0,0.01,True,5,0.659447194719472,0.22147162151638725,0.6178328474246841,0.20569638460621714,outputs_small/ntrain_20/tcsr_fitted/aids/linear/lambda_0.0/target_lr_0.01/landmark_True/seed_5,20
tcsr_fitted,aids,linear,0.0,0.01,True,4,0.6513900955690703,0.20316402854528814,0.6387269193391643,0.1853962402426287,outputs_small/ntrain_20/tcsr_fitted/aids/linear/lambda_0.0/target_lr_0.01/landmark_True/seed_4,20
tcsr_fitted,aids,linear,0.0,0.01,True,3,0.6825795644891123,0.31770052077039795,0.6870748299319728,0.25382056425491245,outputs_small/ntrain_20/tcsr_fitted/aids/linear/lambda_0.0/target_lr_0.01/landmark_True/seed_3,20
tcsr_fitted,aids,linear,0.0,0.01,True,6,0.670150987224158,0.19288442598549782,0.7111273080660836,0.17840591127508348,outputs_small/ntrain_20/tcsr_fitted/aids/linear/lambda_0.0/target_lr_0.01/landmark_True/seed_6,20
tcsr_fitted,aids,linear,0.0,0.01,True,1,0.7534551939366919,0.1642365687705384,0.6929057337220602,0.1596020298727146,outputs_small/ntrain_20/tcsr_fitted/aids/linear/lambda_0.0/target_lr_0.01/landmark_True/seed_1,20
tcsr_fitted,aids,linear,0.0,0.01,True,8,0.5928571428571429,0.247333338487991,0.6550048590864918,0.2066706822827252,outputs_small/ntrain_20/tcsr_fitted/aids/linear/lambda_0.0/target_lr_0.01/landmark_True/seed_8,20
tcsr_fitted,aids,linear,0.0,0.01,True,9,0.6357446808510638,0.21325511355914742,0.641885325558795,0.1811867873471803,outputs_small/ntrain_20/tcsr_fitted/aids/linear/lambda_0.0/target_lr_0.01/landmark_True/seed_9,20
tcsr_fitted,aids,linear,0.0,0.01,True,0,0.6477503040129712,0.17000641370625244,0.6348396501457726,0.1727221575929098,outputs_small/ntrain_20/tcsr_fitted/aids/linear/lambda_0.0/target_lr_0.01/landmark_True/seed_0,20
tcsr_fitted,aids,linear,0.0,0.01,True,7,0.7088822779430515,0.20120889807155598,0.629980563654033,0.18734198640045888,outputs_small/ntrain_20/tcsr_fitted/aids/linear/lambda_0.0/target_lr_0.01/landmark_True/seed_7,20
tcsr_fitted,aids,linear,0.0,0.0,True,2,0.5557384760112888,0.23868502749927326,0.6360544217687075,0.19159673707427777,outputs_small/ntrain_20/tcsr_fitted/aids/linear/lambda_0.0/target_lr_0.0/landmark_True/seed_2,20
tcsr_fitted,aids,linear,0.0,0.0,True,5,0.659447194719472,0.22417843482705344,0.6158892128279884,0.20798361005586377,outputs_small/ntrain_20/tcsr_fitted/aids/linear/lambda_0.0/target_lr_0.0/landmark_True/seed_5,20
tcsr_fitted,aids,linear,0.0,0.0,True,4,0.63249348392702,0.21764484307103316,0.6309523809523809,0.1983839313636464,outputs_small/ntrain_20/tcsr_fitted/aids/linear/lambda_0.0/target_lr_0.0/landmark_True/seed_4,20
tcsr_fitted,aids,linear,0.0,0.0,True,3,0.6656197654941374,0.353922383067737,0.6775996112730807,0.2971826309377107,outputs_small/ntrain_20/tcsr_fitted/aids/linear/lambda_0.0/target_lr_0.0/landmark_True/seed_3,20
tcsr_fitted,aids,linear,0.0,0.0,True,6,0.6569879984514131,0.2299820911855836,0.6863459669582118,0.1956069204549981,outputs_small/ntrain_20/tcsr_fitted/aids/linear/lambda_0.0/target_lr_0.0/landmark_True/seed_6,20
tcsr_fitted,aids,linear,0.0,0.0,True,1,0.72447614801605,0.17049130057686035,0.6989795918367347,0.15550349754299023,outputs_small/ntrain_20/tcsr_fitted/aids/linear/lambda_0.0/target_lr_0.0/landmark_True/seed_1,20
tcsr_fitted,aids,linear,0.0,0.0,True,8,0.6203463203463203,0.24325289043730516,0.6501457725947521,0.2141387398390044,outputs_small/ntrain_20/tcsr_fitted/aids/linear/lambda_0.0/target_lr_0.0/landmark_True/seed_8,20
tcsr_fitted,aids,linear,0.0,0.0,True,9,0.6140425531914894,0.21624191601962986,0.6644800777453839,0.1786618668579366,outputs_small/ntrain_20/tcsr_fitted/aids/linear/lambda_0.0/target_lr_0.0/landmark_True/seed_9,20
tcsr_fitted,aids,linear,0.0,0.0,True,0,0.6246453182002432,0.17385021088082317,0.5954810495626822,0.17680607347764699,outputs_small/ntrain_20/tcsr_fitted/aids/linear/lambda_0.0/target_lr_0.0/landmark_True/seed_0,20
tcsr_fitted,aids,linear,0.0,0.0,True,7,0.6978325541861453,0.2093646494073067,0.6263362487852284,0.19524918742761538,outputs_small/ntrain_20/tcsr_fitted/aids/linear/lambda_0.0/target_lr_0.0/landmark_True/seed_7,20
tcsr_fitted,rw,linear,0.0,1.0,True,2,0.6191323309996557,0.2233167346447141,0.6697338448627262,0.21356024862151834,outputs_small/ntrain_20/tcsr_fitted/rw/linear/lambda_0.0/target_lr_1.0/landmark_True/seed_2,20
tcsr_fitted,rw,linear,0.0,1.0,True,5,0.6383894358309261,0.22284781687008823,0.7054010310514327,0.19036182743776572,outputs_small/ntrain_20/tcsr_fitted/rw/linear/lambda_0.0/target_lr_1.0/landmark_True/seed_5,20
tcsr_fitted,rw,linear,0.0,1.0,True,4,0.6834970299358937,0.21933168698476674,0.6647584222515286,0.21440504964694782,outputs_small/ntrain_20/tcsr_fitted/rw/linear/lambda_0.0/target_lr_1.0/landmark_True/seed_4,20
tcsr_fitted,rw,linear,0.0,1.0,True,3,0.6163673829849867,0.23980095833141968,0.6597530272149622,0.21145261702514598,outputs_small/ntrain_20/tcsr_fitted/rw/linear/lambda_0.0/target_lr_1.0/landmark_True/seed_3,20
tcsr_fitted,rw,linear,0.0,1.0,True,6,0.6462299854439593,0.2068858677815742,0.7002158014626544,0.19586004595303771,outputs_small/ntrain_20/tcsr_fitted/rw/linear/lambda_0.0/target_lr_1.0/landmark_True/seed_6,20
tcsr_fitted,rw,linear,0.0,1.0,True,1,0.550078578336557,0.2966416863531328,0.6148243615873397,0.23414473279778827,outputs_small/ntrain_20/tcsr_fitted/rw/linear/lambda_0.0/target_lr_1.0/landmark_True/seed_1,20
tcsr_fitted,rw,linear,0.0,1.0,True,8,0.6812318313953488,0.21501256991331183,0.6681453063181872,0.2125520488744341,outputs_small/ntrain_20/tcsr_fitted/rw/linear/lambda_0.0/target_lr_1.0/landmark_True/seed_8,20
tcsr_fitted,rw,linear,0.0,1.0,True,9,0.6335715946071595,0.2203938548274207,0.6584042680733725,0.21266662975257167,outputs_small/ntrain_20/tcsr_fitted/rw/linear/lambda_0.0/target_lr_1.0/landmark_True/seed_9,20
tcsr_fitted,rw,linear,0.0,1.0,True,0,0.6319351652820543,0.21716564779446576,0.6581345162450546,0.21011856047226782,outputs_small/ntrain_20/tcsr_fitted/rw/linear/lambda_0.0/target_lr_1.0/landmark_True/seed_0,20
tcsr_fitted,rw,linear,0.0,1.0,True,7,0.6075375130859603,0.23380183673132518,0.6633796906845701,0.20181481410106455,outputs_small/ntrain_20/tcsr_fitted/rw/linear/lambda_0.0/target_lr_1.0/landmark_True/seed_7,20
tcsr_fitted,rw,linear,0.0,0.1,True,2,0.5927063009296454,0.2506840037221519,0.6623606282220357,0.22911689559209714,outputs_small/ntrain_20/tcsr_fitted/rw/linear/lambda_0.0/target_lr_0.1/landmark_True/seed_2,20
tcsr_fitted,rw,linear,0.0,0.1,True,5,0.639008430112598,0.22965534249195088,0.7105562882148423,0.19427285006712983,outputs_small/ntrain_20/tcsr_fitted/rw/linear/lambda_0.0/target_lr_0.1/landmark_True/seed_5,20
tcsr_fitted,rw,linear,0.0,0.1,True,4,0.6759983532317826,0.21135076314086143,0.661191703632658,0.20984595860188182,outputs_small/ntrain_20/tcsr_fitted/rw/linear/lambda_0.0/target_lr_0.1/landmark_True/seed_4,20
tcsr_fitted,rw,linear,0.0,0.1,True,3,0.6226964969090374,0.2445534709598952,0.6626303800503537,0.2140387811439647,outputs_small/ntrain_20/tcsr_fitted/rw/linear/lambda_0.0/target_lr_0.1/landmark_True/seed_3,20
tcsr_fitted,rw,linear,0.0,0.1,True,6,0.65254730713246,0.20855305798642035,0.6997362426567558,0.1941342760079464,outputs_small/ntrain_20/tcsr_fitted/rw/linear/lambda_0.0/target_lr_0.1/landmark_True/seed_6,20
tcsr_fitted,rw,linear,0.0,0.1,True,1,0.5410118471953579,0.3099075723904971,0.6122167605802662,0.24572246462722774,outputs_small/ntrain_20/tcsr_fitted/rw/linear/lambda_0.0/target_lr_0.1/landmark_True/seed_1,20
tcsr_fitted,rw,linear,0.0,0.1,True,8,0.6910428779069767,0.20769722386822645,0.659063661431483,0.20823052214740556,outputs_small/ntrain_20/tcsr_fitted/rw/linear/lambda_0.0/target_lr_0.1/landmark_True/seed_8,20
tcsr_fitted,rw,linear,0.0,0.1,True,9,0.631741050674105,0.2218136226135541,0.6710226591535787,0.21298785871490766,outputs_small/ntrain_20/tcsr_fitted/rw/linear/lambda_0.0/target_lr_0.1/landmark_True/seed_9,20
tcsr_fitted,rw,linear,0.0,0.1,True,0,0.6142450473479347,0.22544935873280889,0.6563961155736722,0.21685770948039645,outputs_small/ntrain_20/tcsr_fitted/rw/linear/lambda_0.0/target_lr_0.1/landmark_True/seed_0,20
tcsr_fitted,rw,linear,0.0,0.1,True,7,0.6051820402465976,0.23821878546680564,0.669314230907565,0.20554034135947805,outputs_small/ntrain_20/tcsr_fitted/rw/linear/lambda_0.0/target_lr_0.1/landmark_True/seed_7,20
tcsr_fitted,rw,linear,0.0,0.01,True,2,0.5954321129346953,0.25514340696433047,0.6632598009830956,0.23187472212061333,outputs_small/ntrain_20/tcsr_fitted/rw/linear/lambda_0.0/target_lr_0.01/landmark_True/seed_2,20
tcsr_fitted,rw,linear,0.0,0.01,True,5,0.6389494782762483,0.2309040593823812,0.7128341925428606,0.1952091216412568,outputs_small/ntrain_20/tcsr_fitted/rw/linear/lambda_0.0/target_lr_0.01/landmark_True/seed_5,20
tcsr_fitted,rw,linear,0.0,0.01,True,4,0.6736164206316533,0.21103317033311528,0.6595432202373817,0.2098421038167094,outputs_small/ntrain_20/tcsr_fitted/rw/linear/lambda_0.0/target_lr_0.01/landmark_True/seed_4,20
tcsr_fitted,rw,linear,0.0,0.01,True,3,0.6214601118634089,0.2452900966422756,0.6637993046397315,0.21456060309275096,outputs_small/ntrain_20/tcsr_fitted/rw/linear/lambda_0.0/target_lr_0.01/landmark_True/seed_3,20
tcsr_fitted,rw,linear,0.0,0.01,True,6,0.647802037845706,0.20897306456223744,0.7047116652679535,0.19413298371972315,outputs_small/ntrain_20/tcsr_fitted/rw/linear/lambda_0.0/target_lr_0.01/landmark_True/seed_6,20
tcsr_fitted,rw,linear,0.0,0.01,True,1,0.5398331721470019,0.3124064717106189,0.6092794628941374,0.24772636648862617,outputs_small/ntrain_20/tcsr_fitted/rw/linear/lambda_0.0/target_lr_0.01/landmark_True/seed_1,20
tcsr_fitted,rw,linear,0.0,0.01,True,8,0.6904978197674418,0.20692604580147966,0.6611017863565519,0.20783809236455497,outputs_small/ntrain_20/tcsr_fitted/rw/linear/lambda_0.0/target_lr_0.01/landmark_True/seed_8,20
tcsr_fitted,rw,linear,0.0,0.01,True,9,0.6268886564388656,0.22229826182923532,0.6688646445270351,0.21334096449226883,outputs_small/ntrain_20/tcsr_fitted/rw/linear/lambda_0.0/target_lr_0.01/landmark_True/seed_9,20
tcsr_fitted,rw,linear,0.0,0.01,True,0,0.6149421948527276,0.2270013516503476,0.6544179354993406,0.21815649254570288,outputs_small/ntrain_20/tcsr_fitted/rw/linear/lambda_0.0/target_lr_0.01/landmark_True/seed_0,20
tcsr_fitted,rw,linear,0.0,0.01,True,7,0.605327439804583,0.23901807882944465,0.6653578707589018,0.20626066336398186,outputs_small/ntrain_20/tcsr_fitted/rw/linear/lambda_0.0/target_lr_0.01/landmark_True/seed_7,20
tcsr_fitted,rw,linear,0.0,0.0,True,2,0.5943417881326754,0.2556579884957113,0.6614914278863445,0.23219527349730473,outputs_small/ntrain_20/tcsr_fitted/rw/linear/lambda_0.0/target_lr_0.0/landmark_True/seed_2,20
tcsr_fitted,rw,linear,0.0,0.0,True,5,0.6399811354123681,0.23104941852977373,0.7128341925428606,0.19531866405542334,outputs_small/ntrain_20/tcsr_fitted/rw/linear/lambda_0.0/target_lr_0.0/landmark_True/seed_5,20
tcsr_fitted,rw,linear,0.0,0.0,True,4,0.6728812562488973,0.21100841908694445,0.6593633856851696,0.2098505443618902,outputs_small/ntrain_20/tcsr_fitted/rw/linear/lambda_0.0/target_lr_0.0/landmark_True/seed_4,20
tcsr_fitted,rw,linear,0.0,0.0,True,3,0.6211951722107742,0.24537561611634556,0.662420573072773,0.21462239211562167,outputs_small/ntrain_20/tcsr_fitted/rw/linear/lambda_0.0/target_lr_0.0/landmark_True/seed_3,20
tcsr_fitted,rw,linear,0.0,0.0,True,6,0.6494323144104803,0.20902312827380812,0.7047116652679535,0.19413516077355747,outputs_small/ntrain_20/tcsr_fitted/rw/linear/lambda_0.0/target_lr_0.0/landmark_True/seed_6,20
tcsr_fitted,rw,linear,0.0,0.0,True,1,0.538926499032882,0.3127039244465367,0.6087699316628702,0.24795964278716934,outputs_small/ntrain_20/tcsr_fitted/rw/linear/lambda_0.0/target_lr_0.0/landmark_True/seed_1,20
tcsr_fitted,rw,linear,0.0,0.0,True,8,0.6904978197674418,0.20683977320373603,0.6603824481477041,0.20779506666297284,outputs_small/ntrain_20/tcsr_fitted/rw/linear/lambda_0.0/target_lr_0.0/landmark_True/seed_8,20
tcsr_fitted,rw,linear,0.0,0.0,True,9,0.6262494188749419,0.22235706566064425,0.6688646445270351,0.21338469781603586,outputs_small/ntrain_20/tcsr_fitted/rw/linear/lambda_0.0/target_lr_0.0/landmark_True/seed_9,20
tcsr_fitted,rw,linear,0.0,0.0,True,0,0.6145645732876315,0.22718440330633893,0.6546277424769212,0.21830969670529535,outputs_small/ntrain_20/tcsr_fitted/rw/linear/lambda_0.0/target_lr_0.0/landmark_True/seed_0,20
tcsr_fitted,rw,linear,0.0,0.0,True,7,0.604106083517506,0.23911169297026916,0.6654178156096391,0.20634481627182197,outputs_small/ntrain_20/tcsr_fitted/rw/linear/lambda_0.0/target_lr_0.0/landmark_True/seed_7,20
inc_tcsr,pbc2,linear,0.0,1.0,True,2,0.6418669131238447,0.219663325587871,0.6697834645669292,0.21830592889490485,outputs_small/ntrain_20/inc_tcsr/pbc2/linear/lambda_0.0/target_lr_1.0/landmark_True/seed_2,20
inc_tcsr,pbc2,linear,0.0,1.0,True,5,0.5693950177935944,0.2557684117845021,0.7170275590551181,0.20509890017156654,outputs_small/ntrain_20/inc_tcsr/pbc2/linear/lambda_0.0/target_lr_1.0/landmark_True/seed_5,20
inc_tcsr,pbc2,linear,0.0,1.0,True,4,0.7487980769230769,0.19451612145669211,0.8562992125984252,0.15747860197074864,outputs_small/ntrain_20/inc_tcsr/pbc2/linear/lambda_0.0/target_lr_1.0/landmark_True/seed_4,20
inc_tcsr,pbc2,linear,0.0,1.0,True,3,0.7728690228690228,0.1664861892625425,0.8036417322834646,0.12794593140379537,outputs_small/ntrain_20/inc_tcsr/pbc2/linear/lambda_0.0/target_lr_1.0/landmark_True/seed_3,20
inc_tcsr,pbc2,linear,0.0,1.0,True,6,0.866751269035533,0.14132180083398832,0.8779527559055118,0.13847437236575103,outputs_small/ntrain_20/inc_tcsr/pbc2/linear/lambda_0.0/target_lr_1.0/landmark_True/seed_6,20
inc_tcsr,pbc2,linear,0.0,1.0,True,1,0.7281795511221946,0.20741035940158564,0.7219488188976378,0.18812610323248952,outputs_small/ntrain_20/inc_tcsr/pbc2/linear/lambda_0.0/target_lr_1.0/landmark_True/seed_1,20
inc_tcsr,pbc2,linear,0.0,1.0,True,8,0.616144018583043,0.21914127614421364,0.7637795275590551,0.1661893702867098,outputs_small/ntrain_20/inc_tcsr/pbc2/linear/lambda_0.0/target_lr_1.0/landmark_True/seed_8,20
inc_tcsr,pbc2,linear,0.0,1.0,True,9,0.7530521642619312,0.22065481401782122,0.8233267716535433,0.16569540289512943,outputs_small/ntrain_20/inc_tcsr/pbc2/linear/lambda_0.0/target_lr_1.0/landmark_True/seed_9,20
inc_tcsr,pbc2,linear,0.0,1.0,True,0,0.7391304347826086,0.15473296957468216,0.8262795275590551,0.13938414677723968,outputs_small/ntrain_20/inc_tcsr/pbc2/linear/lambda_0.0/target_lr_1.0/landmark_True/seed_0,20
inc_tcsr,pbc2,linear,0.0,1.0,True,7,0.7244655581947743,0.22492038143206936,0.8415354330708661,0.16836179565625287,outputs_small/ntrain_20/inc_tcsr/pbc2/linear/lambda_0.0/target_lr_1.0/landmark_True/seed_7,20
inc_tcsr,aids,linear,0.0,1.0,True,2,0.4473189087488241,0.21365475372735587,0.521622934888241,0.21001735252495746,outputs_small/ntrain_20/inc_tcsr/aids/linear/lambda_0.0/target_lr_1.0/landmark_True/seed_2,20
inc_tcsr,aids,linear,0.0,1.0,True,5,0.6951320132013201,0.1940267855225576,0.6241496598639455,0.17126580100144842,outputs_small/ntrain_20/inc_tcsr/aids/linear/lambda_0.0/target_lr_1.0/landmark_True/seed_5,20
inc_tcsr,aids,linear,0.0,1.0,True,4,0.6394439617723718,0.2063427252463173,0.6209912536443148,0.17643308618291065,outputs_small/ntrain_20/inc_tcsr/aids/linear/lambda_0.0/target_lr_1.0/landmark_True/seed_4,20
inc_tcsr,aids,linear,0.0,1.0,True,3,0.6932579564489112,0.21912860603593834,0.6865889212827988,0.18084691896063324,outputs_small/ntrain_20/inc_tcsr/aids/linear/lambda_0.0/target_lr_1.0/landmark_True/seed_3,20
inc_tcsr,aids,linear,0.0,1.0,True,6,0.7382888114595432,0.14566007017629953,0.7441690962099126,0.17153417030645698,outputs_small/ntrain_20/inc_tcsr/aids/linear/lambda_0.0/target_lr_1.0/landmark_True/seed_6,20
inc_tcsr,aids,linear,0.0,1.0,True,1,0.7505572893446277,0.1564584841110213,0.685374149659864,0.1474125231859009,outputs_small/ntrain_20/inc_tcsr/aids/linear/lambda_0.0/target_lr_1.0/landmark_True/seed_1,20
inc_tcsr,aids,linear,0.0,1.0,True,8,0.6471861471861472,0.1728703347284078,0.6955782312925171,0.16009911042094066,outputs_small/ntrain_20/inc_tcsr/aids/linear/lambda_0.0/target_lr_1.0/landmark_True/seed_8,20
inc_tcsr,aids,linear,0.0,1.0,True,9,0.6502127659574468,0.19708796344585142,0.6190476190476191,0.18556778558321368,outputs_small/ntrain_20/inc_tcsr/aids/linear/lambda_0.0/target_lr_1.0/landmark_True/seed_9,20
inc_tcsr,aids,linear,0.0,1.0,True,0,0.6011349817592218,0.2163889072099615,0.6098153547133139,0.18747869631657105,outputs_small/ntrain_20/inc_tcsr/aids/linear/lambda_0.0/target_lr_1.0/landmark_True/seed_0,20
inc_tcsr,aids,linear,0.0,1.0,True,7,0.69592010199745,0.19137187729199834,0.6256073858114675,0.16567967802232225,outputs_small/ntrain_20/inc_tcsr/aids/linear/lambda_0.0/target_lr_1.0/landmark_True/seed_7,20
inc_tcsr,rw,linear,0.0,1.0,True,2,0.5906117295994491,0.30712891998733965,0.6479738640450785,0.2648977273586818,outputs_small/ntrain_20/inc_tcsr/rw/linear/lambda_0.0/target_lr_1.0/landmark_True/seed_2,20
inc_tcsr,rw,linear,0.0,1.0,True,5,0.6506808937098391,0.24857774542725294,0.7029732645965712,0.2163490353998407,outputs_small/ntrain_20/inc_tcsr/rw/linear/lambda_0.0/target_lr_1.0/landmark_True/seed_5,20
inc_tcsr,rw,linear,0.0,1.0,True,4,0.6579133094159854,0.21578226277071133,0.6302901330775686,0.24349124805165762,outputs_small/ntrain_20/inc_tcsr/rw/linear/lambda_0.0/target_lr_1.0/landmark_True/seed_4,20
inc_tcsr,rw,linear,0.0,1.0,True,3,0.627906976744186,0.2438805534726534,0.6536386524397554,0.22122282725845588,outputs_small/ntrain_20/inc_tcsr/rw/linear/lambda_0.0/target_lr_1.0/landmark_True/seed_3,20
inc_tcsr,rw,linear,0.0,1.0,True,6,0.6500145560407569,0.2546925235409473,0.6998561323582304,0.2339666484396774,outputs_small/ntrain_20/inc_tcsr/rw/linear/lambda_0.0/target_lr_1.0/landmark_True/seed_6,20
inc_tcsr,rw,linear,0.0,1.0,True,1,0.5373851547388782,0.3237047537506037,0.5953422850977101,0.2759777073420808,outputs_small/ntrain_20/inc_tcsr/rw/linear/lambda_0.0/target_lr_1.0/landmark_True/seed_1,20
inc_tcsr,rw,linear,0.0,1.0,True,8,0.7149951550387597,0.19537892287994374,0.7053111137753267,0.20109006195308815,outputs_small/ntrain_20/inc_tcsr/rw/linear/lambda_0.0/target_lr_1.0/landmark_True/seed_8,20
inc_tcsr,rw,linear,0.0,1.0,True,9,0.6126220362622036,0.25520541487923454,0.6483934780002398,0.24480189783667264,outputs_small/ntrain_20/inc_tcsr/rw/linear/lambda_0.0/target_lr_1.0/landmark_True/seed_9,20
inc_tcsr,rw,linear,0.0,1.0,True,0,0.6035554522744437,0.25890963182537274,0.6519601966191104,0.25489171519992954,outputs_small/ntrain_20/inc_tcsr/rw/linear/lambda_0.0/target_lr_1.0/landmark_True/seed_0,20
inc_tcsr,rw,linear,0.0,1.0,True,7,0.5954984296847737,0.26189363618574873,0.6608620069536026,0.25044824286670175,outputs_small/ntrain_20/inc_tcsr/rw/linear/lambda_0.0/target_lr_1.0/landmark_True/seed_7,20
cox,pbc2,linear,0.0,1.0,True,2,0.7121072088724584,0.2735417214586378,0.6668307086614174,0.22505206077582574,outputs_small/ntrain_20/cox/pbc2/linear/lambda_0.0/target_lr_1.0/landmark_True/seed_2,20
cox,pbc2,linear,0.0,1.0,True,5,0.6850533807829181,0.24685690055626702,0.7381889763779528,0.1995658632304519,outputs_small/ntrain_20/cox/pbc2/linear/lambda_0.0/target_lr_1.0/landmark_True/seed_5,20
cox,pbc2,linear,0.0,1.0,True,4,0.6772836538461539,0.24940504593762972,0.6687992125984252,0.22822748955459507,outputs_small/ntrain_20/cox/pbc2/linear/lambda_0.0/target_lr_1.0/landmark_True/seed_4,20
cox,pbc2,linear,0.0,1.0,True,3,0.75,0.19584844224460118,0.7081692913385826,0.22084650509655346,outputs_small/ntrain_20/cox/pbc2/linear/lambda_0.0/target_lr_1.0/landmark_True/seed_3,20
cox,pbc2,linear,0.0,1.0,True,6,0.6281725888324873,0.2793431457319595,0.6417322834645669,0.2450070122750437,outputs_small/ntrain_20/cox/pbc2/linear/lambda_0.0/target_lr_1.0/landmark_True/seed_6,20
cox,pbc2,linear,0.0,1.0,True,1,0.7206982543640897,0.24442882036578306,0.7687007874015748,0.19850233239532072,outputs_small/ntrain_20/cox/pbc2/linear/lambda_0.0/target_lr_1.0/landmark_True/seed_1,20
cox,pbc2,linear,0.0,1.0,True,8,0.6544715447154471,0.29894319951432496,0.7514763779527559,0.18638127393717954,outputs_small/ntrain_20/cox/pbc2/linear/lambda_0.0/target_lr_1.0/landmark_True/seed_8,20
cox,pbc2,linear,0.0,1.0,True,9,0.7852386237513873,0.19794818660158064,0.639763779527559,0.2267797508928337,outputs_small/ntrain_20/cox/pbc2/linear/lambda_0.0/target_lr_1.0/landmark_True/seed_9,20
cox,pbc2,linear,0.0,1.0,True,0,0.6956521739130435,0.22707677556763983,0.8169291338582677,0.1419253694626394,outputs_small/ntrain_20/cox/pbc2/linear/lambda_0.0/target_lr_1.0/landmark_True/seed_0,20
cox,pbc2,linear,0.0,1.0,True,7,0.6270783847980997,0.2446776653043077,0.734251968503937,0.2080679509016124,outputs_small/ntrain_20/cox/pbc2/linear/lambda_0.0/target_lr_1.0/landmark_True/seed_7,20
cox,aids,linear,0.0,1.0,True,2,0.5696142991533396,0.21818537138701652,0.5556365403304179,0.25025121313527454,outputs_small/ntrain_20/cox/aids/linear/lambda_0.0/target_lr_1.0/landmark_True/seed_2,20
cox,aids,linear,0.0,1.0,True,5,0.5,0.31464687497189187,0.5,0.3518079518813784,outputs_small/ntrain_20/cox/aids/linear/lambda_0.0/target_lr_1.0/landmark_True/seed_5,20
cox,aids,linear,0.0,1.0,True,4,0.6188097306689835,0.22205275915621175,0.5847910592808552,0.21851452184091105,outputs_small/ntrain_20/cox/aids/linear/lambda_0.0/target_lr_1.0/landmark_True/seed_4,20
cox,aids,linear,0.0,1.0,True,3,0.6023869346733668,0.20759577946419044,0.5838192419825073,0.21558921507685827,outputs_small/ntrain_20/cox/aids/linear/lambda_0.0/target_lr_1.0/landmark_True/seed_3,20
cox,aids,linear,0.0,1.0,True,6,0.6912504839334107,0.17848800494169667,0.6926627793974732,0.16386294544161834,outputs_small/ntrain_20/cox/aids/linear/lambda_0.0/target_lr_1.0/landmark_True/seed_6,20
cox,aids,linear,0.0,1.0,True,1,0.6359786000891663,0.2550250499146287,0.5884353741496599,0.21271649842092658,outputs_small/ntrain_20/cox/aids/linear/lambda_0.0/target_lr_1.0/landmark_True/seed_1,20
cox,aids,linear,0.0,1.0,True,8,0.6086580086580087,0.21155174162944104,0.6353255587949466,0.17738776388143718,outputs_small/ntrain_20/cox/aids/linear/lambda_0.0/target_lr_1.0/landmark_True/seed_8,20
cox,aids,linear,0.0,1.0,True,9,0.546595744680851,0.21471762943671605,0.5801749271137027,0.2114139781229349,outputs_small/ntrain_20/cox/aids/linear/lambda_0.0/target_lr_1.0/landmark_True/seed_9,20
cox,aids,linear,0.0,1.0,True,0,0.4929063640048642,0.23052243280732493,0.5,0.26003008803458083,outputs_small/ntrain_20/cox/aids/linear/lambda_0.0/target_lr_1.0/landmark_True/seed_0,20
cox,aids,linear,0.0,1.0,True,7,0.6294092647683808,0.18114260240559502,0.5609815354713313,0.19742836109493417,outputs_small/ntrain_20/cox/aids/linear/lambda_0.0/target_lr_1.0/landmark_True/seed_7,20
cox,rw,linear,0.0,1.0,True,2,0.5509009525995638,0.3562697294155281,0.5733125524517444,0.33985144318219823,outputs_small/ntrain_20/cox/rw/linear/lambda_0.0/target_lr_1.0/landmark_True/seed_2,20
cox,rw,linear,0.0,1.0,True,5,0.5919059128691859,0.3135188451475085,0.6690444790792471,0.27943742274378125,outputs_small/ntrain_20/cox/rw/linear/lambda_0.0/target_lr_1.0/landmark_True/seed_5,20
cox,rw,linear,0.0,1.0,True,4,0.5505499029583015,0.37004477314014345,0.5724133796906846,0.35362624431487477,outputs_small/ntrain_20/cox/rw/linear/lambda_0.0/target_lr_1.0/landmark_True/seed_4,20
cox,rw,linear,0.0,1.0,True,3,0.6147777450691787,0.29728156866406946,0.597740079127203,0.2890672919865066,outputs_small/ntrain_20/cox/rw/linear/lambda_0.0/target_lr_1.0/landmark_True/seed_3,20
cox,rw,linear,0.0,1.0,True,6,0.5689374090247453,0.2656852994726452,0.6382028533748951,0.23559103696781783,outputs_small/ntrain_20/cox/rw/linear/lambda_0.0/target_lr_1.0/landmark_True/seed_6,20
cox,rw,linear,0.0,1.0,True,1,0.5304037717601547,0.33948446079800554,0.5723534348399473,0.31216591342432937,outputs_small/ntrain_20/cox/rw/linear/lambda_0.0/target_lr_1.0/landmark_True/seed_1,20
cox,rw,linear,0.0,1.0,True,8,0.5506601259689923,0.2545684870316486,0.5572473324541422,0.2667976786827737,outputs_small/ntrain_20/cox/rw/linear/lambda_0.0/target_lr_1.0/landmark_True/seed_8,20
cox,rw,linear,0.0,1.0,True,9,0.5942003719200372,0.27199358801398554,0.6385924949046877,0.2381441187106212,outputs_small/ntrain_20/cox/rw/linear/lambda_0.0/target_lr_1.0/landmark_True/seed_9,20
cox,rw,linear,0.0,1.0,True,0,0.5764538430256202,0.2839930099439566,0.6132358230428007,0.2581362096890576,outputs_small/ntrain_20/cox/rw/linear/lambda_0.0/target_lr_1.0/landmark_True/seed_0,20
cox,rw,linear,0.0,1.0,True,7,0.6158543678027218,0.2712566256634124,0.6018463014027096,0.27776843592346834,outputs_small/ntrain_20/cox/rw/linear/lambda_0.0/target_lr_1.0/landmark_True/seed_7,20
d_tcsr,pbc2,linear,0.0,0.5,True,2,0.672365988909427,0.22936102055982605,0.6993110236220472,0.3075334100744447,outputs_small/ntrain_20/d_tcsr/pbc2/linear/lambda_0.0/target_lr_0.5/landmark_True/seed_2,20
d_tcsr,pbc2,linear,0.0,0.5,True,5,0.5450771055753262,0.3291526048589558,0.7229330708661418,0.3005815249224482,outputs_small/ntrain_20/d_tcsr/pbc2/linear/lambda_0.0/target_lr_0.5/landmark_True/seed_5,20
d_tcsr,pbc2,linear,0.0,0.5,True,4,0.7109375,0.2484388828681883,0.781003937007874,0.25410632881513906,outputs_small/ntrain_20/d_tcsr/pbc2/linear/lambda_0.0/target_lr_0.5/landmark_True/seed_4,20
d_tcsr,pbc2,linear,0.0,0.5,True,3,0.7427234927234927,0.23394058232614995,0.7672244094488189,0.23412858883645643,outputs_small/ntrain_20/d_tcsr/pbc2/linear/lambda_0.0/target_lr_0.5/landmark_True/seed_3,20
d_tcsr,pbc2,linear,0.0,0.5,True,6,0.7734771573604061,0.2385788986386853,0.781988188976378,0.28739140933718904,outputs_small/ntrain_20/d_tcsr/pbc2/linear/lambda_0.0/target_lr_0.5/landmark_True/seed_6,20
d_tcsr,pbc2,linear,0.0,0.5,True,1,0.7381546134663342,0.2982813394506026,0.7406496062992126,0.29024036637686174,outputs_small/ntrain_20/d_tcsr/pbc2/linear/lambda_0.0/target_lr_0.5/landmark_True/seed_1,20
d_tcsr,pbc2,linear,0.0,0.5,True,8,0.5603948896631823,0.24181707268302116,0.7096456692913385,0.25752028040468194,outputs_small/ntrain_20/d_tcsr/pbc2/linear/lambda_0.0/target_lr_0.5/landmark_True/seed_8,20
d_tcsr,pbc2,linear,0.0,0.5,True,9,0.6786903440621531,0.3190007649659541,0.7101377952755905,0.3049807422933839,outputs_small/ntrain_20/d_tcsr/pbc2/linear/lambda_0.0/target_lr_0.5/landmark_True/seed_9,20
d_tcsr,pbc2,linear,0.0,0.5,True,0,0.6871980676328503,0.24445562995431638,0.7125984251968503,0.288855078725053,outputs_small/ntrain_20/d_tcsr/pbc2/linear/lambda_0.0/target_lr_0.5/landmark_True/seed_0,20
d_tcsr,pbc2,linear,0.0,0.5,True,7,0.6941805225653207,0.30160368658458936,0.765748031496063,0.2759653387905228,outputs_small/ntrain_20/d_tcsr/pbc2/linear/lambda_0.0/target_lr_0.5/landmark_True/seed_7,20
d_tcsr,pbc2,linear,0.0,0.05,True,2,0.5018484288354899,0.34505699743094126,0.5437992125984252,0.4588778263099525,outputs_small/ntrain_20/d_tcsr/pbc2/linear/lambda_0.0/target_lr_0.05/landmark_True/seed_2,20
d_tcsr,pbc2,linear,0.0,0.05,True,5,0.6245551601423488,0.44293106685750744,0.6894685039370079,0.43207148596112804,outputs_small/ntrain_20/d_tcsr/pbc2/linear/lambda_0.0/target_lr_0.05/landmark_True/seed_5,20
d_tcsr,pbc2,linear,0.0,0.05,True,4,0.6929086538461539,0.3800812896683638,0.764763779527559,0.41876066316332156,outputs_small/ntrain_20/d_tcsr/pbc2/linear/lambda_0.0/target_lr_0.05/landmark_True/seed_4,20
d_tcsr,pbc2,linear,0.0,0.05,True,3,0.6704781704781705,0.41997636802272453,0.6653543307086615,0.4354707183281812,outputs_small/ntrain_20/d_tcsr/pbc2/linear/lambda_0.0/target_lr_0.05/landmark_True/seed_3,20
d_tcsr,pbc2,linear,0.0,0.05,True,6,0.5558375634517766,0.41173775362849396,0.5433070866141733,0.4507893991748437,outputs_small/ntrain_20/d_tcsr/pbc2/linear/lambda_0.0/target_lr_0.05/landmark_True/seed_6,20
d_tcsr,pbc2,linear,0.0,0.05,True,1,0.5243142144638404,0.4372055845256463,0.5447834645669292,0.45530006416893276,outputs_small/ntrain_20/d_tcsr/pbc2/linear/lambda_0.0/target_lr_0.05/landmark_True/seed_1,20
d_tcsr,pbc2,linear,0.0,0.05,True,8,0.6451800232288037,0.37850466566793195,0.6756889763779528,0.42579569851091353,outputs_small/ntrain_20/d_tcsr/pbc2/linear/lambda_0.0/target_lr_0.05/landmark_True/seed_8,20
d_tcsr,pbc2,linear,0.0,0.05,True,9,0.4877913429522753,0.43222908965813295,0.5423228346456693,0.455165675160122,outputs_small/ntrain_20/d_tcsr/pbc2/linear/lambda_0.0/target_lr_0.05/landmark_True/seed_9,20
d_tcsr,pbc2,linear,0.0,0.05,True,0,0.625,0.4115414286310259,0.6446850393700787,0.44198913257557343,outputs_small/ntrain_20/d_tcsr/pbc2/linear/lambda_0.0/target_lr_0.05/landmark_True/seed_0,20
d_tcsr,pbc2,linear,0.0,0.05,True,7,0.6864608076009501,0.44927446520987374,0.7381889763779528,0.4300341855796093,outputs_small/ntrain_20/d_tcsr/pbc2/linear/lambda_0.0/target_lr_0.05/landmark_True/seed_7,20
d_tcsr,pbc2,linear,0.0,0.95,True,2,0.6460258780036968,0.2101019836293948,0.6751968503937008,0.22257117965734408,outputs_small/ntrain_20/d_tcsr/pbc2/linear/lambda_0.0/target_lr_0.95/landmark_True/seed_2,20
d_tcsr,pbc2,linear,0.0,0.95,True,5,0.5201660735468565,0.2651744398092539,0.6668307086614174,0.22042470276769932,outputs_small/ntrain_20/d_tcsr/pbc2/linear/lambda_0.0/target_lr_0.95/landmark_True/seed_5,20
d_tcsr,pbc2,linear,0.0,0.95,True,4,0.7325721153846154,0.19070080093793157,0.8331692913385826,0.15883506087358268,outputs_small/ntrain_20/d_tcsr/pbc2/linear/lambda_0.0/target_lr_0.95/landmark_True/seed_4,20
d_tcsr,pbc2,linear,0.0,0.95,True,3,0.7427234927234927,0.19469229878266536,0.7573818897637795,0.1428090379982321,outputs_small/ntrain_20/d_tcsr/pbc2/linear/lambda_0.0/target_lr_0.95/landmark_True/seed_3,20
d_tcsr,pbc2,linear,0.0,0.95,True,6,0.8623096446700508,0.13819254430653194,0.8617125984251969,0.14326839715706016,outputs_small/ntrain_20/d_tcsr/pbc2/linear/lambda_0.0/target_lr_0.95/landmark_True/seed_6,20
d_tcsr,pbc2,linear,0.0,0.95,True,1,0.729426433915212,0.214212809152905,0.7037401574803149,0.19388454800797486,outputs_small/ntrain_20/d_tcsr/pbc2/linear/lambda_0.0/target_lr_0.95/landmark_True/seed_1,20
d_tcsr,pbc2,linear,0.0,0.95,True,8,0.5818815331010453,0.22400052861256628,0.6998031496062992,0.1858557686539799,outputs_small/ntrain_20/d_tcsr/pbc2/linear/lambda_0.0/target_lr_0.95/landmark_True/seed_8,20
d_tcsr,pbc2,linear,0.0,0.95,True,9,0.6792452830188679,0.23938447468475968,0.7455708661417323,0.19147422882946968,outputs_small/ntrain_20/d_tcsr/pbc2/linear/lambda_0.0/target_lr_0.95/landmark_True/seed_9,20
d_tcsr,pbc2,linear,0.0,0.95,True,0,0.7336956521739131,0.15722821463016312,0.8095472440944882,0.15234389381850463,outputs_small/ntrain_20/d_tcsr/pbc2/linear/lambda_0.0/target_lr_0.95/landmark_True/seed_0,20
d_tcsr,pbc2,linear,0.0,0.95,True,7,0.7078384798099763,0.2283738922344781,0.8061023622047244,0.1831155751892235,outputs_small/ntrain_20/d_tcsr/pbc2/linear/lambda_0.0/target_lr_0.95/landmark_True/seed_7,20
d_tcsr,pbc2,linear,0.0,0.75,True,2,0.6487985212569316,0.20356905525097277,0.655511811023622,0.2540715032485652,outputs_small/ntrain_20/d_tcsr/pbc2/linear/lambda_0.0/target_lr_0.75/landmark_True/seed_2,20
d_tcsr,pbc2,linear,0.0,0.75,True,5,0.5166073546856464,0.292800814431413,0.6840551181102362,0.25639581264311734,outputs_small/ntrain_20/d_tcsr/pbc2/linear/lambda_0.0/target_lr_0.75/landmark_True/seed_5,20
d_tcsr,pbc2,linear,0.0,0.75,True,4,0.7241586538461539,0.21424876369887205,0.7849409448818898,0.20189372776692655,outputs_small/ntrain_20/d_tcsr/pbc2/linear/lambda_0.0/target_lr_0.75/landmark_True/seed_4,20
d_tcsr,pbc2,linear,0.0,0.75,True,3,0.7214137214137214,0.2121298901549345,0.7283464566929134,0.17269945826930647,outputs_small/ntrain_20/d_tcsr/pbc2/linear/lambda_0.0/target_lr_0.75/landmark_True/seed_3,20
d_tcsr,pbc2,linear,0.0,0.75,True,6,0.7652284263959391,0.17566262847353917,0.7332677165354331,0.22556786571003215,outputs_small/ntrain_20/d_tcsr/pbc2/linear/lambda_0.0/target_lr_0.75/landmark_True/seed_6,20
d_tcsr,pbc2,linear,0.0,0.75,True,1,0.7256857855361596,0.24100924344238947,0.718503937007874,0.22435323829582673,outputs_small/ntrain_20/d_tcsr/pbc2/linear/lambda_0.0/target_lr_0.75/landmark_True/seed_1,20
d_tcsr,pbc2,linear,0.0,0.75,True,8,0.5638792102206737,0.2171573221091729,0.7007874015748031,0.20299733931205882,outputs_small/ntrain_20/d_tcsr/pbc2/linear/lambda_0.0/target_lr_0.75/landmark_True/seed_8,20
d_tcsr,pbc2,linear,0.0,0.75,True,9,0.6426193118756937,0.2778561229412493,0.672244094488189,0.24591788646135498,outputs_small/ntrain_20/d_tcsr/pbc2/linear/lambda_0.0/target_lr_0.75/landmark_True/seed_9,20
d_tcsr,pbc2,linear,0.0,0.75,True,0,0.678743961352657,0.17800355395396342,0.7140748031496063,0.2170292099092386,outputs_small/ntrain_20/d_tcsr/pbc2/linear/lambda_0.0/target_lr_0.75/landmark_True/seed_0,20
d_tcsr,pbc2,linear,0.0,0.75,True,7,0.7036817102137767,0.25009625649222483,0.7839566929133859,0.21688004945801043,outputs_small/ntrain_20/d_tcsr/pbc2/linear/lambda_0.0/target_lr_0.75/landmark_True/seed_7,20
d_tcsr,pbc2,linear,0.0,0.1,True,2,0.6090573012939002,0.3317539212006838,0.6894685039370079,0.44276072167437114,outputs_small/ntrain_20/d_tcsr/pbc2/linear/lambda_0.0/target_lr_0.1/landmark_True/seed_2,20
d_tcsr,pbc2,linear,0.0,0.1,True,5,0.6233689205219455,0.4297968181317597,0.7706692913385826,0.4166026636751685,outputs_small/ntrain_20/d_tcsr/pbc2/linear/lambda_0.0/target_lr_0.1/landmark_True/seed_5,20
d_tcsr,pbc2,linear,0.0,0.1,True,4,0.7013221153846154,0.36311841197491945,0.7721456692913385,0.4003412806035863,outputs_small/ntrain_20/d_tcsr/pbc2/linear/lambda_0.0/target_lr_0.1/landmark_True/seed_4,20
d_tcsr,pbc2,linear,0.0,0.1,True,3,0.7136174636174636,0.4010252808546026,0.7544291338582677,0.41656310769699206,outputs_small/ntrain_20/d_tcsr/pbc2/linear/lambda_0.0/target_lr_0.1/landmark_True/seed_3,20
d_tcsr,pbc2,linear,0.0,0.1,True,6,0.6808375634517766,0.39376086636953866,0.71998031496063,0.4334785132150929,outputs_small/ntrain_20/d_tcsr/pbc2/linear/lambda_0.0/target_lr_0.1/landmark_True/seed_6,20
d_tcsr,pbc2,linear,0.0,0.1,True,1,0.614713216957606,0.4223536301706553,0.6884842519685039,0.43842261450366504,outputs_small/ntrain_20/d_tcsr/pbc2/linear/lambda_0.0/target_lr_0.1/landmark_True/seed_1,20
d_tcsr,pbc2,linear,0.0,0.1,True,8,0.5609756097560976,0.36149918244178914,0.7219488188976378,0.4064986566046834,outputs_small/ntrain_20/d_tcsr/pbc2/linear/lambda_0.0/target_lr_0.1/landmark_True/seed_8,20
d_tcsr,pbc2,linear,0.0,0.1,True,9,0.5849056603773585,0.41972883601569183,0.656496062992126,0.43946471793375047,outputs_small/ntrain_20/d_tcsr/pbc2/linear/lambda_0.0/target_lr_0.1/landmark_True/seed_9,20
d_tcsr,pbc2,linear,0.0,0.1,True,0,0.6727053140096618,0.3956058719170956,0.7165354330708661,0.4256443778399025,outputs_small/ntrain_20/d_tcsr/pbc2/linear/lambda_0.0/target_lr_0.1/landmark_True/seed_0,20
d_tcsr,pbc2,linear,0.0,0.1,True,7,0.7024940617577197,0.43268957599965463,0.7337598425196851,0.4128152770597631,outputs_small/ntrain_20/d_tcsr/pbc2/linear/lambda_0.0/target_lr_0.1/landmark_True/seed_7,20
d_tcsr,pbc2,linear,0.0,0.01,True,2,0.5,0.3551907498658813,0.5,0.47097271614095293,outputs_small/ntrain_20/d_tcsr/pbc2/linear/lambda_0.0/target_lr_0.01/landmark_True/seed_2,20
d_tcsr,pbc2,linear,0.0,0.01,True,5,0.569988137603796,0.4533901607482067,0.5895669291338582,0.44440082933546415,outputs_small/ntrain_20/d_tcsr/pbc2/linear/lambda_0.0/target_lr_0.01/landmark_True/seed_5,20
d_tcsr,pbc2,linear,0.0,0.01,True,4,0.6442307692307693,0.3937650420979935,0.7160433070866141,0.4331868140446154,outputs_small/ntrain_20/d_tcsr/pbc2/linear/lambda_0.0/target_lr_0.01/landmark_True/seed_4,20
d_tcsr,pbc2,linear,0.0,0.01,True,3,0.6133056133056133,0.4331298229171048,0.6003937007874016,0.4494119501971074,outputs_small/ntrain_20/d_tcsr/pbc2/linear/lambda_0.0/target_lr_0.01/landmark_True/seed_3,20
d_tcsr,pbc2,linear,0.0,0.01,True,6,0.508248730964467,0.42519461817581766,0.4950787401574803,0.4636971891548004,outputs_small/ntrain_20/d_tcsr/pbc2/linear/lambda_0.0/target_lr_0.01/landmark_True/seed_6,20
d_tcsr,pbc2,linear,0.0,0.01,True,1,0.5,0.4484616026125065,0.5,0.4680284628503713,outputs_small/ntrain_20/d_tcsr/pbc2/linear/lambda_0.0/target_lr_0.01/landmark_True/seed_1,20
d_tcsr,pbc2,linear,0.0,0.01,True,8,0.6347270615563299,0.39165131446480755,0.672244094488189,0.44049612460762877,outputs_small/ntrain_20/d_tcsr/pbc2/linear/lambda_0.0/target_lr_0.01/landmark_True/seed_8,20
d_tcsr,pbc2,linear,0.0,0.01,True,9,0.5,0.441850888635638,0.5,0.4672081855436867,outputs_small/ntrain_20/d_tcsr/pbc2/linear/lambda_0.0/target_lr_0.01/landmark_True/seed_9,20
d_tcsr,pbc2,linear,0.0,0.01,True,0,0.5573671497584541,0.4234860320805154,0.5482283464566929,0.45444301231829115,outputs_small/ntrain_20/d_tcsr/pbc2/linear/lambda_0.0/target_lr_0.01/landmark_True/seed_0,20
d_tcsr,pbc2,linear,0.0,0.01,True,7,0.6567695961995249,0.46223439894275176,0.6264763779527559,0.4434744145226473,outputs_small/ntrain_20/d_tcsr/pbc2/linear/lambda_0.0/target_lr_0.01/landmark_True/seed_7,20
d_tcsr,pbc2,linear,0.0,0.9,True,2,0.6483364140480592,0.21152042301757437,0.6422244094488189,0.2314797428020785,outputs_small/ntrain_20/d_tcsr/pbc2/linear/lambda_0.0/target_lr_0.9/landmark_True/seed_2,20
d_tcsr,pbc2,linear,0.0,0.9,True,5,0.5462633451957295,0.2694470622762323,0.6875,0.22578569315640723,outputs_small/ntrain_20/d_tcsr/pbc2/linear/lambda_0.0/target_lr_0.9/landmark_True/seed_5,20
d_tcsr,pbc2,linear,0.0,0.9,True,4,0.7355769230769231,0.1930979256064532,0.8159448818897638,0.1671069994596025,outputs_small/ntrain_20/d_tcsr/pbc2/linear/lambda_0.0/target_lr_0.9/landmark_True/seed_4,20
d_tcsr,pbc2,linear,0.0,0.9,True,3,0.7260914760914761,0.20687625057576192,0.7317913385826772,0.15187418561308402,outputs_small/ntrain_20/d_tcsr/pbc2/linear/lambda_0.0/target_lr_0.9/landmark_True/seed_3,20
d_tcsr,pbc2,linear,0.0,0.9,True,6,0.8248730964467005,0.14412307676420916,0.8144685039370079,0.16914328145915777,outputs_small/ntrain_20/d_tcsr/pbc2/linear/lambda_0.0/target_lr_0.9/landmark_True/seed_6,20
d_tcsr,pbc2,linear,0.0,0.9,True,1,0.7238154613466334,0.21559442842978166,0.6963582677165354,0.1966434517855343,outputs_small/ntrain_20/d_tcsr/pbc2/linear/lambda_0.0/target_lr_0.9/landmark_True/seed_1,20
d_tcsr,pbc2,linear,0.0,0.9,True,8,0.5603948896631823,0.2231300337536133,0.6786417322834646,0.1948517568953536,outputs_small/ntrain_20/d_tcsr/pbc2/linear/lambda_0.0/target_lr_0.9/landmark_True/seed_8,20
d_tcsr,pbc2,linear,0.0,0.9,True,9,0.658157602663707,0.25069687005644,0.6909448818897638,0.20733368247963124,outputs_small/ntrain_20/d_tcsr/pbc2/linear/lambda_0.0/target_lr_0.9/landmark_True/seed_9,20
d_tcsr,pbc2,linear,0.0,0.9,True,0,0.7240338164251208,0.15925453282257102,0.7716535433070866,0.17105813740185197,outputs_small/ntrain_20/d_tcsr/pbc2/linear/lambda_0.0/target_lr_0.9/landmark_True/seed_0,20
d_tcsr,pbc2,linear,0.0,0.9,True,7,0.7167458432304038,0.22995437734663518,0.7667322834645669,0.19679045818029817,outputs_small/ntrain_20/d_tcsr/pbc2/linear/lambda_0.0/target_lr_0.9/landmark_True/seed_7,20
d_tcsr,pbc2,linear,0.0,0.25,True,2,0.7028650646950092,0.29193816521682503,0.6373031496062992,0.3929194888334594,outputs_small/ntrain_20/d_tcsr/pbc2/linear/lambda_0.0/target_lr_0.25/landmark_True/seed_2,20
d_tcsr,pbc2,linear,0.0,0.25,True,5,0.594306049822064,0.39236905409323525,0.7362204724409449,0.3729869446353387,outputs_small/ntrain_20/d_tcsr/pbc2/linear/lambda_0.0/target_lr_0.25/landmark_True/seed_5,20
d_tcsr,pbc2,linear,0.0,0.25,True,4,0.6550480769230769,0.3174223749077068,0.7721456692913385,0.34685853228166336,outputs_small/ntrain_20/d_tcsr/pbc2/linear/lambda_0.0/target_lr_0.25/landmark_True/seed_4,20
d_tcsr,pbc2,linear,0.0,0.25,True,3,0.7562370062370062,0.3341777541571559,0.7578740157480315,0.3540783382625013,outputs_small/ntrain_20/d_tcsr/pbc2/linear/lambda_0.0/target_lr_0.25/landmark_True/seed_3,20
d_tcsr,pbc2,linear,0.0,0.25,True,6,0.725253807106599,0.3377210844099124,0.7544291338582677,0.3796034550821096,outputs_small/ntrain_20/d_tcsr/pbc2/linear/lambda_0.0/target_lr_0.25/landmark_True/seed_6,20
d_tcsr,pbc2,linear,0.0,0.25,True,1,0.7312967581047382,0.3770913286479623,0.7017716535433071,0.3861043844597824,outputs_small/ntrain_20/d_tcsr/pbc2/linear/lambda_0.0/target_lr_0.25/landmark_True/seed_1,20
d_tcsr,pbc2,linear,0.0,0.25,True,8,0.5447154471544715,0.31244018118492783,0.6899606299212598,0.3492457599398642,outputs_small/ntrain_20/d_tcsr/pbc2/linear/lambda_0.0/target_lr_0.25/landmark_True/seed_8,20
d_tcsr,pbc2,linear,0.0,0.25,True,9,0.6320754716981132,0.382712181113101,0.6894685039370079,0.3922777340172771,outputs_small/ntrain_20/d_tcsr/pbc2/linear/lambda_0.0/target_lr_0.25/landmark_True/seed_9,20
d_tcsr,pbc2,linear,0.0,0.25,True,0,0.6431159420289855,0.34492595610371896,0.7150590551181102,0.3763459742823765,outputs_small/ntrain_20/d_tcsr/pbc2/linear/lambda_0.0/target_lr_0.25/landmark_True/seed_0,20
d_tcsr,pbc2,linear,0.0,0.25,True,7,0.684085510688836,0.38432544964799004,0.780511811023622,0.3627557150856152,outputs_small/ntrain_20/d_tcsr/pbc2/linear/lambda_0.0/target_lr_0.25/landmark_True/seed_7,20
d_tcsr,aids,linear,0.0,0.5,True,2,0.5677328316086547,0.1823211287826043,0.6370262390670554,0.15889052400545264,outputs_small/ntrain_20/d_tcsr/aids/linear/lambda_0.0/target_lr_0.5/landmark_True/seed_2,20
d_tcsr,aids,linear,0.0,0.5,True,5,0.6357260726072608,0.18770548255594102,0.5962099125364432,0.1731465644439208,outputs_small/ntrain_20/d_tcsr/aids/linear/lambda_0.0/target_lr_0.5/landmark_True/seed_5,20
d_tcsr,aids,linear,0.0,0.5,True,4,0.5827541268462206,0.2044138175282434,0.5993683187560739,0.19146318044251115,outputs_small/ntrain_20/d_tcsr/aids/linear/lambda_0.0/target_lr_0.5/landmark_True/seed_4,20
d_tcsr,aids,linear,0.0,0.5,True,3,0.6381909547738693,0.2277810271424852,0.6992225461613216,0.18471761524379726,outputs_small/ntrain_20/d_tcsr/aids/linear/lambda_0.0/target_lr_0.5/landmark_True/seed_3,20
d_tcsr,aids,linear,0.0,0.5,True,6,0.7278358497870693,0.15516682853837124,0.7079689018464529,0.19330573051982747,outputs_small/ntrain_20/d_tcsr/aids/linear/lambda_0.0/target_lr_0.5/landmark_True/seed_6,20
d_tcsr,aids,linear,0.0,0.5,True,1,0.7309407044137316,0.1432852994860298,0.6834305150631681,0.1575827619346429,outputs_small/ntrain_20/d_tcsr/aids/linear/lambda_0.0/target_lr_0.5/landmark_True/seed_1,20
d_tcsr,aids,linear,0.0,0.5,True,8,0.645021645021645,0.1675094824188754,0.716958211856171,0.17746613609817408,outputs_small/ntrain_20/d_tcsr/aids/linear/lambda_0.0/target_lr_0.5/landmark_True/seed_8,20
d_tcsr,aids,linear,0.0,0.5,True,9,0.5248936170212766,0.1976252111341689,0.6571914480077745,0.17305673399889895,outputs_small/ntrain_20/d_tcsr/aids/linear/lambda_0.0/target_lr_0.5/landmark_True/seed_9,20
d_tcsr,aids,linear,0.0,0.5,True,0,0.5683015808674503,0.19848132252039133,0.5566083576287658,0.18242518742392663,outputs_small/ntrain_20/d_tcsr/aids/linear/lambda_0.0/target_lr_0.5/landmark_True/seed_0,20
d_tcsr,aids,linear,0.0,0.5,True,7,0.6733956651083723,0.1765783119033256,0.6222060252672498,0.1756353626341094,outputs_small/ntrain_20/d_tcsr/aids/linear/lambda_0.0/target_lr_0.5/landmark_True/seed_7,20
d_tcsr,aids,linear,0.0,0.05,True,2,0.4633113828786453,0.2824259915321805,0.5077745383867833,0.24352753778997002,outputs_small/ntrain_20/d_tcsr/aids/linear/lambda_0.0/target_lr_0.05/landmark_True/seed_2,20
d_tcsr,aids,linear,0.0,0.05,True,5,0.6105610561056105,0.22267245350144457,0.543974732750243,0.24589968116869576,outputs_small/ntrain_20/d_tcsr/aids/linear/lambda_0.0/target_lr_0.05/landmark_True/seed_5,20
d_tcsr,aids,linear,0.0,0.05,True,4,0.5716768027801912,0.22489391948209642,0.5801749271137027,0.23564814403946246,outputs_small/ntrain_20/d_tcsr/aids/linear/lambda_0.0/target_lr_0.05/landmark_True/seed_4,20
d_tcsr,aids,linear,0.0,0.05,True,3,0.5529731993299832,0.30410094507881863,0.607871720116618,0.2670243497138887,outputs_small/ntrain_20/d_tcsr/aids/linear/lambda_0.0/target_lr_0.05/landmark_True/seed_3,20
d_tcsr,aids,linear,0.0,0.05,True,6,0.6316298877274487,0.22739035818434233,0.6139455782312925,0.2664052438369919,outputs_small/ntrain_20/d_tcsr/aids/linear/lambda_0.0/target_lr_0.05/landmark_True/seed_6,20
d_tcsr,aids,linear,0.0,0.05,True,1,0.6502452073116362,0.18880539990174075,0.6287657920310982,0.23069651644352768,outputs_small/ntrain_20/d_tcsr/aids/linear/lambda_0.0/target_lr_0.05/landmark_True/seed_1,20
d_tcsr,aids,linear,0.0,0.05,True,8,0.5794372294372294,0.23035447629461459,0.6209912536443148,0.2515847754403668,outputs_small/ntrain_20/d_tcsr/aids/linear/lambda_0.0/target_lr_0.05/landmark_True/seed_8,20
d_tcsr,aids,linear,0.0,0.05,True,9,0.6646808510638298,0.23311192855755963,0.607871720116618,0.24179324833294716,outputs_small/ntrain_20/d_tcsr/aids/linear/lambda_0.0/target_lr_0.05/landmark_True/seed_9,20
d_tcsr,aids,linear,0.0,0.05,True,0,0.5889744629104176,0.23212227253139453,0.5828474246841594,0.23166055818406212,outputs_small/ntrain_20/d_tcsr/aids/linear/lambda_0.0/target_lr_0.05/landmark_True/seed_0,20
d_tcsr,aids,linear,0.0,0.05,True,7,0.6374840628984275,0.23706901976899683,0.5884353741496599,0.2418105160020834,outputs_small/ntrain_20/d_tcsr/aids/linear/lambda_0.0/target_lr_0.05/landmark_True/seed_7,20
d_tcsr,aids,linear,0.0,0.95,True,2,0.5569143932267169,0.19506842146897627,0.6297376093294461,0.16199117000588378,outputs_small/ntrain_20/d_tcsr/aids/linear/lambda_0.0/target_lr_0.95/landmark_True/seed_2,20
d_tcsr,aids,linear,0.0,0.95,True,5,0.698019801980198,0.19513791619405513,0.6338678328474247,0.16924744970416,outputs_small/ntrain_20/d_tcsr/aids/linear/lambda_0.0/target_lr_0.95/landmark_True/seed_5,20
d_tcsr,aids,linear,0.0,0.95,True,4,0.6511728931364031,0.20656420738809353,0.6146744412050534,0.17535537793826422,outputs_small/ntrain_20/d_tcsr/aids/linear/lambda_0.0/target_lr_0.95/landmark_True/seed_4,20
d_tcsr,aids,linear,0.0,0.95,True,3,0.6922110552763819,0.22418746497470818,0.6946064139941691,0.18506247902558026,outputs_small/ntrain_20/d_tcsr/aids/linear/lambda_0.0/target_lr_0.95/landmark_True/seed_3,20
d_tcsr,aids,linear,0.0,0.95,True,6,0.737901664730933,0.14696816892939438,0.7407677356656949,0.17154172488410202,outputs_small/ntrain_20/d_tcsr/aids/linear/lambda_0.0/target_lr_0.95/landmark_True/seed_6,20
d_tcsr,aids,linear,0.0,0.95,True,1,0.7251448952296032,0.16042642071825772,0.6795432458697764,0.14682858314298652,outputs_small/ntrain_20/d_tcsr/aids/linear/lambda_0.0/target_lr_0.95/landmark_True/seed_1,20
d_tcsr,aids,linear,0.0,0.95,True,8,0.611038961038961,0.21610071572327233,0.6209912536443148,0.18978143287903035,outputs_small/ntrain_20/d_tcsr/aids/linear/lambda_0.0/target_lr_0.95/landmark_True/seed_8,20
d_tcsr,aids,linear,0.0,0.95,True,9,0.661063829787234,0.1962935834167665,0.6100583090379009,0.18259262435081006,outputs_small/ntrain_20/d_tcsr/aids/linear/lambda_0.0/target_lr_0.95/landmark_True/seed_9,20
d_tcsr,aids,linear,0.0,0.95,True,0,0.5997162545601946,0.21880968513923935,0.6158892128279884,0.18771522173035085,outputs_small/ntrain_20/d_tcsr/aids/linear/lambda_0.0/target_lr_0.95/landmark_True/seed_0,20
d_tcsr,aids,linear,0.0,0.95,True,7,0.6648958776030599,0.17786766234077295,0.5962099125364432,0.1707099287345363,outputs_small/ntrain_20/d_tcsr/aids/linear/lambda_0.0/target_lr_0.95/landmark_True/seed_7,20
d_tcsr,aids,linear,0.0,0.75,True,2,0.559266227657573,0.1888927165071696,0.6343537414965986,0.1576811207517317,outputs_small/ntrain_20/d_tcsr/aids/linear/lambda_0.0/target_lr_0.75/landmark_True/seed_2,20
d_tcsr,aids,linear,0.0,0.75,True,5,0.7279290429042904,0.1864594046349652,0.6533041788143829,0.15900438468497338,outputs_small/ntrain_20/d_tcsr/aids/linear/lambda_0.0/target_lr_0.75/landmark_True/seed_5,20
d_tcsr,aids,linear,0.0,0.75,True,4,0.5864465682015638,0.2003335441677935,0.6003401360544217,0.18622927614698437,outputs_small/ntrain_20/d_tcsr/aids/linear/lambda_0.0/target_lr_0.75/landmark_True/seed_4,20
d_tcsr,aids,linear,0.0,0.75,True,3,0.6976549413735343,0.23500002157465757,0.6766277939747327,0.19790671503939983,outputs_small/ntrain_20/d_tcsr/aids/linear/lambda_0.0/target_lr_0.75/landmark_True/seed_3,20
d_tcsr,aids,linear,0.0,0.75,True,6,0.7336430507162215,0.14465202629885404,0.706754130223518,0.174472372085363,outputs_small/ntrain_20/d_tcsr/aids/linear/lambda_0.0/target_lr_0.75/landmark_True/seed_6,20
d_tcsr,aids,linear,0.0,0.75,True,1,0.6845742309407045,0.17658706071947533,0.6256073858114675,0.15376450184867538,outputs_small/ntrain_20/d_tcsr/aids/linear/lambda_0.0/target_lr_0.75/landmark_True/seed_1,20
d_tcsr,aids,linear,0.0,0.75,True,8,0.6627705627705628,0.16724831672502963,0.7145286686103013,0.16305778274405497,outputs_small/ntrain_20/d_tcsr/aids/linear/lambda_0.0/target_lr_0.75/landmark_True/seed_8,20
d_tcsr,aids,linear,0.0,0.75,True,9,0.5846808510638298,0.19570394983724015,0.6472303206997084,0.17272788462209235,outputs_small/ntrain_20/d_tcsr/aids/linear/lambda_0.0/target_lr_0.75/landmark_True/seed_9,20
d_tcsr,aids,linear,0.0,0.75,True,0,0.6130928252938792,0.22157541653878393,0.6110301263362488,0.19051901286472783,outputs_small/ntrain_20/d_tcsr/aids/linear/lambda_0.0/target_lr_0.75/landmark_True/seed_0,20
d_tcsr,aids,linear,0.0,0.75,True,7,0.7437314067148322,0.1723447302779659,0.7125850340136054,0.15869855255686247,outputs_small/ntrain_20/d_tcsr/aids/linear/lambda_0.0/target_lr_0.75/landmark_True/seed_7,20
d_tcsr,aids,linear,0.0,0.1,True,2,0.47507055503292567,0.2645513205782743,0.5466472303206997,0.23059435643565912,outputs_small/ntrain_20/d_tcsr/aids/linear/lambda_0.0/target_lr_0.1/landmark_True/seed_2,20
d_tcsr,aids,linear,0.0,0.1,True,5,0.6087046204620462,0.20851856531354424,0.5369290573372206,0.23266441225098924,outputs_small/ntrain_20/d_tcsr/aids/linear/lambda_0.0/target_lr_0.1/landmark_True/seed_5,20
d_tcsr,aids,linear,0.0,0.1,True,4,0.6251086012163336,0.21152016171967997,0.5925655976676385,0.2200790361880043,outputs_small/ntrain_20/d_tcsr/aids/linear/lambda_0.0/target_lr_0.1/landmark_True/seed_4,20
d_tcsr,aids,linear,0.0,0.1,True,3,0.5575795644891123,0.2908753306889907,0.6205053449951409,0.2539145972372831,outputs_small/ntrain_20/d_tcsr/aids/linear/lambda_0.0/target_lr_0.1/landmark_True/seed_3,20
d_tcsr,aids,linear,0.0,0.1,True,6,0.6742160278745645,0.21404304679179437,0.652332361516035,0.2540072477536066,outputs_small/ntrain_20/d_tcsr/aids/linear/lambda_0.0/target_lr_0.1/landmark_True/seed_6,20
d_tcsr,aids,linear,0.0,0.1,True,1,0.7117699509585377,0.1753831711980221,0.6353255587949466,0.21670347054130168,outputs_small/ntrain_20/d_tcsr/aids/linear/lambda_0.0/target_lr_0.1/landmark_True/seed_1,20
d_tcsr,aids,linear,0.0,0.1,True,8,0.6147186147186147,0.21818720504305672,0.6681243926141885,0.23963152677980745,outputs_small/ntrain_20/d_tcsr/aids/linear/lambda_0.0/target_lr_0.1/landmark_True/seed_8,20
d_tcsr,aids,linear,0.0,0.1,True,9,0.5597872340425532,0.21893561559292504,0.6188046647230321,0.22938508852147255,outputs_small/ntrain_20/d_tcsr/aids/linear/lambda_0.0/target_lr_0.1/landmark_True/seed_9,20
d_tcsr,aids,linear,0.0,0.1,True,0,0.627077421970004,0.21759135314983755,0.6137026239067055,0.21720024772733684,outputs_small/ntrain_20/d_tcsr/aids/linear/lambda_0.0/target_lr_0.1/landmark_True/seed_0,20
d_tcsr,aids,linear,0.0,0.1,True,7,0.6665958351041223,0.22271195899393897,0.598153547133139,0.2276933382464503,outputs_small/ntrain_20/d_tcsr/aids/linear/lambda_0.0/target_lr_0.1/landmark_True/seed_7,20
d_tcsr,aids,linear,0.0,0.01,True,2,0.4854186265286924,0.2969446462246148,0.5748299319727891,0.25393821883256057,outputs_small/ntrain_20/d_tcsr/aids/linear/lambda_0.0/target_lr_0.01/landmark_True/seed_2,20
d_tcsr,aids,linear,0.0,0.01,True,5,0.5802392739273927,0.23294264932905306,0.5877065111758989,0.2545383423548555,outputs_small/ntrain_20/d_tcsr/aids/linear/lambda_0.0/target_lr_0.01/landmark_True/seed_5,20
d_tcsr,aids,linear,0.0,0.01,True,4,0.5464813205907906,0.23694865074528892,0.5609815354713313,0.24757213900336086,outputs_small/ntrain_20/d_tcsr/aids/linear/lambda_0.0/target_lr_0.01/landmark_True/seed_4,20
d_tcsr,aids,linear,0.0,0.01,True,3,0.5121440536013401,0.3154771281682853,0.543245869776482,0.27807214683815457,outputs_small/ntrain_20/d_tcsr/aids/linear/lambda_0.0/target_lr_0.01/landmark_True/seed_3,20
d_tcsr,aids,linear,0.0,0.01,True,6,0.5979481223383663,0.23898366562134357,0.5911078717201166,0.2771203610199127,outputs_small/ntrain_20/d_tcsr/aids/linear/lambda_0.0/target_lr_0.01/landmark_True/seed_6,20
d_tcsr,aids,linear,0.0,0.01,True,1,0.6658493089612126,0.20087208175119875,0.6277939747327502,0.2420876064521996,outputs_small/ntrain_20/d_tcsr/aids/linear/lambda_0.0/target_lr_0.01/landmark_True/seed_1,20
d_tcsr,aids,linear,0.0,0.01,True,8,0.5543290043290043,0.24051529528975382,0.6270651117589893,0.261177505748613,outputs_small/ntrain_20/d_tcsr/aids/linear/lambda_0.0/target_lr_0.01/landmark_True/seed_8,20
d_tcsr,aids,linear,0.0,0.01,True,9,0.6457446808510638,0.24678517206190878,0.5714285714285714,0.253176908085598,outputs_small/ntrain_20/d_tcsr/aids/linear/lambda_0.0/target_lr_0.01/landmark_True/seed_9,20
d_tcsr,aids,linear,0.0,0.01,True,0,0.6072152411836238,0.24575892059669102,0.5519922254616132,0.24389667303256876,outputs_small/ntrain_20/d_tcsr/aids/linear/lambda_0.0/target_lr_0.01/landmark_True/seed_0,20
d_tcsr,aids,linear,0.0,0.01,True,7,0.609222269443264,0.24961720452144096,0.5784742468415938,0.25350539799048244,outputs_small/ntrain_20/d_tcsr/aids/linear/lambda_0.0/target_lr_0.01/landmark_True/seed_7,20
d_tcsr,aids,linear,0.0,0.9,True,2,0.5639698965192851,0.1939343065993401,0.6321671525753159,0.16113214933446127,outputs_small/ntrain_20/d_tcsr/aids/linear/lambda_0.0/target_lr_0.9/landmark_True/seed_2,20
d_tcsr,aids,linear,0.0,0.9,True,5,0.6920379537953796,0.19686194897771306,0.642128279883382,0.1690748931036653,outputs_small/ntrain_20/d_tcsr/aids/linear/lambda_0.0/target_lr_0.9/landmark_True/seed_5,20
d_tcsr,aids,linear,0.0,0.9,True,4,0.5864465682015638,0.20021557723664773,0.6030126336248786,0.18555916681888446,outputs_small/ntrain_20/d_tcsr/aids/linear/lambda_0.0/target_lr_0.9/landmark_True/seed_4,20
d_tcsr,aids,linear,0.0,0.9,True,3,0.7026800670016751,0.22358071734275406,0.6946064139941691,0.18470894154247872,outputs_small/ntrain_20/d_tcsr/aids/linear/lambda_0.0/target_lr_0.9/landmark_True/seed_3,20
d_tcsr,aids,linear,0.0,0.9,True,6,0.7491289198606271,0.1457377321902211,0.7407677356656949,0.167794715032558,outputs_small/ntrain_20/d_tcsr/aids/linear/lambda_0.0/target_lr_0.9/landmark_True/seed_6,20
d_tcsr,aids,linear,0.0,0.9,True,1,0.6580472581364244,0.1908688473600966,0.5954810495626822,0.1617526484791741,outputs_small/ntrain_20/d_tcsr/aids/linear/lambda_0.0/target_lr_0.9/landmark_True/seed_1,20
d_tcsr,aids,linear,0.0,0.9,True,8,0.6149350649350649,0.21622834304882774,0.6209912536443148,0.19013077354631608,outputs_small/ntrain_20/d_tcsr/aids/linear/lambda_0.0/target_lr_0.9/landmark_True/seed_8,20
d_tcsr,aids,linear,0.0,0.9,True,9,0.675531914893617,0.19585023237324514,0.6188046647230321,0.1808363059446123,outputs_small/ntrain_20/d_tcsr/aids/linear/lambda_0.0/target_lr_0.9/landmark_True/seed_9,20
d_tcsr,aids,linear,0.0,0.9,True,0,0.6066072152411837,0.2199245256725348,0.6158892128279884,0.188935407129347,outputs_small/ntrain_20/d_tcsr/aids/linear/lambda_0.0/target_lr_0.9/landmark_True/seed_0,20
d_tcsr,aids,linear,0.0,0.9,True,7,0.6532086697832554,0.1796112639376114,0.5716715257531584,0.18080918850076283,outputs_small/ntrain_20/d_tcsr/aids/linear/lambda_0.0/target_lr_0.9/landmark_True/seed_7,20
d_tcsr,aids,linear,0.0,0.25,True,2,0.5061147695202258,0.22546462877551954,0.5816326530612245,0.2009668686640239,outputs_small/ntrain_20/d_tcsr/aids/linear/lambda_0.0/target_lr_0.25/landmark_True/seed_2,20
d_tcsr,aids,linear,0.0,0.25,True,5,0.6256188118811881,0.1832954192803074,0.5478620019436345,0.1986449446637732,outputs_small/ntrain_20/d_tcsr/aids/linear/lambda_0.0/target_lr_0.25/landmark_True/seed_5,20
d_tcsr,aids,linear,0.0,0.25,True,4,0.654648132059079,0.19411094690415223,0.6319241982507289,0.1865361709126882,outputs_small/ntrain_20/d_tcsr/aids/linear/lambda_0.0/target_lr_0.25/landmark_True/seed_4,20
d_tcsr,aids,linear,0.0,0.25,True,3,0.6497068676716918,0.2625083480881967,0.6698250728862973,0.22412472971413624,outputs_small/ntrain_20/d_tcsr/aids/linear/lambda_0.0/target_lr_0.25/landmark_True/seed_3,20
d_tcsr,aids,linear,0.0,0.25,True,6,0.6596980255516841,0.18494593272763507,0.6622934888241011,0.22629637113846696,outputs_small/ntrain_20/d_tcsr/aids/linear/lambda_0.0/target_lr_0.25/landmark_True/seed_6,20
d_tcsr,aids,linear,0.0,0.25,True,1,0.6988408381631743,0.15061626042983817,0.6948493683187561,0.18511987787205683,outputs_small/ntrain_20/d_tcsr/aids/linear/lambda_0.0/target_lr_0.25/landmark_True/seed_1,20
d_tcsr,aids,linear,0.0,0.25,True,8,0.6138528138528139,0.19286832399478943,0.6494169096209913,0.21217706346640489,outputs_small/ntrain_20/d_tcsr/aids/linear/lambda_0.0/target_lr_0.25/landmark_True/seed_8,20
d_tcsr,aids,linear,0.0,0.25,True,9,0.6895744680851064,0.1886916510226172,0.6231778425655977,0.19867343186955333,outputs_small/ntrain_20/d_tcsr/aids/linear/lambda_0.0/target_lr_0.25/landmark_True/seed_9,20
d_tcsr,aids,linear,0.0,0.25,True,0,0.6066072152411837,0.195806801542533,0.5906219630709426,0.1860091311735225,outputs_small/ntrain_20/d_tcsr/aids/linear/lambda_0.0/target_lr_0.25/landmark_True/seed_0,20
d_tcsr,aids,linear,0.0,0.25,True,7,0.684870378240544,0.19211025496057002,0.6037414965986394,0.19409435879456943,outputs_small/ntrain_20/d_tcsr/aids/linear/lambda_0.0/target_lr_0.25/landmark_True/seed_7,20
d_tcsr,rw,linear,0.0,0.5,True,2,0.5971823711695168,0.2909702542198006,0.6531590936338568,0.2606264776815212,outputs_small/ntrain_20/d_tcsr/rw/linear/lambda_0.0/target_lr_0.5/landmark_True/seed_2,20
d_tcsr,rw,linear,0.0,0.5,True,5,0.646937452101633,0.23644528232316134,0.7092974463493585,0.20791188092136806,outputs_small/ntrain_20/d_tcsr/rw/linear/lambda_0.0/target_lr_0.5/landmark_True/seed_5,20
d_tcsr,rw,linear,0.0,0.5,True,4,0.6775274951479151,0.20350667858792268,0.6615513727370819,0.2189250115153625,outputs_small/ntrain_20/d_tcsr/rw/linear/lambda_0.0/target_lr_0.5/landmark_True/seed_4,20
d_tcsr,rw,linear,0.0,0.5,True,3,0.6281130409184574,0.25311262886811525,0.6715921352355833,0.22680713267377559,outputs_small/ntrain_20/d_tcsr/rw/linear/lambda_0.0/target_lr_0.5/landmark_True/seed_3,20
d_tcsr,rw,linear,0.0,0.5,True,6,0.6409898107714702,0.21549471189855468,0.7012048914998201,0.19480460688062823,outputs_small/ntrain_20/d_tcsr/rw/linear/lambda_0.0/target_lr_0.5/landmark_True/seed_6,20
d_tcsr,rw,linear,0.0,0.5,True,1,0.5564252901353965,0.3003323501893529,0.624595372257523,0.24053865046660816,outputs_small/ntrain_20/d_tcsr/rw/linear/lambda_0.0/target_lr_0.5/landmark_True/seed_1,20
d_tcsr,rw,linear,0.0,0.5,True,8,0.7071826550387597,0.2125683180414623,0.6822023738160892,0.2173611274407245,outputs_small/ntrain_20/d_tcsr/rw/linear/lambda_0.0/target_lr_0.5/landmark_True/seed_8,20
d_tcsr,rw,linear,0.0,0.5,True,9,0.62639470013947,0.2316272082447375,0.6665867401990169,0.22164791502787456,outputs_small/ntrain_20/d_tcsr/rw/linear/lambda_0.0/target_lr_0.5/landmark_True/seed_9,20
d_tcsr,rw,linear,0.0,0.5,True,0,0.6217103352117586,0.22762237852617084,0.6609519242297087,0.21566811764181282,outputs_small/ntrain_20/d_tcsr/rw/linear/lambda_0.0/target_lr_0.5/landmark_True/seed_0,20
d_tcsr,rw,linear,0.0,0.5,True,7,0.5972141444690008,0.241498594718539,0.673300563481597,0.21114922022405266,outputs_small/ntrain_20/d_tcsr/rw/linear/lambda_0.0/target_lr_0.5/landmark_True/seed_7,20
d_tcsr,rw,linear,0.0,0.05,True,2,0.619046252725812,0.25884389192474044,0.6439275866203094,0.258034480744195,outputs_small/ntrain_20/d_tcsr/rw/linear/lambda_0.0/target_lr_0.05/landmark_True/seed_2,20
d_tcsr,rw,linear,0.0,0.05,True,5,0.6260390261156635,0.26902884804992355,0.6773468409063661,0.23971512408066767,outputs_small/ntrain_20/d_tcsr/rw/linear/lambda_0.0/target_lr_0.05/landmark_True/seed_5,20
d_tcsr,rw,linear,0.0,0.05,True,4,0.6359171910839264,0.2955248160376616,0.6285217599808176,0.2725109049898078,outputs_small/ntrain_20/d_tcsr/rw/linear/lambda_0.0/target_lr_0.05/landmark_True/seed_4,20
d_tcsr,rw,linear,0.0,0.05,True,3,0.5944657050338534,0.29101127991615544,0.6364045078527755,0.2634623327542535,outputs_small/ntrain_20/d_tcsr/rw/linear/lambda_0.0/target_lr_0.05/landmark_True/seed_3,20
d_tcsr,rw,linear,0.0,0.05,True,6,0.6078311499272198,0.2744266596604373,0.6497122647164608,0.2666250302741964,outputs_small/ntrain_20/d_tcsr/rw/linear/lambda_0.0/target_lr_0.05/landmark_True/seed_6,20
d_tcsr,rw,linear,0.0,0.05,True,1,0.542855415860735,0.34286985968212536,0.6039743436038845,0.2729114928670841,outputs_small/ntrain_20/d_tcsr/rw/linear/lambda_0.0/target_lr_0.05/landmark_True/seed_1,20
d_tcsr,rw,linear,0.0,0.05,True,8,0.6632449127906976,0.2855287382462621,0.6364644527035128,0.2637688536373521,outputs_small/ntrain_20/d_tcsr/rw/linear/lambda_0.0/target_lr_0.05/landmark_True/seed_8,20
d_tcsr,rw,linear,0.0,0.05,True,9,0.6042828916782892,0.2730164705021714,0.6273828078168086,0.26782903323305357,outputs_small/ntrain_20/d_tcsr/rw/linear/lambda_0.0/target_lr_0.05/landmark_True/seed_9,20
d_tcsr,rw,linear,0.0,0.05,True,0,0.6042235519665369,0.2758062207116655,0.625314710466371,0.2609875477044069,outputs_small/ntrain_20/d_tcsr/rw/linear/lambda_0.0/target_lr_0.05/landmark_True/seed_0,20
d_tcsr,rw,linear,0.0,0.05,True,7,0.5873560544375945,0.2951802250960277,0.6591236062822203,0.259897986742657,outputs_small/ntrain_20/d_tcsr/rw/linear/lambda_0.0/target_lr_0.05/landmark_True/seed_7,20
d_tcsr,rw,linear,0.0,0.95,True,2,0.5892057844600023,0.30529579091453224,0.64704471885865,0.26455259872475073,outputs_small/ntrain_20/d_tcsr/rw/linear/lambda_0.0/target_lr_0.95/landmark_True/seed_2,20
d_tcsr,rw,linear,0.0,0.95,True,5,0.6502092790190415,0.24976212891615965,0.7036626303800504,0.21695647425306375,outputs_small/ntrain_20/d_tcsr/rw/linear/lambda_0.0/target_lr_0.95/landmark_True/seed_5,20
d_tcsr,rw,linear,0.0,0.95,True,4,0.6676468858436746,0.21313771451902094,0.6327178995324302,0.24015635566123547,outputs_small/ntrain_20/d_tcsr/rw/linear/lambda_0.0/target_lr_0.95/landmark_True/seed_4,20
d_tcsr,rw,linear,0.0,0.95,True,3,0.6296143656167207,0.24586899180437916,0.650671382328258,0.22399894230302891,outputs_small/ntrain_20/d_tcsr/rw/linear/lambda_0.0/target_lr_0.95/landmark_True/seed_3,20
d_tcsr,rw,linear,0.0,0.95,True,6,0.650334788937409,0.25720341320197326,0.7020441194101427,0.23625234306629678,outputs_small/ntrain_20/d_tcsr/rw/linear/lambda_0.0/target_lr_0.95/landmark_True/seed_6,20
d_tcsr,rw,linear,0.0,0.95,True,1,0.5375060444874274,0.32319037073414975,0.5971706030451984,0.275353256763714,outputs_small/ntrain_20/d_tcsr/rw/linear/lambda_0.0/target_lr_0.95/landmark_True/seed_1,20
d_tcsr,rw,linear,0.0,0.95,True,8,0.7129966085271318,0.19746606815117881,0.7065399832154418,0.2051930655899548,outputs_small/ntrain_20/d_tcsr/rw/linear/lambda_0.0/target_lr_0.95/landmark_True/seed_8,20
d_tcsr,rw,linear,0.0,0.95,True,9,0.6117794049279405,0.2543248051376476,0.6481536985972904,0.24451137670311499,outputs_small/ntrain_20/d_tcsr/rw/linear/lambda_0.0/target_lr_0.95/landmark_True/seed_9,20
d_tcsr,rw,linear,0.0,0.95,True,0,0.6078254807413002,0.2583086841791392,0.6513607481117372,0.25455009458272276,outputs_small/ntrain_20/d_tcsr/rw/linear/lambda_0.0/target_lr_0.95/landmark_True/seed_0,20
d_tcsr,rw,linear,0.0,0.95,True,7,0.5955565895079679,0.2613431518774998,0.6625404627742477,0.24944818134831365,outputs_small/ntrain_20/d_tcsr/rw/linear/lambda_0.0/target_lr_0.95/landmark_True/seed_7,20
d_tcsr,rw,linear,0.0,0.75,True,2,0.5891770917020545,0.30321067643966243,0.6488730368061384,0.26395593959135577,outputs_small/ntrain_20/d_tcsr/rw/linear/lambda_0.0/target_lr_0.75/landmark_True/seed_2,20
d_tcsr,rw,linear,0.0,0.75,True,5,0.6451688970111419,0.25001417211598004,0.7024037885145666,0.2191067779609082,outputs_small/ntrain_20/d_tcsr/rw/linear/lambda_0.0/target_lr_0.75/landmark_True/seed_5,20
d_tcsr,rw,linear,0.0,0.75,True,4,0.6695877198141504,0.20639257112686407,0.6444970627023139,0.22947031785564492,outputs_small/ntrain_20/d_tcsr/rw/linear/lambda_0.0/target_lr_0.75/landmark_True/seed_4,20
d_tcsr,rw,linear,0.0,0.75,True,3,0.6266411539593759,0.24936723289278584,0.6617312072892938,0.22779393979199206,outputs_small/ntrain_20/d_tcsr/rw/linear/lambda_0.0/target_lr_0.75/landmark_True/seed_3,20
d_tcsr,rw,linear,0.0,0.75,True,6,0.6402328966521106,0.2578811344699365,0.7027334851936219,0.2394846536985088,outputs_small/ntrain_20/d_tcsr/rw/linear/lambda_0.0/target_lr_0.75/landmark_True/seed_6,20
d_tcsr,rw,linear,0.0,0.75,True,1,0.5320660058027079,0.3221822623531613,0.5937237741278024,0.2775308966637689,outputs_small/ntrain_20/d_tcsr/rw/linear/lambda_0.0/target_lr_0.75/landmark_True/seed_1,20
d_tcsr,rw,linear,0.0,0.75,True,8,0.709938226744186,0.20483980359393922,0.6935019781800743,0.21507443033969356,outputs_small/ntrain_20/d_tcsr/rw/linear/lambda_0.0/target_lr_0.75/landmark_True/seed_8,20
d_tcsr,rw,linear,0.0,0.75,True,9,0.6150918177591818,0.2569569944755957,0.6447967869560005,0.25164379829558553,outputs_small/ntrain_20/d_tcsr/rw/linear/lambda_0.0/target_lr_0.75/landmark_True/seed_9,20
d_tcsr,rw,linear,0.0,0.75,True,0,0.6095973973159821,0.2728115348423894,0.6631698837069896,0.2704836778703028,outputs_small/ntrain_20/d_tcsr/rw/linear/lambda_0.0/target_lr_0.75/landmark_True/seed_0,20
d_tcsr,rw,linear,0.0,0.75,True,7,0.5920960800279167,0.268851278135417,0.669314230907565,0.25899577503316523,outputs_small/ntrain_20/d_tcsr/rw/linear/lambda_0.0/target_lr_0.75/landmark_True/seed_7,20
d_tcsr,rw,linear,0.0,0.1,True,2,0.6182715482612189,0.2579725009052323,0.6441074211725213,0.25760422935959537,outputs_small/ntrain_20/d_tcsr/rw/linear/lambda_0.0/target_lr_0.1/landmark_True/seed_2,20
d_tcsr,rw,linear,0.0,0.1,True,5,0.6251842244885928,0.26740441078089006,0.6808536146744995,0.23654536610660432,outputs_small/ntrain_20/d_tcsr/rw/linear/lambda_0.0/target_lr_0.1/landmark_True/seed_5,20
d_tcsr,rw,linear,0.0,0.1,True,4,0.6406810562841851,0.2906232474006183,0.6397314470686968,0.26942297279005595,outputs_small/ntrain_20/d_tcsr/rw/linear/lambda_0.0/target_lr_0.1/landmark_True/seed_4,20
d_tcsr,rw,linear,0.0,0.1,True,3,0.5888136591109803,0.29051882839221405,0.6377232945689966,0.2620221595008951,outputs_small/ntrain_20/d_tcsr/rw/linear/lambda_0.0/target_lr_0.1/landmark_True/seed_3,20
d_tcsr,rw,linear,0.0,0.1,True,6,0.6054730713245997,0.26863145199372457,0.6516604723654238,0.2603228161661168,outputs_small/ntrain_20/d_tcsr/rw/linear/lambda_0.0/target_lr_0.1/landmark_True/seed_6,20
d_tcsr,rw,linear,0.0,0.1,True,1,0.5389869439071566,0.34134950238220657,0.6131459057666946,0.27036063175034,outputs_small/ntrain_20/d_tcsr/rw/linear/lambda_0.0/target_lr_0.1/landmark_True/seed_1,20
d_tcsr,rw,linear,0.0,0.1,True,8,0.6686349321705426,0.2821347325794049,0.6347260520321304,0.26135905691537903,outputs_small/ntrain_20/d_tcsr/rw/linear/lambda_0.0/target_lr_0.1/landmark_True/seed_8,20
d_tcsr,rw,linear,0.0,0.1,True,9,0.6211355183635519,0.27036949284783895,0.6381728809495264,0.2653387688116866,outputs_small/ntrain_20/d_tcsr/rw/linear/lambda_0.0/target_lr_0.1/landmark_True/seed_9,20
d_tcsr,rw,linear,0.0,0.1,True,0,0.5999535234996805,0.272734578838013,0.6282819805778683,0.2576040494930446,outputs_small/ntrain_20/d_tcsr/rw/linear/lambda_0.0/target_lr_0.1/landmark_True/seed_0,20
d_tcsr,rw,linear,0.0,0.1,True,7,0.5911073630336163,0.29336565757005484,0.6529492866562763,0.25722994698789214,outputs_small/ntrain_20/d_tcsr/rw/linear/lambda_0.0/target_lr_0.1/landmark_True/seed_7,20
d_tcsr,rw,linear,0.0,0.01,True,2,0.6178698496499484,0.25957852626270295,0.645546097590217,0.2583768759763988,outputs_small/ntrain_20/d_tcsr/rw/linear/lambda_0.0/target_lr_0.01/landmark_True/seed_2,20
d_tcsr,rw,linear,0.0,0.01,True,5,0.625537935506691,0.27008410824780693,0.67815609639132,0.24219964967608487,outputs_small/ntrain_20/d_tcsr/rw/linear/lambda_0.0/target_lr_0.01/landmark_True/seed_5,20
d_tcsr,rw,linear,0.0,0.01,True,4,0.6394753866964653,0.2994445445523289,0.6252847380410023,0.2748967985732468,outputs_small/ntrain_20/d_tcsr/rw/linear/lambda_0.0/target_lr_0.01/landmark_True/seed_4,20
d_tcsr,rw,linear,0.0,0.01,True,3,0.5999411245216367,0.2914525266986611,0.644317228150102,0.26466104118106076,outputs_small/ntrain_20/d_tcsr/rw/linear/lambda_0.0/target_lr_0.01/landmark_True/seed_3,20
d_tcsr,rw,linear,0.0,0.01,True,6,0.5829112081513829,0.27877780508433175,0.629630739719458,0.2714563939550425,outputs_small/ntrain_20/d_tcsr/rw/linear/lambda_0.0/target_lr_0.01/landmark_True/seed_6,20
d_tcsr,rw,linear,0.0,0.01,True,1,0.5459985493230174,0.3440025639875514,0.6087099868121328,0.27496451577546505,outputs_small/ntrain_20/d_tcsr/rw/linear/lambda_0.0/target_lr_0.01/landmark_True/seed_1,20
d_tcsr,rw,linear,0.0,0.01,True,8,0.6671208817829457,0.2881927694348827,0.6348759141589737,0.26558939758902994,outputs_small/ntrain_20/d_tcsr/rw/linear/lambda_0.0/target_lr_0.01/landmark_True/seed_8,20
d_tcsr,rw,linear,0.0,0.01,True,9,0.6130288238028824,0.27488888779120557,0.620099508452224,0.26970382416142863,outputs_small/ntrain_20/d_tcsr/rw/linear/lambda_0.0/target_lr_0.01/landmark_True/seed_9,20
d_tcsr,rw,linear,0.0,0.01,True,0,0.60294544820775,0.2780424393290971,0.6356252247931903,0.2634088121619006,outputs_small/ntrain_20/d_tcsr/rw/linear/lambda_0.0/target_lr_0.01/landmark_True/seed_0,20
d_tcsr,rw,linear,0.0,0.01,True,7,0.5918343608235431,0.29653590712086353,0.6585241577748472,0.26189111347536165,outputs_small/ntrain_20/d_tcsr/rw/linear/lambda_0.0/target_lr_0.01/landmark_True/seed_7,20
d_tcsr,rw,linear,0.0,0.9,True,2,0.5913003557901986,0.30301339305741454,0.648903009231507,0.26320108462041925,outputs_small/ntrain_20/d_tcsr/rw/linear/lambda_0.0/target_lr_0.9/landmark_True/seed_2,20
d_tcsr,rw,linear,0.0,0.9,True,5,0.6466132170017096,0.24884354942497605,0.7016844503057187,0.2175002244139444,outputs_small/ntrain_20/d_tcsr/rw/linear/lambda_0.0/target_lr_0.9/landmark_True/seed_5,20
d_tcsr,rw,linear,0.0,0.9,True,4,0.6642945362583074,0.2119059522691104,0.6352655556887663,0.23809822017350313,outputs_small/ntrain_20/d_tcsr/rw/linear/lambda_0.0/target_lr_0.9/landmark_True/seed_4,20
d_tcsr,rw,linear,0.0,0.9,True,3,0.6270827200471004,0.24869290530550647,0.6581045438196859,0.22645016306910215,outputs_small/ntrain_20/d_tcsr/rw/linear/lambda_0.0/target_lr_0.9/landmark_True/seed_3,20
d_tcsr,rw,linear,0.0,0.9,True,6,0.6365356622998545,0.2646574461178095,0.7095971706030452,0.24337827499299836,outputs_small/ntrain_20/d_tcsr/rw/linear/lambda_0.0/target_lr_0.9/landmark_True/seed_6,20
d_tcsr,rw,linear,0.0,0.9,True,1,0.5342420212765957,0.32277293275344676,0.595971706030452,0.27380838951073533,outputs_small/ntrain_20/d_tcsr/rw/linear/lambda_0.0/target_lr_0.9/landmark_True/seed_1,20
d_tcsr,rw,linear,0.0,0.9,True,8,0.7030947189922481,0.19965889750326415,0.6910742117252128,0.20889144833944825,outputs_small/ntrain_20/d_tcsr/rw/linear/lambda_0.0/target_lr_0.9/landmark_True/seed_8,20
d_tcsr,rw,linear,0.0,0.9,True,9,0.6148593677359367,0.2559523315439255,0.6456060424409543,0.24559689082440164,outputs_small/ntrain_20/d_tcsr/rw/linear/lambda_0.0/target_lr_0.9/landmark_True/seed_9,20
d_tcsr,rw,linear,0.0,0.9,True,0,0.6083773891825945,0.2650670688109223,0.6513907205371059,0.26008340707471206,outputs_small/ntrain_20/d_tcsr/rw/linear/lambda_0.0/target_lr_0.9/landmark_True/seed_0,20
d_tcsr,rw,linear,0.0,0.9,True,7,0.5919797603815284,0.26591019697495544,0.6614015106102386,0.25405220495126346,outputs_small/ntrain_20/d_tcsr/rw/linear/lambda_0.0/target_lr_0.9/landmark_True/seed_7,20
d_tcsr,rw,linear,0.0,0.25,True,2,0.6289452542178354,0.25459952587555923,0.6451864284857931,0.25518314046331475,outputs_small/ntrain_20/d_tcsr/rw/linear/lambda_0.0/target_lr_0.25/landmark_True/seed_2,20
d_tcsr,rw,linear,0.0,0.25,True,5,0.6408359370394388,0.23237895821375598,0.6977580625824241,0.19650678279503514,outputs_small/ntrain_20/d_tcsr/rw/linear/lambda_0.0/target_lr_0.25/landmark_True/seed_5,20
d_tcsr,rw,linear,0.0,0.25,True,4,0.6541198612009645,0.27696466218272564,0.6482735882987651,0.260263723169295,outputs_small/ntrain_20/d_tcsr/rw/linear/lambda_0.0/target_lr_0.25/landmark_True/seed_4,20
d_tcsr,rw,linear,0.0,0.25,True,3,0.5883720930232558,0.2888090389995035,0.6315489749430524,0.25762296284751557,outputs_small/ntrain_20/d_tcsr/rw/linear/lambda_0.0/target_lr_0.25/landmark_True/seed_3,20
d_tcsr,rw,linear,0.0,0.25,True,6,0.6395342066957788,0.2128086195160695,0.6978779522838988,0.19422186785638898,outputs_small/ntrain_20/d_tcsr/rw/linear/lambda_0.0/target_lr_0.25/landmark_True/seed_6,20
d_tcsr,rw,linear,0.0,0.25,True,1,0.5455754352030948,0.3372875832960363,0.6158434240498741,0.26394548458273537,outputs_small/ntrain_20/d_tcsr/rw/linear/lambda_0.0/target_lr_0.25/landmark_True/seed_1,20
d_tcsr,rw,linear,0.0,0.25,True,8,0.6587330426356589,0.2691324136611401,0.6471646085601247,0.25195003160413887,outputs_small/ntrain_20/d_tcsr/rw/linear/lambda_0.0/target_lr_0.25/landmark_True/seed_8,20
d_tcsr,rw,linear,0.0,0.25,True,9,0.6267433751743375,0.22729673335957154,0.6676657475122887,0.21752664261246116,outputs_small/ntrain_20/d_tcsr/rw/linear/lambda_0.0/target_lr_0.25/landmark_True/seed_9,20
d_tcsr,rw,linear,0.0,0.25,True,0,0.6187765061290885,0.23064794068653582,0.6629001318786716,0.21890657554978235,outputs_small/ntrain_20/d_tcsr/rw/linear/lambda_0.0/target_lr_0.25/landmark_True/seed_0,20
d_tcsr,rw,linear,0.0,0.25,True,7,0.5966034663254624,0.2877219475538557,0.6650281740798465,0.24916941066240433,outputs_small/ntrain_20/d_tcsr/rw/linear/lambda_0.0/target_lr_0.25/landmark_True/seed_7,20
tcsr_fitted,pbc2,linear,0.0,1.0,True,2,0.655268022181146,0.21595589560677245,0.6781496062992126,0.2470179830960242,outputs_small/ntrain_30/tcsr_fitted/pbc2/linear/lambda_0.0/target_lr_1.0/landmark_True/seed_2,30
tcsr_fitted,pbc2,linear,0.0,1.0,True,5,0.7479240806642942,0.20926683711915242,0.8646653543307087,0.1663477545016148,outputs_small/ntrain_30/tcsr_fitted/pbc2/linear/lambda_0.0/target_lr_1.0/landmark_True/seed_5,30
tcsr_fitted,pbc2,linear,0.0,1.0,True,4,0.7632211538461539,0.16396074796648583,0.8656496062992126,0.14281762931002123,outputs_small/ntrain_30/tcsr_fitted/pbc2/linear/lambda_0.0/target_lr_1.0/landmark_True/seed_4,30
tcsr_fitted,pbc2,linear,0.0,1.0,True,3,0.7972972972972973,0.16303078403020177,0.8474409448818898,0.14478701296098628,outputs_small/ntrain_30/tcsr_fitted/pbc2/linear/lambda_0.0/target_lr_1.0/landmark_True/seed_3,30
tcsr_fitted,pbc2,linear,0.0,1.0,True,6,0.8464467005076142,0.14955820072314377,0.8626968503937008,0.11579258690038728,outputs_small/ntrain_30/tcsr_fitted/pbc2/linear/lambda_0.0/target_lr_1.0/landmark_True/seed_6,30
tcsr_fitted,pbc2,linear,0.0,1.0,True,1,0.7967581047381546,0.21300797477833727,0.8789370078740157,0.13331880351975578,outputs_small/ntrain_30/tcsr_fitted/pbc2/linear/lambda_0.0/target_lr_1.0/landmark_True/seed_1,30
tcsr_fitted,pbc2,linear,0.0,1.0,True,8,0.7020905923344948,0.17874517836824305,0.8188976377952756,0.14537683765023524,outputs_small/ntrain_30/tcsr_fitted/pbc2/linear/lambda_0.0/target_lr_1.0/landmark_True/seed_8,30
tcsr_fitted,pbc2,linear,0.0,1.0,True,9,0.744173140954495,0.21373444199425637,0.8479330708661418,0.14373127559157448,outputs_small/ntrain_30/tcsr_fitted/pbc2/linear/lambda_0.0/target_lr_1.0/landmark_True/seed_9,30
tcsr_fitted,pbc2,linear,0.0,1.0,True,0,0.7548309178743962,0.14794451683155282,0.8316929133858267,0.1515687431055049,outputs_small/ntrain_30/tcsr_fitted/pbc2/linear/lambda_0.0/target_lr_1.0/landmark_True/seed_0,30
tcsr_fitted,pbc2,linear,0.0,1.0,True,7,0.7007125890736342,0.2018064026581341,0.8351377952755905,0.13172237288390665,outputs_small/ntrain_30/tcsr_fitted/pbc2/linear/lambda_0.0/target_lr_1.0/landmark_True/seed_7,30
tcsr_fitted,pbc2,linear,0.0,0.1,True,2,0.6474121996303143,0.23393864713274876,0.6392716535433071,0.2751783426846016,outputs_small/ntrain_30/tcsr_fitted/pbc2/linear/lambda_0.0/target_lr_0.1/landmark_True/seed_2,30
tcsr_fitted,pbc2,linear,0.0,0.1,True,5,0.7752075919335706,0.19011569957814192,0.8494094488188977,0.14891613503933454,outputs_small/ntrain_30/tcsr_fitted/pbc2/linear/lambda_0.0/target_lr_0.1/landmark_True/seed_5,30
tcsr_fitted,pbc2,linear,0.0,0.1,True,4,0.7848557692307693,0.15330091900836806,0.8494094488188977,0.1325736950584542,outputs_small/ntrain_30/tcsr_fitted/pbc2/linear/lambda_0.0/target_lr_0.1/landmark_True/seed_4,30
tcsr_fitted,pbc2,linear,0.0,0.1,True,3,0.843035343035343,0.12307946446340651,0.8917322834645669,0.10339625131774784,outputs_small/ntrain_30/tcsr_fitted/pbc2/linear/lambda_0.0/target_lr_0.1/landmark_True/seed_3,30
tcsr_fitted,pbc2,linear,0.0,0.1,True,6,0.8711928934010152,0.15426632946989774,0.8873031496062992,0.09484583506234823,outputs_small/ntrain_30/tcsr_fitted/pbc2/linear/lambda_0.0/target_lr_0.1/landmark_True/seed_6,30
tcsr_fitted,pbc2,linear,0.0,0.1,True,1,0.7973815461346634,0.19949354212849393,0.889763779527559,0.10096256651122891,outputs_small/ntrain_30/tcsr_fitted/pbc2/linear/lambda_0.0/target_lr_0.1/landmark_True/seed_1,30
tcsr_fitted,pbc2,linear,0.0,0.1,True,8,0.7601626016260162,0.16819846524195506,0.8676181102362205,0.1181922071307904,outputs_small/ntrain_30/tcsr_fitted/pbc2/linear/lambda_0.0/target_lr_0.1/landmark_True/seed_8,30
tcsr_fitted,pbc2,linear,0.0,0.1,True,9,0.7769145394006659,0.18445594796547066,0.8715551181102362,0.10693521399986484,outputs_small/ntrain_30/tcsr_fitted/pbc2/linear/lambda_0.0/target_lr_0.1/landmark_True/seed_9,30
tcsr_fitted,pbc2,linear,0.0,0.1,True,0,0.8007246376811594,0.13700116320559763,0.8617125984251969,0.12428422628911646,outputs_small/ntrain_30/tcsr_fitted/pbc2/linear/lambda_0.0/target_lr_0.1/landmark_True/seed_0,30
tcsr_fitted,pbc2,linear,0.0,0.1,True,7,0.7232779097387173,0.19414479528462525,0.8823818897637795,0.09742121715117973,outputs_small/ntrain_30/tcsr_fitted/pbc2/linear/lambda_0.0/target_lr_0.1/landmark_True/seed_7,30
tcsr_fitted,pbc2,linear,0.0,0.01,True,2,0.6529574861367837,0.20928194726470628,0.6087598425196851,0.2792522209776842,outputs_small/ntrain_30/tcsr_fitted/pbc2/linear/lambda_0.0/target_lr_0.01/landmark_True/seed_2,30
tcsr_fitted,pbc2,linear,0.0,0.01,True,5,0.791814946619217,0.18301337453964378,0.8523622047244095,0.1475530988891095,outputs_small/ntrain_30/tcsr_fitted/pbc2/linear/lambda_0.0/target_lr_0.01/landmark_True/seed_5,30
tcsr_fitted,pbc2,linear,0.0,0.01,True,4,0.7908653846153846,0.15180283853789875,0.84251968503937,0.1379903719756616,outputs_small/ntrain_30/tcsr_fitted/pbc2/linear/lambda_0.0/target_lr_0.01/landmark_True/seed_4,30
tcsr_fitted,pbc2,linear,0.0,0.01,True,3,0.8492723492723493,0.10708378441995617,0.905511811023622,0.09141670552124448,outputs_small/ntrain_30/tcsr_fitted/pbc2/linear/lambda_0.0/target_lr_0.01/landmark_True/seed_3,30
tcsr_fitted,pbc2,linear,0.0,0.01,True,6,0.8883248730964467,0.15377518562551018,0.8951771653543307,0.08653474742215019,outputs_small/ntrain_30/tcsr_fitted/pbc2/linear/lambda_0.0/target_lr_0.01/landmark_True/seed_6,30
tcsr_fitted,pbc2,linear,0.0,0.01,True,1,0.7961346633416458,0.19043000715623684,0.8981299212598425,0.09607673391344762,outputs_small/ntrain_30/tcsr_fitted/pbc2/linear/lambda_0.0/target_lr_0.01/landmark_True/seed_1,30
tcsr_fitted,pbc2,linear,0.0,0.01,True,8,0.7984901277584204,0.15998156503729927,0.8853346456692913,0.10796460194157137,outputs_small/ntrain_30/tcsr_fitted/pbc2/linear/lambda_0.0/target_lr_0.01/landmark_True/seed_8,30
tcsr_fitted,pbc2,linear,0.0,0.01,True,9,0.7974472807991121,0.1673011573873626,0.8789370078740157,0.09875474628867102,outputs_small/ntrain_30/tcsr_fitted/pbc2/linear/lambda_0.0/target_lr_0.01/landmark_True/seed_9,30
tcsr_fitted,pbc2,linear,0.0,0.01,True,0,0.8254830917874396,0.13742166110712617,0.8784448818897638,0.10490297859599008,outputs_small/ntrain_30/tcsr_fitted/pbc2/linear/lambda_0.0/target_lr_0.01/landmark_True/seed_0,30
tcsr_fitted,pbc2,linear,0.0,0.01,True,7,0.7416864608076009,0.18493700786507833,0.9015748031496063,0.08243095831715125,outputs_small/ntrain_30/tcsr_fitted/pbc2/linear/lambda_0.0/target_lr_0.01/landmark_True/seed_7,30
tcsr_fitted,pbc2,linear,0.0,0.0,True,2,0.6497227356746765,0.2498304833939064,0.5600393700787402,0.3194398868735172,outputs_small/ntrain_30/tcsr_fitted/pbc2/linear/lambda_0.0/target_lr_0.0/landmark_True/seed_2,30
tcsr_fitted,pbc2,linear,0.0,0.0,True,5,0.7870699881376038,0.1774781508410188,0.8513779527559056,0.14678192039431637,outputs_small/ntrain_30/tcsr_fitted/pbc2/linear/lambda_0.0/target_lr_0.0/landmark_True/seed_5,30
tcsr_fitted,pbc2,linear,0.0,0.0,True,4,0.7830528846153846,0.150691918963631,0.8371062992125984,0.14070805123217237,outputs_small/ntrain_30/tcsr_fitted/pbc2/linear/lambda_0.0/target_lr_0.0/landmark_True/seed_4,30
tcsr_fitted,pbc2,linear,0.0,0.0,True,3,0.8529106029106029,0.10520435987586277,0.9099409448818898,0.09046854736359417,outputs_small/ntrain_30/tcsr_fitted/pbc2/linear/lambda_0.0/target_lr_0.0/landmark_True/seed_3,30
tcsr_fitted,pbc2,linear,0.0,0.0,True,6,0.8940355329949239,0.14859488037879598,0.9015748031496063,0.08561190412074285,outputs_small/ntrain_30/tcsr_fitted/pbc2/linear/lambda_0.0/target_lr_0.0/landmark_True/seed_6,30
tcsr_fitted,pbc2,linear,0.0,0.0,True,1,0.7980049875311721,0.18570349623432564,0.9010826771653543,0.09537448585431647,outputs_small/ntrain_30/tcsr_fitted/pbc2/linear/lambda_0.0/target_lr_0.0/landmark_True/seed_1,30
tcsr_fitted,pbc2,linear,0.0,0.0,True,8,0.7857142857142857,0.16179735033653578,0.8828740157480315,0.10731914872092174,outputs_small/ntrain_30/tcsr_fitted/pbc2/linear/lambda_0.0/target_lr_0.0/landmark_True/seed_8,30
tcsr_fitted,pbc2,linear,0.0,0.0,True,9,0.7941176470588235,0.1579068117777611,0.8715551181102362,0.09624060668786968,outputs_small/ntrain_30/tcsr_fitted/pbc2/linear/lambda_0.0/target_lr_0.0/landmark_True/seed_9,30
tcsr_fitted,pbc2,linear,0.0,0.0,True,0,0.8152173913043478,0.1437565720436509,0.8809055118110236,0.10068651623361083,outputs_small/ntrain_30/tcsr_fitted/pbc2/linear/lambda_0.0/target_lr_0.0/landmark_True/seed_0,30
tcsr_fitted,pbc2,linear,0.0,0.0,True,7,0.7458432304038005,0.1854503707718072,0.9035433070866141,0.08122070298728415,outputs_small/ntrain_30/tcsr_fitted/pbc2/linear/lambda_0.0/target_lr_0.0/landmark_True/seed_7,30
tcsr_fitted,aids,linear,0.0,1.0,True,2,0.6133584195672624,0.18255385807106342,0.7004373177842566,0.16306339106477294,outputs_small/ntrain_30/tcsr_fitted/aids/linear/lambda_0.0/target_lr_1.0/landmark_True/seed_2,30
tcsr_fitted,aids,linear,0.0,1.0,True,5,0.6709983498349835,0.17906904117035055,0.6465014577259475,0.17892827907651274,outputs_small/ntrain_30/tcsr_fitted/aids/linear/lambda_0.0/target_lr_1.0/landmark_True/seed_5,30
tcsr_fitted,aids,linear,0.0,1.0,True,4,0.7163336229365769,0.18309459808097597,0.672983479105928,0.1770139779889784,outputs_small/ntrain_30/tcsr_fitted/aids/linear/lambda_0.0/target_lr_1.0/landmark_True/seed_4,30
tcsr_fitted,aids,linear,0.0,1.0,True,3,0.6229061976549414,0.2745029213020294,0.6632653061224489,0.21902574710494443,outputs_small/ntrain_30/tcsr_fitted/aids/linear/lambda_0.0/target_lr_1.0/landmark_True/seed_3,30
tcsr_fitted,aids,linear,0.0,1.0,True,6,0.7177700348432056,0.1641495568181907,0.7317784256559767,0.18321269137813587,outputs_small/ntrain_30/tcsr_fitted/aids/linear/lambda_0.0/target_lr_1.0/landmark_True/seed_6,30
tcsr_fitted,aids,linear,0.0,1.0,True,1,0.7313865358894338,0.15038383481789444,0.7159863945578231,0.15264477969659024,outputs_small/ntrain_30/tcsr_fitted/aids/linear/lambda_0.0/target_lr_1.0/landmark_True/seed_1,30
tcsr_fitted,aids,linear,0.0,1.0,True,8,0.6054112554112554,0.1866542934863241,0.6783284742468416,0.17275272614744128,outputs_small/ntrain_30/tcsr_fitted/aids/linear/lambda_0.0/target_lr_1.0/landmark_True/seed_8,30
tcsr_fitted,aids,linear,0.0,1.0,True,9,0.7363829787234043,0.18643211599772694,0.6508746355685131,0.1852104321185781,outputs_small/ntrain_30/tcsr_fitted/aids/linear/lambda_0.0/target_lr_1.0/landmark_True/seed_9,30
tcsr_fitted,aids,linear,0.0,1.0,True,0,0.7016619375760033,0.17570907260608773,0.6698250728862973,0.1700785033949913,outputs_small/ntrain_30/tcsr_fitted/aids/linear/lambda_0.0/target_lr_1.0/landmark_True/seed_0,30
tcsr_fitted,aids,linear,0.0,1.0,True,7,0.7318317042073949,0.17905543052569092,0.6537900874635568,0.16423456716859644,outputs_small/ntrain_30/tcsr_fitted/aids/linear/lambda_0.0/target_lr_1.0/landmark_True/seed_7,30
tcsr_fitted,aids,linear,0.0,0.1,True,2,0.5867826904985889,0.20558001487116803,0.6503887269193391,0.17143480045225404,outputs_small/ntrain_30/tcsr_fitted/aids/linear/lambda_0.0/target_lr_0.1/landmark_True/seed_2,30
tcsr_fitted,aids,linear,0.0,0.1,True,5,0.6674917491749175,0.20605168964673723,0.5993683187560739,0.19786627860662315,outputs_small/ntrain_30/tcsr_fitted/aids/linear/lambda_0.0/target_lr_0.1/landmark_True/seed_5,30
tcsr_fitted,aids,linear,0.0,0.1,True,4,0.7293657688966116,0.18114201525669754,0.673469387755102,0.16059517021502412,outputs_small/ntrain_30/tcsr_fitted/aids/linear/lambda_0.0/target_lr_0.1/landmark_True/seed_4,30
tcsr_fitted,aids,linear,0.0,0.1,True,3,0.6507537688442211,0.2899266924225894,0.6865889212827988,0.2160091540117941,outputs_small/ntrain_30/tcsr_fitted/aids/linear/lambda_0.0/target_lr_0.1/landmark_True/seed_3,30
tcsr_fitted,aids,linear,0.0,0.1,True,6,0.7193186217576462,0.16051612104357388,0.716958211856171,0.1647848684789368,outputs_small/ntrain_30/tcsr_fitted/aids/linear/lambda_0.0/target_lr_0.1/landmark_True/seed_6,30
tcsr_fitted,aids,linear,0.0,0.1,True,1,0.6946054391440035,0.1604774914594213,0.7086977648202138,0.15031661517980519,outputs_small/ntrain_30/tcsr_fitted/aids/linear/lambda_0.0/target_lr_0.1/landmark_True/seed_1,30
tcsr_fitted,aids,linear,0.0,0.1,True,8,0.577922077922078,0.21666984345149765,0.6294946550048591,0.18197835313029978,outputs_small/ntrain_30/tcsr_fitted/aids/linear/lambda_0.0/target_lr_0.1/landmark_True/seed_8,30
tcsr_fitted,aids,linear,0.0,0.1,True,9,0.7178723404255319,0.18035547768358448,0.68488824101069,0.16890858546909213,outputs_small/ntrain_30/tcsr_fitted/aids/linear/lambda_0.0/target_lr_0.1/landmark_True/seed_9,30
tcsr_fitted,aids,linear,0.0,0.1,True,0,0.7300364815565464,0.15909761278887935,0.6756559766763849,0.16047173176090052,outputs_small/ntrain_30/tcsr_fitted/aids/linear/lambda_0.0/target_lr_0.1/landmark_True/seed_0,30
tcsr_fitted,aids,linear,0.0,0.1,True,7,0.701444963875903,0.18580058071964264,0.6387269193391643,0.1643007387137996,outputs_small/ntrain_30/tcsr_fitted/aids/linear/lambda_0.0/target_lr_0.1/landmark_True/seed_7,30
tcsr_fitted,aids,linear,0.0,0.01,True,2,0.569379115710254,0.22471418337038418,0.642128279883382,0.1841483253784348,outputs_small/ntrain_30/tcsr_fitted/aids/linear/lambda_0.0/target_lr_0.01/landmark_True/seed_2,30
tcsr_fitted,aids,linear,0.0,0.01,True,5,0.6563531353135313,0.22061691847629247,0.5986394557823129,0.20815764303317139,outputs_small/ntrain_30/tcsr_fitted/aids/linear/lambda_0.0/target_lr_0.01/landmark_True/seed_5,30
tcsr_fitted,aids,linear,0.0,0.01,True,4,0.702215464813206,0.20671174330962067,0.6882896015549077,0.17372760733405113,outputs_small/ntrain_30/tcsr_fitted/aids/linear/lambda_0.0/target_lr_0.01/landmark_True/seed_4,30
tcsr_fitted,aids,linear,0.0,0.01,True,3,0.6273031825795645,0.2960508695249552,0.6788143828960156,0.21377117943555685,outputs_small/ntrain_30/tcsr_fitted/aids/linear/lambda_0.0/target_lr_0.01/landmark_True/seed_3,30
tcsr_fitted,aids,linear,0.0,0.01,True,6,0.6955090979481223,0.1692286006608931,0.684402332361516,0.1595217737289512,outputs_small/ntrain_30/tcsr_fitted/aids/linear/lambda_0.0/target_lr_0.01/landmark_True/seed_6,30
tcsr_fitted,aids,linear,0.0,0.01,True,1,0.6707534551939367,0.16134680118147388,0.6773566569484937,0.1470128948076858,outputs_small/ntrain_30/tcsr_fitted/aids/linear/lambda_0.0/target_lr_0.01/landmark_True/seed_1,30
tcsr_fitted,aids,linear,0.0,0.01,True,8,0.5846320346320346,0.22266554913129308,0.6282798833819242,0.18989532665572034,outputs_small/ntrain_30/tcsr_fitted/aids/linear/lambda_0.0/target_lr_0.01/landmark_True/seed_8,30
tcsr_fitted,aids,linear,0.0,0.01,True,9,0.6925531914893617,0.17718482995362472,0.6588921282798834,0.155271351871471,outputs_small/ntrain_30/tcsr_fitted/aids/linear/lambda_0.0/target_lr_0.01/landmark_True/seed_9,30
tcsr_fitted,aids,linear,0.0,0.01,True,0,0.7278070531009323,0.15017402274836014,0.6676384839650146,0.15387090998021938,outputs_small/ntrain_30/tcsr_fitted/aids/linear/lambda_0.0/target_lr_0.01/landmark_True/seed_0,30
tcsr_fitted,aids,linear,0.0,0.01,True,7,0.6891202719932001,0.18787214316464296,0.6328960155490768,0.1651924104886718,outputs_small/ntrain_30/tcsr_fitted/aids/linear/lambda_0.0/target_lr_0.01/landmark_True/seed_7,30
tcsr_fitted,aids,linear,0.0,0.0,True,2,0.5660865475070554,0.23044349628149924,0.6455296404275996,0.18765289436058769,outputs_small/ntrain_30/tcsr_fitted/aids/linear/lambda_0.0/target_lr_0.0/landmark_True/seed_2,30
tcsr_fitted,aids,linear,0.0,0.0,True,5,0.6617161716171617,0.2304166329981657,0.5998542274052479,0.21564773860438932,outputs_small/ntrain_30/tcsr_fitted/aids/linear/lambda_0.0/target_lr_0.0/landmark_True/seed_5,30
tcsr_fitted,aids,linear,0.0,0.0,True,4,0.6817984361424848,0.22679183867718483,0.6758989310009719,0.19356700189188025,outputs_small/ntrain_30/tcsr_fitted/aids/linear/lambda_0.0/target_lr_0.0/landmark_True/seed_4,30
tcsr_fitted,aids,linear,0.0,0.0,True,3,0.6245812395309883,0.2976827566316489,0.6819727891156463,0.2139333900637614,outputs_small/ntrain_30/tcsr_fitted/aids/linear/lambda_0.0/target_lr_0.0/landmark_True/seed_3,30
tcsr_fitted,aids,linear,0.0,0.0,True,6,0.6720867208672087,0.1744957662633223,0.6746841593780369,0.1601786800925291,outputs_small/ntrain_30/tcsr_fitted/aids/linear/lambda_0.0/target_lr_0.0/landmark_True/seed_6,30
tcsr_fitted,aids,linear,0.0,0.0,True,1,0.6968345965225144,0.16140697519718633,0.6547619047619048,0.1456429876270292,outputs_small/ntrain_30/tcsr_fitted/aids/linear/lambda_0.0/target_lr_0.0/landmark_True/seed_1,30
tcsr_fitted,aids,linear,0.0,0.0,True,8,0.5893939393939394,0.2195579150115807,0.6265792031098154,0.19633770464617928,outputs_small/ntrain_30/tcsr_fitted/aids/linear/lambda_0.0/target_lr_0.0/landmark_True/seed_8,30
tcsr_fitted,aids,linear,0.0,0.0,True,9,0.6868085106382978,0.17794410483244577,0.6637512147716229,0.1537365310357285,outputs_small/ntrain_30/tcsr_fitted/aids/linear/lambda_0.0/target_lr_0.0/landmark_True/seed_9,30
tcsr_fitted,aids,linear,0.0,0.0,True,0,0.7312525334414268,0.15198018805496907,0.6530612244897959,0.15430013113140983,outputs_small/ntrain_30/tcsr_fitted/aids/linear/lambda_0.0/target_lr_0.0/landmark_True/seed_0,30
tcsr_fitted,aids,linear,0.0,0.0,True,7,0.6891202719932001,0.18795320399022394,0.6328960155490768,0.16521242910250902,outputs_small/ntrain_30/tcsr_fitted/aids/linear/lambda_0.0/target_lr_0.0/landmark_True/seed_7,30
tcsr_fitted,rw,linear,0.0,1.0,True,2,0.6444106507517503,0.2043297104635131,0.6892758662030931,0.1993306733252901,outputs_small/ntrain_30/tcsr_fitted/rw/linear/lambda_0.0/target_lr_1.0/landmark_True/seed_2,30
tcsr_fitted,rw,linear,0.0,1.0,True,5,0.6596710487531686,0.21359080507817763,0.7080685769092435,0.19325411065537798,outputs_small/ntrain_30/tcsr_fitted/rw/linear/lambda_0.0/target_lr_1.0/landmark_True/seed_5,30
tcsr_fitted,rw,linear,0.0,1.0,True,4,0.697906251837911,0.21810594051268364,0.6566958398273588,0.2185134224377732,outputs_small/ntrain_30/tcsr_fitted/rw/linear/lambda_0.0/target_lr_1.0/landmark_True/seed_4,30
tcsr_fitted,rw,linear,0.0,1.0,True,3,0.6508684133058581,0.22266638917684223,0.6849298645246373,0.19654754659838983,outputs_small/ntrain_30/tcsr_fitted/rw/linear/lambda_0.0/target_lr_1.0/landmark_True/seed_3,30
tcsr_fitted,rw,linear,0.0,1.0,True,6,0.6629985443959243,0.205608654608387,0.7069296247452344,0.19242963888943504,outputs_small/ntrain_30/tcsr_fitted/rw/linear/lambda_0.0/target_lr_1.0/landmark_True/seed_6,30
tcsr_fitted,rw,linear,0.0,1.0,True,1,0.5910602030947776,0.26987912661690083,0.6548675218798705,0.21632658348160289,outputs_small/ntrain_30/tcsr_fitted/rw/linear/lambda_0.0/target_lr_1.0/landmark_True/seed_1,30
tcsr_fitted,rw,linear,0.0,1.0,True,8,0.7086361434108527,0.19919427923955474,0.6753087159812972,0.20120970738994726,outputs_small/ntrain_30/tcsr_fitted/rw/linear/lambda_0.0/target_lr_1.0/landmark_True/seed_8,30
tcsr_fitted,rw,linear,0.0,1.0,True,9,0.6170095304509531,0.22513009039458015,0.6738700395636015,0.20892520774886425,outputs_small/ntrain_30/tcsr_fitted/rw/linear/lambda_0.0/target_lr_1.0/landmark_True/seed_9,30
tcsr_fitted,rw,linear,0.0,1.0,True,0,0.6179922151861965,0.21052139183783056,0.6754286056827719,0.2029761881030956,outputs_small/ntrain_30/tcsr_fitted/rw/linear/lambda_0.0/target_lr_1.0/landmark_True/seed_0,30
tcsr_fitted,rw,linear,0.0,1.0,True,7,0.6178027218797255,0.22064815589706058,0.697158614075051,0.1959493567969718,outputs_small/ntrain_30/tcsr_fitted/rw/linear/lambda_0.0/target_lr_1.0/landmark_True/seed_7,30
tcsr_fitted,rw,linear,0.0,0.1,True,2,0.6455870538276139,0.21024691002458848,0.6857990648603285,0.2026863363255822,outputs_small/ntrain_30/tcsr_fitted/rw/linear/lambda_0.0/target_lr_0.1/landmark_True/seed_2,30
tcsr_fitted,rw,linear,0.0,0.1,True,5,0.6612627483346106,0.21622263853834262,0.7081285217599809,0.19588819260826687,outputs_small/ntrain_30/tcsr_fitted/rw/linear/lambda_0.0/target_lr_0.1/landmark_True/seed_5,30
tcsr_fitted,rw,linear,0.0,0.1,True,4,0.6983473504675646,0.2112499969692548,0.6539983215441794,0.2159174737679714,outputs_small/ntrain_30/tcsr_fitted/rw/linear/lambda_0.0/target_lr_0.1/landmark_True/seed_4,30
tcsr_fitted,rw,linear,0.0,0.1,True,3,0.6467765675596114,0.2259413866031857,0.6858290372856971,0.19767961853681257,outputs_small/ntrain_30/tcsr_fitted/rw/linear/lambda_0.0/target_lr_0.1/landmark_True/seed_3,30
tcsr_fitted,rw,linear,0.0,0.1,True,6,0.6618340611353711,0.20666553233767404,0.7072593214242896,0.19115705367952598,outputs_small/ntrain_30/tcsr_fitted/rw/linear/lambda_0.0/target_lr_0.1/landmark_True/seed_6,30
tcsr_fitted,rw,linear,0.0,0.1,True,1,0.5829908123791102,0.2715067009107487,0.6492926507612996,0.2181949844041707,outputs_small/ntrain_30/tcsr_fitted/rw/linear/lambda_0.0/target_lr_0.1/landmark_True/seed_1,30
tcsr_fitted,rw,linear,0.0,0.1,True,8,0.7153888081395349,0.19584533784149086,0.6891559765016185,0.20045407402191415,outputs_small/ntrain_30/tcsr_fitted/rw/linear/lambda_0.0/target_lr_0.1/landmark_True/seed_8,30
tcsr_fitted,rw,linear,0.0,0.1,True,9,0.6275860065086006,0.22487496660971318,0.663919194341206,0.2079176485633927,outputs_small/ntrain_30/tcsr_fitted/rw/linear/lambda_0.0/target_lr_0.1/landmark_True/seed_9,30
tcsr_fitted,rw,linear,0.0,0.1,True,0,0.6287980015104863,0.21468522903507312,0.6691943412060904,0.20592764750099343,outputs_small/ntrain_30/tcsr_fitted/rw/linear/lambda_0.0/target_lr_0.1/landmark_True/seed_0,30
tcsr_fitted,rw,linear,0.0,0.1,True,7,0.6153890892171687,0.22415576969170822,0.6994365184030692,0.19834656784472326,outputs_small/ntrain_30/tcsr_fitted/rw/linear/lambda_0.0/target_lr_0.1/landmark_True/seed_7,30
tcsr_fitted,rw,linear,0.0,0.01,True,2,0.6464765293239986,0.21105393273733294,0.6857391200095911,0.20321653430275904,outputs_small/ntrain_30/tcsr_fitted/rw/linear/lambda_0.0/target_lr_0.01/landmark_True/seed_2,30
tcsr_fitted,rw,linear,0.0,0.01,True,5,0.6621175499616813,0.21665256345152992,0.7095671981776766,0.19632256647637245,outputs_small/ntrain_30/tcsr_fitted/rw/linear/lambda_0.0/target_lr_0.01/landmark_True/seed_5,30
tcsr_fitted,rw,linear,0.0,0.01,True,4,0.6975239663588778,0.21062678853763994,0.6534288454621748,0.21574750412029703,outputs_small/ntrain_30/tcsr_fitted/rw/linear/lambda_0.0/target_lr_0.01/landmark_True/seed_4,30
tcsr_fitted,rw,linear,0.0,0.01,True,3,0.6473064468648808,0.2264064104767683,0.688316748591296,0.1979095453428717,outputs_small/ntrain_30/tcsr_fitted/rw/linear/lambda_0.0/target_lr_0.01/landmark_True/seed_3,30
tcsr_fitted,rw,linear,0.0,0.01,True,6,0.6609606986899563,0.20687687366348162,0.7047716101186908,0.19110094693807247,outputs_small/ntrain_30/tcsr_fitted/rw/linear/lambda_0.0/target_lr_0.01/landmark_True/seed_6,30
tcsr_fitted,rw,linear,0.0,0.01,True,1,0.5835348162475822,0.2719223455653021,0.6518403069176357,0.2185756726149615,outputs_small/ntrain_30/tcsr_fitted/rw/linear/lambda_0.0/target_lr_0.01/landmark_True/seed_1,30
tcsr_fitted,rw,linear,0.0,0.01,True,8,0.7153888081395349,0.19555673797561682,0.6852895336290613,0.20045986977479513,outputs_small/ntrain_30/tcsr_fitted/rw/linear/lambda_0.0/target_lr_0.01/landmark_True/seed_8,30
tcsr_fitted,rw,linear,0.0,0.01,True,9,0.627556950255695,0.22494513596205254,0.6652679534827959,0.2079068772110175,outputs_small/ntrain_30/tcsr_fitted/rw/linear/lambda_0.0/target_lr_0.01/landmark_True/seed_9,30
tcsr_fitted,rw,linear,0.0,0.01,True,0,0.628042758380294,0.21525678364760786,0.6689545618031411,0.20634240216771202,outputs_small/ntrain_30/tcsr_fitted/rw/linear/lambda_0.0/target_lr_0.01/landmark_True/seed_0,30
tcsr_fitted,rw,linear,0.0,0.01,True,7,0.6111143422123997,0.22463880012542342,0.6999160772089678,0.19864882102832512,outputs_small/ntrain_30/tcsr_fitted/rw/linear/lambda_0.0/target_lr_0.01/landmark_True/seed_7,30
tcsr_fitted,rw,linear,0.0,0.0,True,2,0.6469643062091128,0.21114556561469577,0.6857391200095911,0.20327745064008548,outputs_small/ntrain_30/tcsr_fitted/rw/linear/lambda_0.0/target_lr_0.0/landmark_True/seed_2,30
tcsr_fitted,rw,linear,0.0,0.0,True,5,0.6621175499616813,0.2167019917366537,0.7095671981776766,0.19637230386613252,outputs_small/ntrain_30/tcsr_fitted/rw/linear/lambda_0.0/target_lr_0.0/landmark_True/seed_5,30
tcsr_fitted,rw,linear,0.0,0.0,True,4,0.6975239663588778,0.21055889085111795,0.6530691763577509,0.2157300924193539,outputs_small/ntrain_30/tcsr_fitted/rw/linear/lambda_0.0/target_lr_0.0/landmark_True/seed_4,30
tcsr_fitted,rw,linear,0.0,0.0,True,3,0.6481895790403297,0.22645979837327457,0.6890660592255126,0.19793653121401605,outputs_small/ntrain_30/tcsr_fitted/rw/linear/lambda_0.0/target_lr_0.0/landmark_True/seed_3,30
tcsr_fitted,rw,linear,0.0,0.0,True,6,0.6614264919941776,0.2069016534338765,0.7047716101186908,0.19109559587246627,outputs_small/ntrain_30/tcsr_fitted/rw/linear/lambda_0.0/target_lr_0.0/landmark_True/seed_6,30
tcsr_fitted,rw,linear,0.0,0.0,True,1,0.5835348162475822,0.2719723144185202,0.6518403069176357,0.21862036922602926,outputs_small/ntrain_30/tcsr_fitted/rw/linear/lambda_0.0/target_lr_0.0/landmark_True/seed_1,30
tcsr_fitted,rw,linear,0.0,0.0,True,8,0.7153888081395349,0.19552538307144188,0.6867881548974943,0.20046160776453542,outputs_small/ntrain_30/tcsr_fitted/rw/linear/lambda_0.0/target_lr_0.0/landmark_True/seed_8,30
tcsr_fitted,rw,linear,0.0,0.0,True,9,0.6277022315202232,0.2249542272708369,0.6651780362066898,0.20790688017059356,outputs_small/ntrain_30/tcsr_fitted/rw/linear/lambda_0.0/target_lr_0.0/landmark_True/seed_9,30
tcsr_fitted,rw,linear,0.0,0.0,True,0,0.6291465752628828,0.2153218754944396,0.6685349478479798,0.20638956629386854,outputs_small/ntrain_30/tcsr_fitted/rw/linear/lambda_0.0/target_lr_0.0/landmark_True/seed_0,30
tcsr_fitted,rw,linear,0.0,0.0,True,7,0.6119576596487146,0.22469371920034897,0.700245773888023,0.19868245808368531,outputs_small/ntrain_30/tcsr_fitted/rw/linear/lambda_0.0/target_lr_0.0/landmark_True/seed_7,30
inc_tcsr,pbc2,linear,0.0,1.0,True,2,0.6746765249537893,0.20199310559309996,0.7042322834645669,0.21429972481689433,outputs_small/ntrain_30/inc_tcsr/pbc2/linear/lambda_0.0/target_lr_1.0/landmark_True/seed_2,30
inc_tcsr,pbc2,linear,0.0,1.0,True,5,0.6814946619217082,0.24859708346211418,0.7672244094488189,0.225040962120579,outputs_small/ntrain_30/inc_tcsr/pbc2/linear/lambda_0.0/target_lr_1.0/landmark_True/seed_5,30
inc_tcsr,pbc2,linear,0.0,1.0,True,4,0.7271634615384616,0.1721800990937282,0.8499015748031497,0.14242527718242656,outputs_small/ntrain_30/inc_tcsr/pbc2/linear/lambda_0.0/target_lr_1.0/landmark_True/seed_4,30
inc_tcsr,pbc2,linear,0.0,1.0,True,3,0.8108108108108109,0.13974542378722243,0.8400590551181102,0.1271135601795869,outputs_small/ntrain_30/inc_tcsr/pbc2/linear/lambda_0.0/target_lr_1.0/landmark_True/seed_3,30
inc_tcsr,pbc2,linear,0.0,1.0,True,6,0.8553299492385786,0.13436098200596122,0.8607283464566929,0.14482494397304885,outputs_small/ntrain_30/inc_tcsr/pbc2/linear/lambda_0.0/target_lr_1.0/landmark_True/seed_6,30
inc_tcsr,pbc2,linear,0.0,1.0,True,1,0.7768079800498753,0.19280955757061136,0.8208661417322834,0.1541238962296324,outputs_small/ntrain_30/inc_tcsr/pbc2/linear/lambda_0.0/target_lr_1.0/landmark_True/seed_1,30
inc_tcsr,pbc2,linear,0.0,1.0,True,8,0.6695702671312428,0.18995243234232104,0.8257874015748031,0.13598823523596973,outputs_small/ntrain_30/inc_tcsr/pbc2/linear/lambda_0.0/target_lr_1.0/landmark_True/seed_8,30
inc_tcsr,pbc2,linear,0.0,1.0,True,9,0.7824639289678136,0.18709928569996293,0.844488188976378,0.13422456049204914,outputs_small/ntrain_30/inc_tcsr/pbc2/linear/lambda_0.0/target_lr_1.0/landmark_True/seed_9,30
inc_tcsr,pbc2,linear,0.0,1.0,True,0,0.783816425120773,0.14582171634726843,0.8582677165354331,0.1289048913030834,outputs_small/ntrain_30/inc_tcsr/pbc2/linear/lambda_0.0/target_lr_1.0/landmark_True/seed_0,30
inc_tcsr,pbc2,linear,0.0,1.0,True,7,0.7090261282660333,0.1994455590024488,0.8420275590551181,0.13356634291885447,outputs_small/ntrain_30/inc_tcsr/pbc2/linear/lambda_0.0/target_lr_1.0/landmark_True/seed_7,30
inc_tcsr,aids,linear,0.0,1.0,True,2,0.4924741298212606,0.1984860455017556,0.5515063168124392,0.1856470537921366,outputs_small/ntrain_30/inc_tcsr/aids/linear/lambda_0.0/target_lr_1.0/landmark_True/seed_2,30
inc_tcsr,aids,linear,0.0,1.0,True,5,0.6852310231023102,0.18996294673876352,0.6569484936831875,0.16718209516999827,outputs_small/ntrain_30/inc_tcsr/aids/linear/lambda_0.0/target_lr_1.0/landmark_True/seed_5,30
inc_tcsr,aids,linear,0.0,1.0,True,4,0.6700695047784535,0.1812938847863496,0.6632653061224489,0.16022589112540708,outputs_small/ntrain_30/inc_tcsr/aids/linear/lambda_0.0/target_lr_1.0/landmark_True/seed_4,30
inc_tcsr,aids,linear,0.0,1.0,True,3,0.6656197654941374,0.21180412104963833,0.7264334305150631,0.16982582359208206,outputs_small/ntrain_30/inc_tcsr/aids/linear/lambda_0.0/target_lr_1.0/landmark_True/seed_3,30
inc_tcsr,aids,linear,0.0,1.0,True,6,0.7253193960511034,0.14831317287053672,0.7478134110787172,0.15634392541021325,outputs_small/ntrain_30/inc_tcsr/aids/linear/lambda_0.0/target_lr_1.0/landmark_True/seed_6,30
inc_tcsr,aids,linear,0.0,1.0,True,1,0.6440035666518056,0.1930830647826742,0.6127308066083577,0.15947395302743653,outputs_small/ntrain_30/inc_tcsr/aids/linear/lambda_0.0/target_lr_1.0/landmark_True/seed_1,30
inc_tcsr,aids,linear,0.0,1.0,True,8,0.6318181818181818,0.1757585988143871,0.6938775510204082,0.15223968471540666,outputs_small/ntrain_30/inc_tcsr/aids/linear/lambda_0.0/target_lr_1.0/landmark_True/seed_8,30
inc_tcsr,aids,linear,0.0,1.0,True,9,0.6004255319148936,0.18807913794194836,0.6134596695821186,0.17669744137945978,outputs_small/ntrain_30/inc_tcsr/aids/linear/lambda_0.0/target_lr_1.0/landmark_True/seed_9,30
inc_tcsr,aids,linear,0.0,1.0,True,0,0.6783542764491285,0.1966574362674835,0.6139455782312925,0.16298180435080775,outputs_small/ntrain_30/inc_tcsr/aids/linear/lambda_0.0/target_lr_1.0/landmark_True/seed_0,30
inc_tcsr,aids,linear,0.0,1.0,True,7,0.6583085422864429,0.19921344564349688,0.6275510204081632,0.16805077354985282,outputs_small/ntrain_30/inc_tcsr/aids/linear/lambda_0.0/target_lr_1.0/landmark_True/seed_7,30
inc_tcsr,rw,linear,0.0,1.0,True,2,0.6359462871571215,0.24886933295506847,0.6896655077328857,0.2335671475076119,outputs_small/ntrain_30/inc_tcsr/rw/linear/lambda_0.0/target_lr_1.0/landmark_True/seed_2,30
inc_tcsr,rw,linear,0.0,1.0,True,5,0.6507103696280139,0.2433672090096324,0.6974883107541062,0.22803082225778148,outputs_small/ntrain_30/inc_tcsr/rw/linear/lambda_0.0/target_lr_1.0/landmark_True/seed_5,30
inc_tcsr,rw,linear,0.0,1.0,True,4,0.7012586014232782,0.19044938665224326,0.6468049394557007,0.21592071042001057,outputs_small/ntrain_30/inc_tcsr/rw/linear/lambda_0.0/target_lr_1.0/landmark_True/seed_4,30
inc_tcsr,rw,linear,0.0,1.0,True,3,0.651280541654401,0.23974811166167928,0.6996762978060185,0.21802993821956657,outputs_small/ntrain_30/inc_tcsr/rw/linear/lambda_0.0/target_lr_1.0/landmark_True/seed_3,30
inc_tcsr,rw,linear,0.0,1.0,True,6,0.6583988355167395,0.2503255279040654,0.7092674739239899,0.22949289483675306,outputs_small/ntrain_30/inc_tcsr/rw/linear/lambda_0.0/target_lr_1.0/landmark_True/seed_6,30
inc_tcsr,rw,linear,0.0,1.0,True,1,0.5644644584139265,0.2831840486043851,0.6213283778923391,0.24703671837492058,outputs_small/ntrain_30/inc_tcsr/rw/linear/lambda_0.0/target_lr_1.0/landmark_True/seed_1,30
inc_tcsr,rw,linear,0.0,1.0,True,8,0.7207788275193798,0.21564733548767784,0.6893657834791992,0.24267209807894613,outputs_small/ntrain_30/inc_tcsr/rw/linear/lambda_0.0/target_lr_1.0/landmark_True/seed_8,30
inc_tcsr,rw,linear,0.0,1.0,True,9,0.6103556485355649,0.25097390595980584,0.6643088358709986,0.2308919897770384,outputs_small/ntrain_30/inc_tcsr/rw/linear/lambda_0.0/target_lr_1.0/landmark_True/seed_9,30
inc_tcsr,rw,linear,0.0,1.0,True,0,0.6476790797652937,0.24999947866695266,0.6987771250449586,0.2486720240248075,outputs_small/ntrain_30/inc_tcsr/rw/linear/lambda_0.0/target_lr_1.0/landmark_True/seed_0,30
inc_tcsr,rw,linear,0.0,1.0,True,7,0.6174828428521577,0.2630231999661139,0.69829756623906,0.25132288564051103,outputs_small/ntrain_30/inc_tcsr/rw/linear/lambda_0.0/target_lr_1.0/landmark_True/seed_7,30
cox,pbc2,linear,0.0,1.0,True,2,0.6451016635859519,0.3152920617047581,0.6018700787401575,0.2771859373473828,outputs_small/ntrain_30/cox/pbc2/linear/lambda_0.0/target_lr_1.0/landmark_True/seed_2,30
cox,pbc2,linear,0.0,1.0,True,5,0.6648873072360617,0.22840025185359253,0.7682086614173228,0.18343828191211609,outputs_small/ntrain_30/cox/pbc2/linear/lambda_0.0/target_lr_1.0/landmark_True/seed_5,30
cox,pbc2,linear,0.0,1.0,True,4,0.6520432692307693,0.27888609813795445,0.6269685039370079,0.25882924323902134,outputs_small/ntrain_30/cox/pbc2/linear/lambda_0.0/target_lr_1.0/landmark_True/seed_4,30
cox,pbc2,linear,0.0,1.0,True,3,0.7676715176715176,0.17670912874704162,0.7534448818897638,0.2044993246580558,outputs_small/ntrain_30/cox/pbc2/linear/lambda_0.0/target_lr_1.0/landmark_True/seed_3,30
cox,pbc2,linear,0.0,1.0,True,6,0.6453045685279187,0.2760461833784493,0.6358267716535433,0.25294156999997586,outputs_small/ntrain_30/cox/pbc2/linear/lambda_0.0/target_lr_1.0/landmark_True/seed_6,30
cox,pbc2,linear,0.0,1.0,True,1,0.7562344139650873,0.22438338631303387,0.7588582677165354,0.17680736661327412,outputs_small/ntrain_30/cox/pbc2/linear/lambda_0.0/target_lr_1.0/landmark_True/seed_1,30
cox,pbc2,linear,0.0,1.0,True,8,0.6370499419279907,0.2984047477134731,0.7539370078740157,0.1930231873398528,outputs_small/ntrain_30/cox/pbc2/linear/lambda_0.0/target_lr_1.0/landmark_True/seed_8,30
cox,pbc2,linear,0.0,1.0,True,9,0.7114317425083241,0.27867023857410306,0.6294291338582677,0.26298818144272107,outputs_small/ntrain_30/cox/pbc2/linear/lambda_0.0/target_lr_1.0/landmark_True/seed_9,30
cox,pbc2,linear,0.0,1.0,True,0,0.6461352657004831,0.2702398475401453,0.7588582677165354,0.1995813771986445,outputs_small/ntrain_30/cox/pbc2/linear/lambda_0.0/target_lr_1.0/landmark_True/seed_0,30
cox,pbc2,linear,0.0,1.0,True,7,0.6876484560570071,0.24660812130518314,0.702755905511811,0.2129211123647026,outputs_small/ntrain_30/cox/pbc2/linear/lambda_0.0/target_lr_1.0/landmark_True/seed_7,30
cox,aids,linear,0.0,1.0,True,2,0.5851364063969896,0.21367864955099825,0.5889212827988338,0.22644192896812979,outputs_small/ntrain_30/cox/aids/linear/lambda_0.0/target_lr_1.0/landmark_True/seed_2,30
cox,aids,linear,0.0,1.0,True,5,0.5598184818481848,0.22741958887470368,0.5488338192419825,0.2170188367976896,outputs_small/ntrain_30/cox/aids/linear/lambda_0.0/target_lr_1.0/landmark_True/seed_5,30
cox,aids,linear,0.0,1.0,True,4,0.6125108601216334,0.1975617997816206,0.6222060252672498,0.1955349403983851,outputs_small/ntrain_30/cox/aids/linear/lambda_0.0/target_lr_1.0/landmark_True/seed_4,30
cox,aids,linear,0.0,1.0,True,3,0.6139028475711893,0.20697744808343735,0.6068999028182702,0.2130699665692957,outputs_small/ntrain_30/cox/aids/linear/lambda_0.0/target_lr_1.0/landmark_True/seed_3,30
cox,aids,linear,0.0,1.0,True,6,0.6006581494386373,0.22407794509161963,0.6137026239067055,0.1740105355319633,outputs_small/ntrain_30/cox/aids/linear/lambda_0.0/target_lr_1.0/landmark_True/seed_6,30
cox,aids,linear,0.0,1.0,True,1,0.6114578689255461,0.22685855388547174,0.5391156462585034,0.22991618949219123,outputs_small/ntrain_30/cox/aids/linear/lambda_0.0/target_lr_1.0/landmark_True/seed_1,30
cox,aids,linear,0.0,1.0,True,8,0.5512987012987013,0.2130170179853325,0.598153547133139,0.18422409108629642,outputs_small/ntrain_30/cox/aids/linear/lambda_0.0/target_lr_1.0/landmark_True/seed_8,30
cox,aids,linear,0.0,1.0,True,9,0.6242553191489362,0.19488397521742198,0.6263362487852284,0.18457950512420035,outputs_small/ntrain_30/cox/aids/linear/lambda_0.0/target_lr_1.0/landmark_True/seed_9,30
cox,aids,linear,0.0,1.0,True,0,0.5622213214430483,0.18943070454631702,0.5852769679300291,0.2045679285072684,outputs_small/ntrain_30/cox/aids/linear/lambda_0.0/target_lr_1.0/landmark_True/seed_0,30
cox,aids,linear,0.0,1.0,True,7,0.5898852528686783,0.2262473586841184,0.5403304178814383,0.2478894726765784,outputs_small/ntrain_30/cox/aids/linear/lambda_0.0/target_lr_1.0/landmark_True/seed_7,30
cox,rw,linear,0.0,1.0,True,2,0.6289452542178354,0.2510089546670322,0.6616712624385566,0.23368610759117744,outputs_small/ntrain_30/cox/rw/linear/lambda_0.0/target_lr_1.0/landmark_True/seed_2,30
cox,rw,linear,0.0,1.0,True,5,0.6353534162589165,0.2723726338308318,0.6793549934060664,0.2569560325047355,outputs_small/ntrain_30/cox/rw/linear/lambda_0.0/target_lr_1.0/landmark_True/seed_5,30
cox,rw,linear,0.0,1.0,True,4,0.5971593248250309,0.26077807563042954,0.6327778443831675,0.25016855221590806,outputs_small/ntrain_30/cox/rw/linear/lambda_0.0/target_lr_1.0/landmark_True/seed_4,30
cox,rw,linear,0.0,1.0,True,3,0.6350309096261407,0.25666757699358267,0.604274067857571,0.2487435089652068,outputs_small/ntrain_30/cox/rw/linear/lambda_0.0/target_lr_1.0/landmark_True/seed_3,30
cox,rw,linear,0.0,1.0,True,6,0.5931004366812227,0.2539991607452748,0.6654477880350078,0.22124767460428718,outputs_small/ntrain_30/cox/rw/linear/lambda_0.0/target_lr_1.0/landmark_True/seed_6,30
cox,rw,linear,0.0,1.0,True,1,0.5450012088974855,0.3028319154023139,0.583952763457619,0.27527451550693505,outputs_small/ntrain_30/cox/rw/linear/lambda_0.0/target_lr_1.0/landmark_True/seed_1,30
cox,rw,linear,0.0,1.0,True,8,0.6084665697674418,0.24552387276963633,0.6011269631938616,0.2729515747615874,outputs_small/ntrain_30/cox/rw/linear/lambda_0.0/target_lr_1.0/landmark_True/seed_8,30
cox,rw,linear,0.0,1.0,True,9,0.603992329149233,0.2662776618627194,0.6261239659513248,0.2407507586135841,outputs_small/ntrain_30/cox/rw/linear/lambda_0.0/target_lr_1.0/landmark_True/seed_9,30
cox,rw,linear,0.0,1.0,True,0,0.5518212978562714,0.2981295007021314,0.6042141230068337,0.28444508838077354,outputs_small/ntrain_30/cox/rw/linear/lambda_0.0/target_lr_1.0/landmark_True/seed_0,30
cox,rw,linear,0.0,1.0,True,7,0.625218099336978,0.25312355081044474,0.599508452223954,0.2602288921075286,outputs_small/ntrain_30/cox/rw/linear/lambda_0.0/target_lr_1.0/landmark_True/seed_7,30
d_tcsr,pbc2,linear,0.0,0.5,True,2,0.6608133086876156,0.2328157913527834,0.6323818897637795,0.30621228617312035,outputs_small/ntrain_30/d_tcsr/pbc2/linear/lambda_0.0/target_lr_0.5/landmark_True/seed_2,30
d_tcsr,pbc2,linear,0.0,0.5,True,5,0.6156583629893239,0.3461170821833716,0.7396653543307087,0.3186840199859324,outputs_small/ntrain_30/d_tcsr/pbc2/linear/lambda_0.0/target_lr_0.5/landmark_True/seed_5,30
d_tcsr,pbc2,linear,0.0,0.5,True,4,0.7049278846153846,0.23579799551998254,0.781003937007874,0.2518942819352589,outputs_small/ntrain_30/d_tcsr/pbc2/linear/lambda_0.0/target_lr_0.5/landmark_True/seed_4,30
d_tcsr,pbc2,linear,0.0,0.5,True,3,0.75,0.2418648039316428,0.7864173228346457,0.25414214768542637,outputs_small/ntrain_30/d_tcsr/pbc2/linear/lambda_0.0/target_lr_0.5/landmark_True/seed_3,30
d_tcsr,pbc2,linear,0.0,0.5,True,6,0.7652284263959391,0.23657398285369372,0.7554133858267716,0.2803782698026554,outputs_small/ntrain_30/d_tcsr/pbc2/linear/lambda_0.0/target_lr_0.5/landmark_True/seed_6,30
d_tcsr,pbc2,linear,0.0,0.5,True,1,0.7668329177057357,0.2901798197412062,0.8021653543307087,0.2814460625147553,outputs_small/ntrain_30/d_tcsr/pbc2/linear/lambda_0.0/target_lr_0.5/landmark_True/seed_1,30
d_tcsr,pbc2,linear,0.0,0.5,True,8,0.6387921022067363,0.24577676568730344,0.719488188976378,0.26003195305780036,outputs_small/ntrain_30/d_tcsr/pbc2/linear/lambda_0.0/target_lr_0.5/landmark_True/seed_8,30
d_tcsr,pbc2,linear,0.0,0.5,True,9,0.7225305216426193,0.2985011259982928,0.7627952755905512,0.27295785279999885,outputs_small/ntrain_30/d_tcsr/pbc2/linear/lambda_0.0/target_lr_0.5/landmark_True/seed_9,30
d_tcsr,pbc2,linear,0.0,0.5,True,0,0.730072463768116,0.2419858552279619,0.7391732283464567,0.27313494912166536,outputs_small/ntrain_30/d_tcsr/pbc2/linear/lambda_0.0/target_lr_0.5/landmark_True/seed_0,30
d_tcsr,pbc2,linear,0.0,0.5,True,7,0.7024940617577197,0.2743318690192985,0.7568897637795275,0.2531276764828258,outputs_small/ntrain_30/d_tcsr/pbc2/linear/lambda_0.0/target_lr_0.5/landmark_True/seed_7,30
d_tcsr,pbc2,linear,0.0,0.05,True,2,0.5314232902033271,0.3399516783423241,0.5703740157480315,0.4529778538563105,outputs_small/ntrain_30/d_tcsr/pbc2/linear/lambda_0.0/target_lr_0.05/landmark_True/seed_2,30
d_tcsr,pbc2,linear,0.0,0.05,True,5,0.6536180308422301,0.4493943244700024,0.7170275590551181,0.43516104490354446,outputs_small/ntrain_30/d_tcsr/pbc2/linear/lambda_0.0/target_lr_0.05/landmark_True/seed_5,30
d_tcsr,pbc2,linear,0.0,0.05,True,4,0.6838942307692307,0.3841564581404877,0.764763779527559,0.42131065065165924,outputs_small/ntrain_30/d_tcsr/pbc2/linear/lambda_0.0/target_lr_0.05/landmark_True/seed_4,30
d_tcsr,pbc2,linear,0.0,0.05,True,3,0.6185031185031185,0.42752501632276163,0.5994094488188977,0.44310094794098165,outputs_small/ntrain_30/d_tcsr/pbc2/linear/lambda_0.0/target_lr_0.05/landmark_True/seed_3,30
d_tcsr,pbc2,linear,0.0,0.05,True,6,0.5234771573604061,0.41391299105908197,0.5713582677165354,0.4512166653532553,outputs_small/ntrain_30/d_tcsr/pbc2/linear/lambda_0.0/target_lr_0.05/landmark_True/seed_6,30
d_tcsr,pbc2,linear,0.0,0.05,True,1,0.5798004987531172,0.4257137725589962,0.6269685039370079,0.4446892071455853,outputs_small/ntrain_30/d_tcsr/pbc2/linear/lambda_0.0/target_lr_0.05/landmark_True/seed_1,30
d_tcsr,pbc2,linear,0.0,0.05,True,8,0.6016260162601627,0.38984823435767685,0.65501968503937,0.4398295652749849,outputs_small/ntrain_30/d_tcsr/pbc2/linear/lambda_0.0/target_lr_0.05/landmark_True/seed_8,30
d_tcsr,pbc2,linear,0.0,0.05,True,9,0.6015538290788013,0.42090246536468334,0.6205708661417323,0.4415604746494987,outputs_small/ntrain_30/d_tcsr/pbc2/linear/lambda_0.0/target_lr_0.05/landmark_True/seed_9,30
d_tcsr,pbc2,linear,0.0,0.05,True,0,0.6642512077294686,0.4070755608640948,0.6796259842519685,0.43482233253620944,outputs_small/ntrain_30/d_tcsr/pbc2/linear/lambda_0.0/target_lr_0.05/landmark_True/seed_0,30
d_tcsr,pbc2,linear,0.0,0.05,True,7,0.7024940617577197,0.4371880067531383,0.7485236220472441,0.42051790506713693,outputs_small/ntrain_30/d_tcsr/pbc2/linear/lambda_0.0/target_lr_0.05/landmark_True/seed_7,30
d_tcsr,pbc2,linear,0.0,0.95,True,2,0.6474121996303143,0.20810065644297934,0.656003937007874,0.22716738723615923,outputs_small/ntrain_30/d_tcsr/pbc2/linear/lambda_0.0/target_lr_0.95/landmark_True/seed_2,30
d_tcsr,pbc2,linear,0.0,0.95,True,5,0.6441281138790036,0.25342211699204503,0.7421259842519685,0.2319052206026912,outputs_small/ntrain_30/d_tcsr/pbc2/linear/lambda_0.0/target_lr_0.95/landmark_True/seed_5,30
d_tcsr,pbc2,linear,0.0,0.95,True,4,0.7055288461538461,0.17653149692453426,0.8159448818897638,0.153939034183006,outputs_small/ntrain_30/d_tcsr/pbc2/linear/lambda_0.0/target_lr_0.95/landmark_True/seed_4,30
d_tcsr,pbc2,linear,0.0,0.95,True,3,0.7671517671517671,0.16345357085973722,0.8036417322834646,0.1373190142355411,outputs_small/ntrain_30/d_tcsr/pbc2/linear/lambda_0.0/target_lr_0.95/landmark_True/seed_3,30
d_tcsr,pbc2,linear,0.0,0.95,True,6,0.824238578680203,0.14224054663193544,0.8095472440944882,0.16607685892275217,outputs_small/ntrain_30/d_tcsr/pbc2/linear/lambda_0.0/target_lr_0.95/landmark_True/seed_6,30
d_tcsr,pbc2,linear,0.0,0.95,True,1,0.7624688279301746,0.20417556401481227,0.7982283464566929,0.16726004809668893,outputs_small/ntrain_30/d_tcsr/pbc2/linear/lambda_0.0/target_lr_0.95/landmark_True/seed_1,30
d_tcsr,pbc2,linear,0.0,0.95,True,8,0.6207897793263647,0.20004989508261192,0.7440944881889764,0.15766868721567895,outputs_small/ntrain_30/d_tcsr/pbc2/linear/lambda_0.0/target_lr_0.95/landmark_True/seed_8,30
d_tcsr,pbc2,linear,0.0,0.95,True,9,0.7574916759156493,0.20375868941389802,0.8169291338582677,0.1495630992399822,outputs_small/ntrain_30/d_tcsr/pbc2/linear/lambda_0.0/target_lr_0.95/landmark_True/seed_9,30
d_tcsr,pbc2,linear,0.0,0.95,True,0,0.7475845410628019,0.15073016516074494,0.8085629921259843,0.15175284753152923,outputs_small/ntrain_30/d_tcsr/pbc2/linear/lambda_0.0/target_lr_0.95/landmark_True/seed_0,30
d_tcsr,pbc2,linear,0.0,0.95,True,7,0.6977434679334917,0.205124693454554,0.8144685039370079,0.14553654582922973,outputs_small/ntrain_30/d_tcsr/pbc2/linear/lambda_0.0/target_lr_0.95/landmark_True/seed_7,30
d_tcsr,pbc2,linear,0.0,0.75,True,2,0.640018484288355,0.21157413254374088,0.6230314960629921,0.2597096216168971,outputs_small/ntrain_30/d_tcsr/pbc2/linear/lambda_0.0/target_lr_0.75/landmark_True/seed_2,30
d_tcsr,pbc2,linear,0.0,0.75,True,5,0.6156583629893239,0.2948529395731969,0.7642716535433071,0.2678093403155211,outputs_small/ntrain_30/d_tcsr/pbc2/linear/lambda_0.0/target_lr_0.75/landmark_True/seed_5,30
d_tcsr,pbc2,linear,0.0,0.75,True,4,0.6929086538461539,0.1996444999443907,0.7750984251968503,0.19818063947759518,outputs_small/ntrain_30/d_tcsr/pbc2/linear/lambda_0.0/target_lr_0.75/landmark_True/seed_4,30
d_tcsr,pbc2,linear,0.0,0.75,True,3,0.7525987525987526,0.19741380458978933,0.7667322834645669,0.1791801068717463,outputs_small/ntrain_30/d_tcsr/pbc2/linear/lambda_0.0/target_lr_0.75/landmark_True/seed_3,30
d_tcsr,pbc2,linear,0.0,0.75,True,6,0.7347715736040609,0.17630293238200345,0.7125984251968503,0.21944583911438015,outputs_small/ntrain_30/d_tcsr/pbc2/linear/lambda_0.0/target_lr_0.75/landmark_True/seed_6,30
d_tcsr,pbc2,linear,0.0,0.75,True,1,0.7649625935162094,0.23963158847235638,0.7937992125984252,0.21334206563009492,outputs_small/ntrain_30/d_tcsr/pbc2/linear/lambda_0.0/target_lr_0.75/landmark_True/seed_1,30
d_tcsr,pbc2,linear,0.0,0.75,True,8,0.5998838559814169,0.2093382211763213,0.6963582677165354,0.19608685589353125,outputs_small/ntrain_30/d_tcsr/pbc2/linear/lambda_0.0/target_lr_0.75/landmark_True/seed_8,30
d_tcsr,pbc2,linear,0.0,0.75,True,9,0.7164261931187569,0.24683975038240413,0.7608267716535433,0.20294014797383284,outputs_small/ntrain_30/d_tcsr/pbc2/linear/lambda_0.0/target_lr_0.75/landmark_True/seed_9,30
d_tcsr,pbc2,linear,0.0,0.75,True,0,0.7228260869565217,0.1747168630950547,0.7613188976377953,0.20115515209992468,outputs_small/ntrain_30/d_tcsr/pbc2/linear/lambda_0.0/target_lr_0.75/landmark_True/seed_0,30
d_tcsr,pbc2,linear,0.0,0.75,True,7,0.6888361045130641,0.2227184460505376,0.7937992125984252,0.18118927619980787,outputs_small/ntrain_30/d_tcsr/pbc2/linear/lambda_0.0/target_lr_0.75/landmark_True/seed_7,30
d_tcsr,pbc2,linear,0.0,0.1,True,2,0.6427911275415896,0.32656132303977276,0.6830708661417323,0.43629320971237967,outputs_small/ntrain_30/d_tcsr/pbc2/linear/lambda_0.0/target_lr_0.1/landmark_True/seed_2,30
d_tcsr,pbc2,linear,0.0,0.1,True,5,0.6387900355871886,0.43641361255607003,0.7598425196850394,0.4197616760795093,outputs_small/ntrain_30/d_tcsr/pbc2/linear/lambda_0.0/target_lr_0.1/landmark_True/seed_5,30
d_tcsr,pbc2,linear,0.0,0.1,True,4,0.7169471153846154,0.36550235471636905,0.7529527559055118,0.40202357293995766,outputs_small/ntrain_30/d_tcsr/pbc2/linear/lambda_0.0/target_lr_0.1/landmark_True/seed_4,30
d_tcsr,pbc2,linear,0.0,0.1,True,3,0.6808731808731808,0.4102084433575588,0.7047244094488189,0.42580634655947647,outputs_small/ntrain_30/d_tcsr/pbc2/linear/lambda_0.0/target_lr_0.1/landmark_True/seed_3,30
d_tcsr,pbc2,linear,0.0,0.1,True,6,0.6573604060913706,0.3956185404377037,0.7244094488188977,0.4335693380050884,outputs_small/ntrain_30/d_tcsr/pbc2/linear/lambda_0.0/target_lr_0.1/landmark_True/seed_6,30
d_tcsr,pbc2,linear,0.0,0.1,True,1,0.7163341645885287,0.4103522377248976,0.7701771653543307,0.4273349694851213,outputs_small/ntrain_30/d_tcsr/pbc2/linear/lambda_0.0/target_lr_0.1/landmark_True/seed_1,30
d_tcsr,pbc2,linear,0.0,0.1,True,8,0.6718931475029036,0.3736040815346281,0.6751968503937008,0.42162049403943175,outputs_small/ntrain_30/d_tcsr/pbc2/linear/lambda_0.0/target_lr_0.1/landmark_True/seed_8,30
d_tcsr,pbc2,linear,0.0,0.1,True,9,0.6742508324084351,0.4075666600839483,0.655511811023622,0.424354371710479,outputs_small/ntrain_30/d_tcsr/pbc2/linear/lambda_0.0/target_lr_0.1/landmark_True/seed_9,30
d_tcsr,pbc2,linear,0.0,0.1,True,0,0.6515700483091788,0.39103066953882093,0.703248031496063,0.41755843021292516,outputs_small/ntrain_30/d_tcsr/pbc2/linear/lambda_0.0/target_lr_0.1/landmark_True/seed_0,30
d_tcsr,pbc2,linear,0.0,0.1,True,7,0.6733966745843231,0.41914211381054645,0.7135826771653543,0.40225082350516506,outputs_small/ntrain_30/d_tcsr/pbc2/linear/lambda_0.0/target_lr_0.1/landmark_True/seed_7,30
d_tcsr,pbc2,linear,0.0,0.01,True,2,0.5,0.350296893890161,0.5,0.4656179140649212,outputs_small/ntrain_30/d_tcsr/pbc2/linear/lambda_0.0/target_lr_0.01/landmark_True/seed_2,30
d_tcsr,pbc2,linear,0.0,0.01,True,5,0.5676156583629893,0.4597515191398305,0.6008858267716536,0.4474834625406829,outputs_small/ntrain_30/d_tcsr/pbc2/linear/lambda_0.0/target_lr_0.01/landmark_True/seed_5,30
d_tcsr,pbc2,linear,0.0,0.01,True,4,0.6532451923076923,0.39875300858257057,0.7283464566929134,0.436197628722353,outputs_small/ntrain_30/d_tcsr/pbc2/linear/lambda_0.0/target_lr_0.01/landmark_True/seed_4,30
d_tcsr,pbc2,linear,0.0,0.01,True,3,0.566008316008316,0.43948929529928904,0.5216535433070866,0.45593061823440495,outputs_small/ntrain_30/d_tcsr/pbc2/linear/lambda_0.0/target_lr_0.01/landmark_True/seed_3,30
d_tcsr,pbc2,linear,0.0,0.01,True,6,0.508248730964467,0.4275246800622434,0.5093503937007874,0.46430499051013907,outputs_small/ntrain_30/d_tcsr/pbc2/linear/lambda_0.0/target_lr_0.01/landmark_True/seed_6,30
d_tcsr,pbc2,linear,0.0,0.01,True,1,0.5953865336658354,0.4375587034480078,0.5506889763779528,0.4579365179942885,outputs_small/ntrain_30/d_tcsr/pbc2/linear/lambda_0.0/target_lr_0.01/landmark_True/seed_1,30
d_tcsr,pbc2,linear,0.0,0.01,True,8,0.554006968641115,0.4022588422734705,0.5531496062992126,0.45348740307208435,outputs_small/ntrain_30/d_tcsr/pbc2/linear/lambda_0.0/target_lr_0.01/landmark_True/seed_8,30
d_tcsr,pbc2,linear,0.0,0.01,True,9,0.5593784683684795,0.431117257966815,0.5821850393700787,0.4546034530427991,outputs_small/ntrain_30/d_tcsr/pbc2/linear/lambda_0.0/target_lr_0.01/landmark_True/seed_9,30
d_tcsr,pbc2,linear,0.0,0.01,True,0,0.5827294685990339,0.41915231859607194,0.6274606299212598,0.4479634655853821,outputs_small/ntrain_30/d_tcsr/pbc2/linear/lambda_0.0/target_lr_0.01/landmark_True/seed_0,30
d_tcsr,pbc2,linear,0.0,0.01,True,7,0.6282660332541568,0.4510816077297086,0.6825787401574803,0.43460453025163115,outputs_small/ntrain_30/d_tcsr/pbc2/linear/lambda_0.0/target_lr_0.01/landmark_True/seed_7,30
d_tcsr,pbc2,linear,0.0,0.9,True,2,0.6437153419593346,0.21195702205272798,0.6348425196850394,0.23760337736329895,outputs_small/ntrain_30/d_tcsr/pbc2/linear/lambda_0.0/target_lr_0.9/landmark_True/seed_2,30
d_tcsr,pbc2,linear,0.0,0.9,True,5,0.6251482799525504,0.2633795038058196,0.7509842519685039,0.23874139545409404,outputs_small/ntrain_30/d_tcsr/pbc2/linear/lambda_0.0/target_lr_0.9/landmark_True/seed_5,30
d_tcsr,pbc2,linear,0.0,0.9,True,4,0.7013221153846154,0.17782638988168725,0.8149606299212598,0.15796572760859193,outputs_small/ntrain_30/d_tcsr/pbc2/linear/lambda_0.0/target_lr_0.9/landmark_True/seed_4,30
d_tcsr,pbc2,linear,0.0,0.9,True,3,0.7603950103950103,0.1785758313413815,0.7701771653543307,0.14916376955789712,outputs_small/ntrain_30/d_tcsr/pbc2/linear/lambda_0.0/target_lr_0.9/landmark_True/seed_3,30
d_tcsr,pbc2,linear,0.0,0.9,True,6,0.8020304568527918,0.14742270808656213,0.7834645669291339,0.18048043986987145,outputs_small/ntrain_30/d_tcsr/pbc2/linear/lambda_0.0/target_lr_0.9/landmark_True/seed_6,30
d_tcsr,pbc2,linear,0.0,0.9,True,1,0.7674563591022444,0.2090128977442045,0.8016732283464567,0.17449428434624933,outputs_small/ntrain_30/d_tcsr/pbc2/linear/lambda_0.0/target_lr_0.9/landmark_True/seed_1,30
d_tcsr,pbc2,linear,0.0,0.9,True,8,0.6347270615563299,0.1974052924913409,0.7534448818897638,0.1601910953397532,outputs_small/ntrain_30/d_tcsr/pbc2/linear/lambda_0.0/target_lr_0.9/landmark_True/seed_8,30
d_tcsr,pbc2,linear,0.0,0.9,True,9,0.741953385127636,0.21545910659942502,0.7893700787401575,0.164232797465958,outputs_small/ntrain_30/d_tcsr/pbc2/linear/lambda_0.0/target_lr_0.9/landmark_True/seed_9,30
d_tcsr,pbc2,linear,0.0,0.9,True,0,0.7246376811594203,0.15598726105833868,0.7829724409448819,0.1683952961989676,outputs_small/ntrain_30/d_tcsr/pbc2/linear/lambda_0.0/target_lr_0.9/landmark_True/seed_0,30
d_tcsr,pbc2,linear,0.0,0.9,True,7,0.6888361045130641,0.2082953244762724,0.8090551181102362,0.14937885760205846,outputs_small/ntrain_30/d_tcsr/pbc2/linear/lambda_0.0/target_lr_0.9/landmark_True/seed_7,30
d_tcsr,pbc2,linear,0.0,0.25,True,2,0.672365988909427,0.2877002831820146,0.6545275590551181,0.3859063805043453,outputs_small/ntrain_30/d_tcsr/pbc2/linear/lambda_0.0/target_lr_0.25/landmark_True/seed_2,30
d_tcsr,pbc2,linear,0.0,0.25,True,5,0.6239620403321471,0.3995876739950458,0.7691929133858267,0.37686736738442267,outputs_small/ntrain_30/d_tcsr/pbc2/linear/lambda_0.0/target_lr_0.25/landmark_True/seed_5,30
d_tcsr,pbc2,linear,0.0,0.25,True,4,0.6808894230769231,0.3130785489792437,0.7874015748031497,0.345796116797727,outputs_small/ntrain_30/d_tcsr/pbc2/linear/lambda_0.0/target_lr_0.25/landmark_True/seed_4,30
d_tcsr,pbc2,linear,0.0,0.25,True,3,0.7219334719334719,0.3469019814803961,0.7416338582677166,0.36861799691058256,outputs_small/ntrain_30/d_tcsr/pbc2/linear/lambda_0.0/target_lr_0.25/landmark_True/seed_3,30
d_tcsr,pbc2,linear,0.0,0.25,True,6,0.6967005076142132,0.3380890556351016,0.7145669291338582,0.3778956060782232,outputs_small/ntrain_30/d_tcsr/pbc2/linear/lambda_0.0/target_lr_0.25/landmark_True/seed_6,30
d_tcsr,pbc2,linear,0.0,0.25,True,1,0.7518703241895262,0.36520597788992054,0.7775590551181102,0.37481853926582015,outputs_small/ntrain_30/d_tcsr/pbc2/linear/lambda_0.0/target_lr_0.25/landmark_True/seed_1,30
d_tcsr,pbc2,linear,0.0,0.25,True,8,0.6190476190476191,0.3247739289065521,0.702263779527559,0.3644930040802482,outputs_small/ntrain_30/d_tcsr/pbc2/linear/lambda_0.0/target_lr_0.25/landmark_True/seed_8,30
d_tcsr,pbc2,linear,0.0,0.25,True,9,0.7119866814650389,0.3674782020862009,0.7283464566929134,0.3711663230662287,outputs_small/ntrain_30/d_tcsr/pbc2/linear/lambda_0.0/target_lr_0.25/landmark_True/seed_9,30
d_tcsr,pbc2,linear,0.0,0.25,True,0,0.7041062801932367,0.3405046621203199,0.7642716535433071,0.3654474660405551,outputs_small/ntrain_30/d_tcsr/pbc2/linear/lambda_0.0/target_lr_0.25/landmark_True/seed_0,30
d_tcsr,pbc2,linear,0.0,0.25,True,7,0.6585510688836105,0.365348237036052,0.7918307086614174,0.34805774651269483,outputs_small/ntrain_30/d_tcsr/pbc2/linear/lambda_0.0/target_lr_0.25/landmark_True/seed_7,30
d_tcsr,aids,linear,0.0,0.5,True,2,0.5533866415804327,0.17978142535673494,0.6438289601554907,0.15857484013738588,outputs_small/ntrain_30/d_tcsr/aids/linear/lambda_0.0/target_lr_0.5/landmark_True/seed_2,30
d_tcsr,aids,linear,0.0,0.5,True,5,0.6707920792079208,0.18834847379080205,0.6202623906705539,0.16662068882322695,outputs_small/ntrain_30/d_tcsr/aids/linear/lambda_0.0/target_lr_0.5/landmark_True/seed_5,30
d_tcsr,aids,linear,0.0,0.5,True,4,0.6826672458731537,0.18773149188752136,0.6569484936831875,0.1636620647150509,outputs_small/ntrain_30/d_tcsr/aids/linear/lambda_0.0/target_lr_0.5/landmark_True/seed_4,30
d_tcsr,aids,linear,0.0,0.5,True,3,0.623324958123953,0.22400556342828254,0.6790573372206026,0.17606251877045814,outputs_small/ntrain_30/d_tcsr/aids/linear/lambda_0.0/target_lr_0.5/landmark_True/seed_3,30
d_tcsr,aids,linear,0.0,0.5,True,6,0.7307394502516453,0.14937376650545306,0.7329931972789115,0.17672162399574323,outputs_small/ntrain_30/d_tcsr/aids/linear/lambda_0.0/target_lr_0.5/landmark_True/seed_6,30
d_tcsr,aids,linear,0.0,0.5,True,1,0.6515827017387428,0.17370868761288452,0.6618075801749271,0.16020939920473273,outputs_small/ntrain_30/d_tcsr/aids/linear/lambda_0.0/target_lr_0.5/landmark_True/seed_1,30
d_tcsr,aids,linear,0.0,0.5,True,8,0.6318181818181818,0.16825778368145158,0.652332361516035,0.17076876980272174,outputs_small/ntrain_30/d_tcsr/aids/linear/lambda_0.0/target_lr_0.5/landmark_True/seed_8,30
d_tcsr,aids,linear,0.0,0.5,True,9,0.6225531914893617,0.18122286092191553,0.6783284742468416,0.16036992843380704,outputs_small/ntrain_30/d_tcsr/aids/linear/lambda_0.0/target_lr_0.5/landmark_True/seed_9,30
d_tcsr,aids,linear,0.0,0.5,True,0,0.6840291852452371,0.16837896682932085,0.6895043731778425,0.16231948002598706,outputs_small/ntrain_30/d_tcsr/aids/linear/lambda_0.0/target_lr_0.5/landmark_True/seed_0,30
d_tcsr,aids,linear,0.0,0.5,True,7,0.570123246918827,0.20333084920396402,0.5264820213799806,0.20010189617223503,outputs_small/ntrain_30/d_tcsr/aids/linear/lambda_0.0/target_lr_0.5/landmark_True/seed_7,30
d_tcsr,aids,linear,0.0,0.05,True,2,0.4851834430856068,0.28570400821452385,0.521865889212828,0.24634277071808997,outputs_small/ntrain_30/d_tcsr/aids/linear/lambda_0.0/target_lr_0.05/landmark_True/seed_2,30
d_tcsr,aids,linear,0.0,0.05,True,5,0.6472772277227723,0.2155355739804224,0.5818756073858115,0.2403009561991082,outputs_small/ntrain_30/d_tcsr/aids/linear/lambda_0.0/target_lr_0.05/landmark_True/seed_5,30
d_tcsr,aids,linear,0.0,0.05,True,4,0.5473501303214596,0.23654689807740928,0.597424684159378,0.2453667550278365,outputs_small/ntrain_30/d_tcsr/aids/linear/lambda_0.0/target_lr_0.05/landmark_True/seed_4,30
d_tcsr,aids,linear,0.0,0.05,True,3,0.5626046901172529,0.3012049066549975,0.5969387755102041,0.26547587255596117,outputs_small/ntrain_30/d_tcsr/aids/linear/lambda_0.0/target_lr_0.05/landmark_True/seed_3,30
d_tcsr,aids,linear,0.0,0.05,True,6,0.6393728222996515,0.20939288078917276,0.6486880466472303,0.2520764674762767,outputs_small/ntrain_30/d_tcsr/aids/linear/lambda_0.0/target_lr_0.05/landmark_True/seed_6,30
d_tcsr,aids,linear,0.0,0.05,True,1,0.6121266161390995,0.19409967653229873,0.5558794946550049,0.23248968308941526,outputs_small/ntrain_30/d_tcsr/aids/linear/lambda_0.0/target_lr_0.05/landmark_True/seed_1,30
d_tcsr,aids,linear,0.0,0.05,True,8,0.5294372294372295,0.23014099096259916,0.60932944606414,0.2514456963169031,outputs_small/ntrain_30/d_tcsr/aids/linear/lambda_0.0/target_lr_0.05/landmark_True/seed_8,30
d_tcsr,aids,linear,0.0,0.05,True,9,0.6857446808510639,0.24404060700044444,0.5787172011661808,0.2519691608231205,outputs_small/ntrain_30/d_tcsr/aids/linear/lambda_0.0/target_lr_0.05/landmark_True/seed_9,30
d_tcsr,aids,linear,0.0,0.05,True,0,0.6331576813944062,0.23449013019375048,0.5988824101068999,0.23397758576313074,outputs_small/ntrain_30/d_tcsr/aids/linear/lambda_0.0/target_lr_0.05/landmark_True/seed_0,30
d_tcsr,aids,linear,0.0,0.05,True,7,0.6204844878878029,0.2336647193232252,0.5459183673469388,0.24181663538199352,outputs_small/ntrain_30/d_tcsr/aids/linear/lambda_0.0/target_lr_0.05/landmark_True/seed_7,30
d_tcsr,aids,linear,0.0,0.95,True,2,0.5449200376293509,0.17678338716556627,0.6202623906705539,0.1617853332073092,outputs_small/ntrain_30/d_tcsr/aids/linear/lambda_0.0/target_lr_0.95/landmark_True/seed_2,30
d_tcsr,aids,linear,0.0,0.95,True,5,0.6796617161716172,0.19068162275163245,0.652818270165209,0.1652725569945366,outputs_small/ntrain_30/d_tcsr/aids/linear/lambda_0.0/target_lr_0.95/landmark_True/seed_5,30
d_tcsr,aids,linear,0.0,0.95,True,4,0.685490877497828,0.18017964794565514,0.6632653061224489,0.1586020682917131,outputs_small/ntrain_30/d_tcsr/aids/linear/lambda_0.0/target_lr_0.95/landmark_True/seed_4,30
d_tcsr,aids,linear,0.0,0.95,True,3,0.6624790619765494,0.21854354364789297,0.6822157434402333,0.17680022908526338,outputs_small/ntrain_30/d_tcsr/aids/linear/lambda_0.0/target_lr_0.95/landmark_True/seed_3,30
d_tcsr,aids,linear,0.0,0.95,True,6,0.7295780100658149,0.1500318552550894,0.7349368318756074,0.15449781462090006,outputs_small/ntrain_30/d_tcsr/aids/linear/lambda_0.0/target_lr_0.95/landmark_True/seed_6,30
d_tcsr,aids,linear,0.0,0.95,True,1,0.6250557289344628,0.1988919667867134,0.5636540330417882,0.17619285406211305,outputs_small/ntrain_30/d_tcsr/aids/linear/lambda_0.0/target_lr_0.95/landmark_True/seed_1,30
d_tcsr,aids,linear,0.0,0.95,True,8,0.5541125541125541,0.20308477882739007,0.6226919339164237,0.17027733217382288,outputs_small/ntrain_30/d_tcsr/aids/linear/lambda_0.0/target_lr_0.95/landmark_True/seed_8,30
d_tcsr,aids,linear,0.0,0.95,True,9,0.6189361702127659,0.18563416900865912,0.6202623906705539,0.17230871197412273,outputs_small/ntrain_30/d_tcsr/aids/linear/lambda_0.0/target_lr_0.95/landmark_True/seed_9,30
d_tcsr,aids,linear,0.0,0.95,True,0,0.632549655451966,0.1981943910052844,0.6173469387755102,0.16381687581764853,outputs_small/ntrain_30/d_tcsr/aids/linear/lambda_0.0/target_lr_0.95/landmark_True/seed_0,30
d_tcsr,aids,linear,0.0,0.95,True,7,0.5760730981725457,0.20783614927236754,0.5264820213799806,0.19709947256286825,outputs_small/ntrain_30/d_tcsr/aids/linear/lambda_0.0/target_lr_0.95/landmark_True/seed_7,30
d_tcsr,aids,linear,0.0,0.75,True,2,0.5644402634054563,0.18780810792690103,0.6324101068999028,0.16174125900698796,outputs_small/ntrain_30/d_tcsr/aids/linear/lambda_0.0/target_lr_0.75/landmark_True/seed_2,30
d_tcsr,aids,linear,0.0,0.75,True,5,0.6976072607260726,0.17753959221220064,0.674198250728863,0.1580272868901245,outputs_small/ntrain_30/d_tcsr/aids/linear/lambda_0.0/target_lr_0.75/landmark_True/seed_5,30
d_tcsr,aids,linear,0.0,0.75,True,4,0.6833188531711555,0.1865229934948736,0.6503887269193391,0.16192238408951107,outputs_small/ntrain_30/d_tcsr/aids/linear/lambda_0.0/target_lr_0.75/landmark_True/seed_4,30
d_tcsr,aids,linear,0.0,0.75,True,3,0.6580820770519263,0.23393960736144057,0.6717687074829932,0.19175325781942637,outputs_small/ntrain_30/d_tcsr/aids/linear/lambda_0.0/target_lr_0.75/landmark_True/seed_3,30
d_tcsr,aids,linear,0.0,0.75,True,6,0.7109949670925281,0.1505221544070525,0.7310495626822158,0.16045208628284457,outputs_small/ntrain_30/d_tcsr/aids/linear/lambda_0.0/target_lr_0.75/landmark_True/seed_6,30
d_tcsr,aids,linear,0.0,0.75,True,1,0.6647347302719572,0.1695125467965506,0.6219630709426628,0.15411476041513872,outputs_small/ntrain_30/d_tcsr/aids/linear/lambda_0.0/target_lr_0.75/landmark_True/seed_1,30
d_tcsr,aids,linear,0.0,0.75,True,8,0.5495670995670996,0.20247531615215228,0.6297376093294461,0.17170891176302766,outputs_small/ntrain_30/d_tcsr/aids/linear/lambda_0.0/target_lr_0.75/landmark_True/seed_8,30
d_tcsr,aids,linear,0.0,0.75,True,9,0.7317021276595744,0.1719941313972295,0.6314382896015549,0.16146488186061683,outputs_small/ntrain_30/d_tcsr/aids/linear/lambda_0.0/target_lr_0.75/landmark_True/seed_9,30
d_tcsr,aids,linear,0.0,0.75,True,0,0.6643696797730037,0.16995527230988766,0.6814868804664723,0.16228907872503057,outputs_small/ntrain_30/d_tcsr/aids/linear/lambda_0.0/target_lr_0.75/landmark_True/seed_0,30
d_tcsr,aids,linear,0.0,0.75,True,7,0.570123246918827,0.20664583937320588,0.5264820213799806,0.20206141359353724,outputs_small/ntrain_30/d_tcsr/aids/linear/lambda_0.0/target_lr_0.75/landmark_True/seed_7,30
d_tcsr,aids,linear,0.0,0.1,True,2,0.46237064910630293,0.266912839049503,0.5240524781341108,0.23269246188495524,outputs_small/ntrain_30/d_tcsr/aids/linear/lambda_0.0/target_lr_0.1/landmark_True/seed_2,30
d_tcsr,aids,linear,0.0,0.1,True,5,0.6072607260726073,0.20158494813137753,0.6392128279883382,0.22703133849255952,outputs_small/ntrain_30/d_tcsr/aids/linear/lambda_0.0/target_lr_0.1/landmark_True/seed_5,30
d_tcsr,aids,linear,0.0,0.1,True,4,0.6112076455256299,0.2210557585099679,0.6151603498542274,0.23021107205607697,outputs_small/ntrain_30/d_tcsr/aids/linear/lambda_0.0/target_lr_0.1/landmark_True/seed_4,30
d_tcsr,aids,linear,0.0,0.1,True,3,0.6025963149078727,0.28787668393135546,0.5903790087463557,0.2518847683821707,outputs_small/ntrain_30/d_tcsr/aids/linear/lambda_0.0/target_lr_0.1/landmark_True/seed_3,30
d_tcsr,aids,linear,0.0,0.1,True,6,0.6904761904761905,0.197239045249272,0.6698250728862973,0.23986551601149744,outputs_small/ntrain_30/d_tcsr/aids/linear/lambda_0.0/target_lr_0.1/landmark_True/seed_6,30
d_tcsr,aids,linear,0.0,0.1,True,1,0.6295140436914847,0.18217102740696445,0.5886783284742468,0.21909521438054516,outputs_small/ntrain_30/d_tcsr/aids/linear/lambda_0.0/target_lr_0.1/landmark_True/seed_1,30
d_tcsr,aids,linear,0.0,0.1,True,8,0.5614718614718615,0.2174451302683502,0.6190476190476191,0.2397763387580293,outputs_small/ntrain_30/d_tcsr/aids/linear/lambda_0.0/target_lr_0.1/landmark_True/seed_8,30
d_tcsr,aids,linear,0.0,0.1,True,9,0.4876595744680851,0.22818117544821837,0.5364431486880467,0.2379077855014267,outputs_small/ntrain_30/d_tcsr/aids/linear/lambda_0.0/target_lr_0.1/landmark_True/seed_9,30
d_tcsr,aids,linear,0.0,0.1,True,0,0.666396432914471,0.21732735304450085,0.6324101068999028,0.21721789665159927,outputs_small/ntrain_30/d_tcsr/aids/linear/lambda_0.0/target_lr_0.1/landmark_True/seed_0,30
d_tcsr,aids,linear,0.0,0.1,True,7,0.6283467913302168,0.21985759828280446,0.6042274052478134,0.22776752842835735,outputs_small/ntrain_30/d_tcsr/aids/linear/lambda_0.0/target_lr_0.1/landmark_True/seed_7,30
d_tcsr,aids,linear,0.0,0.01,True,2,0.49106302916274697,0.3010891395740554,0.5828474246841594,0.25743224585965946,outputs_small/ntrain_30/d_tcsr/aids/linear/lambda_0.0/target_lr_0.01/landmark_True/seed_2,30
d_tcsr,aids,linear,0.0,0.01,True,5,0.5901402640264026,0.2260342174623192,0.5583090379008746,0.24925054882836473,outputs_small/ntrain_30/d_tcsr/aids/linear/lambda_0.0/target_lr_0.01/landmark_True/seed_5,30
d_tcsr,aids,linear,0.0,0.01,True,4,0.5825369244135534,0.2516670036879236,0.6013119533527697,0.2589132496428793,outputs_small/ntrain_30/d_tcsr/aids/linear/lambda_0.0/target_lr_0.01/landmark_True/seed_4,30
d_tcsr,aids,linear,0.0,0.01,True,3,0.5196817420435511,0.3124611692041071,0.5549076773566569,0.27669591407028843,outputs_small/ntrain_30/d_tcsr/aids/linear/lambda_0.0/target_lr_0.01/landmark_True/seed_3,30
d_tcsr,aids,linear,0.0,0.01,True,6,0.5925280681378242,0.2195939633807205,0.6137026239067055,0.26193375305086386,outputs_small/ntrain_30/d_tcsr/aids/linear/lambda_0.0/target_lr_0.01/landmark_True/seed_6,30
d_tcsr,aids,linear,0.0,0.01,True,1,0.5548372715113687,0.20502184722221303,0.5811467444120505,0.24322767980485543,outputs_small/ntrain_30/d_tcsr/aids/linear/lambda_0.0/target_lr_0.01/landmark_True/seed_1,30
d_tcsr,aids,linear,0.0,0.01,True,8,0.49783549783549785,0.23931500682623263,0.5670553935860059,0.26034507895493453,outputs_small/ntrain_30/d_tcsr/aids/linear/lambda_0.0/target_lr_0.01/landmark_True/seed_8,30
d_tcsr,aids,linear,0.0,0.01,True,9,0.61,0.25798319690581273,0.5306122448979592,0.2638990301180278,outputs_small/ntrain_30/d_tcsr/aids/linear/lambda_0.0/target_lr_0.01/landmark_True/seed_9,30
d_tcsr,aids,linear,0.0,0.01,True,0,0.600121605188488,0.24699640301907838,0.5852769679300291,0.24498326179372917,outputs_small/ntrain_30/d_tcsr/aids/linear/lambda_0.0/target_lr_0.01/landmark_True/seed_0,30
d_tcsr,aids,linear,0.0,0.01,True,7,0.6211219719507012,0.24613220286645662,0.565597667638484,0.25374368075990184,outputs_small/ntrain_30/d_tcsr/aids/linear/lambda_0.0/target_lr_0.01/landmark_True/seed_7,30
d_tcsr,aids,linear,0.0,0.9,True,2,0.5449200376293509,0.17579575496439626,0.6207482993197279,0.161704687978261,outputs_small/ntrain_30/d_tcsr/aids/linear/lambda_0.0/target_lr_0.9/landmark_True/seed_2,30
d_tcsr,aids,linear,0.0,0.9,True,5,0.6613036303630363,0.19306087601034017,0.6462585034013606,0.16539527928754344,outputs_small/ntrain_30/d_tcsr/aids/linear/lambda_0.0/target_lr_0.9/landmark_True/seed_5,30
d_tcsr,aids,linear,0.0,0.9,True,4,0.7241529105125978,0.17749537398000165,0.6822157434402333,0.15608835482622513,outputs_small/ntrain_30/d_tcsr/aids/linear/lambda_0.0/target_lr_0.9/landmark_True/seed_4,30
d_tcsr,aids,linear,0.0,0.9,True,3,0.6865577889447236,0.22223132972358486,0.6924198250728864,0.18041365676646187,outputs_small/ntrain_30/d_tcsr/aids/linear/lambda_0.0/target_lr_0.9/landmark_True/seed_3,30
d_tcsr,aids,linear,0.0,0.9,True,6,0.6875725900116144,0.16796602088526824,0.6870748299319728,0.14940897642548562,outputs_small/ntrain_30/d_tcsr/aids/linear/lambda_0.0/target_lr_0.9/landmark_True/seed_6,30
d_tcsr,aids,linear,0.0,0.9,True,1,0.6562639322336157,0.19562096657035974,0.5563654033041788,0.1737568626803351,outputs_small/ntrain_30/d_tcsr/aids/linear/lambda_0.0/target_lr_0.9/landmark_True/seed_1,30
d_tcsr,aids,linear,0.0,0.9,True,8,0.5541125541125541,0.2029914432474593,0.6253644314868805,0.1702459356164122,outputs_small/ntrain_30/d_tcsr/aids/linear/lambda_0.0/target_lr_0.9/landmark_True/seed_8,30
d_tcsr,aids,linear,0.0,0.9,True,9,0.6404255319148936,0.1773992040702041,0.6484450923226434,0.15857079897335316,outputs_small/ntrain_30/d_tcsr/aids/linear/lambda_0.0/target_lr_0.9/landmark_True/seed_9,30
d_tcsr,aids,linear,0.0,0.9,True,0,0.6785569517632752,0.17253843859558393,0.6268221574344023,0.16849946976282146,outputs_small/ntrain_30/d_tcsr/aids/linear/lambda_0.0/target_lr_0.9/landmark_True/seed_0,30
d_tcsr,aids,linear,0.0,0.9,True,7,0.5803229919252019,0.20811857362561959,0.531584062196307,0.20688504355858814,outputs_small/ntrain_30/d_tcsr/aids/linear/lambda_0.0/target_lr_0.9/landmark_True/seed_7,30
d_tcsr,aids,linear,0.0,0.25,True,2,0.5070555032925682,0.22361178510902033,0.6037414965986394,0.19951865357598905,outputs_small/ntrain_30/d_tcsr/aids/linear/lambda_0.0/target_lr_0.25/landmark_True/seed_2,30
d_tcsr,aids,linear,0.0,0.25,True,5,0.6514026402640264,0.17868836428375823,0.5886783284742468,0.19657407877549538,outputs_small/ntrain_30/d_tcsr/aids/linear/lambda_0.0/target_lr_0.25/landmark_True/seed_5,30
d_tcsr,aids,linear,0.0,0.25,True,4,0.603388357949609,0.19153413371480957,0.6175898931000972,0.1937981081611087,outputs_small/ntrain_30/d_tcsr/aids/linear/lambda_0.0/target_lr_0.25/landmark_True/seed_4,30
d_tcsr,aids,linear,0.0,0.25,True,3,0.6226968174204355,0.25655736519788497,0.6700680272108843,0.2172040098095671,outputs_small/ntrain_30/d_tcsr/aids/linear/lambda_0.0/target_lr_0.25/landmark_True/seed_3,30
d_tcsr,aids,linear,0.0,0.25,True,6,0.6780874951606659,0.16818277246095856,0.6805150631681244,0.2080072156122502,outputs_small/ntrain_30/d_tcsr/aids/linear/lambda_0.0/target_lr_0.25/landmark_True/seed_6,30
d_tcsr,aids,linear,0.0,0.25,True,1,0.6330806954971021,0.16070304255307244,0.6552478134110787,0.18497692623511006,outputs_small/ntrain_30/d_tcsr/aids/linear/lambda_0.0/target_lr_0.25/landmark_True/seed_1,30
d_tcsr,aids,linear,0.0,0.25,True,8,0.6071428571428571,0.18782499630100286,0.6219630709426628,0.2065200989797992,outputs_small/ntrain_30/d_tcsr/aids/linear/lambda_0.0/target_lr_0.25/landmark_True/seed_8,30
d_tcsr,aids,linear,0.0,0.25,True,9,0.6757446808510639,0.19146104722474086,0.5852769679300291,0.20206276323831854,outputs_small/ntrain_30/d_tcsr/aids/linear/lambda_0.0/target_lr_0.25/landmark_True/seed_9,30
d_tcsr,aids,linear,0.0,0.25,True,0,0.6566680178354276,0.19031515374589356,0.6226919339164237,0.1822501878073976,outputs_small/ntrain_30/d_tcsr/aids/linear/lambda_0.0/target_lr_0.25/landmark_True/seed_0,30
d_tcsr,aids,linear,0.0,0.25,True,7,0.6472588185295368,0.19027546661498343,0.6032555879494655,0.19298613899584682,outputs_small/ntrain_30/d_tcsr/aids/linear/lambda_0.0/target_lr_0.25/landmark_True/seed_7,30
d_tcsr,rw,linear,0.0,0.5,True,2,0.6445541145414897,0.2330276556836656,0.6978779522838988,0.2241545609937317,outputs_small/ntrain_30/d_tcsr/rw/linear/lambda_0.0/target_lr_0.5/landmark_True/seed_2,30
d_tcsr,rw,linear,0.0,0.5,True,5,0.6594352414077699,0.2281195251501731,0.7086979978419854,0.21080125518219664,outputs_small/ntrain_30/d_tcsr/rw/linear/lambda_0.0/target_lr_0.5/landmark_True/seed_5,30
d_tcsr,rw,linear,0.0,0.5,True,4,0.7021407986825854,0.19234282051392085,0.6557666946409303,0.21942560542931622,outputs_small/ntrain_30/d_tcsr/rw/linear/lambda_0.0/target_lr_0.5/landmark_True/seed_4,30
d_tcsr,rw,linear,0.0,0.5,True,3,0.6512216661760377,0.24392058941264633,0.6969188346721017,0.22305496931928798,outputs_small/ntrain_30/d_tcsr/rw/linear/lambda_0.0/target_lr_0.5/landmark_True/seed_3,30
d_tcsr,rw,linear,0.0,0.5,True,6,0.6653275109170306,0.23442383401159816,0.7106162330655796,0.2186118294183891,outputs_small/ntrain_30/d_tcsr/rw/linear/lambda_0.0/target_lr_0.5/landmark_True/seed_6,30
d_tcsr,rw,linear,0.0,0.5,True,1,0.5881588491295938,0.27671075274666496,0.6444371178515765,0.2248800349035311,outputs_small/ntrain_30/d_tcsr/rw/linear/lambda_0.0/target_lr_0.5/landmark_True/seed_1,30
d_tcsr,rw,linear,0.0,0.5,True,8,0.726078003875969,0.22095626271018676,0.6996463253806497,0.2361796286355573,outputs_small/ntrain_30/d_tcsr/rw/linear/lambda_0.0/target_lr_0.5/landmark_True/seed_8,30
d_tcsr,rw,linear,0.0,0.5,True,9,0.6290097629009763,0.22692620840696157,0.6736002877352836,0.20863532002351043,outputs_small/ntrain_30/d_tcsr/rw/linear/lambda_0.0/target_lr_0.5/landmark_True/seed_9,30
d_tcsr,rw,linear,0.0,0.5,True,0,0.6271713239993029,0.21889337392337985,0.6626603524757223,0.20784562356106073,outputs_small/ntrain_30/d_tcsr/rw/linear/lambda_0.0/target_lr_0.5/landmark_True/seed_0,30
d_tcsr,rw,linear,0.0,0.5,True,7,0.623124345701989,0.22801551673221637,0.701834312432562,0.20180451810107833,outputs_small/ntrain_30/d_tcsr/rw/linear/lambda_0.0/target_lr_0.5/landmark_True/seed_7,30
d_tcsr,rw,linear,0.0,0.05,True,2,0.6169516813956157,0.2576101307106446,0.6670662990049154,0.25570073737671684,outputs_small/ntrain_30/d_tcsr/rw/linear/lambda_0.0/target_lr_0.05/landmark_True/seed_2,30
d_tcsr,rw,linear,0.0,0.05,True,5,0.6319931615869835,0.26573542992446536,0.7029432921712024,0.24173997852349927,outputs_small/ntrain_30/d_tcsr/rw/linear/lambda_0.0/target_lr_0.05/landmark_True/seed_5,30
d_tcsr,rw,linear,0.0,0.05,True,4,0.6604716814679762,0.2906331179142642,0.652799424529433,0.2689716976161002,outputs_small/ntrain_30/d_tcsr/rw/linear/lambda_0.0/target_lr_0.05/landmark_True/seed_4,30
d_tcsr,rw,linear,0.0,0.05,True,3,0.6431262879010892,0.27670533975015665,0.6666766574751228,0.2602032257417115,outputs_small/ntrain_30/d_tcsr/rw/linear/lambda_0.0/target_lr_0.05/landmark_True/seed_3,30
d_tcsr,rw,linear,0.0,0.05,True,6,0.6273653566229985,0.26640503716011704,0.6517803620668985,0.26096952761360626,outputs_small/ntrain_30/d_tcsr/rw/linear/lambda_0.0/target_lr_0.05/landmark_True/seed_6,30
d_tcsr,rw,linear,0.0,0.05,True,1,0.5599310928433269,0.3325503425542591,0.6412300683371298,0.2644748562716624,outputs_small/ntrain_30/d_tcsr/rw/linear/lambda_0.0/target_lr_0.05/landmark_True/seed_1,30
d_tcsr,rw,linear,0.0,0.05,True,8,0.6477410368217055,0.2840704546529961,0.6160532310274548,0.2701089301457432,outputs_small/ntrain_30/d_tcsr/rw/linear/lambda_0.0/target_lr_0.05/landmark_True/seed_8,30
d_tcsr,rw,linear,0.0,0.05,True,9,0.6057938168293817,0.27873705178111613,0.6361947008751948,0.2658452064019723,outputs_small/ntrain_30/d_tcsr/rw/linear/lambda_0.0/target_lr_0.05/landmark_True/seed_9,30
d_tcsr,rw,linear,0.0,0.05,True,0,0.5785162377272991,0.2772519409722056,0.6517803620668985,0.2679131696927926,outputs_small/ntrain_30/d_tcsr/rw/linear/lambda_0.0/target_lr_0.05/landmark_True/seed_0,30
d_tcsr,rw,linear,0.0,0.05,True,7,0.5745318134232872,0.2968944664510879,0.6336470447188587,0.2604457135423175,outputs_small/ntrain_30/d_tcsr/rw/linear/lambda_0.0/target_lr_0.05/landmark_True/seed_7,30
d_tcsr,rw,linear,0.0,0.95,True,2,0.6358889016412258,0.24698150383093173,0.6905946529193142,0.23216824943549977,outputs_small/ntrain_30/d_tcsr/rw/linear/lambda_0.0/target_lr_0.95/landmark_True/seed_2,30
d_tcsr,rw,linear,0.0,0.95,True,5,0.6501798031008665,0.24055816568748004,0.7012048914998201,0.22365242651813808,outputs_small/ntrain_30/d_tcsr/rw/linear/lambda_0.0/target_lr_0.95/landmark_True/seed_5,30
d_tcsr,rw,linear,0.0,0.95,True,4,0.7001117449861789,0.19004359835436063,0.6498621268433041,0.21818882041195314,outputs_small/ntrain_30/d_tcsr/rw/linear/lambda_0.0/target_lr_0.95/landmark_True/seed_4,30
d_tcsr,rw,linear,0.0,0.95,True,3,0.6568148366205475,0.24085916813010017,0.7031231267234145,0.21778484770510853,outputs_small/ntrain_30/d_tcsr/rw/linear/lambda_0.0/target_lr_0.95/landmark_True/seed_3,30
d_tcsr,rw,linear,0.0,0.95,True,6,0.6580786026200873,0.24867920335341273,0.7087579426927227,0.22815953998043148,outputs_small/ntrain_30/d_tcsr/rw/linear/lambda_0.0/target_lr_0.95/landmark_True/seed_6,30
d_tcsr,rw,linear,0.0,0.95,True,1,0.5582386363636364,0.28368094159669816,0.6291811533389282,0.2484125721804392,outputs_small/ntrain_30/d_tcsr/rw/linear/lambda_0.0/target_lr_0.95/landmark_True/seed_1,30
d_tcsr,rw,linear,0.0,0.95,True,8,0.7235041182170543,0.21666086632312817,0.6915237981057427,0.24307931364948315,outputs_small/ntrain_30/d_tcsr/rw/linear/lambda_0.0/target_lr_0.95/landmark_True/seed_8,30
d_tcsr,rw,linear,0.0,0.95,True,9,0.6102103672710367,0.2515204322969324,0.6652679534827959,0.23171385505565942,outputs_small/ntrain_30/d_tcsr/rw/linear/lambda_0.0/target_lr_0.95/landmark_True/seed_9,30
d_tcsr,rw,linear,0.0,0.95,True,0,0.6484633707081857,0.24874951824929895,0.7033029612756264,0.2473296427388723,outputs_small/ntrain_30/d_tcsr/rw/linear/lambda_0.0/target_lr_0.95/landmark_True/seed_0,30
d_tcsr,rw,linear,0.0,0.95,True,7,0.6219902291497034,0.2683254177761887,0.7008751948207649,0.25915177508256665,outputs_small/ntrain_30/d_tcsr/rw/linear/lambda_0.0/target_lr_0.95/landmark_True/seed_7,30
d_tcsr,rw,linear,0.0,0.75,True,2,0.6471077699988523,0.2395742269379665,0.6975782280302122,0.22843985231531935,outputs_small/ntrain_30/d_tcsr/rw/linear/lambda_0.0/target_lr_0.75/landmark_True/seed_2,30
d_tcsr,rw,linear,0.0,0.75,True,5,0.6632376348523257,0.23066466116967582,0.7136134756024457,0.21216559012760544,outputs_small/ntrain_30/d_tcsr/rw/linear/lambda_0.0/target_lr_0.75/landmark_True/seed_5,30
d_tcsr,rw,linear,0.0,0.75,True,4,0.6984943833441157,0.18988179888708515,0.6449466490828438,0.22040926980608921,outputs_small/ntrain_30/d_tcsr/rw/linear/lambda_0.0/target_lr_0.75/landmark_True/seed_4,30
d_tcsr,rw,linear,0.0,0.75,True,3,0.6527524286134825,0.2464394691063484,0.7034827958278383,0.2265195238186772,outputs_small/ntrain_30/d_tcsr/rw/linear/lambda_0.0/target_lr_0.75/landmark_True/seed_3,30
d_tcsr,rw,linear,0.0,0.75,True,6,0.6596797671033479,0.2468876982294205,0.7133137513487592,0.22805803246994105,outputs_small/ntrain_30/d_tcsr/rw/linear/lambda_0.0/target_lr_0.75/landmark_True/seed_6,30
d_tcsr,rw,linear,0.0,0.75,True,1,0.559115087040619,0.2803650517587889,0.6349958038604484,0.24265779265519566,outputs_small/ntrain_30/d_tcsr/rw/linear/lambda_0.0/target_lr_0.75/landmark_True/seed_1,30
d_tcsr,rw,linear,0.0,0.75,True,8,0.7248970445736435,0.22341228101458957,0.6802841385924949,0.2483962399211521,outputs_small/ntrain_30/d_tcsr/rw/linear/lambda_0.0/target_lr_0.75/landmark_True/seed_8,30
d_tcsr,rw,linear,0.0,0.75,True,9,0.6330195258019525,0.25037041740416227,0.6670363265795468,0.24255716996545873,outputs_small/ntrain_30/d_tcsr/rw/linear/lambda_0.0/target_lr_0.75/landmark_True/seed_9,30
d_tcsr,rw,linear,0.0,0.75,True,0,0.6185441236274909,0.22249546542200552,0.665867401990169,0.21258830200772888,outputs_small/ntrain_30/d_tcsr/rw/linear/lambda_0.0/target_lr_0.75/landmark_True/seed_0,30
d_tcsr,rw,linear,0.0,0.75,True,7,0.6211469117133884,0.23316309958921477,0.695570075530512,0.20704174388036786,outputs_small/ntrain_30/d_tcsr/rw/linear/lambda_0.0/target_lr_0.75/landmark_True/seed_7,30
d_tcsr,rw,linear,0.0,0.1,True,2,0.6124469183977964,0.2549877238260743,0.6599328617671743,0.2539740951535418,outputs_small/ntrain_30/d_tcsr/rw/linear/lambda_0.0/target_lr_0.1/landmark_True/seed_2,30
d_tcsr,rw,linear,0.0,0.1,True,5,0.6286034309968755,0.2646612542941583,0.6930523917995444,0.23936184928319298,outputs_small/ntrain_30/d_tcsr/rw/linear/lambda_0.0/target_lr_0.1/landmark_True/seed_5,30
d_tcsr,rw,linear,0.0,0.1,True,4,0.6618243839322473,0.28649746777263035,0.6530092315070135,0.26660241777971205,outputs_small/ntrain_30/d_tcsr/rw/linear/lambda_0.0/target_lr_0.1/landmark_True/seed_4,30
d_tcsr,rw,linear,0.0,0.1,True,3,0.6481307035619664,0.2752819573909559,0.66472844982616,0.25739750235280767,outputs_small/ntrain_30/d_tcsr/rw/linear/lambda_0.0/target_lr_0.1/landmark_True/seed_3,30
d_tcsr,rw,linear,0.0,0.1,True,6,0.6320815138282387,0.2619600614772306,0.6650581465052152,0.2565582332058899,outputs_small/ntrain_30/d_tcsr/rw/linear/lambda_0.0/target_lr_0.1/landmark_True/seed_6,30
d_tcsr,rw,linear,0.0,0.1,True,1,0.5562137330754352,0.33041373806725655,0.6393418055389042,0.2620874485710631,outputs_small/ntrain_30/d_tcsr/rw/linear/lambda_0.0/target_lr_0.1/landmark_True/seed_1,30
d_tcsr,rw,linear,0.0,0.1,True,8,0.6695130813953488,0.2808958163541404,0.6136554369979619,0.2678482753969612,outputs_small/ntrain_30/d_tcsr/rw/linear/lambda_0.0/target_lr_0.1/landmark_True/seed_8,30
d_tcsr,rw,linear,0.0,0.1,True,9,0.6013772663877266,0.2780862902170792,0.6401810334492267,0.26283352951317174,outputs_small/ntrain_30/d_tcsr/rw/linear/lambda_0.0/target_lr_0.1/landmark_True/seed_9,30
d_tcsr,rw,linear,0.0,0.1,True,0,0.6306280137105676,0.21619488361125513,0.6711125764296847,0.20863104040865624,outputs_small/ntrain_30/d_tcsr/rw/linear/lambda_0.0/target_lr_0.1/landmark_True/seed_0,30
d_tcsr,rw,linear,0.0,0.1,True,7,0.6165522856810516,0.22358980598257758,0.7010550293729768,0.19955957369060245,outputs_small/ntrain_30/d_tcsr/rw/linear/lambda_0.0/target_lr_0.1/landmark_True/seed_7,30
d_tcsr,rw,linear,0.0,0.01,True,2,0.6083438540112476,0.25942721826703385,0.669314230907565,0.256801247328243,outputs_small/ntrain_30/d_tcsr/rw/linear/lambda_0.0/target_lr_0.01/landmark_True/seed_2,30
d_tcsr,rw,linear,0.0,0.01,True,5,0.6365619289040854,0.2658463501966937,0.6992566838508573,0.24294135855606733,outputs_small/ntrain_30/d_tcsr/rw/linear/lambda_0.0/target_lr_0.01/landmark_True/seed_5,30
d_tcsr,rw,linear,0.0,0.01,True,4,0.6528847850379345,0.29391383797745996,0.655436997961875,0.2707572999888942,outputs_small/ntrain_30/d_tcsr/rw/linear/lambda_0.0/target_lr_0.01/landmark_True/seed_4,30
d_tcsr,rw,linear,0.0,0.01,True,3,0.6377391816308507,0.27766863077568005,0.6613115933341326,0.26228195390175285,outputs_small/ntrain_30/d_tcsr/rw/linear/lambda_0.0/target_lr_0.01/landmark_True/seed_3,30
d_tcsr,rw,linear,0.0,0.01,True,6,0.6164774381368268,0.26930442406022137,0.6395815849418535,0.26377986442037354,outputs_small/ntrain_30/d_tcsr/rw/linear/lambda_0.0/target_lr_0.01/landmark_True/seed_6,30
d_tcsr,rw,linear,0.0,0.01,True,1,0.5707809477756286,0.33410208622999765,0.6385025776285818,0.2662567591981378,outputs_small/ntrain_30/d_tcsr/rw/linear/lambda_0.0/target_lr_0.01/landmark_True/seed_1,30
d_tcsr,rw,linear,0.0,0.01,True,8,0.6412609011627907,0.28634777225342695,0.6119470087519482,0.2716530191714747,outputs_small/ntrain_30/d_tcsr/rw/linear/lambda_0.0/target_lr_0.01/landmark_True/seed_8,30
d_tcsr,rw,linear,0.0,0.01,True,9,0.5993142724314272,0.27989970384302837,0.6353255005395037,0.26712858144933416,outputs_small/ntrain_30/d_tcsr/rw/linear/lambda_0.0/target_lr_0.01/landmark_True/seed_9,30
d_tcsr,rw,linear,0.0,0.01,True,0,0.5723581014349619,0.28016816605802036,0.5992686728210047,0.27339731829256025,outputs_small/ntrain_30/d_tcsr/rw/linear/lambda_0.0/target_lr_0.01/landmark_True/seed_0,30
d_tcsr,rw,linear,0.0,0.01,True,7,0.5792136791904152,0.298605509502195,0.6347260520321304,0.2621548801152763,outputs_small/ntrain_30/d_tcsr/rw/linear/lambda_0.0/target_lr_0.01/landmark_True/seed_7,30
d_tcsr,rw,linear,0.0,0.9,True,2,0.635544588545851,0.24647055903295678,0.6905946529193142,0.23171493027915854,outputs_small/ntrain_30/d_tcsr/rw/linear/lambda_0.0/target_lr_0.9/landmark_True/seed_2,30
d_tcsr,rw,linear,0.0,0.9,True,5,0.6448741378293934,0.24168738874844403,0.7033928785517324,0.22475122178832868,outputs_small/ntrain_30/d_tcsr/rw/linear/lambda_0.0/target_lr_0.9/landmark_True/seed_5,30
d_tcsr,rw,linear,0.0,0.9,True,4,0.7042580721049226,0.1899026374482525,0.6504316029253087,0.21978306139641812,outputs_small/ntrain_30/d_tcsr/rw/linear/lambda_0.0/target_lr_0.9/landmark_True/seed_4,30
d_tcsr,rw,linear,0.0,0.9,True,3,0.654548130703562,0.24041234022584387,0.7029133197458338,0.2173627922398099,outputs_small/ntrain_30/d_tcsr/rw/linear/lambda_0.0/target_lr_0.9/landmark_True/seed_3,30
d_tcsr,rw,linear,0.0,0.9,True,6,0.6562445414847161,0.2106926871099795,0.7136134756024457,0.19201643230332802,outputs_small/ntrain_30/d_tcsr/rw/linear/lambda_0.0/target_lr_0.9/landmark_True/seed_6,30
d_tcsr,rw,linear,0.0,0.9,True,1,0.5569692940038685,0.2840769763070691,0.6279223114734445,0.248598781368378,outputs_small/ntrain_30/d_tcsr/rw/linear/lambda_0.0/target_lr_0.9/landmark_True/seed_1,30
d_tcsr,rw,linear,0.0,0.9,True,8,0.7156310562015504,0.19689542516570266,0.6691943412060904,0.20140346438100917,outputs_small/ntrain_30/d_tcsr/rw/linear/lambda_0.0/target_lr_0.9/landmark_True/seed_8,30
d_tcsr,rw,linear,0.0,0.9,True,9,0.6297071129707112,0.23368986616815235,0.6652979259081645,0.21814754725361651,outputs_small/ntrain_30/d_tcsr/rw/linear/lambda_0.0/target_lr_0.9/landmark_True/seed_9,30
d_tcsr,rw,linear,0.0,0.9,True,0,0.6464009760065067,0.2539139031136187,0.6897853974343604,0.2531905025956765,outputs_small/ntrain_30/d_tcsr/rw/linear/lambda_0.0/target_lr_0.9/landmark_True/seed_0,30
d_tcsr,rw,linear,0.0,0.9,True,7,0.6194893567523555,0.23041405849478042,0.7028533748950965,0.20335015706414725,outputs_small/ntrain_30/d_tcsr/rw/linear/lambda_0.0/target_lr_0.9/landmark_True/seed_7,30
d_tcsr,rw,linear,0.0,0.25,True,2,0.649345805118788,0.21235477723062798,0.6883766934420333,0.2023780092739961,outputs_small/ntrain_30/d_tcsr/rw/linear/lambda_0.0/target_lr_0.25/landmark_True/seed_2,30
d_tcsr,rw,linear,0.0,0.25,True,5,0.6563697459175853,0.21775230385503824,0.7007852775446589,0.19742622982821,outputs_small/ntrain_30/d_tcsr/rw/linear/lambda_0.0/target_lr_0.25/landmark_True/seed_5,30
d_tcsr,rw,linear,0.0,0.25,True,4,0.6582073751690878,0.27430370864763176,0.6465351876273828,0.2591032669165841,outputs_small/ntrain_30/d_tcsr/rw/linear/lambda_0.0/target_lr_0.25/landmark_True/seed_4,30
d_tcsr,rw,linear,0.0,0.25,True,3,0.649367088607595,0.2701964968993724,0.6730008392279103,0.2484981715752581,outputs_small/ntrain_30/d_tcsr/rw/linear/lambda_0.0/target_lr_0.25/landmark_True/seed_3,30
d_tcsr,rw,linear,0.0,0.25,True,6,0.646608442503639,0.2106604493776349,0.7025836230667786,0.19127365124713716,outputs_small/ntrain_30/d_tcsr/rw/linear/lambda_0.0/target_lr_0.25/landmark_True/seed_6,30
d_tcsr,rw,linear,0.0,0.25,True,1,0.5682120406189555,0.32392932145709064,0.638922191583743,0.25514307360894173,outputs_small/ntrain_30/d_tcsr/rw/linear/lambda_0.0/target_lr_0.25/landmark_True/seed_1,30
d_tcsr,rw,linear,0.0,0.25,True,8,0.7184471899224806,0.1926578830039271,0.6741098189665508,0.197855416845483,outputs_small/ntrain_30/d_tcsr/rw/linear/lambda_0.0/target_lr_0.25/landmark_True/seed_8,30
d_tcsr,rw,linear,0.0,0.25,True,9,0.6249418874941888,0.22835263306571743,0.6724913079966431,0.2100010138045348,outputs_small/ntrain_30/d_tcsr/rw/linear/lambda_0.0/target_lr_0.25/landmark_True/seed_9,30
d_tcsr,rw,linear,0.0,0.25,True,0,0.6245570208563295,0.21867784337005197,0.6672761059824961,0.2062807464177605,outputs_small/ntrain_30/d_tcsr/rw/linear/lambda_0.0/target_lr_0.25/landmark_True/seed_0,30
d_tcsr,rw,linear,0.0,0.25,True,7,0.6252762591601722,0.22562242826104592,0.7008751948207649,0.19805302256901933,outputs_small/ntrain_30/d_tcsr/rw/linear/lambda_0.0/target_lr_0.25/landmark_True/seed_7,30
tcsr_fitted,pbc2,linear,0.0,1.0,True,2,0.7564695009242144,0.16803055092167268,0.8203740157480315,0.17270086924965253,outputs_small/ntrain_50/tcsr_fitted/pbc2/linear/lambda_0.0/target_lr_1.0/landmark_True/seed_2,50
tcsr_fitted,pbc2,linear,0.0,1.0,True,5,0.7580071174377224,0.18089350920370573,0.8789370078740157,0.12381602794955127,outputs_small/ntrain_50/tcsr_fitted/pbc2/linear/lambda_0.0/target_lr_1.0/landmark_True/seed_5,50
tcsr_fitted,pbc2,linear,0.0,1.0,True,4,0.7866586538461539,0.1558778271575601,0.8572834645669292,0.13301997652481942,outputs_small/ntrain_50/tcsr_fitted/pbc2/linear/lambda_0.0/target_lr_1.0/landmark_True/seed_4,50
tcsr_fitted,pbc2,linear,0.0,1.0,True,3,0.8201663201663202,0.1601069931216405,0.8528543307086615,0.1365895008411901,outputs_small/ntrain_50/tcsr_fitted/pbc2/linear/lambda_0.0/target_lr_1.0/landmark_True/seed_3,50
tcsr_fitted,pbc2,linear,0.0,1.0,True,6,0.8597715736040609,0.144623738406297,0.8548228346456693,0.13031091841615866,outputs_small/ntrain_50/tcsr_fitted/pbc2/linear/lambda_0.0/target_lr_1.0/landmark_True/seed_6,50
tcsr_fitted,pbc2,linear,0.0,1.0,True,1,0.7905236907730673,0.19952409531446225,0.8626968503937008,0.1277117868590123,outputs_small/ntrain_50/tcsr_fitted/pbc2/linear/lambda_0.0/target_lr_1.0/landmark_True/seed_1,50
tcsr_fitted,pbc2,linear,0.0,1.0,True,8,0.7386759581881533,0.19249408872566673,0.8705708661417323,0.16803383257143867,outputs_small/ntrain_50/tcsr_fitted/pbc2/linear/lambda_0.0/target_lr_1.0/landmark_True/seed_8,50
tcsr_fitted,pbc2,linear,0.0,1.0,True,9,0.7663706992230854,0.17745800477789708,0.8474409448818898,0.11821486539176657,outputs_small/ntrain_50/tcsr_fitted/pbc2/linear/lambda_0.0/target_lr_1.0/landmark_True/seed_9,50
tcsr_fitted,pbc2,linear,0.0,1.0,True,0,0.7735507246376812,0.14013678057306975,0.8380905511811023,0.1278192034271048,outputs_small/ntrain_50/tcsr_fitted/pbc2/linear/lambda_0.0/target_lr_1.0/landmark_True/seed_0,50
tcsr_fitted,pbc2,linear,0.0,1.0,True,7,0.7096199524940617,0.1989016105560369,0.843503937007874,0.12402121703171422,outputs_small/ntrain_50/tcsr_fitted/pbc2/linear/lambda_0.0/target_lr_1.0/landmark_True/seed_7,50
tcsr_fitted,pbc2,linear,0.0,0.1,True,2,0.7744916820702403,0.1477292532548583,0.8336614173228346,0.15046547414149378,outputs_small/ntrain_50/tcsr_fitted/pbc2/linear/lambda_0.0/target_lr_0.1/landmark_True/seed_2,50
tcsr_fitted,pbc2,linear,0.0,0.1,True,5,0.7977461447212337,0.1570778411262176,0.8932086614173228,0.10469576478956782,outputs_small/ntrain_50/tcsr_fitted/pbc2/linear/lambda_0.0/target_lr_0.1/landmark_True/seed_5,50
tcsr_fitted,pbc2,linear,0.0,0.1,True,4,0.8064903846153846,0.14870291003847863,0.8641732283464567,0.1253839885118722,outputs_small/ntrain_50/tcsr_fitted/pbc2/linear/lambda_0.0/target_lr_0.1/landmark_True/seed_4,50
tcsr_fitted,pbc2,linear,0.0,0.1,True,3,0.8352390852390852,0.12929286196626164,0.8917322834645669,0.10434295575717162,outputs_small/ntrain_50/tcsr_fitted/pbc2/linear/lambda_0.0/target_lr_0.1/landmark_True/seed_3,50
tcsr_fitted,pbc2,linear,0.0,0.1,True,6,0.8800761421319797,0.1408924914709384,0.8730314960629921,0.11392056409881825,outputs_small/ntrain_50/tcsr_fitted/pbc2/linear/lambda_0.0/target_lr_0.1/landmark_True/seed_6,50
tcsr_fitted,pbc2,linear,0.0,0.1,True,1,0.8061097256857855,0.1697704181987492,0.8853346456692913,0.10167415395916506,outputs_small/ntrain_50/tcsr_fitted/pbc2/linear/lambda_0.0/target_lr_0.1/landmark_True/seed_1,50
tcsr_fitted,pbc2,linear,0.0,0.1,True,8,0.7950058072009292,0.17769026981741698,0.9040354330708661,0.13124427855358312,outputs_small/ntrain_50/tcsr_fitted/pbc2/linear/lambda_0.0/target_lr_0.1/landmark_True/seed_8,50
tcsr_fitted,pbc2,linear,0.0,0.1,True,9,0.8140954495005549,0.14030462367067217,0.8818897637795275,0.09477107634376108,outputs_small/ntrain_50/tcsr_fitted/pbc2/linear/lambda_0.0/target_lr_0.1/landmark_True/seed_9,50
tcsr_fitted,pbc2,linear,0.0,0.1,True,0,0.822463768115942,0.12779203237390546,0.8971456692913385,0.09680787608541694,outputs_small/ntrain_50/tcsr_fitted/pbc2/linear/lambda_0.0/target_lr_0.1/landmark_True/seed_0,50
tcsr_fitted,pbc2,linear,0.0,0.1,True,7,0.7292161520190024,0.18201667035975685,0.8971456692913385,0.09574756551141772,outputs_small/ntrain_50/tcsr_fitted/pbc2/linear/lambda_0.0/target_lr_0.1/landmark_True/seed_7,50
tcsr_fitted,pbc2,linear,0.0,0.01,True,2,0.8040665434380776,0.13268642641245984,0.84251968503937,0.1336450918319542,outputs_small/ntrain_50/tcsr_fitted/pbc2/linear/lambda_0.0/target_lr_0.01/landmark_True/seed_2,50
tcsr_fitted,pbc2,linear,0.0,0.01,True,5,0.7995255041518387,0.1482635750792761,0.8877952755905512,0.10267646579469414,outputs_small/ntrain_50/tcsr_fitted/pbc2/linear/lambda_0.0/target_lr_0.01/landmark_True/seed_5,50
tcsr_fitted,pbc2,linear,0.0,0.01,True,4,0.8125,0.1428019416041237,0.8567913385826772,0.12414949840872039,outputs_small/ntrain_50/tcsr_fitted/pbc2/linear/lambda_0.0/target_lr_0.01/landmark_True/seed_4,50
tcsr_fitted,pbc2,linear,0.0,0.01,True,3,0.8638253638253638,0.1184770167769482,0.8991141732283464,0.09442731187430883,outputs_small/ntrain_50/tcsr_fitted/pbc2/linear/lambda_0.0/target_lr_0.01/landmark_True/seed_3,50
tcsr_fitted,pbc2,linear,0.0,0.01,True,6,0.8889593908629442,0.1392683690034817,0.8720472440944882,0.10987186899709538,outputs_small/ntrain_50/tcsr_fitted/pbc2/linear/lambda_0.0/target_lr_0.01/landmark_True/seed_6,50
tcsr_fitted,pbc2,linear,0.0,0.01,True,1,0.8254364089775561,0.1361116990473545,0.8932086614173228,0.09466077454704827,outputs_small/ntrain_50/tcsr_fitted/pbc2/linear/lambda_0.0/target_lr_0.01/landmark_True/seed_1,50
tcsr_fitted,pbc2,linear,0.0,0.01,True,8,0.8077816492450639,0.17516077901320776,0.9015748031496063,0.12066927946368265,outputs_small/ntrain_50/tcsr_fitted/pbc2/linear/lambda_0.0/target_lr_0.01/landmark_True/seed_8,50
tcsr_fitted,pbc2,linear,0.0,0.01,True,9,0.8340732519422863,0.12513276249227187,0.8848425196850394,0.08986939813379814,outputs_small/ntrain_50/tcsr_fitted/pbc2/linear/lambda_0.0/target_lr_0.01/landmark_True/seed_9,50
tcsr_fitted,pbc2,linear,0.0,0.01,True,0,0.8556763285024155,0.13090303994178004,0.9138779527559056,0.08464028227688765,outputs_small/ntrain_50/tcsr_fitted/pbc2/linear/lambda_0.0/target_lr_0.01/landmark_True/seed_0,50
tcsr_fitted,pbc2,linear,0.0,0.01,True,7,0.7583135391923991,0.17609519048149108,0.9015748031496063,0.08934501449753611,outputs_small/ntrain_50/tcsr_fitted/pbc2/linear/lambda_0.0/target_lr_0.01/landmark_True/seed_7,50
tcsr_fitted,pbc2,linear,0.0,0.0,True,2,0.7980591497227357,0.13407705991027813,0.8233267716535433,0.13170788808222145,outputs_small/ntrain_50/tcsr_fitted/pbc2/linear/lambda_0.0/target_lr_0.0/landmark_True/seed_2,50
tcsr_fitted,pbc2,linear,0.0,0.0,True,5,0.7947805456702254,0.14656884384191105,0.8838582677165354,0.10271906973480029,outputs_small/ntrain_50/tcsr_fitted/pbc2/linear/lambda_0.0/target_lr_0.0/landmark_True/seed_5,50
tcsr_fitted,pbc2,linear,0.0,0.0,True,4,0.8094951923076923,0.14029384465662031,0.8612204724409449,0.12363008531630611,outputs_small/ntrain_50/tcsr_fitted/pbc2/linear/lambda_0.0/target_lr_0.0/landmark_True/seed_4,50
tcsr_fitted,pbc2,linear,0.0,0.0,True,3,0.8622661122661123,0.11717621173473178,0.8986220472440944,0.09293680820546917,outputs_small/ntrain_50/tcsr_fitted/pbc2/linear/lambda_0.0/target_lr_0.0/landmark_True/seed_3,50
tcsr_fitted,pbc2,linear,0.0,0.0,True,6,0.8908629441624365,0.13796983853056838,0.8735236220472441,0.10872712466406088,outputs_small/ntrain_50/tcsr_fitted/pbc2/linear/lambda_0.0/target_lr_0.0/landmark_True/seed_6,50
tcsr_fitted,pbc2,linear,0.0,0.0,True,1,0.8198254364089775,0.12838017251088615,0.9010826771653543,0.09413952153159101,outputs_small/ntrain_50/tcsr_fitted/pbc2/linear/lambda_0.0/target_lr_0.0/landmark_True/seed_1,50
tcsr_fitted,pbc2,linear,0.0,0.0,True,8,0.7955865272938444,0.17664128381233737,0.9005905511811023,0.11986647086471082,outputs_small/ntrain_50/tcsr_fitted/pbc2/linear/lambda_0.0/target_lr_0.0/landmark_True/seed_8,50
tcsr_fitted,pbc2,linear,0.0,0.0,True,9,0.8401775804661488,0.1251744510651095,0.8838582677165354,0.09084685021255948,outputs_small/ntrain_50/tcsr_fitted/pbc2/linear/lambda_0.0/target_lr_0.0/landmark_True/seed_9,50
tcsr_fitted,pbc2,linear,0.0,0.0,True,0,0.8472222222222222,0.1362398315010197,0.9030511811023622,0.08755255991842334,outputs_small/ntrain_50/tcsr_fitted/pbc2/linear/lambda_0.0/target_lr_0.0/landmark_True/seed_0,50
tcsr_fitted,pbc2,linear,0.0,0.0,True,7,0.7571258907363421,0.17649851454065305,0.90501968503937,0.08924388753731612,outputs_small/ntrain_50/tcsr_fitted/pbc2/linear/lambda_0.0/target_lr_0.0/landmark_True/seed_7,50
tcsr_fitted,aids,linear,0.0,1.0,True,2,0.5355126999059266,0.19661228551626123,0.6428571428571429,0.17909938456159932,outputs_small/ntrain_50/tcsr_fitted/aids/linear/lambda_0.0/target_lr_1.0/landmark_True/seed_2,50
tcsr_fitted,aids,linear,0.0,1.0,True,5,0.7021452145214522,0.17115406572839,0.6506316812439261,0.16924679777154403,outputs_small/ntrain_50/tcsr_fitted/aids/linear/lambda_0.0/target_lr_1.0/landmark_True/seed_5,50
tcsr_fitted,aids,linear,0.0,1.0,True,4,0.7365334491746307,0.17470523952613332,0.706268221574344,0.16544711308423404,outputs_small/ntrain_50/tcsr_fitted/aids/linear/lambda_0.0/target_lr_1.0/landmark_True/seed_4,50
tcsr_fitted,aids,linear,0.0,1.0,True,3,0.6605946398659966,0.2426153914019888,0.6929057337220602,0.19523810290735696,outputs_small/ntrain_50/tcsr_fitted/aids/linear/lambda_0.0/target_lr_1.0/landmark_True/seed_3,50
tcsr_fitted,aids,linear,0.0,1.0,True,6,0.6947348044909021,0.16566869541891457,0.7414965986394558,0.17477838186473618,outputs_small/ntrain_50/tcsr_fitted/aids/linear/lambda_0.0/target_lr_1.0/landmark_True/seed_6,50
tcsr_fitted,aids,linear,0.0,1.0,True,1,0.7066428889879626,0.15988219155890612,0.6887755102040817,0.15778384343271007,outputs_small/ntrain_50/tcsr_fitted/aids/linear/lambda_0.0/target_lr_1.0/landmark_True/seed_1,50
tcsr_fitted,aids,linear,0.0,1.0,True,8,0.6073593073593073,0.1867517920200995,0.6912050534499514,0.17019387055233234,outputs_small/ntrain_50/tcsr_fitted/aids/linear/lambda_0.0/target_lr_1.0/landmark_True/seed_8,50
tcsr_fitted,aids,linear,0.0,1.0,True,9,0.7006382978723404,0.18163463405514396,0.6581632653061225,0.17611152762687346,outputs_small/ntrain_50/tcsr_fitted/aids/linear/lambda_0.0/target_lr_1.0/landmark_True/seed_9,50
tcsr_fitted,aids,linear,0.0,1.0,True,0,0.7278070531009323,0.17066839982085985,0.6802721088435374,0.16646319879199953,outputs_small/ntrain_50/tcsr_fitted/aids/linear/lambda_0.0/target_lr_1.0/landmark_True/seed_0,50
tcsr_fitted,aids,linear,0.0,1.0,True,7,0.7328941776455589,0.18353739683668707,0.6948493683187561,0.16048945161277325,outputs_small/ntrain_50/tcsr_fitted/aids/linear/lambda_0.0/target_lr_1.0/landmark_True/seed_7,50
tcsr_fitted,aids,linear,0.0,0.1,True,2,0.5460959548447789,0.20740227559941582,0.6314382896015549,0.1822584187355972,outputs_small/ntrain_50/tcsr_fitted/aids/linear/lambda_0.0/target_lr_0.1/landmark_True/seed_2,50
tcsr_fitted,aids,linear,0.0,0.1,True,5,0.7223597359735974,0.1634029567624116,0.6494169096209913,0.15998558571624225,outputs_small/ntrain_50/tcsr_fitted/aids/linear/lambda_0.0/target_lr_0.1/landmark_True/seed_5,50
tcsr_fitted,aids,linear,0.0,0.1,True,4,0.7536924413553432,0.17285014197452225,0.6943634596695821,0.15385562362387528,outputs_small/ntrain_50/tcsr_fitted/aids/linear/lambda_0.0/target_lr_0.1/landmark_True/seed_4,50
tcsr_fitted,aids,linear,0.0,0.1,True,3,0.6618509212730318,0.2337133704694255,0.6771137026239067,0.18051181630578653,outputs_small/ntrain_50/tcsr_fitted/aids/linear/lambda_0.0/target_lr_0.1/landmark_True/seed_3,50
tcsr_fitted,aids,linear,0.0,0.1,True,6,0.6804103755323267,0.1659190289275325,0.672983479105928,0.1540818233690411,outputs_small/ntrain_50/tcsr_fitted/aids/linear/lambda_0.0/target_lr_0.1/landmark_True/seed_6,50
tcsr_fitted,aids,linear,0.0,0.1,True,1,0.6879179670084707,0.16471481458179843,0.6785714285714286,0.14890178989722444,outputs_small/ntrain_50/tcsr_fitted/aids/linear/lambda_0.0/target_lr_0.1/landmark_True/seed_1,50
tcsr_fitted,aids,linear,0.0,0.1,True,8,0.6095238095238096,0.19611806987653152,0.6802721088435374,0.1644969494441898,outputs_small/ntrain_50/tcsr_fitted/aids/linear/lambda_0.0/target_lr_0.1/landmark_True/seed_8,50
tcsr_fitted,aids,linear,0.0,0.1,True,9,0.6346808510638298,0.1768795158612168,0.6703109815354713,0.15680942912382465,outputs_small/ntrain_50/tcsr_fitted/aids/linear/lambda_0.0/target_lr_0.1/landmark_True/seed_9,50
tcsr_fitted,aids,linear,0.0,0.1,True,0,0.751925415484394,0.1513149160785878,0.6423712342079689,0.16220636897197308,outputs_small/ntrain_50/tcsr_fitted/aids/linear/lambda_0.0/target_lr_0.1/landmark_True/seed_0,50
tcsr_fitted,aids,linear,0.0,0.1,True,7,0.6908202294942627,0.18888941502269552,0.6608357628765792,0.1593542938242865,outputs_small/ntrain_50/tcsr_fitted/aids/linear/lambda_0.0/target_lr_0.1/landmark_True/seed_7,50
tcsr_fitted,aids,linear,0.0,0.01,True,2,0.535277516462841,0.20475162497892563,0.6294946550048591,0.1810669394342387,outputs_small/ntrain_50/tcsr_fitted/aids/linear/lambda_0.0/target_lr_0.01/landmark_True/seed_2,50
tcsr_fitted,aids,linear,0.0,0.01,True,5,0.7334983498349835,0.16103810376632915,0.6642371234207969,0.1544032871665753,outputs_small/ntrain_50/tcsr_fitted/aids/linear/lambda_0.0/target_lr_0.01/landmark_True/seed_5,50
tcsr_fitted,aids,linear,0.0,0.01,True,4,0.7408774978279756,0.18142179933151498,0.685617103984451,0.15561818055359952,outputs_small/ntrain_50/tcsr_fitted/aids/linear/lambda_0.0/target_lr_0.01/landmark_True/seed_4,50
tcsr_fitted,aids,linear,0.0,0.01,True,3,0.6541038525963149,0.2326950489803277,0.7220602526724975,0.17615797584080864,outputs_small/ntrain_50/tcsr_fitted/aids/linear/lambda_0.0/target_lr_0.01/landmark_True/seed_3,50
tcsr_fitted,aids,linear,0.0,0.01,True,6,0.6736353077816493,0.17557176242326994,0.6479591836734694,0.15023461641281652,outputs_small/ntrain_50/tcsr_fitted/aids/linear/lambda_0.0/target_lr_0.01/landmark_True/seed_6,50
tcsr_fitted,aids,linear,0.0,0.01,True,1,0.6772180115916183,0.174617221813915,0.6559766763848397,0.14634829317322537,outputs_small/ntrain_50/tcsr_fitted/aids/linear/lambda_0.0/target_lr_0.01/landmark_True/seed_1,50
tcsr_fitted,aids,linear,0.0,0.01,True,8,0.6097402597402597,0.1960862149514807,0.6878036929057337,0.16195242218465467,outputs_small/ntrain_50/tcsr_fitted/aids/linear/lambda_0.0/target_lr_0.01/landmark_True/seed_8,50
tcsr_fitted,aids,linear,0.0,0.01,True,9,0.6006382978723405,0.18228655977951058,0.6469873663751214,0.15370052485338614,outputs_small/ntrain_50/tcsr_fitted/aids/linear/lambda_0.0/target_lr_0.01/landmark_True/seed_9,50
tcsr_fitted,aids,linear,0.0,0.01,True,0,0.7302391568706932,0.14843834890022647,0.6472303206997084,0.16268164938449825,outputs_small/ntrain_50/tcsr_fitted/aids/linear/lambda_0.0/target_lr_0.01/landmark_True/seed_0,50
tcsr_fitted,aids,linear,0.0,0.01,True,7,0.6910327241818954,0.19131463580343477,0.6644800777453839,0.1606435765049919,outputs_small/ntrain_50/tcsr_fitted/aids/linear/lambda_0.0/target_lr_0.01/landmark_True/seed_7,50
tcsr_fitted,aids,linear,0.0,0.0,True,2,0.5324553151458138,0.20340504893417535,0.6314382896015549,0.18037910724964368,outputs_small/ntrain_50/tcsr_fitted/aids/linear/lambda_0.0/target_lr_0.0/landmark_True/seed_2,50
tcsr_fitted,aids,linear,0.0,0.0,True,5,0.731023102310231,0.16292769202662896,0.6773566569484937,0.1544019363076278,outputs_small/ntrain_50/tcsr_fitted/aids/linear/lambda_0.0/target_lr_0.0/landmark_True/seed_5,50
tcsr_fitted,aids,linear,0.0,0.0,True,4,0.7287141615986099,0.18485793388100905,0.6938775510204082,0.15770615844989663,outputs_small/ntrain_50/tcsr_fitted/aids/linear/lambda_0.0/target_lr_0.0/landmark_True/seed_4,50
tcsr_fitted,aids,linear,0.0,0.0,True,3,0.6459380234505863,0.23265525159506686,0.7152575315840622,0.1755975518831695,outputs_small/ntrain_50/tcsr_fitted/aids/linear/lambda_0.0/target_lr_0.0/landmark_True/seed_3,50
tcsr_fitted,aids,linear,0.0,0.0,True,6,0.6610530391018196,0.17878138067319324,0.6450437317784257,0.15058896859112025,outputs_small/ntrain_50/tcsr_fitted/aids/linear/lambda_0.0/target_lr_0.0/landmark_True/seed_6,50
tcsr_fitted,aids,linear,0.0,0.0,True,1,0.6698617922425323,0.1787798762280427,0.6547619047619048,0.146903513129429,outputs_small/ntrain_50/tcsr_fitted/aids/linear/lambda_0.0/target_lr_0.0/landmark_True/seed_1,50
tcsr_fitted,aids,linear,0.0,0.0,True,8,0.6134199134199134,0.19587596633609464,0.6882896015549077,0.16150530701622692,outputs_small/ntrain_50/tcsr_fitted/aids/linear/lambda_0.0/target_lr_0.0/landmark_True/seed_8,50
tcsr_fitted,aids,linear,0.0,0.0,True,9,0.5797872340425532,0.18455756095065054,0.6431000971817298,0.15446941152630386,outputs_small/ntrain_50/tcsr_fitted/aids/linear/lambda_0.0/target_lr_0.0/landmark_True/seed_9,50
tcsr_fitted,aids,linear,0.0,0.0,True,0,0.7217267936765303,0.15009953298154813,0.6618075801749271,0.1639462057147125,outputs_small/ntrain_50/tcsr_fitted/aids/linear/lambda_0.0/target_lr_0.0/landmark_True/seed_0,50
tcsr_fitted,aids,linear,0.0,0.0,True,7,0.6910327241818954,0.19172528555302376,0.6571914480077745,0.1609258584685876,outputs_small/ntrain_50/tcsr_fitted/aids/linear/lambda_0.0/target_lr_0.0/landmark_True/seed_7,50
tcsr_fitted,rw,linear,0.0,1.0,True,2,0.6600482038333525,0.1996289698252485,0.7222155616832514,0.1903890341711057,outputs_small/ntrain_50/tcsr_fitted/rw/linear/lambda_0.0/target_lr_1.0/landmark_True/seed_2,50
tcsr_fitted,rw,linear,0.0,1.0,True,5,0.6636502977067735,0.20352953334530913,0.7084582184390361,0.19187904156252808,outputs_small/ntrain_50/tcsr_fitted/rw/linear/lambda_0.0/target_lr_1.0/landmark_True/seed_5,50
tcsr_fitted,rw,linear,0.0,1.0,True,4,0.6977592189613597,0.2062498547973665,0.6812732286296607,0.2043922953725802,outputs_small/ntrain_50/tcsr_fitted/rw/linear/lambda_0.0/target_lr_1.0/landmark_True/seed_4,50
tcsr_fitted,rw,linear,0.0,1.0,True,3,0.6489549602590521,0.22097978563276155,0.6980877592614795,0.1946875167031721,outputs_small/ntrain_50/tcsr_fitted/rw/linear/lambda_0.0/target_lr_1.0/landmark_True/seed_3,50
tcsr_fitted,rw,linear,0.0,1.0,True,6,0.6557205240174673,0.20645593815803776,0.6856192303081166,0.19956541347287785,outputs_small/ntrain_50/tcsr_fitted/rw/linear/lambda_0.0/target_lr_1.0/landmark_True/seed_6,50
tcsr_fitted,rw,linear,0.0,1.0,True,1,0.6065643133462283,0.2476622045801293,0.6465052152020141,0.20771466047714618,outputs_small/ntrain_50/tcsr_fitted/rw/linear/lambda_0.0/target_lr_1.0/landmark_True/seed_1,50
tcsr_fitted,rw,linear,0.0,1.0,True,8,0.7263202519379846,0.1988528760822824,0.7015046157535068,0.1949833716166822,outputs_small/ntrain_50/tcsr_fitted/rw/linear/lambda_0.0/target_lr_1.0/landmark_True/seed_8,50
tcsr_fitted,rw,linear,0.0,1.0,True,9,0.6306078568107857,0.2169563771140855,0.6991667665747512,0.19748324844129256,outputs_small/ntrain_50/tcsr_fitted/rw/linear/lambda_0.0/target_lr_1.0/landmark_True/seed_9,50
tcsr_fitted,rw,linear,0.0,1.0,True,0,0.6778307093475862,0.20108504935439778,0.7038424649322623,0.20331078111332637,outputs_small/ntrain_50/tcsr_fitted/rw/linear/lambda_0.0/target_lr_1.0/landmark_True/seed_0,50
tcsr_fitted,rw,linear,0.0,1.0,True,7,0.634087472374084,0.21745733318291663,0.7108560124685289,0.19984652236621087,outputs_small/ntrain_50/tcsr_fitted/rw/linear/lambda_0.0/target_lr_1.0/landmark_True/seed_7,50
tcsr_fitted,rw,linear,0.0,0.1,True,2,0.6579249397452083,0.20200903735367642,0.7212564440714543,0.1911061761513799,outputs_small/ntrain_50/tcsr_fitted/rw/linear/lambda_0.0/target_lr_0.1/landmark_True/seed_2,50
tcsr_fitted,rw,linear,0.0,0.1,True,5,0.6661262748334611,0.20353417001273413,0.7080685769092435,0.19208134527081921,outputs_small/ntrain_50/tcsr_fitted/rw/linear/lambda_0.0/target_lr_0.1/landmark_True/seed_5,50
tcsr_fitted,rw,linear,0.0,0.1,True,4,0.6974357466329472,0.20321080350329673,0.6807337249730249,0.20322446693692076,outputs_small/ntrain_50/tcsr_fitted/rw/linear/lambda_0.0/target_lr_0.1/landmark_True/seed_4,50
tcsr_fitted,rw,linear,0.0,0.1,True,3,0.6557256402708272,0.22207731349517995,0.6956899652319866,0.19437169962894696,outputs_small/ntrain_50/tcsr_fitted/rw/linear/lambda_0.0/target_lr_0.1/landmark_True/seed_3,50
tcsr_fitted,rw,linear,0.0,0.1,True,6,0.6547598253275109,0.20603905811659504,0.688586500419614,0.19876096492799103,outputs_small/ntrain_50/tcsr_fitted/rw/linear/lambda_0.0/target_lr_0.1/landmark_True/seed_6,50
tcsr_fitted,rw,linear,0.0,0.1,True,1,0.6071989845261122,0.2467113732728769,0.6460556288214843,0.2078628812160117,outputs_small/ntrain_50/tcsr_fitted/rw/linear/lambda_0.0/target_lr_0.1/landmark_True/seed_1,50
tcsr_fitted,rw,linear,0.0,0.1,True,8,0.7217478197674418,0.1962942318380775,0.6962894137393598,0.19360032505607003,outputs_small/ntrain_50/tcsr_fitted/rw/linear/lambda_0.0/target_lr_0.1/landmark_True/seed_8,50
tcsr_fitted,rw,linear,0.0,0.1,True,9,0.6379590887959089,0.21605246997486188,0.6972785037765256,0.19583416439851853,outputs_small/ntrain_50/tcsr_fitted/rw/linear/lambda_0.0/target_lr_0.1/landmark_True/seed_9,50
tcsr_fitted,rw,linear,0.0,0.1,True,0,0.6819845465636437,0.20330754906314313,0.6980278144107421,0.20585796940256434,outputs_small/ntrain_50/tcsr_fitted/rw/linear/lambda_0.0/target_lr_0.1/landmark_True/seed_0,50
tcsr_fitted,rw,linear,0.0,0.1,True,7,0.6288821681982086,0.22041276130724416,0.7057906725812253,0.20249014931649145,outputs_small/ntrain_50/tcsr_fitted/rw/linear/lambda_0.0/target_lr_0.1/landmark_True/seed_7,50
tcsr_fitted,rw,linear,0.0,0.01,True,2,0.6586996442098014,0.20229411360387745,0.7235942932502099,0.19122437552774885,outputs_small/ntrain_50/tcsr_fitted/rw/linear/lambda_0.0/target_lr_0.01/landmark_True/seed_2,50
tcsr_fitted,rw,linear,0.0,0.01,True,5,0.6663915580970348,0.20357116996340743,0.708638052991248,0.19213615720375324,outputs_small/ntrain_50/tcsr_fitted/rw/linear/lambda_0.0/target_lr_0.01/landmark_True/seed_5,50
tcsr_fitted,rw,linear,0.0,0.01,True,4,0.695818384990884,0.20296893696762422,0.6803440834432323,0.20315388445555957,outputs_small/ntrain_50/tcsr_fitted/rw/linear/lambda_0.0/target_lr_0.01/landmark_True/seed_4,50
tcsr_fitted,rw,linear,0.0,0.01,True,3,0.6546070061819252,0.22223166045015047,0.6966191104184151,0.19437738022832488,outputs_small/ntrain_50/tcsr_fitted/rw/linear/lambda_0.0/target_lr_0.01/landmark_True/seed_3,50
tcsr_fitted,rw,linear,0.0,0.01,True,6,0.6564192139737991,0.20602874838042928,0.6893358110538305,0.1987069009755322,outputs_small/ntrain_50/tcsr_fitted/rw/linear/lambda_0.0/target_lr_0.01/landmark_True/seed_6,50
tcsr_fitted,rw,linear,0.0,0.01,True,1,0.6064132011605415,0.24667254862234114,0.6488430643807697,0.20791813453526561,outputs_small/ntrain_50/tcsr_fitted/rw/linear/lambda_0.0/target_lr_0.01/landmark_True/seed_1,50
tcsr_fitted,rw,linear,0.0,0.01,True,8,0.7220203488372093,0.1960556347266429,0.6984774007912721,0.19348692535388465,outputs_small/ntrain_50/tcsr_fitted/rw/linear/lambda_0.0/target_lr_0.01/landmark_True/seed_8,50
tcsr_fitted,rw,linear,0.0,0.01,True,9,0.6373779637377964,0.2159904415575952,0.6936518403069176,0.1956917510985633,outputs_small/ntrain_50/tcsr_fitted/rw/linear/lambda_0.0/target_lr_0.01/landmark_True/seed_9,50
tcsr_fitted,rw,linear,0.0,0.01,True,0,0.6801835821762622,0.20355722762683628,0.6995264356791752,0.20613869039768765,outputs_small/ntrain_50/tcsr_fitted/rw/linear/lambda_0.0/target_lr_0.01/landmark_True/seed_0,50
tcsr_fitted,rw,linear,0.0,0.01,True,7,0.62777713155752,0.22072952535761048,0.707049514446709,0.20274404407482965,outputs_small/ntrain_50/tcsr_fitted/rw/linear/lambda_0.0/target_lr_0.01/landmark_True/seed_7,50
tcsr_fitted,rw,linear,0.0,0.0,True,2,0.6586996442098014,0.20232612979594392,0.7235942932502099,0.19123795695803603,outputs_small/ntrain_50/tcsr_fitted/rw/linear/lambda_0.0/target_lr_0.0/landmark_True/seed_2,50
tcsr_fitted,rw,linear,0.0,0.0,True,5,0.6672463597241054,0.2035756856367094,0.708638052991248,0.1921425927391143,outputs_small/ntrain_50/tcsr_fitted/rw/linear/lambda_0.0/target_lr_0.0/landmark_True/seed_5,50
tcsr_fitted,rw,linear,0.0,0.0,True,4,0.6959066047168146,0.2029429971991937,0.6805538904208128,0.20314666190134867,outputs_small/ntrain_50/tcsr_fitted/rw/linear/lambda_0.0/target_lr_0.0/landmark_True/seed_4,50
tcsr_fitted,rw,linear,0.0,0.0,True,3,0.6546070061819252,0.2222493277355159,0.6966191104184151,0.19437845476275273,outputs_small/ntrain_50/tcsr_fitted/rw/linear/lambda_0.0/target_lr_0.0/landmark_True/seed_3,50
tcsr_fitted,rw,linear,0.0,0.0,True,6,0.6567103347889374,0.20602798165672603,0.6893358110538305,0.19870121487384856,outputs_small/ntrain_50/tcsr_fitted/rw/linear/lambda_0.0/target_lr_0.0/landmark_True/seed_6,50
tcsr_fitted,rw,linear,0.0,0.0,True,1,0.6064132011605415,0.2466690005661796,0.6494724853135115,0.2079247475603208,outputs_small/ntrain_50/tcsr_fitted/rw/linear/lambda_0.0/target_lr_0.0/landmark_True/seed_1,50
tcsr_fitted,rw,linear,0.0,0.0,True,8,0.7220203488372093,0.19602938196773695,0.6984774007912721,0.19347464703561845,outputs_small/ntrain_50/tcsr_fitted/rw/linear/lambda_0.0/target_lr_0.0/landmark_True/seed_8,50
tcsr_fitted,rw,linear,0.0,0.0,True,9,0.6369711761971176,0.2159839219036617,0.6936518403069176,0.19567622679933377,outputs_small/ntrain_50/tcsr_fitted/rw/linear/lambda_0.0/target_lr_0.0/landmark_True/seed_9,50
tcsr_fitted,rw,linear,0.0,0.0,True,0,0.6801835821762622,0.2035851715078814,0.6995264356791752,0.20617005509444816,outputs_small/ntrain_50/tcsr_fitted/rw/linear/lambda_0.0/target_lr_0.0/landmark_True/seed_0,50
tcsr_fitted,rw,linear,0.0,0.0,True,7,0.6280097708502966,0.22076475717940758,0.7062702313871239,0.2027718116583668,outputs_small/ntrain_50/tcsr_fitted/rw/linear/lambda_0.0/target_lr_0.0/landmark_True/seed_7,50
inc_tcsr,pbc2,linear,0.0,1.0,True,2,0.7855822550831792,0.1532369231650227,0.8375984251968503,0.15864436316759106,outputs_small/ntrain_50/inc_tcsr/pbc2/linear/lambda_0.0/target_lr_1.0/landmark_True/seed_2,50
inc_tcsr,pbc2,linear,0.0,1.0,True,5,0.7236061684460261,0.18985136087385562,0.8636811023622047,0.1326985956885921,outputs_small/ntrain_50/inc_tcsr/pbc2/linear/lambda_0.0/target_lr_1.0/landmark_True/seed_5,50
inc_tcsr,pbc2,linear,0.0,1.0,True,4,0.7512019230769231,0.16024051418715365,0.8518700787401575,0.1325628734427791,outputs_small/ntrain_50/inc_tcsr/pbc2/linear/lambda_0.0/target_lr_1.0/landmark_True/seed_4,50
inc_tcsr,pbc2,linear,0.0,1.0,True,3,0.817047817047817,0.1322272630821975,0.8252952755905512,0.12590049850386534,outputs_small/ntrain_50/inc_tcsr/pbc2/linear/lambda_0.0/target_lr_1.0/landmark_True/seed_3,50
inc_tcsr,pbc2,linear,0.0,1.0,True,6,0.8572335025380711,0.1421250356974551,0.8518700787401575,0.1371870918389064,outputs_small/ntrain_50/inc_tcsr/pbc2/linear/lambda_0.0/target_lr_1.0/landmark_True/seed_6,50
inc_tcsr,pbc2,linear,0.0,1.0,True,1,0.8148379052369077,0.18211770539054237,0.8607283464566929,0.13968117230881727,outputs_small/ntrain_50/inc_tcsr/pbc2/linear/lambda_0.0/target_lr_1.0/landmark_True/seed_1,50
inc_tcsr,pbc2,linear,0.0,1.0,True,8,0.7166085946573751,0.18031730855249828,0.8513779527559056,0.14580266327734745,outputs_small/ntrain_50/inc_tcsr/pbc2/linear/lambda_0.0/target_lr_1.0/landmark_True/seed_8,50
inc_tcsr,pbc2,linear,0.0,1.0,True,9,0.755826859045505,0.17812721714234728,0.8297244094488189,0.12215164445512451,outputs_small/ntrain_50/inc_tcsr/pbc2/linear/lambda_0.0/target_lr_1.0/landmark_True/seed_9,50
inc_tcsr,pbc2,linear,0.0,1.0,True,0,0.7530193236714976,0.1488350995829154,0.843011811023622,0.1250070615478278,outputs_small/ntrain_50/inc_tcsr/pbc2/linear/lambda_0.0/target_lr_1.0/landmark_True/seed_0,50
inc_tcsr,pbc2,linear,0.0,1.0,True,7,0.7131828978622328,0.19504080426783021,0.8351377952755905,0.12172392353679536,outputs_small/ntrain_50/inc_tcsr/pbc2/linear/lambda_0.0/target_lr_1.0/landmark_True/seed_7,50
inc_tcsr,aids,linear,0.0,1.0,True,2,0.519755409219191,0.20265022303418354,0.5966958211856171,0.17932592859339871,outputs_small/ntrain_50/inc_tcsr/aids/linear/lambda_0.0/target_lr_1.0/landmark_True/seed_2,50
inc_tcsr,aids,linear,0.0,1.0,True,5,0.6584158415841584,0.19669167072312177,0.6166180758017493,0.17628969999360483,outputs_small/ntrain_50/inc_tcsr/aids/linear/lambda_0.0/target_lr_1.0/landmark_True/seed_5,50
inc_tcsr,aids,linear,0.0,1.0,True,4,0.6789748045178106,0.18673876664386171,0.7006802721088435,0.157785042652743,outputs_small/ntrain_50/inc_tcsr/aids/linear/lambda_0.0/target_lr_1.0/landmark_True/seed_4,50
inc_tcsr,aids,linear,0.0,1.0,True,3,0.6639447236180904,0.20575932133806205,0.7227891156462585,0.16064121023722022,outputs_small/ntrain_50/inc_tcsr/aids/linear/lambda_0.0/target_lr_1.0/landmark_True/seed_3,50
inc_tcsr,aids,linear,0.0,1.0,True,6,0.7098335269066977,0.1535645616517166,0.7147716229348883,0.1483758964615132,outputs_small/ntrain_50/inc_tcsr/aids/linear/lambda_0.0/target_lr_1.0/landmark_True/seed_6,50
inc_tcsr,aids,linear,0.0,1.0,True,1,0.6553722692822114,0.19678074339124962,0.5913508260447036,0.16228209905949412,outputs_small/ntrain_50/inc_tcsr/aids/linear/lambda_0.0/target_lr_1.0/landmark_True/seed_1,50
inc_tcsr,aids,linear,0.0,1.0,True,8,0.6359307359307359,0.1764458620594246,0.6754130223517979,0.15225702728254586,outputs_small/ntrain_50/inc_tcsr/aids/linear/lambda_0.0/target_lr_1.0/landmark_True/seed_8,50
inc_tcsr,aids,linear,0.0,1.0,True,9,0.5793617021276596,0.18943059311826135,0.6032555879494655,0.17820935886577347,outputs_small/ntrain_50/inc_tcsr/aids/linear/lambda_0.0/target_lr_1.0/landmark_True/seed_9,50
inc_tcsr,aids,linear,0.0,1.0,True,0,0.6688285366842318,0.19383960264787276,0.6401846452866861,0.16268839204185487,outputs_small/ntrain_50/inc_tcsr/aids/linear/lambda_0.0/target_lr_1.0/landmark_True/seed_0,50
inc_tcsr,aids,linear,0.0,1.0,True,7,0.7373565660858479,0.17335036635261242,0.6912050534499514,0.1503885441968517,outputs_small/ntrain_50/inc_tcsr/aids/linear/lambda_0.0/target_lr_1.0/landmark_True/seed_7,50
inc_tcsr,rw,linear,0.0,1.0,True,2,0.6526454722827958,0.23840917076102472,0.7153219038484594,0.22179363911412178,outputs_small/ntrain_50/inc_tcsr/rw/linear/lambda_0.0/target_lr_1.0/landmark_True/seed_2,50
inc_tcsr,rw,linear,0.0,1.0,True,5,0.6734068266226493,0.22923887619214672,0.7117551852295888,0.22005888379843527,outputs_small/ntrain_50/inc_tcsr/rw/linear/lambda_0.0/target_lr_1.0/landmark_True/seed_5,50
inc_tcsr,rw,linear,0.0,1.0,True,4,0.6951420337587485,0.19209858580478162,0.6785757103464812,0.21155680332396712,outputs_small/ntrain_50/inc_tcsr/rw/linear/lambda_0.0/target_lr_1.0/landmark_True/seed_4,50
inc_tcsr,rw,linear,0.0,1.0,True,3,0.6613482484545187,0.23459733748070868,0.694850737321664,0.2172153377014743,outputs_small/ntrain_50/inc_tcsr/rw/linear/lambda_0.0/target_lr_1.0/landmark_True/seed_3,50
inc_tcsr,rw,linear,0.0,1.0,True,6,0.6468413391557496,0.23421214904330584,0.6940714542620788,0.2258895456878583,outputs_small/ntrain_50/inc_tcsr/rw/linear/lambda_0.0/target_lr_1.0/landmark_True/seed_6,50
inc_tcsr,rw,linear,0.0,1.0,True,1,0.6034514023210832,0.2506804316080704,0.6399112816209087,0.2424614632259711,outputs_small/ntrain_50/inc_tcsr/rw/linear/lambda_0.0/target_lr_1.0/landmark_True/seed_1,50
inc_tcsr,rw,linear,0.0,1.0,True,8,0.7335271317829457,0.20649983286571416,0.7041122167605802,0.22490025951834866,outputs_small/ntrain_50/inc_tcsr/rw/linear/lambda_0.0/target_lr_1.0/landmark_True/seed_8,50
inc_tcsr,rw,linear,0.0,1.0,True,9,0.6425499767549977,0.23570381721627734,0.6926028054190145,0.22617353147148228,outputs_small/ntrain_50/inc_tcsr/rw/linear/lambda_0.0/target_lr_1.0/landmark_True/seed_9,50
inc_tcsr,rw,linear,0.0,1.0,True,0,0.6718178121187475,0.24284524700733529,0.7011149742237142,0.2471544749245611,outputs_small/ntrain_50/inc_tcsr/rw/linear/lambda_0.0/target_lr_1.0/landmark_True/seed_0,50
inc_tcsr,rw,linear,0.0,1.0,True,7,0.6390601372571827,0.2683626496302512,0.7004855532909723,0.26203973502204575,outputs_small/ntrain_50/inc_tcsr/rw/linear/lambda_0.0/target_lr_1.0/landmark_True/seed_7,50
cox,pbc2,linear,0.0,1.0,True,2,0.7333641404805915,0.2396620907972891,0.7268700787401575,0.2059426072640294,outputs_small/ntrain_50/cox/pbc2/linear/lambda_0.0/target_lr_1.0/landmark_True/seed_2,50
cox,pbc2,linear,0.0,1.0,True,5,0.6298932384341637,0.25924327465953284,0.7322834645669292,0.21817782924921053,outputs_small/ntrain_50/cox/pbc2/linear/lambda_0.0/target_lr_1.0/landmark_True/seed_5,50
cox,pbc2,linear,0.0,1.0,True,4,0.6436298076923077,0.26868633616568166,0.6284448818897638,0.26888717437314164,outputs_small/ntrain_50/cox/pbc2/linear/lambda_0.0/target_lr_1.0/landmark_True/seed_4,50
cox,pbc2,linear,0.0,1.0,True,3,0.7562370062370062,0.19479007757799827,0.7440944881889764,0.211561972236977,outputs_small/ntrain_50/cox/pbc2/linear/lambda_0.0/target_lr_1.0/landmark_True/seed_3,50
cox,pbc2,linear,0.0,1.0,True,6,0.6998730964467005,0.2280734211153088,0.7529527559055118,0.1795039459754853,outputs_small/ntrain_50/cox/pbc2/linear/lambda_0.0/target_lr_1.0/landmark_True/seed_6,50
cox,pbc2,linear,0.0,1.0,True,1,0.766209476309227,0.1602761957011746,0.7903543307086615,0.13750915808708056,outputs_small/ntrain_50/cox/pbc2/linear/lambda_0.0/target_lr_1.0/landmark_True/seed_1,50
cox,pbc2,linear,0.0,1.0,True,8,0.6742160278745645,0.2367887223262496,0.7844488188976378,0.15309381159903734,outputs_small/ntrain_50/cox/pbc2/linear/lambda_0.0/target_lr_1.0/landmark_True/seed_8,50
cox,pbc2,linear,0.0,1.0,True,9,0.6825749167591565,0.30561454529352944,0.6412401574803149,0.2744119493474303,outputs_small/ntrain_50/cox/pbc2/linear/lambda_0.0/target_lr_1.0/landmark_True/seed_9,50
cox,pbc2,linear,0.0,1.0,True,0,0.6781400966183575,0.2503321527310412,0.7662401574803149,0.1969229048449617,outputs_small/ntrain_50/cox/pbc2/linear/lambda_0.0/target_lr_1.0/landmark_True/seed_0,50
cox,pbc2,linear,0.0,1.0,True,7,0.6894299287410927,0.2470615955447025,0.7052165354330708,0.21864920289234963,outputs_small/ntrain_50/cox/pbc2/linear/lambda_0.0/target_lr_1.0/landmark_True/seed_7,50
cox,aids,linear,0.0,1.0,True,2,0.5740827845719662,0.21204275485424728,0.5872206025267249,0.22236945984855908,outputs_small/ntrain_50/cox/aids/linear/lambda_0.0/target_lr_1.0/landmark_True/seed_2,50
cox,aids,linear,0.0,1.0,True,5,0.6373762376237624,0.20873673165945622,0.5529640427599611,0.20404793624717701,outputs_small/ntrain_50/cox/aids/linear/lambda_0.0/target_lr_1.0/landmark_True/seed_5,50
cox,aids,linear,0.0,1.0,True,4,0.5962206776715899,0.2037741331080906,0.5969387755102041,0.20282732484623364,outputs_small/ntrain_50/cox/aids/linear/lambda_0.0/target_lr_1.0/landmark_True/seed_4,50
cox,aids,linear,0.0,1.0,True,3,0.647822445561139,0.1982383810461487,0.6785714285714286,0.16945055802908573,outputs_small/ntrain_50/cox/aids/linear/lambda_0.0/target_lr_1.0/landmark_True/seed_3,50
cox,aids,linear,0.0,1.0,True,6,0.6395663956639567,0.19996091640870853,0.60932944606414,0.15877864626306556,outputs_small/ntrain_50/cox/aids/linear/lambda_0.0/target_lr_1.0/landmark_True/seed_6,50
cox,aids,linear,0.0,1.0,True,1,0.5800267498885421,0.2746031862975353,0.5364431486880467,0.2334691437294238,outputs_small/ntrain_50/cox/aids/linear/lambda_0.0/target_lr_1.0/landmark_True/seed_1,50
cox,aids,linear,0.0,1.0,True,8,0.5491341991341991,0.20837922153327873,0.6068999028182702,0.1809640482184611,outputs_small/ntrain_50/cox/aids/linear/lambda_0.0/target_lr_1.0/landmark_True/seed_8,50
cox,aids,linear,0.0,1.0,True,9,0.5,0.22280541853768893,0.5,0.23632132988924792,outputs_small/ntrain_50/cox/aids/linear/lambda_0.0/target_lr_1.0/landmark_True/seed_9,50
cox,aids,linear,0.0,1.0,True,0,0.6416700445885691,0.18699784036757064,0.5364431486880467,0.20592095249086026,outputs_small/ntrain_50/cox/aids/linear/lambda_0.0/target_lr_1.0/landmark_True/seed_0,50
cox,aids,linear,0.0,1.0,True,7,0.5688482787930301,0.21748805464367313,0.5393586005830904,0.20839841953270008,outputs_small/ntrain_50/cox/aids/linear/lambda_0.0/target_lr_1.0/landmark_True/seed_7,50
cox,rw,linear,0.0,1.0,True,2,0.6376678526339952,0.2524514894195791,0.6925728329936458,0.2170672567314752,outputs_small/ntrain_50/cox/rw/linear/lambda_0.0/target_lr_1.0/landmark_True/seed_2,50
cox,rw,linear,0.0,1.0,True,5,0.6676884984967282,0.22770366713586646,0.6947008751948207,0.2234750025909675,outputs_small/ntrain_50/cox/rw/linear/lambda_0.0/target_lr_1.0/landmark_True/seed_5,50
cox,rw,linear,0.0,1.0,True,4,0.66461800858672,0.21797038023294682,0.6667665747512289,0.22235741596252653,outputs_small/ntrain_50/cox/rw/linear/lambda_0.0/target_lr_1.0/landmark_True/seed_4,50
cox,rw,linear,0.0,1.0,True,3,0.6412422725934648,0.23506831700193015,0.6673660232586021,0.21015571915857423,outputs_small/ntrain_50/cox/rw/linear/lambda_0.0/target_lr_1.0/landmark_True/seed_3,50
cox,rw,linear,0.0,1.0,True,6,0.6173799126637555,0.22803982493191144,0.6519302241937418,0.21302702596513873,outputs_small/ntrain_50/cox/rw/linear/lambda_0.0/target_lr_1.0/landmark_True/seed_6,50
cox,rw,linear,0.0,1.0,True,1,0.526595744680851,0.2862124560253551,0.5659992806617912,0.266391455713012,outputs_small/ntrain_50/cox/rw/linear/lambda_0.0/target_lr_1.0/landmark_True/seed_1,50
cox,rw,linear,0.0,1.0,True,8,0.5819404069767442,0.2944536673880932,0.6076609519242298,0.29012294184526605,outputs_small/ntrain_50/cox/rw/linear/lambda_0.0/target_lr_1.0/landmark_True/seed_8,50
cox,rw,linear,0.0,1.0,True,9,0.6249418874941888,0.23764767409238902,0.6852895336290613,0.21716743701533256,outputs_small/ntrain_50/cox/rw/linear/lambda_0.0/target_lr_1.0/landmark_True/seed_9,50
cox,rw,linear,0.0,1.0,True,0,0.5742462092604427,0.32365403548097815,0.6130559884905886,0.3288374854771403,outputs_small/ntrain_50/cox/rw/linear/lambda_0.0/target_lr_1.0/landmark_True/seed_0,50
cox,rw,linear,0.0,1.0,True,7,0.6339420728160986,0.24427585787562703,0.6570555089317828,0.24689906407741502,outputs_small/ntrain_50/cox/rw/linear/lambda_0.0/target_lr_1.0/landmark_True/seed_7,50
d_tcsr,pbc2,linear,0.0,0.5,True,2,0.7042513863216266,0.22502121688910534,0.7509842519685039,0.2894113860625336,outputs_small/ntrain_50/d_tcsr/pbc2/linear/lambda_0.0/target_lr_0.5/landmark_True/seed_2,50
d_tcsr,pbc2,linear,0.0,0.5,True,5,0.6625148279952551,0.3113708003366835,0.7933070866141733,0.267421182304548,outputs_small/ntrain_50/d_tcsr/pbc2/linear/lambda_0.0/target_lr_0.5/landmark_True/seed_5,50
d_tcsr,pbc2,linear,0.0,0.5,True,4,0.6929086538461539,0.24145404499908935,0.7583661417322834,0.2688927749497258,outputs_small/ntrain_50/d_tcsr/pbc2/linear/lambda_0.0/target_lr_0.5/landmark_True/seed_4,50
d_tcsr,pbc2,linear,0.0,0.5,True,3,0.7754677754677755,0.24899945297197054,0.7544291338582677,0.26085204078472907,outputs_small/ntrain_50/d_tcsr/pbc2/linear/lambda_0.0/target_lr_0.5/landmark_True/seed_3,50
d_tcsr,pbc2,linear,0.0,0.5,True,6,0.7347715736040609,0.23047679195469742,0.7396653543307087,0.26742194768517064,outputs_small/ntrain_50/d_tcsr/pbc2/linear/lambda_0.0/target_lr_0.5/landmark_True/seed_6,50
d_tcsr,pbc2,linear,0.0,0.5,True,1,0.7450124688279302,0.2794252571175224,0.75,0.2752134151052172,outputs_small/ntrain_50/d_tcsr/pbc2/linear/lambda_0.0/target_lr_0.5/landmark_True/seed_1,50
d_tcsr,pbc2,linear,0.0,0.5,True,8,0.6469221835075494,0.2587504581697419,0.7918307086614174,0.27826118663535937,outputs_small/ntrain_50/d_tcsr/pbc2/linear/lambda_0.0/target_lr_0.5/landmark_True/seed_8,50
d_tcsr,pbc2,linear,0.0,0.5,True,9,0.7119866814650389,0.29571566266068666,0.7485236220472441,0.26285545477069344,outputs_small/ntrain_50/d_tcsr/pbc2/linear/lambda_0.0/target_lr_0.5/landmark_True/seed_9,50
d_tcsr,pbc2,linear,0.0,0.5,True,0,0.7361111111111112,0.24447324699458245,0.7002952755905512,0.27604638824578615,outputs_small/ntrain_50/d_tcsr/pbc2/linear/lambda_0.0/target_lr_0.5/landmark_True/seed_0,50
d_tcsr,pbc2,linear,0.0,0.5,True,7,0.6769596199524941,0.26893741880461025,0.7623031496062992,0.2438739989890305,outputs_small/ntrain_50/d_tcsr/pbc2/linear/lambda_0.0/target_lr_0.5/landmark_True/seed_7,50
d_tcsr,pbc2,linear,0.0,0.05,True,2,0.588724584103512,0.3327383442831327,0.6186023622047244,0.44351801500963345,outputs_small/ntrain_50/d_tcsr/pbc2/linear/lambda_0.0/target_lr_0.05/landmark_True/seed_2,50
d_tcsr,pbc2,linear,0.0,0.05,True,5,0.5901542111506525,0.4544096197742098,0.6786417322834646,0.4396507037153396,outputs_small/ntrain_50/d_tcsr/pbc2/linear/lambda_0.0/target_lr_0.05/landmark_True/seed_5,50
d_tcsr,pbc2,linear,0.0,0.05,True,4,0.5973557692307693,0.40224961412226284,0.6373031496062992,0.4440371878360313,outputs_small/ntrain_50/d_tcsr/pbc2/linear/lambda_0.0/target_lr_0.05/landmark_True/seed_4,50
d_tcsr,pbc2,linear,0.0,0.05,True,3,0.6481288981288982,0.4264390592666847,0.6122047244094488,0.43963621389290514,outputs_small/ntrain_50/d_tcsr/pbc2/linear/lambda_0.0/target_lr_0.05/landmark_True/seed_3,50
d_tcsr,pbc2,linear,0.0,0.05,True,6,0.5399746192893401,0.41039370112240614,0.5536417322834646,0.4492036008904004,outputs_small/ntrain_50/d_tcsr/pbc2/linear/lambda_0.0/target_lr_0.05/landmark_True/seed_6,50
d_tcsr,pbc2,linear,0.0,0.05,True,1,0.5741895261845387,0.425195248949815,0.6171259842519685,0.44269180976071937,outputs_small/ntrain_50/d_tcsr/pbc2/linear/lambda_0.0/target_lr_0.05/landmark_True/seed_1,50
d_tcsr,pbc2,linear,0.0,0.05,True,8,0.6260162601626016,0.3915136802896003,0.6515748031496063,0.44200461817647657,outputs_small/ntrain_50/d_tcsr/pbc2/linear/lambda_0.0/target_lr_0.05/landmark_True/seed_8,50
d_tcsr,pbc2,linear,0.0,0.05,True,9,0.5771365149833518,0.4249138631326912,0.6003937007874016,0.44645421336429003,outputs_small/ntrain_50/d_tcsr/pbc2/linear/lambda_0.0/target_lr_0.05/landmark_True/seed_9,50
d_tcsr,pbc2,linear,0.0,0.05,True,0,0.553743961352657,0.4213365582932013,0.547244094488189,0.45001786770481467,outputs_small/ntrain_50/d_tcsr/pbc2/linear/lambda_0.0/target_lr_0.05/landmark_True/seed_0,50
d_tcsr,pbc2,linear,0.0,0.05,True,7,0.6217339667458432,0.4416468358827513,0.6855314960629921,0.42673566217559067,outputs_small/ntrain_50/d_tcsr/pbc2/linear/lambda_0.0/target_lr_0.05/landmark_True/seed_7,50
d_tcsr,pbc2,linear,0.0,0.95,True,2,0.7583179297597042,0.16524916857197197,0.8006889763779528,0.17366546564479488,outputs_small/ntrain_50/d_tcsr/pbc2/linear/lambda_0.0/target_lr_0.95/landmark_True/seed_2,50
d_tcsr,pbc2,linear,0.0,0.95,True,5,0.6737841043890866,0.20153976548182229,0.8257874015748031,0.14670441144155336,outputs_small/ntrain_50/d_tcsr/pbc2/linear/lambda_0.0/target_lr_0.95/landmark_True/seed_5,50
d_tcsr,pbc2,linear,0.0,0.95,True,4,0.7181490384615384,0.1715520860505846,0.812007874015748,0.15126441680588876,outputs_small/ntrain_50/d_tcsr/pbc2/linear/lambda_0.0/target_lr_0.95/landmark_True/seed_4,50
d_tcsr,pbc2,linear,0.0,0.95,True,3,0.7946985446985447,0.1438176942710371,0.8218503937007874,0.13408411184954996,outputs_small/ntrain_50/d_tcsr/pbc2/linear/lambda_0.0/target_lr_0.95/landmark_True/seed_3,50
d_tcsr,pbc2,linear,0.0,0.95,True,6,0.8343908629441624,0.14863805908733255,0.8302165354330708,0.1485814234704905,outputs_small/ntrain_50/d_tcsr/pbc2/linear/lambda_0.0/target_lr_0.95/landmark_True/seed_6,50
d_tcsr,pbc2,linear,0.0,0.95,True,1,0.7811720698254364,0.19724682321803738,0.8139763779527559,0.16036517267062064,outputs_small/ntrain_50/d_tcsr/pbc2/linear/lambda_0.0/target_lr_0.95/landmark_True/seed_1,50
d_tcsr,pbc2,linear,0.0,0.95,True,8,0.6875725900116144,0.18699986998185048,0.8218503937007874,0.15827352746553164,outputs_small/ntrain_50/d_tcsr/pbc2/linear/lambda_0.0/target_lr_0.95/landmark_True/seed_8,50
d_tcsr,pbc2,linear,0.0,0.95,True,9,0.7230854605993341,0.2055572261045852,0.78248031496063,0.14699179955288477,outputs_small/ntrain_50/d_tcsr/pbc2/linear/lambda_0.0/target_lr_0.95/landmark_True/seed_9,50
d_tcsr,pbc2,linear,0.0,0.95,True,0,0.7421497584541062,0.14911754587515147,0.8233267716535433,0.13748900697381697,outputs_small/ntrain_50/d_tcsr/pbc2/linear/lambda_0.0/target_lr_0.95/landmark_True/seed_0,50
d_tcsr,pbc2,linear,0.0,0.95,True,7,0.6965558194774347,0.2022718643216035,0.7908464566929134,0.13752204624260314,outputs_small/ntrain_50/d_tcsr/pbc2/linear/lambda_0.0/target_lr_0.95/landmark_True/seed_7,50
d_tcsr,pbc2,linear,0.0,0.75,True,2,0.7060998151571165,0.18925922355156527,0.7367125984251969,0.22552559964971644,outputs_small/ntrain_50/d_tcsr/pbc2/linear/lambda_0.0/target_lr_0.75/landmark_True/seed_2,50
d_tcsr,pbc2,linear,0.0,0.75,True,5,0.6482799525504152,0.24163866006522183,0.7928149606299213,0.18983807464937472,outputs_small/ntrain_50/d_tcsr/pbc2/linear/lambda_0.0/target_lr_0.75/landmark_True/seed_5,50
d_tcsr,pbc2,linear,0.0,0.75,True,4,0.6532451923076923,0.19891556207554142,0.7381889763779528,0.20842600461533656,outputs_small/ntrain_50/d_tcsr/pbc2/linear/lambda_0.0/target_lr_0.75/landmark_True/seed_4,50
d_tcsr,pbc2,linear,0.0,0.75,True,3,0.7614345114345115,0.18892903163645317,0.7421259842519685,0.18897383604200657,outputs_small/ntrain_50/d_tcsr/pbc2/linear/lambda_0.0/target_lr_0.75/landmark_True/seed_3,50
d_tcsr,pbc2,linear,0.0,0.75,True,6,0.7227157360406091,0.17664242820856235,0.734251968503937,0.20463868167036323,outputs_small/ntrain_50/d_tcsr/pbc2/linear/lambda_0.0/target_lr_0.75/landmark_True/seed_6,50
d_tcsr,pbc2,linear,0.0,0.75,True,1,0.7406483790523691,0.2338222315931245,0.7298228346456693,0.21776318514141454,outputs_small/ntrain_50/d_tcsr/pbc2/linear/lambda_0.0/target_lr_0.75/landmark_True/seed_1,50
d_tcsr,pbc2,linear,0.0,0.75,True,8,0.6428571428571429,0.2154659937087061,0.7667322834645669,0.21180127290100417,outputs_small/ntrain_50/d_tcsr/pbc2/linear/lambda_0.0/target_lr_0.75/landmark_True/seed_8,50
d_tcsr,pbc2,linear,0.0,0.75,True,9,0.7153163152053275,0.23949984192385318,0.7362204724409449,0.17945830886412148,outputs_small/ntrain_50/d_tcsr/pbc2/linear/lambda_0.0/target_lr_0.75/landmark_True/seed_9,50
d_tcsr,pbc2,linear,0.0,0.75,True,0,0.7089371980676329,0.17350661485078592,0.7416338582677166,0.1959892992402842,outputs_small/ntrain_50/d_tcsr/pbc2/linear/lambda_0.0/target_lr_0.75/landmark_True/seed_0,50
d_tcsr,pbc2,linear,0.0,0.75,True,7,0.6817102137767221,0.21679307020179417,0.7765748031496063,0.16822265945783177,outputs_small/ntrain_50/d_tcsr/pbc2/linear/lambda_0.0/target_lr_0.75/landmark_True/seed_7,50
d_tcsr,pbc2,linear,0.0,0.1,True,2,0.6451016635859519,0.31949248172480965,0.7381889763779528,0.4268576665494583,outputs_small/ntrain_50/d_tcsr/pbc2/linear/lambda_0.0/target_lr_0.1/landmark_True/seed_2,50
d_tcsr,pbc2,linear,0.0,0.1,True,5,0.6198102016607354,0.4395349086986555,0.7632874015748031,0.42149151714419497,outputs_small/ntrain_50/d_tcsr/pbc2/linear/lambda_0.0/target_lr_0.1/landmark_True/seed_5,50
d_tcsr,pbc2,linear,0.0,0.1,True,4,0.6736778846153846,0.38400294018418296,0.7219488188976378,0.425711591671403,outputs_small/ntrain_50/d_tcsr/pbc2/linear/lambda_0.0/target_lr_0.1/landmark_True/seed_4,50
d_tcsr,pbc2,linear,0.0,0.1,True,3,0.7063409563409564,0.4105870281138805,0.7125984251968503,0.42229055788265024,outputs_small/ntrain_50/d_tcsr/pbc2/linear/lambda_0.0/target_lr_0.1/landmark_True/seed_3,50
d_tcsr,pbc2,linear,0.0,0.1,True,6,0.6434010152284264,0.39168533997083116,0.6899606299212598,0.4310313105163119,outputs_small/ntrain_50/d_tcsr/pbc2/linear/lambda_0.0/target_lr_0.1/landmark_True/seed_6,50
d_tcsr,pbc2,linear,0.0,0.1,True,1,0.7125935162094763,0.4095188425920828,0.7170275590551181,0.4251667556980115,outputs_small/ntrain_50/d_tcsr/pbc2/linear/lambda_0.0/target_lr_0.1/landmark_True/seed_1,50
d_tcsr,pbc2,linear,0.0,0.1,True,8,0.6875725900116144,0.37632856793706243,0.7322834645669292,0.42512715974981846,outputs_small/ntrain_50/d_tcsr/pbc2/linear/lambda_0.0/target_lr_0.1/landmark_True/seed_8,50
d_tcsr,pbc2,linear,0.0,0.1,True,9,0.6265260821309656,0.41111749040245876,0.6845472440944882,0.42856969481011853,outputs_small/ntrain_50/d_tcsr/pbc2/linear/lambda_0.0/target_lr_0.1/landmark_True/seed_9,50
d_tcsr,pbc2,linear,0.0,0.1,True,0,0.6159420289855072,0.4051779975249212,0.6801181102362205,0.4328112235916688,outputs_small/ntrain_50/d_tcsr/pbc2/linear/lambda_0.0/target_lr_0.1/landmark_True/seed_0,50
d_tcsr,pbc2,linear,0.0,0.1,True,7,0.6591448931116389,0.4228987186536118,0.7037401574803149,0.4077513983823936,outputs_small/ntrain_50/d_tcsr/pbc2/linear/lambda_0.0/target_lr_0.1/landmark_True/seed_7,50
d_tcsr,pbc2,linear,0.0,0.01,True,2,0.532347504621072,0.3431311468627096,0.5590551181102362,0.45627961021149943,outputs_small/ntrain_50/d_tcsr/pbc2/linear/lambda_0.0/target_lr_0.01/landmark_True/seed_2,50
d_tcsr,pbc2,linear,0.0,0.01,True,5,0.5213523131672598,0.46573493103371716,0.515748031496063,0.45334842963960376,outputs_small/ntrain_50/d_tcsr/pbc2/linear/lambda_0.0/target_lr_0.01/landmark_True/seed_5,50
d_tcsr,pbc2,linear,0.0,0.01,True,4,0.5384615384615384,0.4160775962791123,0.5531496062992126,0.45773125018051763,outputs_small/ntrain_50/d_tcsr/pbc2/linear/lambda_0.0/target_lr_0.01/landmark_True/seed_4,50
d_tcsr,pbc2,linear,0.0,0.01,True,3,0.58991683991684,0.43763638448751635,0.5462598425196851,0.4525484029664066,outputs_small/ntrain_50/d_tcsr/pbc2/linear/lambda_0.0/target_lr_0.01/landmark_True/seed_3,50
d_tcsr,pbc2,linear,0.0,0.01,True,6,0.5215736040609137,0.4242375254673483,0.514763779527559,0.46255710153003216,outputs_small/ntrain_50/d_tcsr/pbc2/linear/lambda_0.0/target_lr_0.01/landmark_True/seed_6,50
d_tcsr,pbc2,linear,0.0,0.01,True,1,0.5492518703241895,0.43712070780037693,0.5423228346456693,0.4560161033332702,outputs_small/ntrain_50/d_tcsr/pbc2/linear/lambda_0.0/target_lr_0.01/landmark_True/seed_1,50
d_tcsr,pbc2,linear,0.0,0.01,True,8,0.5801393728222997,0.4033665399002466,0.5969488188976378,0.4549477120846584,outputs_small/ntrain_50/d_tcsr/pbc2/linear/lambda_0.0/target_lr_0.01/landmark_True/seed_8,50
d_tcsr,pbc2,linear,0.0,0.01,True,9,0.5155382907880133,0.43529729940509587,0.5693897637795275,0.4597443858331252,outputs_small/ntrain_50/d_tcsr/pbc2/linear/lambda_0.0/target_lr_0.01/landmark_True/seed_9,50
d_tcsr,pbc2,linear,0.0,0.01,True,0,0.5018115942028986,0.4331884475452737,0.5,0.46276940483830037,outputs_small/ntrain_50/d_tcsr/pbc2/linear/lambda_0.0/target_lr_0.01/landmark_True/seed_0,50
d_tcsr,pbc2,linear,0.0,0.01,True,7,0.578978622327791,0.45571368053557365,0.656496062992126,0.44093770079297784,outputs_small/ntrain_50/d_tcsr/pbc2/linear/lambda_0.0/target_lr_0.01/landmark_True/seed_7,50
d_tcsr,pbc2,linear,0.0,0.9,True,2,0.722735674676525,0.17442076785935873,0.7755905511811023,0.18786591892349203,outputs_small/ntrain_50/d_tcsr/pbc2/linear/lambda_0.0/target_lr_0.9/landmark_True/seed_2,50
d_tcsr,pbc2,linear,0.0,0.9,True,5,0.6791221826809015,0.20996602148595878,0.812992125984252,0.15506019458767245,outputs_small/ntrain_50/d_tcsr/pbc2/linear/lambda_0.0/target_lr_0.9/landmark_True/seed_5,50
d_tcsr,pbc2,linear,0.0,0.9,True,4,0.6899038461538461,0.1774996506839416,0.7947834645669292,0.16639106539189816,outputs_small/ntrain_50/d_tcsr/pbc2/linear/lambda_0.0/target_lr_0.9/landmark_True/seed_4,50
d_tcsr,pbc2,linear,0.0,0.9,True,3,0.7650727650727651,0.16372602595046296,0.7637795275590551,0.15792294273600302,outputs_small/ntrain_50/d_tcsr/pbc2/linear/lambda_0.0/target_lr_0.9/landmark_True/seed_3,50
d_tcsr,pbc2,linear,0.0,0.9,True,6,0.8223350253807107,0.1522792379979012,0.8061023622047244,0.1636719915426202,outputs_small/ntrain_50/d_tcsr/pbc2/linear/lambda_0.0/target_lr_0.9/landmark_True/seed_6,50
d_tcsr,pbc2,linear,0.0,0.9,True,1,0.7518703241895262,0.20695549593048795,0.78001968503937,0.17568976833334138,outputs_small/ntrain_50/d_tcsr/pbc2/linear/lambda_0.0/target_lr_0.9/landmark_True/seed_1,50
d_tcsr,pbc2,linear,0.0,0.9,True,8,0.6689895470383276,0.19374446021167196,0.7859251968503937,0.17052145093022933,outputs_small/ntrain_50/d_tcsr/pbc2/linear/lambda_0.0/target_lr_0.9/landmark_True/seed_8,50
d_tcsr,pbc2,linear,0.0,0.9,True,9,0.7253052164261932,0.21144499655751217,0.7706692913385826,0.1491790527569541,outputs_small/ntrain_50/d_tcsr/pbc2/linear/lambda_0.0/target_lr_0.9/landmark_True/seed_9,50
d_tcsr,pbc2,linear,0.0,0.9,True,0,0.731280193236715,0.15653941182851272,0.7583661417322834,0.16379645198451076,outputs_small/ntrain_50/d_tcsr/pbc2/linear/lambda_0.0/target_lr_0.9/landmark_True/seed_0,50
d_tcsr,pbc2,linear,0.0,0.9,True,7,0.6906175771971497,0.20460102155742393,0.8021653543307087,0.14083783555544505,outputs_small/ntrain_50/d_tcsr/pbc2/linear/lambda_0.0/target_lr_0.9/landmark_True/seed_7,50
d_tcsr,pbc2,linear,0.0,0.25,True,2,0.6968576709796673,0.28179294851433,0.7057086614173228,0.3766464565568559,outputs_small/ntrain_50/d_tcsr/pbc2/linear/lambda_0.0/target_lr_0.25/landmark_True/seed_2,50
d_tcsr,pbc2,linear,0.0,0.25,True,5,0.6524317912218268,0.3940989185527415,0.7937992125984252,0.3653547313893822,outputs_small/ntrain_50/d_tcsr/pbc2/linear/lambda_0.0/target_lr_0.25/landmark_True/seed_5,50
d_tcsr,pbc2,linear,0.0,0.25,True,4,0.6123798076923077,0.3293357107061929,0.7401574803149606,0.3687906927649258,outputs_small/ntrain_50/d_tcsr/pbc2/linear/lambda_0.0/target_lr_0.25/landmark_True/seed_4,50
d_tcsr,pbc2,linear,0.0,0.25,True,3,0.7318087318087318,0.3535213059530399,0.7436023622047244,0.3664892011233521,outputs_small/ntrain_50/d_tcsr/pbc2/linear/lambda_0.0/target_lr_0.25/landmark_True/seed_3,50
d_tcsr,pbc2,linear,0.0,0.25,True,6,0.6782994923857868,0.3323564521093011,0.702263779527559,0.37235744566549905,outputs_small/ntrain_50/d_tcsr/pbc2/linear/lambda_0.0/target_lr_0.25/landmark_True/seed_6,50
d_tcsr,pbc2,linear,0.0,0.25,True,1,0.7306733167082294,0.36183539168197043,0.7007874015748031,0.3716224011938247,outputs_small/ntrain_50/d_tcsr/pbc2/linear/lambda_0.0/target_lr_0.25/landmark_True/seed_1,50
d_tcsr,pbc2,linear,0.0,0.25,True,8,0.6451800232288037,0.33213220618676526,0.7682086614173228,0.37392175526347465,outputs_small/ntrain_50/d_tcsr/pbc2/linear/lambda_0.0/target_lr_0.25/landmark_True/seed_8,50
d_tcsr,pbc2,linear,0.0,0.25,True,9,0.6947835738068813,0.3685543643009158,0.6673228346456693,0.3714316083871052,outputs_small/ntrain_50/d_tcsr/pbc2/linear/lambda_0.0/target_lr_0.25/landmark_True/seed_9,50
d_tcsr,pbc2,linear,0.0,0.25,True,0,0.6914251207729468,0.35132275181943734,0.71998031496063,0.3778809257745018,outputs_small/ntrain_50/d_tcsr/pbc2/linear/lambda_0.0/target_lr_0.25/landmark_True/seed_0,50
d_tcsr,pbc2,linear,0.0,0.25,True,7,0.6538004750593824,0.3647169257201571,0.7711614173228346,0.3485208148498818,outputs_small/ntrain_50/d_tcsr/pbc2/linear/lambda_0.0/target_lr_0.25/landmark_True/seed_7,50
d_tcsr,aids,linear,0.0,0.5,True,2,0.5700846660395108,0.1750153807896994,0.6387269193391643,0.16396566379560984,outputs_small/ntrain_50/d_tcsr/aids/linear/lambda_0.0/target_lr_0.5/landmark_True/seed_2,50
d_tcsr,aids,linear,0.0,0.5,True,5,0.6936881188118812,0.18512888659435559,0.6496598639455783,0.1645614023270616,outputs_small/ntrain_50/d_tcsr/aids/linear/lambda_0.0/target_lr_0.5/landmark_True/seed_5,50
d_tcsr,aids,linear,0.0,0.5,True,4,0.6844048653344917,0.18964224588958123,0.6564625850340136,0.17066693921729167,outputs_small/ntrain_50/d_tcsr/aids/linear/lambda_0.0/target_lr_0.5/landmark_True/seed_4,50
d_tcsr,aids,linear,0.0,0.5,True,3,0.647822445561139,0.22574152234476383,0.706511175898931,0.1761475872156732,outputs_small/ntrain_50/d_tcsr/aids/linear/lambda_0.0/target_lr_0.5/landmark_True/seed_3,50
d_tcsr,aids,linear,0.0,0.5,True,6,0.7156407278358498,0.15170837110080135,0.7094266277939747,0.17506435455037017,outputs_small/ntrain_50/d_tcsr/aids/linear/lambda_0.0/target_lr_0.5/landmark_True/seed_6,50
d_tcsr,aids,linear,0.0,0.5,True,1,0.6248328131966117,0.19095038161159517,0.6015549076773566,0.16267682073683284,outputs_small/ntrain_50/d_tcsr/aids/linear/lambda_0.0/target_lr_0.5/landmark_True/seed_1,50
d_tcsr,aids,linear,0.0,0.5,True,8,0.6205627705627705,0.1686203655239924,0.6785714285714286,0.16902184840630793,outputs_small/ntrain_50/d_tcsr/aids/linear/lambda_0.0/target_lr_0.5/landmark_True/seed_8,50
d_tcsr,aids,linear,0.0,0.5,True,9,0.5308510638297872,0.19500002250675025,0.5570942662779398,0.1853759150295732,outputs_small/ntrain_50/d_tcsr/aids/linear/lambda_0.0/target_lr_0.5/landmark_True/seed_9,50
d_tcsr,aids,linear,0.0,0.5,True,0,0.6672071341710579,0.1661078272155013,0.6588921282798834,0.167950203488475,outputs_small/ntrain_50/d_tcsr/aids/linear/lambda_0.0/target_lr_0.5/landmark_True/seed_0,50
d_tcsr,aids,linear,0.0,0.5,True,7,0.720569485762856,0.1763077805552123,0.6639941690962099,0.1665992482734282,outputs_small/ntrain_50/d_tcsr/aids/linear/lambda_0.0/target_lr_0.5/landmark_True/seed_7,50
d_tcsr,aids,linear,0.0,0.05,True,2,0.4941204139228598,0.2920999092566696,0.5502915451895044,0.2504727159461426,outputs_small/ntrain_50/d_tcsr/aids/linear/lambda_0.0/target_lr_0.05/landmark_True/seed_2,50
d_tcsr,aids,linear,0.0,0.05,True,5,0.621493399339934,0.217433058218646,0.5675413022351797,0.2420743275003134,outputs_small/ntrain_50/d_tcsr/aids/linear/lambda_0.0/target_lr_0.05/landmark_True/seed_5,50
d_tcsr,aids,linear,0.0,0.05,True,4,0.5473501303214596,0.23230648928967923,0.5731292517006803,0.2441076726587557,outputs_small/ntrain_50/d_tcsr/aids/linear/lambda_0.0/target_lr_0.05/landmark_True/seed_4,50
d_tcsr,aids,linear,0.0,0.05,True,3,0.556323283082077,0.3023417088200477,0.5898931000971818,0.26091620988674624,outputs_small/ntrain_50/d_tcsr/aids/linear/lambda_0.0/target_lr_0.05/landmark_True/seed_3,50
d_tcsr,aids,linear,0.0,0.05,True,6,0.6076267905536198,0.21460558643982938,0.6134596695821186,0.2574231219449767,outputs_small/ntrain_50/d_tcsr/aids/linear/lambda_0.0/target_lr_0.05/landmark_True/seed_6,50
d_tcsr,aids,linear,0.0,0.05,True,1,0.5983058403923317,0.19588167343795246,0.5600097181729835,0.23435236809668747,outputs_small/ntrain_50/d_tcsr/aids/linear/lambda_0.0/target_lr_0.05/landmark_True/seed_1,50
d_tcsr,aids,linear,0.0,0.05,True,8,0.5623376623376624,0.23040624849636365,0.6175898931000972,0.25120334344138706,outputs_small/ntrain_50/d_tcsr/aids/linear/lambda_0.0/target_lr_0.05/landmark_True/seed_8,50
d_tcsr,aids,linear,0.0,0.05,True,9,0.5882978723404255,0.24320631414154983,0.5877065111758989,0.25082411527882964,outputs_small/ntrain_50/d_tcsr/aids/linear/lambda_0.0/target_lr_0.05/landmark_True/seed_9,50
d_tcsr,aids,linear,0.0,0.05,True,0,0.6384272395622214,0.23273472168595846,0.6076287657920311,0.2336069664709373,outputs_small/ntrain_50/d_tcsr/aids/linear/lambda_0.0/target_lr_0.05/landmark_True/seed_0,50
d_tcsr,aids,linear,0.0,0.05,True,7,0.6260093497662559,0.24570196878559433,0.6452866861030127,0.24377539672832588,outputs_small/ntrain_50/d_tcsr/aids/linear/lambda_0.0/target_lr_0.05/landmark_True/seed_7,50
d_tcsr,aids,linear,0.0,0.95,True,2,0.510818438381938,0.20291593064503988,0.5986394557823129,0.17272523721478314,outputs_small/ntrain_50/d_tcsr/aids/linear/lambda_0.0/target_lr_0.95/landmark_True/seed_2,50
d_tcsr,aids,linear,0.0,0.95,True,5,0.6239686468646864,0.1984055798417604,0.6355685131195336,0.17616115682507036,outputs_small/ntrain_50/d_tcsr/aids/linear/lambda_0.0/target_lr_0.95/landmark_True/seed_5,50
d_tcsr,aids,linear,0.0,0.95,True,4,0.6867940920938315,0.18563136080734535,0.6768707482993197,0.1554305076208598,outputs_small/ntrain_50/d_tcsr/aids/linear/lambda_0.0/target_lr_0.95/landmark_True/seed_4,50
d_tcsr,aids,linear,0.0,0.95,True,3,0.682998324958124,0.2081865012494715,0.7363945578231292,0.16501340136802517,outputs_small/ntrain_50/d_tcsr/aids/linear/lambda_0.0/target_lr_0.95/landmark_True/seed_3,50
d_tcsr,aids,linear,0.0,0.95,True,6,0.6660859465737514,0.16931460573644758,0.6581632653061225,0.14830489586896742,outputs_small/ntrain_50/d_tcsr/aids/linear/lambda_0.0/target_lr_0.95/landmark_True/seed_6,50
d_tcsr,aids,linear,0.0,0.95,True,1,0.5925100312082033,0.19751054512107818,0.608843537414966,0.166737978583967,outputs_small/ntrain_50/d_tcsr/aids/linear/lambda_0.0/target_lr_0.95/landmark_True/seed_1,50
d_tcsr,aids,linear,0.0,0.95,True,8,0.5673160173160173,0.18878970034051848,0.640913508260447,0.15610948074901712,outputs_small/ntrain_50/d_tcsr/aids/linear/lambda_0.0/target_lr_0.95/landmark_True/seed_8,50
d_tcsr,aids,linear,0.0,0.95,True,9,0.5793617021276596,0.18941789947973972,0.6358114674441205,0.17530125006228375,outputs_small/ntrain_50/d_tcsr/aids/linear/lambda_0.0/target_lr_0.95/landmark_True/seed_9,50
d_tcsr,aids,linear,0.0,0.95,True,0,0.6783542764491285,0.1957284272146358,0.6231778425655977,0.16205262221154657,outputs_small/ntrain_50/d_tcsr/aids/linear/lambda_0.0/target_lr_0.95/landmark_True/seed_0,50
d_tcsr,aids,linear,0.0,0.95,True,7,0.7328941776455589,0.17498070845212146,0.6795432458697764,0.1479198983713724,outputs_small/ntrain_50/d_tcsr/aids/linear/lambda_0.0/target_lr_0.95/landmark_True/seed_7,50
d_tcsr,aids,linear,0.0,0.75,True,2,0.5336312323612418,0.19296866229827878,0.6462585034013606,0.16458781888852284,outputs_small/ntrain_50/d_tcsr/aids/linear/lambda_0.0/target_lr_0.75/landmark_True/seed_2,50
d_tcsr,aids,linear,0.0,0.75,True,5,0.6992574257425742,0.1852448966932211,0.6465014577259475,0.16137774855739656,outputs_small/ntrain_50/d_tcsr/aids/linear/lambda_0.0/target_lr_0.75/landmark_True/seed_5,50
d_tcsr,aids,linear,0.0,0.75,True,4,0.7013466550825369,0.1843997785739149,0.6749271137026239,0.16535393536030424,outputs_small/ntrain_50/d_tcsr/aids/linear/lambda_0.0/target_lr_0.75/landmark_True/seed_4,50
d_tcsr,aids,linear,0.0,0.75,True,3,0.666038525963149,0.20883319150627297,0.7145286686103013,0.1671790185175186,outputs_small/ntrain_50/d_tcsr/aids/linear/lambda_0.0/target_lr_0.75/landmark_True/seed_3,50
d_tcsr,aids,linear,0.0,0.75,True,6,0.6262098335269067,0.184219616645287,0.6061710398445093,0.1497787271873728,outputs_small/ntrain_50/d_tcsr/aids/linear/lambda_0.0/target_lr_0.75/landmark_True/seed_6,50
d_tcsr,aids,linear,0.0,0.75,True,1,0.6580472581364244,0.17791670589683048,0.6635082604470359,0.15475849038681555,outputs_small/ntrain_50/d_tcsr/aids/linear/lambda_0.0/target_lr_0.75/landmark_True/seed_1,50
d_tcsr,aids,linear,0.0,0.75,True,8,0.5664502164502164,0.18653006504846642,0.6438289601554907,0.156649672855003,outputs_small/ntrain_50/d_tcsr/aids/linear/lambda_0.0/target_lr_0.75/landmark_True/seed_8,50
d_tcsr,aids,linear,0.0,0.75,True,9,0.6234042553191489,0.17721174761903585,0.6360544217687075,0.1685218315353558,outputs_small/ntrain_50/d_tcsr/aids/linear/lambda_0.0/target_lr_0.75/landmark_True/seed_9,50
d_tcsr,aids,linear,0.0,0.75,True,0,0.732671260640454,0.16835461858247233,0.6448007774538387,0.15562384139910856,outputs_small/ntrain_50/d_tcsr/aids/linear/lambda_0.0/target_lr_0.75/landmark_True/seed_0,50
d_tcsr,aids,linear,0.0,0.75,True,7,0.5922226944326392,0.19025833625806324,0.5753158406219631,0.15687368526657994,outputs_small/ntrain_50/d_tcsr/aids/linear/lambda_0.0/target_lr_0.75/landmark_True/seed_7,50
d_tcsr,aids,linear,0.0,0.1,True,2,0.4433207902163688,0.27356422563752253,0.5104470359572401,0.2365655708081723,outputs_small/ntrain_50/d_tcsr/aids/linear/lambda_0.0/target_lr_0.1/landmark_True/seed_2,50
d_tcsr,aids,linear,0.0,0.1,True,5,0.6134488448844885,0.2030907410840011,0.5908649173955296,0.2282432093963166,outputs_small/ntrain_50/d_tcsr/aids/linear/lambda_0.0/target_lr_0.1/landmark_True/seed_5,50
d_tcsr,aids,linear,0.0,0.1,True,4,0.5979582971329279,0.21792756608458613,0.5607385811467445,0.22958837424589426,outputs_small/ntrain_50/d_tcsr/aids/linear/lambda_0.0/target_lr_0.1/landmark_True/seed_4,50
d_tcsr,aids,linear,0.0,0.1,True,3,0.6103433835845896,0.28887783549113455,0.6246355685131195,0.24747183370957973,outputs_small/ntrain_50/d_tcsr/aids/linear/lambda_0.0/target_lr_0.1/landmark_True/seed_3,50
d_tcsr,aids,linear,0.0,0.1,True,6,0.683894696089818,0.20172559081468416,0.6401846452866861,0.24439144008780822,outputs_small/ntrain_50/d_tcsr/aids/linear/lambda_0.0/target_lr_0.1/landmark_True/seed_6,50
d_tcsr,aids,linear,0.0,0.1,True,1,0.630405706642889,0.18014548847416012,0.5983965014577259,0.2171452086366498,outputs_small/ntrain_50/d_tcsr/aids/linear/lambda_0.0/target_lr_0.1/landmark_True/seed_1,50
d_tcsr,aids,linear,0.0,0.1,True,8,0.5831168831168831,0.21519334938639176,0.6251214771622935,0.23596501210258067,outputs_small/ntrain_50/d_tcsr/aids/linear/lambda_0.0/target_lr_0.1/landmark_True/seed_8,50
d_tcsr,aids,linear,0.0,0.1,True,9,0.5640425531914893,0.22738225195491285,0.5466472303206997,0.2373503734392098,outputs_small/ntrain_50/d_tcsr/aids/linear/lambda_0.0/target_lr_0.1/landmark_True/seed_9,50
d_tcsr,aids,linear,0.0,0.1,True,0,0.6528171868666397,0.2169947096314459,0.6316812439261419,0.21854710874612351,outputs_small/ntrain_50/d_tcsr/aids/linear/lambda_0.0/target_lr_0.1/landmark_True/seed_0,50
d_tcsr,aids,linear,0.0,0.1,True,7,0.6699957501062473,0.23026747250646987,0.64067055393586,0.22892248742204008,outputs_small/ntrain_50/d_tcsr/aids/linear/lambda_0.0/target_lr_0.1/landmark_True/seed_7,50
d_tcsr,aids,linear,0.0,0.01,True,2,0.4764816556914393,0.30789807116031326,0.5313411078717201,0.26224515163444123,outputs_small/ntrain_50/d_tcsr/aids/linear/lambda_0.0/target_lr_0.01/landmark_True/seed_2,50
d_tcsr,aids,linear,0.0,0.01,True,5,0.6210808580858086,0.22868938743397382,0.5522351797862002,0.25166044776329377,outputs_small/ntrain_50/d_tcsr/aids/linear/lambda_0.0/target_lr_0.01/landmark_True/seed_5,50
d_tcsr,aids,linear,0.0,0.01,True,4,0.5236750651607298,0.24622391450996362,0.577259475218659,0.25678912898095685,outputs_small/ntrain_50/d_tcsr/aids/linear/lambda_0.0/target_lr_0.01/landmark_True/seed_4,50
d_tcsr,aids,linear,0.0,0.01,True,3,0.5196817420435511,0.3133692284828583,0.576773566569485,0.2717370735320944,outputs_small/ntrain_50/d_tcsr/aids/linear/lambda_0.0/target_lr_0.01/landmark_True/seed_3,50
d_tcsr,aids,linear,0.0,0.01,True,6,0.5420054200542005,0.2252343869316867,0.5697278911564626,0.26777238538988946,outputs_small/ntrain_50/d_tcsr/aids/linear/lambda_0.0/target_lr_0.01/landmark_True/seed_6,50
d_tcsr,aids,linear,0.0,0.01,True,1,0.5617476593847526,0.20695363257850108,0.5952380952380952,0.24549114878445408,outputs_small/ntrain_50/d_tcsr/aids/linear/lambda_0.0/target_lr_0.01/landmark_True/seed_1,50
d_tcsr,aids,linear,0.0,0.01,True,8,0.5075757575757576,0.23706919713037605,0.5889212827988338,0.25703907838477175,outputs_small/ntrain_50/d_tcsr/aids/linear/lambda_0.0/target_lr_0.01/landmark_True/seed_8,50
d_tcsr,aids,linear,0.0,0.01,True,9,0.5770212765957446,0.2567539484521277,0.5699708454810496,0.2619678646513002,outputs_small/ntrain_50/d_tcsr/aids/linear/lambda_0.0/target_lr_0.01/landmark_True/seed_9,50
d_tcsr,aids,linear,0.0,0.01,True,0,0.6074179164977705,0.24465219748084358,0.5996112730806609,0.2440638765213243,outputs_small/ntrain_50/d_tcsr/aids/linear/lambda_0.0/target_lr_0.01/landmark_True/seed_0,50
d_tcsr,aids,linear,0.0,0.01,True,7,0.6036974075648108,0.25883234351204,0.6044703595724004,0.25601419386166846,outputs_small/ntrain_50/d_tcsr/aids/linear/lambda_0.0/target_lr_0.01/landmark_True/seed_7,50
d_tcsr,aids,linear,0.0,0.9,True,2,0.5827845719661335,0.17130059939407172,0.5937803692905733,0.1670511135428961,outputs_small/ntrain_50/d_tcsr/aids/linear/lambda_0.0/target_lr_0.9/landmark_True/seed_2,50
d_tcsr,aids,linear,0.0,0.9,True,5,0.6231435643564357,0.2001204302537506,0.63022351797862,0.17367942496105368,outputs_small/ntrain_50/d_tcsr/aids/linear/lambda_0.0/target_lr_0.9/landmark_True/seed_5,50
d_tcsr,aids,linear,0.0,0.9,True,4,0.6844048653344917,0.19066381864033216,0.6584062196307094,0.17328224601980127,outputs_small/ntrain_50/d_tcsr/aids/linear/lambda_0.0/target_lr_0.9/landmark_True/seed_4,50
d_tcsr,aids,linear,0.0,0.9,True,3,0.6815326633165829,0.2159580977464553,0.7191448007774538,0.17475061009177267,outputs_small/ntrain_50/d_tcsr/aids/linear/lambda_0.0/target_lr_0.9/landmark_True/seed_3,50
d_tcsr,aids,linear,0.0,0.9,True,6,0.6716995741385985,0.17068847535445975,0.6622934888241011,0.14602306642075993,outputs_small/ntrain_50/d_tcsr/aids/linear/lambda_0.0/target_lr_0.9/landmark_True/seed_6,50
d_tcsr,aids,linear,0.0,0.9,True,1,0.586937137761926,0.20234400320598034,0.5903790087463557,0.16990315894486083,outputs_small/ntrain_50/d_tcsr/aids/linear/lambda_0.0/target_lr_0.9/landmark_True/seed_1,50
d_tcsr,aids,linear,0.0,0.9,True,8,0.5655844155844156,0.18824890258387955,0.6321671525753159,0.15783202226275728,outputs_small/ntrain_50/d_tcsr/aids/linear/lambda_0.0/target_lr_0.9/landmark_True/seed_8,50
d_tcsr,aids,linear,0.0,0.9,True,9,0.5585106382978723,0.19303196993402624,0.5417881438289601,0.18362698066756764,outputs_small/ntrain_50/d_tcsr/aids/linear/lambda_0.0/target_lr_0.9/landmark_True/seed_9,50
d_tcsr,aids,linear,0.0,0.9,True,0,0.685650587758411,0.16962081588802774,0.642128279883382,0.17455078384354664,outputs_small/ntrain_50/d_tcsr/aids/linear/lambda_0.0/target_lr_0.9/landmark_True/seed_0,50
d_tcsr,aids,linear,0.0,0.9,True,7,0.6043348916277093,0.1938885747604025,0.5697278911564626,0.16857025503040962,outputs_small/ntrain_50/d_tcsr/aids/linear/lambda_0.0/target_lr_0.9/landmark_True/seed_7,50
d_tcsr,aids,linear,0.0,0.25,True,2,0.49929444967074316,0.22988904553169995,0.597910592808552,0.20179305994618388,outputs_small/ntrain_50/d_tcsr/aids/linear/lambda_0.0/target_lr_0.25/landmark_True/seed_2,50
d_tcsr,aids,linear,0.0,0.25,True,5,0.6169554455445545,0.17936632988816106,0.5728862973760933,0.19429265201602597,outputs_small/ntrain_50/d_tcsr/aids/linear/lambda_0.0/target_lr_0.25/landmark_True/seed_5,50
d_tcsr,aids,linear,0.0,0.25,True,4,0.5855777584708949,0.18966761466127666,0.5947521865889213,0.19256969834456084,outputs_small/ntrain_50/d_tcsr/aids/linear/lambda_0.0/target_lr_0.25/landmark_True/seed_4,50
d_tcsr,aids,linear,0.0,0.25,True,3,0.6352596314907872,0.259331199829604,0.6608357628765792,0.21636291818009457,outputs_small/ntrain_50/d_tcsr/aids/linear/lambda_0.0/target_lr_0.25/landmark_True/seed_3,50
d_tcsr,aids,linear,0.0,0.25,True,6,0.6716995741385985,0.1711987769202925,0.6379980563654033,0.2102700377587161,outputs_small/ntrain_50/d_tcsr/aids/linear/lambda_0.0/target_lr_0.25/landmark_True/seed_6,50
d_tcsr,aids,linear,0.0,0.25,True,1,0.6119037004012483,0.16296810510385076,0.6202623906705539,0.18605189300162614,outputs_small/ntrain_50/d_tcsr/aids/linear/lambda_0.0/target_lr_0.25/landmark_True/seed_1,50
d_tcsr,aids,linear,0.0,0.25,True,8,0.5850649350649351,0.186713912120022,0.6263362487852284,0.20381408087073452,outputs_small/ntrain_50/d_tcsr/aids/linear/lambda_0.0/target_lr_0.25/landmark_True/seed_8,50
d_tcsr,aids,linear,0.0,0.25,True,9,0.5687234042553192,0.19161593126011203,0.5855199222546161,0.20380827925407813,outputs_small/ntrain_50/d_tcsr/aids/linear/lambda_0.0/target_lr_0.25/landmark_True/seed_9,50
d_tcsr,aids,linear,0.0,0.25,True,0,0.6791649777057155,0.19062715791044266,0.6236637512147716,0.18711628984924927,outputs_small/ntrain_50/d_tcsr/aids/linear/lambda_0.0/target_lr_0.25/landmark_True/seed_0,50
d_tcsr,aids,linear,0.0,0.25,True,7,0.6844453888652784,0.2006979729085807,0.6720116618075802,0.19837219422700342,outputs_small/ntrain_50/d_tcsr/aids/linear/lambda_0.0/target_lr_0.25/landmark_True/seed_7,50
d_tcsr,rw,linear,0.0,0.5,True,2,0.6546826580970962,0.2268939082272162,0.7194880709747032,0.21537315265883109,outputs_small/ntrain_50/d_tcsr/rw/linear/lambda_0.0/target_lr_0.5/landmark_True/seed_2,50
d_tcsr,rw,linear,0.0,0.5,True,5,0.6631492070978011,0.20991890091907817,0.6908044598968949,0.20002380973441986,outputs_small/ntrain_50/d_tcsr/rw/linear/lambda_0.0/target_lr_0.5/landmark_True/seed_5,50
d_tcsr,rw,linear,0.0,0.5,True,4,0.6888784332176675,0.2041637680429506,0.6792650761299605,0.20651715848794946,outputs_small/ntrain_50/d_tcsr/rw/linear/lambda_0.0/target_lr_0.5/landmark_True/seed_4,50
d_tcsr,rw,linear,0.0,0.5,True,3,0.6536944362672946,0.2364584984004288,0.6979378971346362,0.21841421081881257,outputs_small/ntrain_50/d_tcsr/rw/linear/lambda_0.0/target_lr_0.5/landmark_True/seed_3,50
d_tcsr,rw,linear,0.0,0.5,True,6,0.6462590975254731,0.23438112701679242,0.6877472725092915,0.22854617034216587,outputs_small/ntrain_50/d_tcsr/rw/linear/lambda_0.0/target_lr_0.5/landmark_True/seed_6,50
d_tcsr,rw,linear,0.0,0.5,True,1,0.6122763539651838,0.24054605930862635,0.6408104543819686,0.2117507086375772,outputs_small/ntrain_50/d_tcsr/rw/linear/lambda_0.0/target_lr_0.5/landmark_True/seed_1,50
d_tcsr,rw,linear,0.0,0.5,True,8,0.7297117248062015,0.21352275834346846,0.7098369500059944,0.2230884279117485,outputs_small/ntrain_50/d_tcsr/rw/linear/lambda_0.0/target_lr_0.5/landmark_True/seed_8,50
d_tcsr,rw,linear,0.0,0.5,True,9,0.6330776383077639,0.21795795243249266,0.6970087519482077,0.19572417208055606,outputs_small/ntrain_50/d_tcsr/rw/linear/lambda_0.0/target_lr_0.5/landmark_True/seed_9,50
d_tcsr,rw,linear,0.0,0.5,True,0,0.6802997734270609,0.20275650906868395,0.7130739719458099,0.20151491698404062,outputs_small/ntrain_50/d_tcsr/rw/linear/lambda_0.0/target_lr_0.5/landmark_True/seed_0,50
d_tcsr,rw,linear,0.0,0.5,True,7,0.6444399209026405,0.22595045420384485,0.7065999280661791,0.2080678866384678,outputs_small/ntrain_50/d_tcsr/rw/linear/lambda_0.0/target_lr_0.5/landmark_True/seed_7,50
d_tcsr,rw,linear,0.0,0.05,True,2,0.6426890852748767,0.25419703366338786,0.6654777604603764,0.24957970855631784,outputs_small/ntrain_50/d_tcsr/rw/linear/lambda_0.0/target_lr_0.05/landmark_True/seed_2,50
d_tcsr,rw,linear,0.0,0.05,True,5,0.6264222130519366,0.2720203240992496,0.6485133677017144,0.2546425157669538,outputs_small/ntrain_50/d_tcsr/rw/linear/lambda_0.0/target_lr_0.05/landmark_True/seed_5,50
d_tcsr,rw,linear,0.0,0.05,True,4,0.6412103746397695,0.29679349449813486,0.6503416856492027,0.2610221121139747,outputs_small/ntrain_50/d_tcsr/rw/linear/lambda_0.0/target_lr_0.05/landmark_True/seed_4,50
d_tcsr,rw,linear,0.0,0.05,True,3,0.6352075360612305,0.27822172145342133,0.6583742956480039,0.2572933210963219,outputs_small/ntrain_50/d_tcsr/rw/linear/lambda_0.0/target_lr_0.05/landmark_True/seed_3,50
d_tcsr,rw,linear,0.0,0.05,True,6,0.6108296943231442,0.273497014233267,0.6248950965112097,0.27030008526381827,outputs_small/ntrain_50/d_tcsr/rw/linear/lambda_0.0/target_lr_0.05/landmark_True/seed_6,50
d_tcsr,rw,linear,0.0,0.05,True,1,0.5470865570599613,0.33723316745879767,0.6024157774847141,0.271067760459108,outputs_small/ntrain_50/d_tcsr/rw/linear/lambda_0.0/target_lr_0.05/landmark_True/seed_1,50
d_tcsr,rw,linear,0.0,0.05,True,8,0.6527374031007752,0.27825156926604777,0.66092195180434,0.2636385589415053,outputs_small/ntrain_50/d_tcsr/rw/linear/lambda_0.0/target_lr_0.05/landmark_True/seed_8,50
d_tcsr,rw,linear,0.0,0.05,True,9,0.5857740585774058,0.2829627520612156,0.6460556288214843,0.26492391758552725,outputs_small/ntrain_50/d_tcsr/rw/linear/lambda_0.0/target_lr_0.05/landmark_True/seed_9,50
d_tcsr,rw,linear,0.0,0.05,True,0,0.6125893220240516,0.27689531079305213,0.6567857571034648,0.2728564574951778,outputs_small/ntrain_50/d_tcsr/rw/linear/lambda_0.0/target_lr_0.05/landmark_True/seed_0,50
d_tcsr,rw,linear,0.0,0.05,True,7,0.5777596836105618,0.2909964516475956,0.6559465291931423,0.26412168918024476,outputs_small/ntrain_50/d_tcsr/rw/linear/lambda_0.0/target_lr_0.05/landmark_True/seed_7,50
d_tcsr,rw,linear,0.0,0.95,True,2,0.6540514174222426,0.23656890310233,0.7197877952283899,0.22113901735819638,outputs_small/ntrain_50/d_tcsr/rw/linear/lambda_0.0/target_lr_0.95/landmark_True/seed_2,50
d_tcsr,rw,linear,0.0,0.95,True,5,0.6684253964510994,0.2326366771514066,0.7049814170962714,0.22440737877458614,outputs_small/ntrain_50/d_tcsr/rw/linear/lambda_0.0/target_lr_0.95/landmark_True/seed_5,50
d_tcsr,rw,linear,0.0,0.95,True,4,0.6950538140328177,0.1929367820020663,0.6807936698237621,0.21349220846675268,outputs_small/ntrain_50/d_tcsr/rw/linear/lambda_0.0/target_lr_0.95/landmark_True/seed_4,50
d_tcsr,rw,linear,0.0,0.95,True,3,0.6579334707094495,0.2359740889840673,0.6954501858290373,0.21772116357397792,outputs_small/ntrain_50/d_tcsr/rw/linear/lambda_0.0/target_lr_0.95/landmark_True/seed_3,50
d_tcsr,rw,linear,0.0,0.95,True,6,0.6424163027656478,0.24001861140878658,0.6866682651960196,0.23030933154115202,outputs_small/ntrain_50/d_tcsr/rw/linear/lambda_0.0/target_lr_0.95/landmark_True/seed_6,50
d_tcsr,rw,linear,0.0,0.95,True,1,0.6003384912959381,0.25257020520191986,0.6456360148663229,0.2484097870800769,outputs_small/ntrain_50/d_tcsr/rw/linear/lambda_0.0/target_lr_0.95/landmark_True/seed_1,50
d_tcsr,rw,linear,0.0,0.95,True,8,0.7415515988372093,0.20965121861521696,0.7114554609759022,0.2307108192816353,outputs_small/ntrain_50/d_tcsr/rw/linear/lambda_0.0/target_lr_0.95/landmark_True/seed_8,50
d_tcsr,rw,linear,0.0,0.95,True,9,0.6338912133891214,0.23945474832105765,0.6944311233665028,0.22833465896706523,outputs_small/ntrain_50/d_tcsr/rw/linear/lambda_0.0/target_lr_0.95/landmark_True/seed_9,50
d_tcsr,rw,linear,0.0,0.95,True,0,0.6693487480392727,0.2524976070990997,0.7002757463133917,0.2575276302943421,outputs_small/ntrain_50/d_tcsr/rw/linear/lambda_0.0/target_lr_0.95/landmark_True/seed_0,50
d_tcsr,rw,linear,0.0,0.95,True,7,0.6392636966383622,0.25944842093708914,0.7164908284378372,0.25254294843686614,outputs_small/ntrain_50/d_tcsr/rw/linear/lambda_0.0/target_lr_0.95/landmark_True/seed_7,50
d_tcsr,rw,linear,0.0,0.75,True,2,0.6628600941122461,0.2325599910886525,0.7211665267953483,0.22036342493193803,outputs_small/ntrain_50/d_tcsr/rw/linear/lambda_0.0/target_lr_0.75/landmark_True/seed_2,50
d_tcsr,rw,linear,0.0,0.75,True,5,0.6771207923126805,0.23266705160875475,0.7094772809015706,0.22806959391452417,outputs_small/ntrain_50/d_tcsr/rw/linear/lambda_0.0/target_lr_0.75/landmark_True/seed_5,50
d_tcsr,rw,linear,0.0,0.75,True,4,0.6999647121096277,0.19233883621262135,0.6966191104184151,0.21077293767523134,outputs_small/ntrain_50/d_tcsr/rw/linear/lambda_0.0/target_lr_0.75/landmark_True/seed_4,50
d_tcsr,rw,linear,0.0,0.75,True,3,0.6565793347070945,0.24060669662942047,0.6972485313511569,0.22549099529004923,outputs_small/ntrain_50/d_tcsr/rw/linear/lambda_0.0/target_lr_0.75/landmark_True/seed_3,50
d_tcsr,rw,linear,0.0,0.75,True,6,0.6462590975254731,0.24235252736210286,0.6964093034408344,0.2345252915315903,outputs_small/ntrain_50/d_tcsr/rw/linear/lambda_0.0/target_lr_0.75/landmark_True/seed_6,50
d_tcsr,rw,linear,0.0,0.75,True,1,0.6097074468085106,0.2430419590256861,0.6463553530751709,0.20916086997886169,outputs_small/ntrain_50/d_tcsr/rw/linear/lambda_0.0/target_lr_0.75/landmark_True/seed_1,50
d_tcsr,rw,linear,0.0,0.75,True,8,0.7365855135658915,0.21183598364946277,0.7104663709387363,0.225601570848609,outputs_small/ntrain_50/d_tcsr/rw/linear/lambda_0.0/target_lr_0.75/landmark_True/seed_8,50
d_tcsr,rw,linear,0.0,0.75,True,9,0.6312470943747094,0.24293779298549328,0.702283898813092,0.23218929097682614,outputs_small/ntrain_50/d_tcsr/rw/linear/lambda_0.0/target_lr_0.75/landmark_True/seed_9,50
d_tcsr,rw,linear,0.0,0.75,True,0,0.6844536106431186,0.20214982980764762,0.7029432921712024,0.20304749463604457,outputs_small/ntrain_50/d_tcsr/rw/linear/lambda_0.0/target_lr_0.75/landmark_True/seed_0,50
d_tcsr,rw,linear,0.0,0.75,True,7,0.6373153425613586,0.23261210138017396,0.7047416376933221,0.2165551873410286,outputs_small/ntrain_50/d_tcsr/rw/linear/lambda_0.0/target_lr_0.75/landmark_True/seed_7,50
d_tcsr,rw,linear,0.0,0.1,True,2,0.6527889360725353,0.24908251486303412,0.6579546816928425,0.24595538291838814,outputs_small/ntrain_50/d_tcsr/rw/linear/lambda_0.0/target_lr_0.1/landmark_True/seed_2,50
d_tcsr,rw,linear,0.0,0.1,True,5,0.6232093379708777,0.2692696422001355,0.6637693322143627,0.25123071094382565,outputs_small/ntrain_50/d_tcsr/rw/linear/lambda_0.0/target_lr_0.1/landmark_True/seed_5,50
d_tcsr,rw,linear,0.0,0.1,True,4,0.6487384579191907,0.2906252909621447,0.6566059225512528,0.2575073499961088,outputs_small/ntrain_50/d_tcsr/rw/linear/lambda_0.0/target_lr_0.1/landmark_True/seed_4,50
d_tcsr,rw,linear,0.0,0.1,True,3,0.6362378569325876,0.27706299360983805,0.6603824481477041,0.25462655746070545,outputs_small/ntrain_50/d_tcsr/rw/linear/lambda_0.0/target_lr_0.1/landmark_True/seed_3,50
d_tcsr,rw,linear,0.0,0.1,True,6,0.6202911208151383,0.2690340655051814,0.6378731566958399,0.26563037252924293,outputs_small/ntrain_50/d_tcsr/rw/linear/lambda_0.0/target_lr_0.1/landmark_True/seed_6,50
d_tcsr,rw,linear,0.0,0.1,True,1,0.5805730174081238,0.3318055205043944,0.6193202253926388,0.2654832590967663,outputs_small/ntrain_50/d_tcsr/rw/linear/lambda_0.0/target_lr_0.1/landmark_True/seed_1,50
d_tcsr,rw,linear,0.0,0.1,True,8,0.6580365794573644,0.27622125853343926,0.6484833952763458,0.26289193475141026,outputs_small/ntrain_50/d_tcsr/rw/linear/lambda_0.0/target_lr_0.1/landmark_True/seed_8,50
d_tcsr,rw,linear,0.0,0.1,True,9,0.5903649465364946,0.2791026909255506,0.6562162810214602,0.26038496686537144,outputs_small/ntrain_50/d_tcsr/rw/linear/lambda_0.0/target_lr_0.1/landmark_True/seed_9,50
d_tcsr,rw,linear,0.0,0.1,True,0,0.6739673502585255,0.2057678467328951,0.7040822443352116,0.20907830603551633,outputs_small/ntrain_50/d_tcsr/rw/linear/lambda_0.0/target_lr_0.1/landmark_True/seed_0,50
d_tcsr,rw,linear,0.0,0.1,True,7,0.6332150750261719,0.22069914874188726,0.7081285217599809,0.20443355355338746,outputs_small/ntrain_50/d_tcsr/rw/linear/lambda_0.0/target_lr_0.1/landmark_True/seed_7,50
d_tcsr,rw,linear,0.0,0.01,True,2,0.627969700447607,0.25784442030546245,0.6651480637813212,0.25193114117183224,outputs_small/ntrain_50/d_tcsr/rw/linear/lambda_0.0/target_lr_0.01/landmark_True/seed_2,50
d_tcsr,rw,linear,0.0,0.01,True,5,0.6226198196073808,0.27343196966985917,0.6533089557607001,0.2567234199911098,outputs_small/ntrain_50/d_tcsr/rw/linear/lambda_0.0/target_lr_0.01/landmark_True/seed_5,50
d_tcsr,rw,linear,0.0,0.01,True,4,0.6292713050638122,0.301348319268078,0.6491727610598249,0.26339183236859015,outputs_small/ntrain_50/d_tcsr/rw/linear/lambda_0.0/target_lr_0.01/landmark_True/seed_4,50
d_tcsr,rw,linear,0.0,0.01,True,3,0.6408007065057404,0.2788460167056426,0.6605922551252847,0.25926152367660804,outputs_small/ntrain_50/d_tcsr/rw/linear/lambda_0.0/target_lr_0.01/landmark_True/seed_3,50
d_tcsr,rw,linear,0.0,0.01,True,6,0.6104221251819505,0.27642391744367056,0.6265735523318547,0.2733698534397862,outputs_small/ntrain_50/d_tcsr/rw/linear/lambda_0.0/target_lr_0.01/landmark_True/seed_6,50
d_tcsr,rw,linear,0.0,0.01,True,1,0.5446989845261122,0.341098896854966,0.597200575470567,0.2751697765448181,outputs_small/ntrain_50/d_tcsr/rw/linear/lambda_0.0/target_lr_0.01/landmark_True/seed_1,50
d_tcsr,rw,linear,0.0,0.01,True,8,0.6456819282945736,0.2797856484915939,0.6447967869560005,0.2646259182907699,outputs_small/ntrain_50/d_tcsr/rw/linear/lambda_0.0/target_lr_0.01/landmark_True/seed_8,50
d_tcsr,rw,linear,0.0,0.01,True,9,0.583129939562994,0.2854993567433725,0.6366442872557248,0.2679470744238365,outputs_small/ntrain_50/d_tcsr/rw/linear/lambda_0.0/target_lr_0.01/landmark_True/seed_9,50
d_tcsr,rw,linear,0.0,0.01,True,0,0.590687271248475,0.2844627756127417,0.6169524037885146,0.28004923369272144,outputs_small/ntrain_50/d_tcsr/rw/linear/lambda_0.0/target_lr_0.01/landmark_True/seed_0,50
d_tcsr,rw,linear,0.0,0.01,True,7,0.5464696987321158,0.2983108951974309,0.6293310154657715,0.26758502418540836,outputs_small/ntrain_50/d_tcsr/rw/linear/lambda_0.0/target_lr_0.01/landmark_True/seed_7,50
d_tcsr,rw,linear,0.0,0.9,True,2,0.6536497188109721,0.23715753950661134,0.7214063061982976,0.22144648042095072,outputs_small/ntrain_50/d_tcsr/rw/linear/lambda_0.0/target_lr_0.9/landmark_True/seed_2,50
d_tcsr,rw,linear,0.0,0.9,True,5,0.6700760478688911,0.2296189854920364,0.7088478599688287,0.2207596082619699,outputs_small/ntrain_50/d_tcsr/rw/linear/lambda_0.0/target_lr_0.9/landmark_True/seed_5,50
d_tcsr,rw,linear,0.0,0.9,True,4,0.6997294595071458,0.1924401074618936,0.6935019781800743,0.21122795978249118,outputs_small/ntrain_50/d_tcsr/rw/linear/lambda_0.0/target_lr_0.9/landmark_True/seed_4,50
d_tcsr,rw,linear,0.0,0.9,True,3,0.6589932293199883,0.23470963919700272,0.6952703512768253,0.21678370790993517,outputs_small/ntrain_50/d_tcsr/rw/linear/lambda_0.0/target_lr_0.9/landmark_True/seed_3,50
d_tcsr,rw,linear,0.0,0.9,True,6,0.6473944687045123,0.24044961777979848,0.685139671502218,0.23079699647255747,outputs_small/ntrain_50/d_tcsr/rw/linear/lambda_0.0/target_lr_0.9/landmark_True/seed_6,50
d_tcsr,rw,linear,0.0,0.9,True,1,0.6128505802707931,0.2585657184361812,0.6292710706150342,0.25528510708694435,outputs_small/ntrain_50/d_tcsr/rw/linear/lambda_0.0/target_lr_0.9/landmark_True/seed_1,50
d_tcsr,rw,linear,0.0,0.9,True,8,0.735343992248062,0.21340260056091395,0.7061203692602805,0.23032794926898048,outputs_small/ntrain_50/d_tcsr/rw/linear/lambda_0.0/target_lr_0.9/landmark_True/seed_8,50
d_tcsr,rw,linear,0.0,0.9,True,9,0.6363319386331938,0.23929245241899616,0.6988070974703273,0.2278552864142329,outputs_small/ntrain_50/d_tcsr/rw/linear/lambda_0.0/target_lr_0.9/landmark_True/seed_9,50
d_tcsr,rw,linear,0.0,0.9,True,0,0.6658049148899088,0.2540718529081187,0.6938616472844983,0.26057072538137366,outputs_small/ntrain_50/d_tcsr/rw/linear/lambda_0.0/target_lr_0.9/landmark_True/seed_0,50
d_tcsr,rw,linear,0.0,0.9,True,7,0.626061416773293,0.2624394731728947,0.7104064260879991,0.2554253338077244,outputs_small/ntrain_50/d_tcsr/rw/linear/lambda_0.0/target_lr_0.9/landmark_True/seed_7,50
d_tcsr,rw,linear,0.0,0.25,True,2,0.6527889360725353,0.206697423839522,0.7121148543340127,0.19196114547645296,outputs_small/ntrain_50/d_tcsr/rw/linear/lambda_0.0/target_lr_0.25/landmark_True/seed_2,50
d_tcsr,rw,linear,0.0,0.25,True,5,0.6641808642339209,0.20682966774639702,0.696978779522839,0.19419546582698707,outputs_small/ntrain_50/d_tcsr/rw/linear/lambda_0.0/target_lr_0.25/landmark_True/seed_5,50
d_tcsr,rw,linear,0.0,0.25,True,4,0.6889666529435982,0.20780536217719697,0.6745893777724493,0.20737823445848047,outputs_small/ntrain_50/d_tcsr/rw/linear/lambda_0.0/target_lr_0.25/landmark_True/seed_4,50
d_tcsr,rw,linear,0.0,0.25,True,3,0.6445981748601708,0.27206846376572774,0.6665267953482796,0.24623602113511864,outputs_small/ntrain_50/d_tcsr/rw/linear/lambda_0.0/target_lr_0.25/landmark_True/seed_3,50
d_tcsr,rw,linear,0.0,0.25,True,6,0.6515574963609898,0.20992151343377918,0.6744994604963434,0.19972648085740652,outputs_small/ntrain_50/d_tcsr/rw/linear/lambda_0.0/target_lr_0.25/landmark_True/seed_6,50
d_tcsr,rw,linear,0.0,0.25,True,1,0.6002780464216635,0.24639503629960427,0.6501318786716221,0.20881179494434765,outputs_small/ntrain_50/d_tcsr/rw/linear/lambda_0.0/target_lr_0.25/landmark_True/seed_1,50
d_tcsr,rw,linear,0.0,0.25,True,8,0.7185985949612403,0.19454253458593257,0.6962594413139911,0.19246775499388263,outputs_small/ntrain_50/d_tcsr/rw/linear/lambda_0.0/target_lr_0.25/landmark_True/seed_8,50
d_tcsr,rw,linear,0.0,0.25,True,9,0.63011390051139,0.21759683228703192,0.6952703512768253,0.19554544064201024,outputs_small/ntrain_50/d_tcsr/rw/linear/lambda_0.0/target_lr_0.25/landmark_True/seed_9,50
d_tcsr,rw,linear,0.0,0.25,True,0,0.6772788009062918,0.2025874725955364,0.7147524277664549,0.20227102529775925,outputs_small/ntrain_50/d_tcsr/rw/linear/lambda_0.0/target_lr_0.25/landmark_True/seed_0,50
d_tcsr,rw,linear,0.0,0.25,True,7,0.6356287076887286,0.2209571046932924,0.7109759021700036,0.2022015811296478,outputs_small/ntrain_50/d_tcsr/rw/linear/lambda_0.0/target_lr_0.25/landmark_True/seed_7,50
tcsr_fitted,pbc2,linear,0.0,1.0,True,2,0.772181146025878,0.15518116628110395,0.8538385826771654,0.1480977774381208,outputs_small/ntrain_75/tcsr_fitted/pbc2/linear/lambda_0.0/target_lr_1.0/landmark_True/seed_2,75
tcsr_fitted,pbc2,linear,0.0,1.0,True,5,0.7645314353499407,0.1771227393615232,0.8710629921259843,0.12011490790048003,outputs_small/ntrain_75/tcsr_fitted/pbc2/linear/lambda_0.0/target_lr_1.0/landmark_True/seed_5,75
tcsr_fitted,pbc2,linear,0.0,1.0,True,4,0.7848557692307693,0.15253182662628073,0.859251968503937,0.13026548863897106,outputs_small/ntrain_75/tcsr_fitted/pbc2/linear/lambda_0.0/target_lr_1.0/landmark_True/seed_4,75
tcsr_fitted,pbc2,linear,0.0,1.0,True,3,0.8175675675675675,0.15636993803006244,0.8661417322834646,0.13675087916147843,outputs_small/ntrain_75/tcsr_fitted/pbc2/linear/lambda_0.0/target_lr_1.0/landmark_True/seed_3,75
tcsr_fitted,pbc2,linear,0.0,1.0,True,6,0.8661167512690355,0.14399172781484207,0.8813976377952756,0.11149890861583014,outputs_small/ntrain_75/tcsr_fitted/pbc2/linear/lambda_0.0/target_lr_1.0/landmark_True/seed_6,75
tcsr_fitted,pbc2,linear,0.0,1.0,True,1,0.7961346633416458,0.19323976623650949,0.8626968503937008,0.1369816193808672,outputs_small/ntrain_75/tcsr_fitted/pbc2/linear/lambda_0.0/target_lr_1.0/landmark_True/seed_1,75
tcsr_fitted,pbc2,linear,0.0,1.0,True,8,0.7746806039488966,0.16276947694533564,0.8892716535433071,0.12786686625663002,outputs_small/ntrain_75/tcsr_fitted/pbc2/linear/lambda_0.0/target_lr_1.0/landmark_True/seed_8,75
tcsr_fitted,pbc2,linear,0.0,1.0,True,9,0.8002219755826859,0.1656693245388441,0.8636811023622047,0.11162351552891484,outputs_small/ntrain_75/tcsr_fitted/pbc2/linear/lambda_0.0/target_lr_1.0/landmark_True/seed_9,75
tcsr_fitted,pbc2,linear,0.0,1.0,True,0,0.7989130434782609,0.13455089100625117,0.8646653543307087,0.118178069410387,outputs_small/ntrain_75/tcsr_fitted/pbc2/linear/lambda_0.0/target_lr_1.0/landmark_True/seed_0,75
tcsr_fitted,pbc2,linear,0.0,1.0,True,7,0.7286223277909739,0.2039929382612458,0.8873031496062992,0.11775789159335927,outputs_small/ntrain_75/tcsr_fitted/pbc2/linear/lambda_0.0/target_lr_1.0/landmark_True/seed_7,75
tcsr_fitted,pbc2,linear,0.0,0.1,True,2,0.7920517560073937,0.13673737506467062,0.8705708661417323,0.13104227633115742,outputs_small/ntrain_75/tcsr_fitted/pbc2/linear/lambda_0.0/target_lr_0.1/landmark_True/seed_2,75
tcsr_fitted,pbc2,linear,0.0,0.1,True,5,0.7906287069988137,0.1512335988535142,0.8932086614173228,0.10051007832999467,outputs_small/ntrain_75/tcsr_fitted/pbc2/linear/lambda_0.0/target_lr_0.1/landmark_True/seed_5,75
tcsr_fitted,pbc2,linear,0.0,0.1,True,4,0.8004807692307693,0.13990923543320571,0.8686023622047244,0.1191147673521945,outputs_small/ntrain_75/tcsr_fitted/pbc2/linear/lambda_0.0/target_lr_0.1/landmark_True/seed_4,75
tcsr_fitted,pbc2,linear,0.0,0.1,True,3,0.8508316008316008,0.1360673572490802,0.889763779527559,0.11054810165812227,outputs_small/ntrain_75/tcsr_fitted/pbc2/linear/lambda_0.0/target_lr_0.1/landmark_True/seed_3,75
tcsr_fitted,pbc2,linear,0.0,0.1,True,6,0.8876903553299492,0.1408897419362071,0.8922244094488189,0.09439282611479594,outputs_small/ntrain_75/tcsr_fitted/pbc2/linear/lambda_0.0/target_lr_0.1/landmark_True/seed_6,75
tcsr_fitted,pbc2,linear,0.0,0.1,True,1,0.8185785536159601,0.1520381659978311,0.889763779527559,0.11631309143715123,outputs_small/ntrain_75/tcsr_fitted/pbc2/linear/lambda_0.0/target_lr_0.1/landmark_True/seed_1,75
tcsr_fitted,pbc2,linear,0.0,0.1,True,8,0.8013937282229965,0.15240199351776795,0.9114173228346457,0.10165691295105643,outputs_small/ntrain_75/tcsr_fitted/pbc2/linear/lambda_0.0/target_lr_0.1/landmark_True/seed_8,75
tcsr_fitted,pbc2,linear,0.0,0.1,True,9,0.8457269700332963,0.12482576941575817,0.890255905511811,0.09135949011248487,outputs_small/ntrain_75/tcsr_fitted/pbc2/linear/lambda_0.0/target_lr_0.1/landmark_True/seed_9,75
tcsr_fitted,pbc2,linear,0.0,0.1,True,0,0.8309178743961353,0.127704501207253,0.890748031496063,0.0977678726889067,outputs_small/ntrain_75/tcsr_fitted/pbc2/linear/lambda_0.0/target_lr_0.1/landmark_True/seed_0,75
tcsr_fitted,pbc2,linear,0.0,0.1,True,7,0.7458432304038005,0.1887996180821294,0.9079724409448819,0.09454430138266269,outputs_small/ntrain_75/tcsr_fitted/pbc2/linear/lambda_0.0/target_lr_0.1/landmark_True/seed_7,75
tcsr_fitted,pbc2,linear,0.0,0.01,True,2,0.8119223659889094,0.1296518059951023,0.8661417322834646,0.12418599032786165,outputs_small/ntrain_75/tcsr_fitted/pbc2/linear/lambda_0.0/target_lr_0.01/landmark_True/seed_2,75
tcsr_fitted,pbc2,linear,0.0,0.01,True,5,0.802491103202847,0.14531543151978651,0.8956692913385826,0.09638444435277692,outputs_small/ntrain_75/tcsr_fitted/pbc2/linear/lambda_0.0/target_lr_0.01/landmark_True/seed_5,75
tcsr_fitted,pbc2,linear,0.0,0.01,True,4,0.8125,0.13266881616571816,0.8769685039370079,0.11599571548690756,outputs_small/ntrain_75/tcsr_fitted/pbc2/linear/lambda_0.0/target_lr_0.01/landmark_True/seed_4,75
tcsr_fitted,pbc2,linear,0.0,0.01,True,3,0.8575883575883576,0.13589687740594553,0.8937007874015748,0.10362316231874376,outputs_small/ntrain_75/tcsr_fitted/pbc2/linear/lambda_0.0/target_lr_0.01/landmark_True/seed_3,75
tcsr_fitted,pbc2,linear,0.0,0.01,True,6,0.9035532994923858,0.13289371950685863,0.8976377952755905,0.08983139616727698,outputs_small/ntrain_75/tcsr_fitted/pbc2/linear/lambda_0.0/target_lr_0.01/landmark_True/seed_6,75
tcsr_fitted,pbc2,linear,0.0,0.01,True,1,0.8129675810473815,0.12677074487323545,0.8804133858267716,0.1118145887133819,outputs_small/ntrain_75/tcsr_fitted/pbc2/linear/lambda_0.0/target_lr_0.01/landmark_True/seed_1,75
tcsr_fitted,pbc2,linear,0.0,0.01,True,8,0.8095238095238095,0.15441359284854375,0.906003937007874,0.09709620268678158,outputs_small/ntrain_75/tcsr_fitted/pbc2/linear/lambda_0.0/target_lr_0.01/landmark_True/seed_8,75
tcsr_fitted,pbc2,linear,0.0,0.01,True,9,0.8551609322974473,0.10728247466387077,0.889763779527559,0.08810834778327865,outputs_small/ntrain_75/tcsr_fitted/pbc2/linear/lambda_0.0/target_lr_0.01/landmark_True/seed_9,75
tcsr_fitted,pbc2,linear,0.0,0.01,True,0,0.8556763285024155,0.1332713772917471,0.8966535433070866,0.0915374855757469,outputs_small/ntrain_75/tcsr_fitted/pbc2/linear/lambda_0.0/target_lr_0.01/landmark_True/seed_0,75
tcsr_fitted,pbc2,linear,0.0,0.01,True,7,0.7624703087885986,0.18621414263595157,0.9045275590551181,0.09155621025797306,outputs_small/ntrain_75/tcsr_fitted/pbc2/linear/lambda_0.0/target_lr_0.01/landmark_True/seed_7,75
tcsr_fitted,pbc2,linear,0.0,0.0,True,2,0.8170055452865065,0.13005646122057418,0.8528543307086615,0.1233397386551606,outputs_small/ntrain_75/tcsr_fitted/pbc2/linear/lambda_0.0/target_lr_0.0/landmark_True/seed_2,75
tcsr_fitted,pbc2,linear,0.0,0.0,True,5,0.7906287069988137,0.14593667120505038,0.8922244094488189,0.09604677226746504,outputs_small/ntrain_75/tcsr_fitted/pbc2/linear/lambda_0.0/target_lr_0.0/landmark_True/seed_5,75
tcsr_fitted,pbc2,linear,0.0,0.0,True,4,0.8161057692307693,0.13119972766354884,0.8794291338582677,0.11526288558215528,outputs_small/ntrain_75/tcsr_fitted/pbc2/linear/lambda_0.0/target_lr_0.0/landmark_True/seed_4,75
tcsr_fitted,pbc2,linear,0.0,0.0,True,3,0.8570686070686071,0.13700742062024132,0.8892716535433071,0.10273717634801827,outputs_small/ntrain_75/tcsr_fitted/pbc2/linear/lambda_0.0/target_lr_0.0/landmark_True/seed_3,75
tcsr_fitted,pbc2,linear,0.0,0.0,True,6,0.9060913705583756,0.13027796544196413,0.8966535433070866,0.08929446930536815,outputs_small/ntrain_75/tcsr_fitted/pbc2/linear/lambda_0.0/target_lr_0.0/landmark_True/seed_6,75
tcsr_fitted,pbc2,linear,0.0,0.0,True,1,0.8160847880299252,0.12417046595839999,0.8740157480314961,0.11200484305592787,outputs_small/ntrain_75/tcsr_fitted/pbc2/linear/lambda_0.0/target_lr_0.0/landmark_True/seed_1,75
tcsr_fitted,pbc2,linear,0.0,0.0,True,8,0.8205574912891986,0.15563175355120526,0.9045275590551181,0.0968995572267548,outputs_small/ntrain_75/tcsr_fitted/pbc2/linear/lambda_0.0/target_lr_0.0/landmark_True/seed_8,75
tcsr_fitted,pbc2,linear,0.0,0.0,True,9,0.8573806881243063,0.10541166678761818,0.8868110236220472,0.08852013347014936,outputs_small/ntrain_75/tcsr_fitted/pbc2/linear/lambda_0.0/target_lr_0.0/landmark_True/seed_9,75
tcsr_fitted,pbc2,linear,0.0,0.0,True,0,0.8508454106280193,0.13648598493506073,0.9000984251968503,0.09180960680506871,outputs_small/ntrain_75/tcsr_fitted/pbc2/linear/lambda_0.0/target_lr_0.0/landmark_True/seed_0,75
tcsr_fitted,pbc2,linear,0.0,0.0,True,7,0.7666270783847982,0.18681192052440168,0.90748031496063,0.09185440795299163,outputs_small/ntrain_75/tcsr_fitted/pbc2/linear/lambda_0.0/target_lr_0.0/landmark_True/seed_7,75
tcsr_fitted,aids,linear,0.0,1.0,True,2,0.5888993414863594,0.18932934940101337,0.685131195335277,0.16571975234954786,outputs_small/ntrain_75/tcsr_fitted/aids/linear/lambda_0.0/target_lr_1.0/landmark_True/seed_2,75
tcsr_fitted,aids,linear,0.0,1.0,True,5,0.6606848184818482,0.17525120832368,0.6139455782312925,0.17062982168320884,outputs_small/ntrain_75/tcsr_fitted/aids/linear/lambda_0.0/target_lr_1.0/landmark_True/seed_5,75
tcsr_fitted,aids,linear,0.0,1.0,True,4,0.7269765421372719,0.17503483290521374,0.6967930029154519,0.16340266750681562,outputs_small/ntrain_75/tcsr_fitted/aids/linear/lambda_0.0/target_lr_1.0/landmark_True/seed_4,75
tcsr_fitted,aids,linear,0.0,1.0,True,3,0.669179229480737,0.21411424430477566,0.7082118561710399,0.17319995129278748,outputs_small/ntrain_75/tcsr_fitted/aids/linear/lambda_0.0/target_lr_1.0/landmark_True/seed_3,75
tcsr_fitted,aids,linear,0.0,1.0,True,6,0.7125435540069687,0.16147782685148845,0.7089407191448007,0.16298191849289295,outputs_small/ntrain_75/tcsr_fitted/aids/linear/lambda_0.0/target_lr_1.0/landmark_True/seed_6,75
tcsr_fitted,aids,linear,0.0,1.0,True,1,0.7267053053945609,0.16535962542172994,0.663022351797862,0.1621552272257432,outputs_small/ntrain_75/tcsr_fitted/aids/linear/lambda_0.0/target_lr_1.0/landmark_True/seed_1,75
tcsr_fitted,aids,linear,0.0,1.0,True,8,0.6562770562770562,0.18125722144932666,0.7137998056365403,0.16652214638715018,outputs_small/ntrain_75/tcsr_fitted/aids/linear/lambda_0.0/target_lr_1.0/landmark_True/seed_8,75
tcsr_fitted,aids,linear,0.0,1.0,True,9,0.7431914893617021,0.17194531887447068,0.6785714285714286,0.16467880621780367,outputs_small/ntrain_75/tcsr_fitted/aids/linear/lambda_0.0/target_lr_1.0/landmark_True/seed_9,75
tcsr_fitted,aids,linear,0.0,1.0,True,0,0.7458451560599919,0.16544414469092394,0.6953352769679301,0.16503842470889613,outputs_small/ntrain_75/tcsr_fitted/aids/linear/lambda_0.0/target_lr_1.0/landmark_True/seed_0,75
tcsr_fitted,aids,linear,0.0,1.0,True,7,0.7243943901402465,0.18000684235946332,0.6681243926141885,0.15950906245307597,outputs_small/ntrain_75/tcsr_fitted/aids/linear/lambda_0.0/target_lr_1.0/landmark_True/seed_7,75
tcsr_fitted,aids,linear,0.0,0.1,True,2,0.5971307619943556,0.18577396408546104,0.6858600583090378,0.1603364156825589,outputs_small/ntrain_75/tcsr_fitted/aids/linear/lambda_0.0/target_lr_0.1/landmark_True/seed_2,75
tcsr_fitted,aids,linear,0.0,0.1,True,5,0.7002887788778878,0.16788149410516853,0.6533041788143829,0.15737251114931222,outputs_small/ntrain_75/tcsr_fitted/aids/linear/lambda_0.0/target_lr_0.1/landmark_True/seed_5,75
tcsr_fitted,aids,linear,0.0,0.1,True,4,0.7549956559513467,0.1712754529972548,0.7351797862001944,0.14977196451425673,outputs_small/ntrain_75/tcsr_fitted/aids/linear/lambda_0.0/target_lr_0.1/landmark_True/seed_4,75
tcsr_fitted,aids,linear,0.0,0.1,True,3,0.6924204355108877,0.2013173582745484,0.7237609329446064,0.15609059410889742,outputs_small/ntrain_75/tcsr_fitted/aids/linear/lambda_0.0/target_lr_0.1/landmark_True/seed_3,75
tcsr_fitted,aids,linear,0.0,0.1,True,6,0.7307394502516453,0.1623626103039485,0.7040816326530612,0.14794657182504442,outputs_small/ntrain_75/tcsr_fitted/aids/linear/lambda_0.0/target_lr_0.1/landmark_True/seed_6,75
tcsr_fitted,aids,linear,0.0,0.1,True,1,0.7088720463664735,0.16880242559323871,0.6508746355685131,0.15335618901261538,outputs_small/ntrain_75/tcsr_fitted/aids/linear/lambda_0.0/target_lr_0.1/landmark_True/seed_1,75
tcsr_fitted,aids,linear,0.0,0.1,True,8,0.6354978354978355,0.18090805384024924,0.7077259475218659,0.15797414410106592,outputs_small/ntrain_75/tcsr_fitted/aids/linear/lambda_0.0/target_lr_0.1/landmark_True/seed_8,75
tcsr_fitted,aids,linear,0.0,0.1,True,9,0.6327659574468085,0.16923368325255825,0.6690962099125365,0.1489464077005623,outputs_small/ntrain_75/tcsr_fitted/aids/linear/lambda_0.0/target_lr_0.1/landmark_True/seed_9,75
tcsr_fitted,aids,linear,0.0,0.1,True,0,0.7213214430482368,0.14796909302653635,0.7096695821185617,0.15408115118403723,outputs_small/ntrain_75/tcsr_fitted/aids/linear/lambda_0.0/target_lr_0.1/landmark_True/seed_0,75
tcsr_fitted,aids,linear,0.0,0.1,True,7,0.7290692732681683,0.17903182636678341,0.6601068999028182,0.15555617556248133,outputs_small/ntrain_75/tcsr_fitted/aids/linear/lambda_0.0/target_lr_0.1/landmark_True/seed_7,75
tcsr_fitted,aids,linear,0.0,0.01,True,2,0.6197083725305739,0.17564983691770997,0.6773566569484937,0.15442915612025562,outputs_small/ntrain_75/tcsr_fitted/aids/linear/lambda_0.0/target_lr_0.01/landmark_True/seed_2,75
tcsr_fitted,aids,linear,0.0,0.01,True,5,0.7306105610561056,0.1753874609503416,0.6557337220602527,0.15682211472743834,outputs_small/ntrain_75/tcsr_fitted/aids/linear/lambda_0.0/target_lr_0.01/landmark_True/seed_5,75
tcsr_fitted,aids,linear,0.0,0.01,True,4,0.723501303214596,0.1738079487940246,0.7191448007774538,0.14683483613854748,outputs_small/ntrain_75/tcsr_fitted/aids/linear/lambda_0.0/target_lr_0.01/landmark_True/seed_4,75
tcsr_fitted,aids,linear,0.0,0.01,True,3,0.6593383584589615,0.20146921934822404,0.6975218658892128,0.15363514780916712,outputs_small/ntrain_75/tcsr_fitted/aids/linear/lambda_0.0/target_lr_0.01/landmark_True/seed_3,75
tcsr_fitted,aids,linear,0.0,0.01,True,6,0.72977158343012,0.16696815681416094,0.6603498542274052,0.14536766489915098,outputs_small/ntrain_75/tcsr_fitted/aids/linear/lambda_0.0/target_lr_0.01/landmark_True/seed_6,75
tcsr_fitted,aids,linear,0.0,0.01,True,1,0.7035220686580472,0.17282197183761772,0.673955296404276,0.15024369685496888,outputs_small/ntrain_75/tcsr_fitted/aids/linear/lambda_0.0/target_lr_0.01/landmark_True/seed_1,75
tcsr_fitted,aids,linear,0.0,0.01,True,8,0.6350649350649351,0.17885037651905802,0.7099125364431487,0.15514533212525664,outputs_small/ntrain_75/tcsr_fitted/aids/linear/lambda_0.0/target_lr_0.01/landmark_True/seed_8,75
tcsr_fitted,aids,linear,0.0,0.01,True,9,0.6153191489361702,0.17443051386957498,0.6438289601554907,0.14805592875592685,outputs_small/ntrain_75/tcsr_fitted/aids/linear/lambda_0.0/target_lr_0.01/landmark_True/seed_9,75
tcsr_fitted,aids,linear,0.0,0.01,True,0,0.7150385083096878,0.14582179388916836,0.663022351797862,0.15188613677252877,outputs_small/ntrain_75/tcsr_fitted/aids/linear/lambda_0.0/target_lr_0.01/landmark_True/seed_0,75
tcsr_fitted,aids,linear,0.0,0.01,True,7,0.7297067573310667,0.17760738450647823,0.6635082604470359,0.153799738619298,outputs_small/ntrain_75/tcsr_fitted/aids/linear/lambda_0.0/target_lr_0.01/landmark_True/seed_7,75
tcsr_fitted,aids,linear,0.0,0.0,True,2,0.6514581373471308,0.1736954347938491,0.6839164237123421,0.15325688799347684,outputs_small/ntrain_75/tcsr_fitted/aids/linear/lambda_0.0/target_lr_0.0/landmark_True/seed_2,75
tcsr_fitted,aids,linear,0.0,0.0,True,5,0.6926567656765676,0.17872046665360802,0.6324101068999028,0.15799176196578896,outputs_small/ntrain_75/tcsr_fitted/aids/linear/lambda_0.0/target_lr_0.0/landmark_True/seed_5,75
tcsr_fitted,aids,linear,0.0,0.0,True,4,0.7219808861859253,0.1746489943044474,0.7113702623906706,0.14670834405686686,outputs_small/ntrain_75/tcsr_fitted/aids/linear/lambda_0.0/target_lr_0.0/landmark_True/seed_4,75
tcsr_fitted,aids,linear,0.0,0.0,True,3,0.6486599664991625,0.20174870968952954,0.7028668610301263,0.15351786825958647,outputs_small/ntrain_75/tcsr_fitted/aids/linear/lambda_0.0/target_lr_0.0/landmark_True/seed_3,75
tcsr_fitted,aids,linear,0.0,0.0,True,6,0.7067363530778165,0.1680987979254413,0.6700680272108843,0.14530842335851668,outputs_small/ntrain_75/tcsr_fitted/aids/linear/lambda_0.0/target_lr_0.0/landmark_True/seed_6,75
tcsr_fitted,aids,linear,0.0,0.0,True,1,0.7046366473473027,0.1738785036057975,0.6720116618075802,0.14992904712085714,outputs_small/ntrain_75/tcsr_fitted/aids/linear/lambda_0.0/target_lr_0.0/landmark_True/seed_1,75
tcsr_fitted,aids,linear,0.0,0.0,True,8,0.6350649350649351,0.1784808737455691,0.706997084548105,0.15474625037902956,outputs_small/ntrain_75/tcsr_fitted/aids/linear/lambda_0.0/target_lr_0.0/landmark_True/seed_8,75
tcsr_fitted,aids,linear,0.0,0.0,True,9,0.6102127659574468,0.1758858401763403,0.6401846452866861,0.14852997630463366,outputs_small/ntrain_75/tcsr_fitted/aids/linear/lambda_0.0/target_lr_0.0/landmark_True/seed_9,75
tcsr_fitted,aids,linear,0.0,0.0,True,0,0.7089582488852858,0.14600186328780052,0.6615646258503401,0.15185962530737787,outputs_small/ntrain_75/tcsr_fitted/aids/linear/lambda_0.0/target_lr_0.0/landmark_True/seed_0,75
tcsr_fitted,aids,linear,0.0,0.0,True,7,0.7297067573310667,0.17732211468953338,0.6635082604470359,0.1534833795285905,outputs_small/ntrain_75/tcsr_fitted/aids/linear/lambda_0.0/target_lr_0.0/landmark_True/seed_7,75
tcsr_fitted,rw,linear,0.0,1.0,True,2,0.6700045908412716,0.19407152807771347,0.7266814530631819,0.19033659029665156,outputs_small/ntrain_75/tcsr_fitted/rw/linear/lambda_0.0/target_lr_1.0/landmark_True/seed_2,75
tcsr_fitted,rw,linear,0.0,1.0,True,5,0.6841360608382951,0.20129748708319148,0.7056108380290133,0.19550705290746717,outputs_small/ntrain_75/tcsr_fitted/rw/linear/lambda_0.0/target_lr_1.0/landmark_True/seed_5,75
tcsr_fitted,rw,linear,0.0,1.0,True,4,0.704052226077751,0.19907989435361276,0.7039923270591056,0.19365964244851935,outputs_small/ntrain_75/tcsr_fitted/rw/linear/lambda_0.0/target_lr_1.0/landmark_True/seed_4,75
tcsr_fitted,rw,linear,0.0,1.0,True,3,0.652634677656756,0.22318640434222173,0.6970387243735763,0.19869789412658823,outputs_small/ntrain_75/tcsr_fitted/rw/linear/lambda_0.0/target_lr_1.0/landmark_True/seed_3,75
tcsr_fitted,rw,linear,0.0,1.0,True,6,0.6531586608442503,0.20672544646078164,0.7058805898573313,0.19660999244619987,outputs_small/ntrain_75/tcsr_fitted/rw/linear/lambda_0.0/target_lr_1.0/landmark_True/seed_6,75
tcsr_fitted,rw,linear,0.0,1.0,True,1,0.623911992263056,0.24185705214509165,0.669673900011989,0.20094112125848346,outputs_small/ntrain_75/tcsr_fitted/rw/linear/lambda_0.0/target_lr_1.0/landmark_True/seed_1,75
tcsr_fitted,rw,linear,0.0,1.0,True,8,0.7025496608527132,0.20094616766955173,0.7147524277664549,0.19262763687276918,outputs_small/ntrain_75/tcsr_fitted/rw/linear/lambda_0.0/target_lr_1.0/landmark_True/seed_8,75
tcsr_fitted,rw,linear,0.0,1.0,True,9,0.6381624825662483,0.21509867179266506,0.7043819685888982,0.19391224833049917,outputs_small/ntrain_75/tcsr_fitted/rw/linear/lambda_0.0/target_lr_1.0/landmark_True/seed_9,75
tcsr_fitted,rw,linear,0.0,1.0,True,0,0.6769883227792948,0.19717954657348036,0.7039923270591056,0.20020401461427373,outputs_small/ntrain_75/tcsr_fitted/rw/linear/lambda_0.0/target_lr_1.0/landmark_True/seed_0,75
tcsr_fitted,rw,linear,0.0,1.0,True,7,0.6283878097010586,0.21480149990984732,0.7064200935139672,0.1999549554640203,outputs_small/ntrain_75/tcsr_fitted/rw/linear/lambda_0.0/target_lr_1.0/landmark_True/seed_7,75
tcsr_fitted,rw,linear,0.0,0.1,True,2,0.67152530701251,0.19536200898025033,0.727730487951085,0.19082845314523889,outputs_small/ntrain_75/tcsr_fitted/rw/linear/lambda_0.0/target_lr_0.1/landmark_True/seed_2,75
tcsr_fitted,rw,linear,0.0,0.1,True,5,0.6846666273654425,0.20180114726541445,0.703692602805419,0.1961255027227535,outputs_small/ntrain_75/tcsr_fitted/rw/linear/lambda_0.0/target_lr_0.1/landmark_True/seed_5,75
tcsr_fitted,rw,linear,0.0,0.1,True,4,0.7094630359348351,0.19688386770852218,0.7093274187747273,0.19229390016791242,outputs_small/ntrain_75/tcsr_fitted/rw/linear/lambda_0.0/target_lr_0.1/landmark_True/seed_4,75
tcsr_fitted,rw,linear,0.0,0.1,True,3,0.6548130703561966,0.22346836647505508,0.6944910682172402,0.19810483600646034,outputs_small/ntrain_75/tcsr_fitted/rw/linear/lambda_0.0/target_lr_0.1/landmark_True/seed_3,75
tcsr_fitted,rw,linear,0.0,0.1,True,6,0.6495487627365356,0.2071052166580664,0.7033029612756264,0.19657873840006188,outputs_small/ntrain_75/tcsr_fitted/rw/linear/lambda_0.0/target_lr_0.1/landmark_True/seed_6,75
tcsr_fitted,rw,linear,0.0,0.1,True,1,0.6279315764023211,0.24094300102310962,0.6690744515046158,0.20060003985299638,outputs_small/ntrain_75/tcsr_fitted/rw/linear/lambda_0.0/target_lr_0.1/landmark_True/seed_1,75
tcsr_fitted,rw,linear,0.0,0.1,True,8,0.7116036821705426,0.19948600247591372,0.7142728689605563,0.19198903056856403,outputs_small/ntrain_75/tcsr_fitted/rw/linear/lambda_0.0/target_lr_0.1/landmark_True/seed_8,75
tcsr_fitted,rw,linear,0.0,0.1,True,9,0.6373489074848907,0.2152213223903831,0.703692602805419,0.19332964333585537,outputs_small/ntrain_75/tcsr_fitted/rw/linear/lambda_0.0/target_lr_0.1/landmark_True/seed_9,75
tcsr_fitted,rw,linear,0.0,0.1,True,0,0.676668796839598,0.19788783236610777,0.7038724373576309,0.2010070643056194,outputs_small/ntrain_75/tcsr_fitted/rw/linear/lambda_0.0/target_lr_0.1/landmark_True/seed_0,75
tcsr_fitted,rw,linear,0.0,0.1,True,7,0.6300162847504943,0.2159845463753079,0.7045917755664788,0.20115621350363944,outputs_small/ntrain_75/tcsr_fitted/rw/linear/lambda_0.0/target_lr_0.1/landmark_True/seed_7,75
tcsr_fitted,rw,linear,0.0,0.01,True,2,0.6719843911396763,0.19550270874467643,0.7292590816448867,0.19088715558193706,outputs_small/ntrain_75/tcsr_fitted/rw/linear/lambda_0.0/target_lr_0.01/landmark_True/seed_2,75
tcsr_fitted,rw,linear,0.0,0.01,True,5,0.683959205329246,0.2018583655862785,0.7031530991487831,0.1961920069639685,outputs_small/ntrain_75/tcsr_fitted/rw/linear/lambda_0.0/target_lr_0.01/landmark_True/seed_5,75
tcsr_fitted,rw,linear,0.0,0.01,True,4,0.7095218490854555,0.19668363712697456,0.7103464812372617,0.19217049984450918,outputs_small/ntrain_75/tcsr_fitted/rw/linear/lambda_0.0/target_lr_0.01/landmark_True/seed_4,75
tcsr_fitted,rw,linear,0.0,0.01,True,3,0.6546658816602885,0.2235220563105535,0.6944910682172402,0.19806974428897106,outputs_small/ntrain_75/tcsr_fitted/rw/linear/lambda_0.0/target_lr_0.01/landmark_True/seed_3,75
tcsr_fitted,rw,linear,0.0,0.01,True,6,0.6487045123726346,0.20715591276100156,0.7028833473204652,0.19658580356334704,outputs_small/ntrain_75/tcsr_fitted/rw/linear/lambda_0.0/target_lr_0.01/landmark_True/seed_6,75
tcsr_fitted,rw,linear,0.0,0.01,True,1,0.6293520309477756,0.24088227401474932,0.6670063541541782,0.20058536978244348,outputs_small/ntrain_75/tcsr_fitted/rw/linear/lambda_0.0/target_lr_0.01/landmark_True/seed_1,75
tcsr_fitted,rw,linear,0.0,0.01,True,8,0.7117853682170543,0.19935080422985674,0.7134036686248652,0.191936575326413,outputs_small/ntrain_75/tcsr_fitted/rw/linear/lambda_0.0/target_lr_0.01/landmark_True/seed_8,75
tcsr_fitted,rw,linear,0.0,0.01,True,9,0.637639470013947,0.21525243102395986,0.7041721616113176,0.19328630086978627,outputs_small/ntrain_75/tcsr_fitted/rw/linear/lambda_0.0/target_lr_0.01/landmark_True/seed_9,75
tcsr_fitted,rw,linear,0.0,0.01,True,0,0.6789635740428746,0.19796989008851607,0.7032130439995204,0.2010977322663703,outputs_small/ntrain_75/tcsr_fitted/rw/linear/lambda_0.0/target_lr_0.01/landmark_True/seed_0,75
tcsr_fitted,rw,linear,0.0,0.01,True,7,0.6307432825404211,0.21611300953419538,0.7046217479918475,0.20127915244251593,outputs_small/ntrain_75/tcsr_fitted/rw/linear/lambda_0.0/target_lr_0.01/landmark_True/seed_7,75
tcsr_fitted,rw,linear,0.0,0.0,True,2,0.6708653735797084,0.19551843274144542,0.730997482316269,0.1908937556047877,outputs_small/ntrain_75/tcsr_fitted/rw/linear/lambda_0.0/target_lr_0.0/landmark_True/seed_2,75
tcsr_fitted,rw,linear,0.0,0.0,True,5,0.683959205329246,0.20186477178277545,0.7039623546337369,0.196199413147755,outputs_small/ntrain_75/tcsr_fitted/rw/linear/lambda_0.0/target_lr_0.0/landmark_True/seed_5,75
tcsr_fitted,rw,linear,0.0,0.0,True,4,0.709345409633594,0.1966616518203973,0.7103464812372617,0.19215695832195004,outputs_small/ntrain_75/tcsr_fitted/rw/linear/lambda_0.0/target_lr_0.0/landmark_True/seed_4,75
tcsr_fitted,rw,linear,0.0,0.0,True,3,0.6546658816602885,0.2235283325857717,0.6944910682172402,0.1980661577285434,outputs_small/ntrain_75/tcsr_fitted/rw/linear/lambda_0.0/target_lr_0.0/landmark_True/seed_3,75
tcsr_fitted,rw,linear,0.0,0.0,True,6,0.6487045123726346,0.20716167930067797,0.7031231267234145,0.196586695090289,outputs_small/ntrain_75/tcsr_fitted/rw/linear/lambda_0.0/target_lr_0.0/landmark_True/seed_6,75
tcsr_fitted,rw,linear,0.0,0.0,True,1,0.6293520309477756,0.2408759270899811,0.6675458578108141,0.20058397087180888,outputs_small/ntrain_75/tcsr_fitted/rw/linear/lambda_0.0/target_lr_0.0/landmark_True/seed_1,75
tcsr_fitted,rw,linear,0.0,0.0,True,8,0.7117853682170543,0.19933592185221333,0.7134036686248652,0.19193087759785635,outputs_small/ntrain_75/tcsr_fitted/rw/linear/lambda_0.0/target_lr_0.0/landmark_True/seed_8,75
tcsr_fitted,rw,linear,0.0,0.0,True,9,0.637639470013947,0.215256098256581,0.7041721616113176,0.1932816556236637,outputs_small/ntrain_75/tcsr_fitted/rw/linear/lambda_0.0/target_lr_0.0/landmark_True/seed_9,75
tcsr_fitted,rw,linear,0.0,0.0,True,0,0.6786150002904782,0.19797910782792327,0.7034528234024697,0.20110789578591085,outputs_small/ntrain_75/tcsr_fitted/rw/linear/lambda_0.0/target_lr_0.0/landmark_True/seed_0,75
tcsr_fitted,rw,linear,0.0,0.0,True,7,0.6307432825404211,0.2161273655374454,0.7066299004915477,0.20129279406542372,outputs_small/ntrain_75/tcsr_fitted/rw/linear/lambda_0.0/target_lr_0.0/landmark_True/seed_7,75
inc_tcsr,pbc2,linear,0.0,1.0,True,2,0.8188539741219963,0.13753614907483452,0.8617125984251969,0.13763674064098294,outputs_small/ntrain_75/inc_tcsr/pbc2/linear/lambda_0.0/target_lr_1.0/landmark_True/seed_2,75
inc_tcsr,pbc2,linear,0.0,1.0,True,5,0.7040332147093713,0.20784970103321238,0.8474409448818898,0.1372398019511939,outputs_small/ntrain_75/inc_tcsr/pbc2/linear/lambda_0.0/target_lr_1.0/landmark_True/seed_5,75
inc_tcsr,pbc2,linear,0.0,1.0,True,4,0.7512019230769231,0.1600893983509998,0.8607283464566929,0.12864938191408745,outputs_small/ntrain_75/inc_tcsr/pbc2/linear/lambda_0.0/target_lr_1.0/landmark_True/seed_4,75
inc_tcsr,pbc2,linear,0.0,1.0,True,3,0.8056133056133056,0.12715839992943392,0.8292322834645669,0.13831884835845526,outputs_small/ntrain_75/inc_tcsr/pbc2/linear/lambda_0.0/target_lr_1.0/landmark_True/seed_3,75
inc_tcsr,pbc2,linear,0.0,1.0,True,6,0.8458121827411168,0.14407970862160144,0.8508858267716536,0.13482100745157702,outputs_small/ntrain_75/inc_tcsr/pbc2/linear/lambda_0.0/target_lr_1.0/landmark_True/seed_6,75
inc_tcsr,pbc2,linear,0.0,1.0,True,1,0.809850374064838,0.1795084908862175,0.8656496062992126,0.1285351478906527,outputs_small/ntrain_75/inc_tcsr/pbc2/linear/lambda_0.0/target_lr_1.0/landmark_True/seed_1,75
inc_tcsr,pbc2,linear,0.0,1.0,True,8,0.7282229965156795,0.17027527904712184,0.8548228346456693,0.12656464649954918,outputs_small/ntrain_75/inc_tcsr/pbc2/linear/lambda_0.0/target_lr_1.0/landmark_True/seed_8,75
inc_tcsr,pbc2,linear,0.0,1.0,True,9,0.7985571587125416,0.15962652657000648,0.8577755905511811,0.11752382633159121,outputs_small/ntrain_75/inc_tcsr/pbc2/linear/lambda_0.0/target_lr_1.0/landmark_True/seed_9,75
inc_tcsr,pbc2,linear,0.0,1.0,True,0,0.783816425120773,0.15104233701565276,0.8469488188976378,0.1264349754321441,outputs_small/ntrain_75/inc_tcsr/pbc2/linear/lambda_0.0/target_lr_1.0/landmark_True/seed_0,75
inc_tcsr,pbc2,linear,0.0,1.0,True,7,0.7197149643705463,0.19746355049281414,0.8631889763779528,0.12699953221400356,outputs_small/ntrain_75/inc_tcsr/pbc2/linear/lambda_0.0/target_lr_1.0/landmark_True/seed_7,75
inc_tcsr,aids,linear,0.0,1.0,True,2,0.5105832549388523,0.1957302104607629,0.6207482993197279,0.16802993629328897,outputs_small/ntrain_75/inc_tcsr/aids/linear/lambda_0.0/target_lr_1.0/landmark_True/seed_2,75
inc_tcsr,aids,linear,0.0,1.0,True,5,0.639026402640264,0.19994386509763706,0.6297376093294461,0.17886634261265277,outputs_small/ntrain_75/inc_tcsr/aids/linear/lambda_0.0/target_lr_1.0/landmark_True/seed_5,75
inc_tcsr,aids,linear,0.0,1.0,True,4,0.6789748045178106,0.18621418217842106,0.6722546161321672,0.15612818309129511,outputs_small/ntrain_75/inc_tcsr/aids/linear/lambda_0.0/target_lr_1.0/landmark_True/seed_4,75
inc_tcsr,aids,linear,0.0,1.0,True,3,0.6620603015075377,0.197541785310405,0.6686103012633625,0.15231986088784683,outputs_small/ntrain_75/inc_tcsr/aids/linear/lambda_0.0/target_lr_1.0/landmark_True/seed_3,75
inc_tcsr,aids,linear,0.0,1.0,True,6,0.6883468834688347,0.17821478915504393,0.7213313896987367,0.14771773426824103,outputs_small/ntrain_75/inc_tcsr/aids/linear/lambda_0.0/target_lr_1.0/landmark_True/seed_6,75
inc_tcsr,aids,linear,0.0,1.0,True,1,0.6551493535443602,0.19721105098173003,0.5891642371234208,0.16413431331648098,outputs_small/ntrain_75/inc_tcsr/aids/linear/lambda_0.0/target_lr_1.0/landmark_True/seed_1,75
inc_tcsr,aids,linear,0.0,1.0,True,8,0.6261904761904762,0.17500087686307614,0.6700680272108843,0.15050369275055556,outputs_small/ntrain_75/inc_tcsr/aids/linear/lambda_0.0/target_lr_1.0/landmark_True/seed_8,75
inc_tcsr,aids,linear,0.0,1.0,True,9,0.6106382978723405,0.1836109187373444,0.640427599611273,0.16697452809504862,outputs_small/ntrain_75/inc_tcsr/aids/linear/lambda_0.0/target_lr_1.0/landmark_True/seed_9,75
inc_tcsr,aids,linear,0.0,1.0,True,0,0.6967977300364816,0.18852279729818794,0.6666666666666666,0.15323647665569534,outputs_small/ntrain_75/inc_tcsr/aids/linear/lambda_0.0/target_lr_1.0/landmark_True/seed_0,75
inc_tcsr,aids,linear,0.0,1.0,True,7,0.7059073523161921,0.18244113001363937,0.6379980563654033,0.1526577171608969,outputs_small/ntrain_75/inc_tcsr/aids/linear/lambda_0.0/target_lr_1.0/landmark_True/seed_7,75
inc_tcsr,rw,linear,0.0,1.0,True,2,0.6595317341902903,0.25075455094048427,0.7106462054909484,0.24434243875881137,outputs_small/ntrain_75/inc_tcsr/rw/linear/lambda_0.0/target_lr_1.0/landmark_True/seed_2,75
inc_tcsr,rw,linear,0.0,1.0,True,5,0.660584802216589,0.2506045774270206,0.6860987891140151,0.2510067170456287,outputs_small/ntrain_75/inc_tcsr/rw/linear/lambda_0.0/target_lr_1.0/landmark_True/seed_5,75
inc_tcsr,rw,linear,0.0,1.0,True,4,0.7045227312827148,0.19819608229958613,0.7239839347800024,0.20964361408180981,outputs_small/ntrain_75/inc_tcsr/rw/linear/lambda_0.0/target_lr_1.0/landmark_True/seed_4,75
inc_tcsr,rw,linear,0.0,1.0,True,3,0.667382984986753,0.2281231443152746,0.6941613715381849,0.20813147359535417,outputs_small/ntrain_75/inc_tcsr/rw/linear/lambda_0.0/target_lr_1.0/landmark_True/seed_3,75
inc_tcsr,rw,linear,0.0,1.0,True,6,0.6535953420669578,0.24158462344322107,0.6929924469488071,0.23065213863011977,outputs_small/ntrain_75/inc_tcsr/rw/linear/lambda_0.0/target_lr_1.0/landmark_True/seed_6,75
inc_tcsr,rw,linear,0.0,1.0,True,1,0.6199528529980658,0.24349558837645632,0.6736002877352836,0.22590942866327982,outputs_small/ntrain_75/inc_tcsr/rw/linear/lambda_0.0/target_lr_1.0/landmark_True/seed_1,75
inc_tcsr,rw,linear,0.0,1.0,True,8,0.7175084786821705,0.21613203360232777,0.7048315549694282,0.22894518427640476,outputs_small/ntrain_75/inc_tcsr/rw/linear/lambda_0.0/target_lr_1.0/landmark_True/seed_8,75
inc_tcsr,rw,linear,0.0,1.0,True,9,0.6389760576476058,0.24626550318858018,0.6904747632178396,0.232739308865961,outputs_small/ntrain_75/inc_tcsr/rw/linear/lambda_0.0/target_lr_1.0/landmark_True/seed_9,75
inc_tcsr,rw,linear,0.0,1.0,True,0,0.6760006971475048,0.24728172209516924,0.695300323702194,0.25285784783261506,outputs_small/ntrain_75/inc_tcsr/rw/linear/lambda_0.0/target_lr_1.0/landmark_True/seed_0,75
inc_tcsr,rw,linear,0.0,1.0,True,7,0.6316738397115272,0.2557225667205216,0.7085181632897735,0.24980044649593267,outputs_small/ntrain_75/inc_tcsr/rw/linear/lambda_0.0/target_lr_1.0/landmark_True/seed_7,75
cox,pbc2,linear,0.0,1.0,True,2,0.6728280961182994,0.30432745693851354,0.6392716535433071,0.2515351183143901,outputs_small/ntrain_75/cox/pbc2/linear/lambda_0.0/target_lr_1.0/landmark_True/seed_2,75
cox,pbc2,linear,0.0,1.0,True,5,0.5919335705812574,0.2670694403779277,0.6683070866141733,0.228338860053038,outputs_small/ntrain_75/cox/pbc2/linear/lambda_0.0/target_lr_1.0/landmark_True/seed_5,75
cox,pbc2,linear,0.0,1.0,True,4,0.6826923076923077,0.25402944909147734,0.6461614173228346,0.24337160928892398,outputs_small/ntrain_75/cox/pbc2/linear/lambda_0.0/target_lr_1.0/landmark_True/seed_4,75
cox,pbc2,linear,0.0,1.0,True,3,0.7692307692307693,0.1978542521366897,0.7263779527559056,0.2270232939147952,outputs_small/ntrain_75/cox/pbc2/linear/lambda_0.0/target_lr_1.0/landmark_True/seed_3,75
cox,pbc2,linear,0.0,1.0,True,6,0.7062182741116751,0.22310786535054447,0.7480314960629921,0.17838256138622513,outputs_small/ntrain_75/cox/pbc2/linear/lambda_0.0/target_lr_1.0/landmark_True/seed_6,75
cox,pbc2,linear,0.0,1.0,True,1,0.7855361596009975,0.173819619823241,0.8051181102362205,0.13124060750544309,outputs_small/ntrain_75/cox/pbc2/linear/lambda_0.0/target_lr_1.0/landmark_True/seed_1,75
cox,pbc2,linear,0.0,1.0,True,8,0.6724738675958188,0.24984661872073133,0.7608267716535433,0.1846493622447189,outputs_small/ntrain_75/cox/pbc2/linear/lambda_0.0/target_lr_1.0/landmark_True/seed_8,75
cox,pbc2,linear,0.0,1.0,True,9,0.681465038845727,0.25034927420591874,0.6284448818897638,0.2531447291564235,outputs_small/ntrain_75/cox/pbc2/linear/lambda_0.0/target_lr_1.0/landmark_True/seed_9,75
cox,pbc2,linear,0.0,1.0,True,0,0.6841787439613527,0.25233334429141324,0.7563976377952756,0.20963097560154853,outputs_small/ntrain_75/cox/pbc2/linear/lambda_0.0/target_lr_1.0/landmark_True/seed_0,75
cox,pbc2,linear,0.0,1.0,True,7,0.6567695961995249,0.24843556476809328,0.6751968503937008,0.22977706973013276,outputs_small/ntrain_75/cox/pbc2/linear/lambda_0.0/target_lr_1.0/landmark_True/seed_7,75
cox,aids,linear,0.0,1.0,True,2,0.5529162746942615,0.2096758943104745,0.5930515063168125,0.218529071364556,outputs_small/ntrain_75/cox/aids/linear/lambda_0.0/target_lr_1.0/landmark_True/seed_2,75
cox,aids,linear,0.0,1.0,True,5,0.5115511551155115,0.23394650820869461,0.5,0.22454607749979485,outputs_small/ntrain_75/cox/aids/linear/lambda_0.0/target_lr_1.0/landmark_True/seed_5,75
cox,aids,linear,0.0,1.0,True,4,0.5962206776715899,0.20287277387550384,0.5801749271137027,0.2029086295602502,outputs_small/ntrain_75/cox/aids/linear/lambda_0.0/target_lr_1.0/landmark_True/seed_4,75
cox,aids,linear,0.0,1.0,True,3,0.6139028475711893,0.1963220971323193,0.6491739552964043,0.17089425666216762,outputs_small/ntrain_75/cox/aids/linear/lambda_0.0/target_lr_1.0/landmark_True/seed_3,75
cox,aids,linear,0.0,1.0,True,6,0.5181958962446768,0.22181099580389527,0.5928085519922255,0.17389724899643813,outputs_small/ntrain_75/cox/aids/linear/lambda_0.0/target_lr_1.0/landmark_True/seed_6,75
cox,aids,linear,0.0,1.0,True,1,0.5809184128399465,0.267825945410213,0.5519922254616132,0.22132012185122107,outputs_small/ntrain_75/cox/aids/linear/lambda_0.0/target_lr_1.0/landmark_True/seed_1,75
cox,aids,linear,0.0,1.0,True,8,0.5525974025974026,0.20188562322176634,0.6265792031098154,0.16993947609808835,outputs_small/ntrain_75/cox/aids/linear/lambda_0.0/target_lr_1.0/landmark_True/seed_8,75
cox,aids,linear,0.0,1.0,True,9,0.5182978723404256,0.2223055547464823,0.5,0.2330157357380206,outputs_small/ntrain_75/cox/aids/linear/lambda_0.0/target_lr_1.0/landmark_True/seed_9,75
cox,aids,linear,0.0,1.0,True,0,0.6291041751114714,0.18282615223925963,0.5551506316812439,0.20370006800001336,outputs_small/ntrain_75/cox/aids/linear/lambda_0.0/target_lr_1.0/landmark_True/seed_0,75
cox,aids,linear,0.0,1.0,True,7,0.6200594985125372,0.19528490990418118,0.5493197278911565,0.18999688301862883,outputs_small/ntrain_75/cox/aids/linear/lambda_0.0/target_lr_1.0/landmark_True/seed_7,75
cox,rw,linear,0.0,1.0,True,2,0.6186445541145414,0.30555143382245453,0.6446469248291572,0.2810149193314979,outputs_small/ntrain_75/cox/rw/linear/lambda_0.0/target_lr_1.0/landmark_True/seed_2,75
cox,rw,linear,0.0,1.0,True,5,0.6443730472204209,0.24541822389496282,0.6619410142668745,0.24790835805786116,outputs_small/ntrain_75/cox/rw/linear/lambda_0.0/target_lr_1.0/landmark_True/seed_5,75
cox,rw,linear,0.0,1.0,True,4,0.6676762924189849,0.21352978049561216,0.6793250209806978,0.21588271930251923,outputs_small/ntrain_75/cox/rw/linear/lambda_0.0/target_lr_1.0/landmark_True/seed_4,75
cox,rw,linear,0.0,1.0,True,3,0.6582572858404474,0.23100835284603832,0.6533988730368061,0.21529268176511082,outputs_small/ntrain_75/cox/rw/linear/lambda_0.0/target_lr_1.0/landmark_True/seed_3,75
cox,rw,linear,0.0,1.0,True,6,0.6259097525473072,0.22992186749114626,0.642369020501139,0.22831790979510697,outputs_small/ntrain_75/cox/rw/linear/lambda_0.0/target_lr_1.0/landmark_True/seed_6,75
cox,rw,linear,0.0,1.0,True,1,0.5971953578336557,0.2554578904684042,0.6382028533748951,0.23596366875789987,outputs_small/ntrain_75/cox/rw/linear/lambda_0.0/target_lr_1.0/landmark_True/seed_1,75
cox,rw,linear,0.0,1.0,True,8,0.5757933624031008,0.30159790479810716,0.6199496463253806,0.2845964030450579,outputs_small/ntrain_75/cox/rw/linear/lambda_0.0/target_lr_1.0/landmark_True/seed_8,75
cox,rw,linear,0.0,1.0,True,9,0.6339783821478382,0.23719834286007518,0.6961395516125165,0.2152209629230065,outputs_small/ntrain_75/cox/rw/linear/lambda_0.0/target_lr_1.0/landmark_True/seed_9,75
cox,rw,linear,0.0,1.0,True,0,0.6051821297856271,0.31731101536615186,0.6126064021100588,0.32411826931786697,outputs_small/ntrain_75/cox/rw/linear/lambda_0.0/target_lr_1.0/landmark_True/seed_0,75
cox,rw,linear,0.0,1.0,True,7,0.6278643712923113,0.2443215223054958,0.6353255005395037,0.2444532926201232,outputs_small/ntrain_75/cox/rw/linear/lambda_0.0/target_lr_1.0/landmark_True/seed_7,75
d_tcsr,pbc2,linear,0.0,0.5,True,2,0.7301293900184843,0.21970192560030288,0.78248031496063,0.27989970432182415,outputs_small/ntrain_75/d_tcsr/pbc2/linear/lambda_0.0/target_lr_0.5/landmark_True/seed_2,75
d_tcsr,pbc2,linear,0.0,0.5,True,5,0.6257413997627521,0.3173141251300875,0.8095472440944882,0.2672982793710053,outputs_small/ntrain_75/d_tcsr/pbc2/linear/lambda_0.0/target_lr_0.5/landmark_True/seed_5,75
d_tcsr,pbc2,linear,0.0,0.5,True,4,0.6706730769230769,0.23622040738345065,0.7539370078740157,0.26211266513668247,outputs_small/ntrain_75/d_tcsr/pbc2/linear/lambda_0.0/target_lr_0.5/landmark_True/seed_4,75
d_tcsr,pbc2,linear,0.0,0.5,True,3,0.7661122661122661,0.26525652355327395,0.7529527559055118,0.27511451614624743,outputs_small/ntrain_75/d_tcsr/pbc2/linear/lambda_0.0/target_lr_0.5/landmark_True/seed_3,75
d_tcsr,pbc2,linear,0.0,0.5,True,6,0.7455583756345178,0.22509411979119806,0.7554133858267716,0.2599118424203382,outputs_small/ntrain_75/d_tcsr/pbc2/linear/lambda_0.0/target_lr_0.5/landmark_True/seed_6,75
d_tcsr,pbc2,linear,0.0,0.5,True,1,0.773067331670823,0.27463972896584465,0.7573818897637795,0.2647147883084491,outputs_small/ntrain_75/d_tcsr/pbc2/linear/lambda_0.0/target_lr_0.5/landmark_True/seed_1,75
d_tcsr,pbc2,linear,0.0,0.5,True,8,0.6666666666666666,0.24436482620275454,0.7859251968503937,0.26601551992475336,outputs_small/ntrain_75/d_tcsr/pbc2/linear/lambda_0.0/target_lr_0.5/landmark_True/seed_8,75
d_tcsr,pbc2,linear,0.0,0.5,True,9,0.6920088790233074,0.29448742080412377,0.7618110236220472,0.26396666852720396,outputs_small/ntrain_75/d_tcsr/pbc2/linear/lambda_0.0/target_lr_0.5/landmark_True/seed_9,75
d_tcsr,pbc2,linear,0.0,0.5,True,0,0.7566425120772947,0.2345609602359227,0.7308070866141733,0.26584772611359936,outputs_small/ntrain_75/d_tcsr/pbc2/linear/lambda_0.0/target_lr_0.5/landmark_True/seed_0,75
d_tcsr,pbc2,linear,0.0,0.5,True,7,0.6728028503562945,0.2826455440539975,0.7750984251968503,0.26190657461528605,outputs_small/ntrain_75/d_tcsr/pbc2/linear/lambda_0.0/target_lr_0.5/landmark_True/seed_7,75
d_tcsr,pbc2,linear,0.0,0.05,True,2,0.5868761552680222,0.33268922863678363,0.6195866141732284,0.4444942172005422,outputs_small/ntrain_75/d_tcsr/pbc2/linear/lambda_0.0/target_lr_0.05/landmark_True/seed_2,75
d_tcsr,pbc2,linear,0.0,0.05,True,5,0.636417556346382,0.45192087009309573,0.6756889763779528,0.436388561990213,outputs_small/ntrain_75/d_tcsr/pbc2/linear/lambda_0.0/target_lr_0.05/landmark_True/seed_5,75
d_tcsr,pbc2,linear,0.0,0.05,True,4,0.59375,0.39293289109551977,0.6259842519685039,0.4416803189589575,outputs_small/ntrain_75/d_tcsr/pbc2/linear/lambda_0.0/target_lr_0.05/landmark_True/seed_4,75
d_tcsr,pbc2,linear,0.0,0.05,True,3,0.5639293139293139,0.43972819610769537,0.5418307086614174,0.4511669289782794,outputs_small/ntrain_75/d_tcsr/pbc2/linear/lambda_0.0/target_lr_0.05/landmark_True/seed_3,75
d_tcsr,pbc2,linear,0.0,0.05,True,6,0.565989847715736,0.4055157106844324,0.6107283464566929,0.4447305738309441,outputs_small/ntrain_75/d_tcsr/pbc2/linear/lambda_0.0/target_lr_0.05/landmark_True/seed_6,75
d_tcsr,pbc2,linear,0.0,0.05,True,1,0.6315461346633416,0.42016865538821535,0.6515748031496063,0.4381968326702719,outputs_small/ntrain_75/d_tcsr/pbc2/linear/lambda_0.0/target_lr_0.05/landmark_True/seed_1,75
d_tcsr,pbc2,linear,0.0,0.05,True,8,0.6747967479674797,0.392357059542636,0.6131889763779528,0.44340635029674696,outputs_small/ntrain_75/d_tcsr/pbc2/linear/lambda_0.0/target_lr_0.05/landmark_True/seed_8,75
d_tcsr,pbc2,linear,0.0,0.05,True,9,0.6453940066592675,0.42116596637222126,0.6274606299212598,0.44110950505104835,outputs_small/ntrain_75/d_tcsr/pbc2/linear/lambda_0.0/target_lr_0.05/landmark_True/seed_9,75
d_tcsr,pbc2,linear,0.0,0.05,True,0,0.6129227053140096,0.4135760979993001,0.6131889763779528,0.44406780151841063,outputs_small/ntrain_75/d_tcsr/pbc2/linear/lambda_0.0/target_lr_0.05/landmark_True/seed_0,75
d_tcsr,pbc2,linear,0.0,0.05,True,7,0.6181710213776722,0.452377522741169,0.7007874015748031,0.4365750144018283,outputs_small/ntrain_75/d_tcsr/pbc2/linear/lambda_0.0/target_lr_0.05/landmark_True/seed_7,75
d_tcsr,pbc2,linear,0.0,0.95,True,2,0.7763401109057301,0.15564878938076143,0.8149606299212598,0.15244207481319433,outputs_small/ntrain_75/d_tcsr/pbc2/linear/lambda_0.0/target_lr_0.95/landmark_True/seed_2,75
d_tcsr,pbc2,linear,0.0,0.95,True,5,0.6583629893238434,0.21862949272059232,0.8184055118110236,0.14839461084721037,outputs_small/ntrain_75/d_tcsr/pbc2/linear/lambda_0.0/target_lr_0.95/landmark_True/seed_5,75
d_tcsr,pbc2,linear,0.0,0.95,True,4,0.7193509615384616,0.1711936573433602,0.8154527559055118,0.144113294291847,outputs_small/ntrain_75/d_tcsr/pbc2/linear/lambda_0.0/target_lr_0.95/landmark_True/seed_4,75
d_tcsr,pbc2,linear,0.0,0.95,True,3,0.7910602910602911,0.14645604145621524,0.7795275590551181,0.15716127478501649,outputs_small/ntrain_75/d_tcsr/pbc2/linear/lambda_0.0/target_lr_0.95/landmark_True/seed_3,75
d_tcsr,pbc2,linear,0.0,0.95,True,6,0.8331218274111675,0.1491655186114803,0.843011811023622,0.14189493620498297,outputs_small/ntrain_75/d_tcsr/pbc2/linear/lambda_0.0/target_lr_0.95/landmark_True/seed_6,75
d_tcsr,pbc2,linear,0.0,0.95,True,1,0.7880299251870324,0.19329754175852826,0.8385826771653543,0.14443770076140164,outputs_small/ntrain_75/d_tcsr/pbc2/linear/lambda_0.0/target_lr_0.95/landmark_True/seed_1,75
d_tcsr,pbc2,linear,0.0,0.95,True,8,0.6794425087108014,0.18163381049165989,0.8125,0.14621376012330733,outputs_small/ntrain_75/d_tcsr/pbc2/linear/lambda_0.0/target_lr_0.95/landmark_True/seed_8,75
d_tcsr,pbc2,linear,0.0,0.95,True,9,0.7658157602663707,0.18611830837186819,0.8223425196850394,0.13429948869645766,outputs_small/ntrain_75/d_tcsr/pbc2/linear/lambda_0.0/target_lr_0.95/landmark_True/seed_9,75
d_tcsr,pbc2,linear,0.0,0.95,True,0,0.7723429951690821,0.14983897760902218,0.8316929133858267,0.13487501839986432,outputs_small/ntrain_75/d_tcsr/pbc2/linear/lambda_0.0/target_lr_0.95/landmark_True/seed_0,75
d_tcsr,pbc2,linear,0.0,0.95,True,7,0.7066508313539193,0.19988319469457225,0.8420275590551181,0.13662108110660864,outputs_small/ntrain_75/d_tcsr/pbc2/linear/lambda_0.0/target_lr_0.95/landmark_True/seed_7,75
d_tcsr,pbc2,linear,0.0,0.75,True,2,0.7444547134935305,0.18154074044169466,0.7642716535433071,0.20534738769640012,outputs_small/ntrain_75/d_tcsr/pbc2/linear/lambda_0.0/target_lr_0.75/landmark_True/seed_2,75
d_tcsr,pbc2,linear,0.0,0.75,True,5,0.66785290628707,0.25713514222375294,0.8085629921259843,0.19153041487197625,outputs_small/ntrain_75/d_tcsr/pbc2/linear/lambda_0.0/target_lr_0.75/landmark_True/seed_5,75
d_tcsr,pbc2,linear,0.0,0.75,True,4,0.6628605769230769,0.19599770848696882,0.750492125984252,0.19633314691095347,outputs_small/ntrain_75/d_tcsr/pbc2/linear/lambda_0.0/target_lr_0.75/landmark_True/seed_4,75
d_tcsr,pbc2,linear,0.0,0.75,True,3,0.7557172557172557,0.19060775180469003,0.7386811023622047,0.20181450658025424,outputs_small/ntrain_75/d_tcsr/pbc2/linear/lambda_0.0/target_lr_0.75/landmark_True/seed_3,75
d_tcsr,pbc2,linear,0.0,0.75,True,6,0.7595177664974619,0.17212192826000716,0.7450787401574803,0.19535105622231883,outputs_small/ntrain_75/d_tcsr/pbc2/linear/lambda_0.0/target_lr_0.75/landmark_True/seed_6,75
d_tcsr,pbc2,linear,0.0,0.75,True,1,0.7369077306733167,0.2312178186866374,0.7544291338582677,0.20232541420760805,outputs_small/ntrain_75/d_tcsr/pbc2/linear/lambda_0.0/target_lr_0.75/landmark_True/seed_1,75
d_tcsr,pbc2,linear,0.0,0.75,True,8,0.632404181184669,0.20002977243946674,0.7578740157480315,0.19577947934436352,outputs_small/ntrain_75/d_tcsr/pbc2/linear/lambda_0.0/target_lr_0.75/landmark_True/seed_8,75
d_tcsr,pbc2,linear,0.0,0.75,True,9,0.7214206437291898,0.23607192227133478,0.7731299212598425,0.18158420470306796,outputs_small/ntrain_75/d_tcsr/pbc2/linear/lambda_0.0/target_lr_0.75/landmark_True/seed_9,75
d_tcsr,pbc2,linear,0.0,0.75,True,0,0.7349033816425121,0.1650301174010115,0.7682086614173228,0.18504351923099993,outputs_small/ntrain_75/d_tcsr/pbc2/linear/lambda_0.0/target_lr_0.75/landmark_True/seed_0,75
d_tcsr,pbc2,linear,0.0,0.75,True,7,0.7102137767220903,0.22174712948044045,0.7937992125984252,0.1848823012315883,outputs_small/ntrain_75/d_tcsr/pbc2/linear/lambda_0.0/target_lr_0.75/landmark_True/seed_7,75
d_tcsr,pbc2,linear,0.0,0.1,True,2,0.6293900184842883,0.3191350184180121,0.7381889763779528,0.4273224996952869,outputs_small/ntrain_75/d_tcsr/pbc2/linear/lambda_0.0/target_lr_0.1/landmark_True/seed_2,75
d_tcsr,pbc2,linear,0.0,0.1,True,5,0.6559905100830368,0.43753733266343925,0.7682086614173228,0.4183933745037003,outputs_small/ntrain_75/d_tcsr/pbc2/linear/lambda_0.0/target_lr_0.1/landmark_True/seed_5,75
d_tcsr,pbc2,linear,0.0,0.1,True,4,0.6442307692307693,0.37455897474489114,0.7465551181102362,0.42331346068288755,outputs_small/ntrain_75/d_tcsr/pbc2/linear/lambda_0.0/target_lr_0.1/landmark_True/seed_4,75
d_tcsr,pbc2,linear,0.0,0.1,True,3,0.6340956340956341,0.4253999995751804,0.6624015748031497,0.43405607641408833,outputs_small/ntrain_75/d_tcsr/pbc2/linear/lambda_0.0/target_lr_0.1/landmark_True/seed_3,75
d_tcsr,pbc2,linear,0.0,0.1,True,6,0.6402284263959391,0.3866723680003916,0.7160433070866141,0.42607002355200135,outputs_small/ntrain_75/d_tcsr/pbc2/linear/lambda_0.0/target_lr_0.1/landmark_True/seed_6,75
d_tcsr,pbc2,linear,0.0,0.1,True,1,0.756857855361596,0.4040781349299387,0.7416338582677166,0.42006082673129463,outputs_small/ntrain_75/d_tcsr/pbc2/linear/lambda_0.0/target_lr_0.1/landmark_True/seed_1,75
d_tcsr,pbc2,linear,0.0,0.1,True,8,0.6718931475029036,0.3759019085292589,0.7480314960629921,0.42518205953645666,outputs_small/ntrain_75/d_tcsr/pbc2/linear/lambda_0.0/target_lr_0.1/landmark_True/seed_8,75
d_tcsr,pbc2,linear,0.0,0.1,True,9,0.6964483906770256,0.40770251575865435,0.7081692913385826,0.4234640886432826,outputs_small/ntrain_75/d_tcsr/pbc2/linear/lambda_0.0/target_lr_0.1/landmark_True/seed_9,75
d_tcsr,pbc2,linear,0.0,0.1,True,0,0.6769323671497585,0.39668955362045727,0.7322834645669292,0.4262421149664855,outputs_small/ntrain_75/d_tcsr/pbc2/linear/lambda_0.0/target_lr_0.1/landmark_True/seed_0,75
d_tcsr,pbc2,linear,0.0,0.1,True,7,0.6543942992874109,0.4345720679429988,0.7263779527559056,0.4184766889027262,outputs_small/ntrain_75/d_tcsr/pbc2/linear/lambda_0.0/target_lr_0.1/landmark_True/seed_7,75
d_tcsr,pbc2,linear,0.0,0.01,True,2,0.5023105360443623,0.34322054580269684,0.5442913385826772,0.4575037171844685,outputs_small/ntrain_75/d_tcsr/pbc2/linear/lambda_0.0/target_lr_0.01/landmark_True/seed_2,75
d_tcsr,pbc2,linear,0.0,0.01,True,5,0.599644128113879,0.46300990917536466,0.6048228346456693,0.45016829744571357,outputs_small/ntrain_75/d_tcsr/pbc2/linear/lambda_0.0/target_lr_0.01/landmark_True/seed_5,75
d_tcsr,pbc2,linear,0.0,0.01,True,4,0.5354567307692307,0.40691222178713676,0.5398622047244095,0.45530291231384756,outputs_small/ntrain_75/d_tcsr/pbc2/linear/lambda_0.0/target_lr_0.01/landmark_True/seed_4,75
d_tcsr,pbc2,linear,0.0,0.01,True,3,0.5124740124740125,0.4498994809146305,0.4950787401574803,0.46383623646504907,outputs_small/ntrain_75/d_tcsr/pbc2/linear/lambda_0.0/target_lr_0.01/landmark_True/seed_3,75
d_tcsr,pbc2,linear,0.0,0.01,True,6,0.5215736040609137,0.4194787035042447,0.5044291338582677,0.4584606139370064,outputs_small/ntrain_75/d_tcsr/pbc2/linear/lambda_0.0/target_lr_0.01/landmark_True/seed_6,75
d_tcsr,pbc2,linear,0.0,0.01,True,1,0.5548628428927681,0.43236178784940127,0.5713582677165354,0.45189257195857074,outputs_small/ntrain_75/d_tcsr/pbc2/linear/lambda_0.0/target_lr_0.01/landmark_True/seed_1,75
d_tcsr,pbc2,linear,0.0,0.01,True,8,0.5900116144018583,0.4048896647629385,0.5757874015748031,0.4570510527864038,outputs_small/ntrain_75/d_tcsr/pbc2/linear/lambda_0.0/target_lr_0.01/landmark_True/seed_8,75
d_tcsr,pbc2,linear,0.0,0.01,True,9,0.5882352941176471,0.43132352136435936,0.5831692913385826,0.4543223397433376,outputs_small/ntrain_75/d_tcsr/pbc2/linear/lambda_0.0/target_lr_0.01/landmark_True/seed_9,75
d_tcsr,pbc2,linear,0.0,0.01,True,0,0.5024154589371981,0.42603696011561626,0.531003937007874,0.4573325905655635,outputs_small/ntrain_75/d_tcsr/pbc2/linear/lambda_0.0/target_lr_0.01/landmark_True/seed_0,75
d_tcsr,pbc2,linear,0.0,0.01,True,7,0.5290973871733967,0.46582177832766625,0.5364173228346457,0.45021179385940974,outputs_small/ntrain_75/d_tcsr/pbc2/linear/lambda_0.0/target_lr_0.01/landmark_True/seed_7,75
d_tcsr,pbc2,linear,0.0,0.9,True,2,0.782347504621072,0.15911670806247605,0.8218503937007874,0.16127650012351216,outputs_small/ntrain_75/d_tcsr/pbc2/linear/lambda_0.0/target_lr_0.9/landmark_True/seed_2,75
d_tcsr,pbc2,linear,0.0,0.9,True,5,0.6340450771055753,0.22775971848098772,0.797736220472441,0.16160037373201458,outputs_small/ntrain_75/d_tcsr/pbc2/linear/lambda_0.0/target_lr_0.9/landmark_True/seed_5,75
d_tcsr,pbc2,linear,0.0,0.9,True,4,0.7169471153846154,0.17002473115917974,0.8184055118110236,0.14913264036458887,outputs_small/ntrain_75/d_tcsr/pbc2/linear/lambda_0.0/target_lr_0.9/landmark_True/seed_4,75
d_tcsr,pbc2,linear,0.0,0.9,True,3,0.7920997920997921,0.15462193603690377,0.7937992125984252,0.1625316558665124,outputs_small/ntrain_75/d_tcsr/pbc2/linear/lambda_0.0/target_lr_0.9/landmark_True/seed_3,75
d_tcsr,pbc2,linear,0.0,0.9,True,6,0.825507614213198,0.15058863681136037,0.8208661417322834,0.15311533677277775,outputs_small/ntrain_75/d_tcsr/pbc2/linear/lambda_0.0/target_lr_0.9/landmark_True/seed_6,75
d_tcsr,pbc2,linear,0.0,0.9,True,1,0.7811720698254364,0.20362629675853985,0.7933070866141733,0.1591684630949638,outputs_small/ntrain_75/d_tcsr/pbc2/linear/lambda_0.0/target_lr_0.9/landmark_True/seed_1,75
d_tcsr,pbc2,linear,0.0,0.9,True,8,0.6562137049941928,0.18685767230695172,0.7864173228346457,0.159745757204203,outputs_small/ntrain_75/d_tcsr/pbc2/linear/lambda_0.0/target_lr_0.9/landmark_True/seed_8,75
d_tcsr,pbc2,linear,0.0,0.9,True,9,0.7380688124306326,0.2039886516649947,0.7898622047244095,0.14906362831663497,outputs_small/ntrain_75/d_tcsr/pbc2/linear/lambda_0.0/target_lr_0.9/landmark_True/seed_9,75
d_tcsr,pbc2,linear,0.0,0.9,True,0,0.7632850241545893,0.14989246138931897,0.7942913385826772,0.1477252845073735,outputs_small/ntrain_75/d_tcsr/pbc2/linear/lambda_0.0/target_lr_0.9/landmark_True/seed_0,75
d_tcsr,pbc2,linear,0.0,0.9,True,7,0.7155581947743468,0.204037959964597,0.8257874015748031,0.149593299997842,outputs_small/ntrain_75/d_tcsr/pbc2/linear/lambda_0.0/target_lr_0.9/landmark_True/seed_7,75
d_tcsr,pbc2,linear,0.0,0.25,True,2,0.6987060998151571,0.2799764660538661,0.718503937007874,0.3745558898783038,outputs_small/ntrain_75/d_tcsr/pbc2/linear/lambda_0.0/target_lr_0.25/landmark_True/seed_2,75
d_tcsr,pbc2,linear,0.0,0.25,True,5,0.6340450771055753,0.394629167527739,0.7623031496062992,0.36433310563653126,outputs_small/ntrain_75/d_tcsr/pbc2/linear/lambda_0.0/target_lr_0.25/landmark_True/seed_5,75
d_tcsr,pbc2,linear,0.0,0.25,True,4,0.6201923076923077,0.32006000000847273,0.749507874015748,0.36511012805698134,outputs_small/ntrain_75/d_tcsr/pbc2/linear/lambda_0.0/target_lr_0.25/landmark_True/seed_4,75
d_tcsr,pbc2,linear,0.0,0.25,True,3,0.7094594594594594,0.37304849411716373,0.703248031496063,0.37891765733030175,outputs_small/ntrain_75/d_tcsr/pbc2/linear/lambda_0.0/target_lr_0.25/landmark_True/seed_3,75
d_tcsr,pbc2,linear,0.0,0.25,True,6,0.690989847715736,0.3270781455458577,0.7519685039370079,0.36623452008446705,outputs_small/ntrain_75/d_tcsr/pbc2/linear/lambda_0.0/target_lr_0.25/landmark_True/seed_6,75
d_tcsr,pbc2,linear,0.0,0.25,True,1,0.7350374064837906,0.3552597392846213,0.7283464566929134,0.36416499230106153,outputs_small/ntrain_75/d_tcsr/pbc2/linear/lambda_0.0/target_lr_0.25/landmark_True/seed_1,75
d_tcsr,pbc2,linear,0.0,0.25,True,8,0.6544715447154471,0.3262165199810788,0.7760826771653543,0.36825735893719264,outputs_small/ntrain_75/d_tcsr/pbc2/linear/lambda_0.0/target_lr_0.25/landmark_True/seed_8,75
d_tcsr,pbc2,linear,0.0,0.25,True,9,0.7064372918978913,0.3662001325210838,0.7150590551181102,0.36786210225684507,outputs_small/ntrain_75/d_tcsr/pbc2/linear/lambda_0.0/target_lr_0.25/landmark_True/seed_9,75
d_tcsr,pbc2,linear,0.0,0.25,True,0,0.657608695652174,0.3413661851187738,0.7268700787401575,0.36978055956443306,outputs_small/ntrain_75/d_tcsr/pbc2/linear/lambda_0.0/target_lr_0.25/landmark_True/seed_0,75
d_tcsr,pbc2,linear,0.0,0.25,True,7,0.6342042755344418,0.3791434861668565,0.7391732283464567,0.3620846696104613,outputs_small/ntrain_75/d_tcsr/pbc2/linear/lambda_0.0/target_lr_0.25/landmark_True/seed_7,75
d_tcsr,aids,linear,0.0,0.5,True,2,0.6246472248353716,0.1668463318379535,0.6098153547133139,0.15599331347578516,outputs_small/ntrain_75/d_tcsr/aids/linear/lambda_0.0/target_lr_0.5/landmark_True/seed_2,75
d_tcsr,aids,linear,0.0,0.5,True,5,0.6858498349834984,0.190731860240448,0.640427599611273,0.16909908534780735,outputs_small/ntrain_75/d_tcsr/aids/linear/lambda_0.0/target_lr_0.5/landmark_True/seed_5,75
d_tcsr,aids,linear,0.0,0.5,True,4,0.673110338835795,0.18606128309459644,0.6445578231292517,0.16675244570102649,outputs_small/ntrain_75/d_tcsr/aids/linear/lambda_0.0/target_lr_0.5/landmark_True/seed_4,75
d_tcsr,aids,linear,0.0,0.5,True,3,0.676926298157454,0.19110335259878133,0.6814868804664723,0.15442441423799771,outputs_small/ntrain_75/d_tcsr/aids/linear/lambda_0.0/target_lr_0.5/landmark_True/seed_3,75
d_tcsr,aids,linear,0.0,0.5,True,6,0.6867982965543941,0.16302759553793553,0.6642371234207969,0.1700554898325387,outputs_small/ntrain_75/d_tcsr/aids/linear/lambda_0.0/target_lr_0.5/landmark_True/seed_6,75
d_tcsr,aids,linear,0.0,0.5,True,1,0.6636201515827017,0.18875684981448426,0.6550048590864918,0.1617974585065253,outputs_small/ntrain_75/d_tcsr/aids/linear/lambda_0.0/target_lr_0.5/landmark_True/seed_1,75
d_tcsr,aids,linear,0.0,0.5,True,8,0.6279220779220779,0.16898467312033108,0.6540330417881438,0.16642633740193363,outputs_small/ntrain_75/d_tcsr/aids/linear/lambda_0.0/target_lr_0.5/landmark_True/seed_8,75
d_tcsr,aids,linear,0.0,0.5,True,9,0.5146808510638298,0.19294555857431053,0.5473760932944607,0.1841041390598609,outputs_small/ntrain_75/d_tcsr/aids/linear/lambda_0.0/target_lr_0.5/landmark_True/seed_9,75
d_tcsr,aids,linear,0.0,0.5,True,0,0.6866639643291447,0.16636776919689852,0.6311953352769679,0.17077216855488775,outputs_small/ntrain_75/d_tcsr/aids/linear/lambda_0.0/target_lr_0.5/landmark_True/seed_0,75
d_tcsr,aids,linear,0.0,0.5,True,7,0.7118572035699108,0.17747138464922443,0.673226433430515,0.16121900117032914,outputs_small/ntrain_75/d_tcsr/aids/linear/lambda_0.0/target_lr_0.5/landmark_True/seed_7,75
d_tcsr,aids,linear,0.0,0.05,True,2,0.4835371589840075,0.2901297657581279,0.543488824101069,0.24827481941661494,outputs_small/ntrain_75/d_tcsr/aids/linear/lambda_0.0/target_lr_0.05/landmark_True/seed_2,75
d_tcsr,aids,linear,0.0,0.05,True,5,0.6155115511551155,0.21896258149908515,0.5702137998056366,0.2430080342365406,outputs_small/ntrain_75/d_tcsr/aids/linear/lambda_0.0/target_lr_0.05/landmark_True/seed_5,75
d_tcsr,aids,linear,0.0,0.05,True,4,0.5621198957428323,0.2353265852772184,0.5570942662779398,0.24729418966226463,outputs_small/ntrain_75/d_tcsr/aids/linear/lambda_0.0/target_lr_0.05/landmark_True/seed_4,75
d_tcsr,aids,linear,0.0,0.05,True,3,0.5787269681742043,0.2905494299228344,0.5889212827988338,0.2567404136225065,outputs_small/ntrain_75/d_tcsr/aids/linear/lambda_0.0/target_lr_0.05/landmark_True/seed_3,75
d_tcsr,aids,linear,0.0,0.05,True,6,0.5940766550522648,0.20577916684504405,0.608843537414966,0.2499915965117651,outputs_small/ntrain_75/d_tcsr/aids/linear/lambda_0.0/target_lr_0.05/landmark_True/seed_6,75
d_tcsr,aids,linear,0.0,0.05,True,1,0.6005349977708426,0.19275947016937992,0.5920796890184645,0.23292456096159764,outputs_small/ntrain_75/d_tcsr/aids/linear/lambda_0.0/target_lr_0.05/landmark_True/seed_1,75
d_tcsr,aids,linear,0.0,0.05,True,8,0.5454545454545454,0.23088163598671,0.6013119533527697,0.2514889922373352,outputs_small/ntrain_75/d_tcsr/aids/linear/lambda_0.0/target_lr_0.05/landmark_True/seed_8,75
d_tcsr,aids,linear,0.0,0.05,True,9,0.59,0.24034611599278807,0.5741010689990281,0.2482204428449284,outputs_small/ntrain_75/d_tcsr/aids/linear/lambda_0.0/target_lr_0.05/landmark_True/seed_9,75
d_tcsr,aids,linear,0.0,0.05,True,0,0.6214025131738954,0.23739363618837045,0.5935374149659864,0.2374068404887245,outputs_small/ntrain_75/d_tcsr/aids/linear/lambda_0.0/target_lr_0.05/landmark_True/seed_0,75
d_tcsr,aids,linear,0.0,0.05,True,7,0.6342966425839354,0.23683447023496496,0.5843051506316812,0.24121958543213504,outputs_small/ntrain_75/d_tcsr/aids/linear/lambda_0.0/target_lr_0.05/landmark_True/seed_7,75
d_tcsr,aids,linear,0.0,0.95,True,2,0.5959548447789276,0.1717318297474039,0.5925655976676385,0.15677475253188372,outputs_small/ntrain_75/d_tcsr/aids/linear/lambda_0.0/target_lr_0.95/landmark_True/seed_2,75
d_tcsr,aids,linear,0.0,0.95,True,5,0.6247937293729373,0.201359724776603,0.6243926141885325,0.17712765973534164,outputs_small/ntrain_75/d_tcsr/aids/linear/lambda_0.0/target_lr_0.95/landmark_True/seed_5,75
d_tcsr,aids,linear,0.0,0.95,True,4,0.6796264118158123,0.18534226329742012,0.6800291545189504,0.1539027640796664,outputs_small/ntrain_75/d_tcsr/aids/linear/lambda_0.0/target_lr_0.95/landmark_True/seed_4,75
d_tcsr,aids,linear,0.0,0.95,True,3,0.6545226130653267,0.19522734787433457,0.6824586977648203,0.15211675168444305,outputs_small/ntrain_75/d_tcsr/aids/linear/lambda_0.0/target_lr_0.95/landmark_True/seed_3,75
d_tcsr,aids,linear,0.0,0.95,True,6,0.651180797522261,0.18476249096223746,0.6875607385811467,0.1470008392769436,outputs_small/ntrain_75/d_tcsr/aids/linear/lambda_0.0/target_lr_0.95/landmark_True/seed_6,75
d_tcsr,aids,linear,0.0,0.95,True,1,0.6535889433794025,0.18950445332128518,0.673226433430515,0.16148134309611162,outputs_small/ntrain_75/d_tcsr/aids/linear/lambda_0.0/target_lr_0.95/landmark_True/seed_1,75
d_tcsr,aids,linear,0.0,0.95,True,8,0.6194805194805195,0.17472728506433413,0.6588921282798834,0.15001687668860728,outputs_small/ntrain_75/d_tcsr/aids/linear/lambda_0.0/target_lr_0.95/landmark_True/seed_8,75
d_tcsr,aids,linear,0.0,0.95,True,9,0.5227659574468085,0.1881871195008156,0.5473760932944607,0.1789712730194329,outputs_small/ntrain_75/d_tcsr/aids/linear/lambda_0.0/target_lr_0.95/landmark_True/seed_9,75
d_tcsr,aids,linear,0.0,0.95,True,0,0.6609241994325091,0.1657672655798486,0.6503887269193391,0.1655515196218803,outputs_small/ntrain_75/d_tcsr/aids/linear/lambda_0.0/target_lr_0.95/landmark_True/seed_0,75
d_tcsr,aids,linear,0.0,0.95,True,7,0.6145346366340841,0.1784742735425845,0.5534499514091351,0.16069413964058424,outputs_small/ntrain_75/d_tcsr/aids/linear/lambda_0.0/target_lr_0.95/landmark_True/seed_7,75
d_tcsr,aids,linear,0.0,0.75,True,2,0.5700846660395108,0.18433150439438994,0.6350826044703596,0.15549487939137122,outputs_small/ntrain_75/d_tcsr/aids/linear/lambda_0.0/target_lr_0.75/landmark_True/seed_2,75
d_tcsr,aids,linear,0.0,0.75,True,5,0.6464521452145214,0.18903447357396283,0.6156462585034014,0.16724899702094714,outputs_small/ntrain_75/d_tcsr/aids/linear/lambda_0.0/target_lr_0.75/landmark_True/seed_5,75
d_tcsr,aids,linear,0.0,0.75,True,4,0.6904865334491747,0.1810733730557621,0.6676384839650146,0.16216901093594357,outputs_small/ntrain_75/d_tcsr/aids/linear/lambda_0.0/target_lr_0.75/landmark_True/seed_4,75
d_tcsr,aids,linear,0.0,0.75,True,3,0.6494974874371859,0.18355674940102856,0.6717687074829932,0.15250649255245746,outputs_small/ntrain_75/d_tcsr/aids/linear/lambda_0.0/target_lr_0.75/landmark_True/seed_3,75
d_tcsr,aids,linear,0.0,0.75,True,6,0.6314363143631436,0.1938795230227954,0.6124878522837707,0.15285947986201442,outputs_small/ntrain_75/d_tcsr/aids/linear/lambda_0.0/target_lr_0.75/landmark_True/seed_6,75
d_tcsr,aids,linear,0.0,0.75,True,1,0.6856888096299599,0.17728121441820816,0.6428571428571429,0.15443541535583594,outputs_small/ntrain_75/d_tcsr/aids/linear/lambda_0.0/target_lr_0.75/landmark_True/seed_1,75
d_tcsr,aids,linear,0.0,0.75,True,8,0.6415584415584416,0.17506318591364803,0.685374149659864,0.15198033692711302,outputs_small/ntrain_75/d_tcsr/aids/linear/lambda_0.0/target_lr_0.75/landmark_True/seed_8,75
d_tcsr,aids,linear,0.0,0.75,True,9,0.6419148936170213,0.17424380850450355,0.6537900874635568,0.16534856339589876,outputs_small/ntrain_75/d_tcsr/aids/linear/lambda_0.0/target_lr_0.75/landmark_True/seed_9,75
d_tcsr,aids,linear,0.0,0.75,True,0,0.6895014187271991,0.16429080835670237,0.6423712342079689,0.16709347425898347,outputs_small/ntrain_75/d_tcsr/aids/linear/lambda_0.0/target_lr_0.75/landmark_True/seed_0,75
d_tcsr,aids,linear,0.0,0.75,True,7,0.7067573310667233,0.1769106051291483,0.640913508260447,0.15204932674727198,outputs_small/ntrain_75/d_tcsr/aids/linear/lambda_0.0/target_lr_0.75/landmark_True/seed_7,75
d_tcsr,aids,linear,0.0,0.1,True,2,0.48447789275634995,0.27062629806400557,0.5663265306122449,0.23372333419794591,outputs_small/ntrain_75/d_tcsr/aids/linear/lambda_0.0/target_lr_0.1/landmark_True/seed_2,75
d_tcsr,aids,linear,0.0,0.1,True,5,0.6045792079207921,0.2050657409610373,0.5507774538386784,0.2292151465706874,outputs_small/ntrain_75/d_tcsr/aids/linear/lambda_0.0/target_lr_0.1/landmark_True/seed_5,75
d_tcsr,aids,linear,0.0,0.1,True,4,0.5664639443961772,0.21996099314124665,0.5884353741496599,0.23223723410978594,outputs_small/ntrain_75/d_tcsr/aids/linear/lambda_0.0/target_lr_0.1/landmark_True/seed_4,75
d_tcsr,aids,linear,0.0,0.1,True,3,0.591499162479062,0.2769337834780953,0.5826044703595724,0.24276777188769788,outputs_small/ntrain_75/d_tcsr/aids/linear/lambda_0.0/target_lr_0.1/landmark_True/seed_3,75
d_tcsr,aids,linear,0.0,0.1,True,6,0.6078203639179249,0.1939980574556264,0.6290087463556852,0.23764382892458447,outputs_small/ntrain_75/d_tcsr/aids/linear/lambda_0.0/target_lr_0.1/landmark_True/seed_6,75
d_tcsr,aids,linear,0.0,0.1,True,1,0.654703522068658,0.1783618227497082,0.6005830903790087,0.21681543582761564,outputs_small/ntrain_75/d_tcsr/aids/linear/lambda_0.0/target_lr_0.1/landmark_True/seed_1,75
d_tcsr,aids,linear,0.0,0.1,True,8,0.5675324675324676,0.21547721451282512,0.6251214771622935,0.23613109319445444,outputs_small/ntrain_75/d_tcsr/aids/linear/lambda_0.0/target_lr_0.1/landmark_True/seed_8,75
d_tcsr,aids,linear,0.0,0.1,True,9,0.5468085106382978,0.22441814445214764,0.5568513119533528,0.23437764586132073,outputs_small/ntrain_75/d_tcsr/aids/linear/lambda_0.0/target_lr_0.1/landmark_True/seed_9,75
d_tcsr,aids,linear,0.0,0.1,True,0,0.6603161734900689,0.22213353339040723,0.6377551020408163,0.22321774251643284,outputs_small/ntrain_75/d_tcsr/aids/linear/lambda_0.0/target_lr_0.1/landmark_True/seed_0,75
d_tcsr,aids,linear,0.0,0.1,True,7,0.6504462388440289,0.22211616536564102,0.6253644314868805,0.22659013633433417,outputs_small/ntrain_75/d_tcsr/aids/linear/lambda_0.0/target_lr_0.1/landmark_True/seed_7,75
d_tcsr,aids,linear,0.0,0.01,True,2,0.4614299153339605,0.30681070610585,0.5444606413994169,0.2606734908801943,outputs_small/ntrain_75/d_tcsr/aids/linear/lambda_0.0/target_lr_0.01/landmark_True/seed_2,75
d_tcsr,aids,linear,0.0,0.01,True,5,0.5897277227722773,0.23037718515477995,0.5745869776482021,0.2529121491182488,outputs_small/ntrain_75/d_tcsr/aids/linear/lambda_0.0/target_lr_0.01/landmark_True/seed_5,75
d_tcsr,aids,linear,0.0,0.01,True,4,0.5295395308427454,0.24986602930569574,0.543731778425656,0.26022559759697345,outputs_small/ntrain_75/d_tcsr/aids/linear/lambda_0.0/target_lr_0.01/landmark_True/seed_4,75
d_tcsr,aids,linear,0.0,0.01,True,3,0.5399916247906198,0.30067409576117554,0.5750728862973761,0.26692421368317665,outputs_small/ntrain_75/d_tcsr/aids/linear/lambda_0.0/target_lr_0.01/landmark_True/seed_3,75
d_tcsr,aids,linear,0.0,0.01,True,6,0.5853658536585366,0.21487695815170377,0.5823615160349854,0.2594641594704369,outputs_small/ntrain_75/d_tcsr/aids/linear/lambda_0.0/target_lr_0.01/landmark_True/seed_6,75
d_tcsr,aids,linear,0.0,0.01,True,1,0.5831475702184574,0.20341004900131576,0.5918367346938775,0.24385687861067273,outputs_small/ntrain_75/d_tcsr/aids/linear/lambda_0.0/target_lr_0.01/landmark_True/seed_1,75
d_tcsr,aids,linear,0.0,0.01,True,8,0.4997835497835498,0.2379326494338852,0.5816326530612245,0.25757271368778534,outputs_small/ntrain_75/d_tcsr/aids/linear/lambda_0.0/target_lr_0.01/landmark_True/seed_8,75
d_tcsr,aids,linear,0.0,0.01,True,9,0.5404255319148936,0.2544215253691824,0.5699708454810496,0.26003335651095055,outputs_small/ntrain_75/d_tcsr/aids/linear/lambda_0.0/target_lr_0.01/landmark_True/seed_9,75
d_tcsr,aids,linear,0.0,0.01,True,0,0.5893798135387109,0.2510551780846107,0.576773566569485,0.24920521035172627,outputs_small/ntrain_75/d_tcsr/aids/linear/lambda_0.0/target_lr_0.01/landmark_True/seed_0,75
d_tcsr,aids,linear,0.0,0.01,True,7,0.5998725031874204,0.24972147713449983,0.5583090379008746,0.25337364680326424,outputs_small/ntrain_75/d_tcsr/aids/linear/lambda_0.0/target_lr_0.01/landmark_True/seed_7,75
d_tcsr,aids,linear,0.0,0.9,True,2,0.5959548447789276,0.1632204299945925,0.609572400388727,0.1596111564204397,outputs_small/ntrain_75/d_tcsr/aids/linear/lambda_0.0/target_lr_0.9/landmark_True/seed_2,75
d_tcsr,aids,linear,0.0,0.9,True,5,0.6078795379537953,0.20403079132401966,0.63022351797862,0.1780145137682697,outputs_small/ntrain_75/d_tcsr/aids/linear/lambda_0.0/target_lr_0.9/landmark_True/seed_5,75
d_tcsr,aids,linear,0.0,0.9,True,4,0.6718071242397915,0.187322934697813,0.6445578231292517,0.16954008632309042,outputs_small/ntrain_75/d_tcsr/aids/linear/lambda_0.0/target_lr_0.9/landmark_True/seed_4,75
d_tcsr,aids,linear,0.0,0.9,True,3,0.6396566164154104,0.1828539414687175,0.7086977648202138,0.15242730102983834,outputs_small/ntrain_75/d_tcsr/aids/linear/lambda_0.0/target_lr_0.9/landmark_True/seed_3,75
d_tcsr,aids,linear,0.0,0.9,True,6,0.646147890050329,0.18536520498776438,0.684645286686103,0.14764431907937703,outputs_small/ntrain_75/d_tcsr/aids/linear/lambda_0.0/target_lr_0.9/landmark_True/seed_6,75
d_tcsr,aids,linear,0.0,0.9,True,1,0.6194828354881855,0.19784878027397465,0.6508746355685131,0.16702318524878682,outputs_small/ntrain_75/d_tcsr/aids/linear/lambda_0.0/target_lr_0.9/landmark_True/seed_1,75
d_tcsr,aids,linear,0.0,0.9,True,8,0.6415584415584416,0.17564279886050643,0.6795432458697764,0.15273340234987268,outputs_small/ntrain_75/d_tcsr/aids/linear/lambda_0.0/target_lr_0.9/landmark_True/seed_8,75
d_tcsr,aids,linear,0.0,0.9,True,9,0.5146808510638298,0.1969242181994281,0.5400874635568513,0.18931100192191586,outputs_small/ntrain_75/d_tcsr/aids/linear/lambda_0.0/target_lr_0.9/landmark_True/seed_9,75
d_tcsr,aids,linear,0.0,0.9,True,0,0.6631536278881233,0.16857755734688568,0.6348396501457726,0.17696846803661345,outputs_small/ntrain_75/d_tcsr/aids/linear/lambda_0.0/target_lr_0.9/landmark_True/seed_0,75
d_tcsr,aids,linear,0.0,0.9,True,7,0.6209094772630684,0.17921490078642008,0.5383867832847424,0.1616200022487875,outputs_small/ntrain_75/d_tcsr/aids/linear/lambda_0.0/target_lr_0.9/landmark_True/seed_7,75
d_tcsr,aids,linear,0.0,0.25,True,2,0.5079962370649106,0.22429942283333143,0.5952380952380952,0.19707667013240848,outputs_small/ntrain_75/d_tcsr/aids/linear/lambda_0.0/target_lr_0.25/landmark_True/seed_2,75
d_tcsr,aids,linear,0.0,0.25,True,5,0.6115924092409241,0.18416466664962944,0.565354713313897,0.19984320105480682,outputs_small/ntrain_75/d_tcsr/aids/linear/lambda_0.0/target_lr_0.25/landmark_True/seed_5,75
d_tcsr,aids,linear,0.0,0.25,True,4,0.5749348392701998,0.18869431088519847,0.6061710398445093,0.19286836693689163,outputs_small/ntrain_75/d_tcsr/aids/linear/lambda_0.0/target_lr_0.25/landmark_True/seed_4,75
d_tcsr,aids,linear,0.0,0.25,True,3,0.6159966499162479,0.24797670003152913,0.6367832847424684,0.209662449996321,outputs_small/ntrain_75/d_tcsr/aids/linear/lambda_0.0/target_lr_0.25/landmark_True/seed_3,75
d_tcsr,aids,linear,0.0,0.25,True,6,0.6401471157568719,0.1704094308383575,0.642128279883382,0.20519535688134763,outputs_small/ntrain_75/d_tcsr/aids/linear/lambda_0.0/target_lr_0.25/landmark_True/seed_6,75
d_tcsr,aids,linear,0.0,0.25,True,1,0.6433348194382523,0.16244438728182334,0.6202623906705539,0.18644410174889273,outputs_small/ntrain_75/d_tcsr/aids/linear/lambda_0.0/target_lr_0.25/landmark_True/seed_1,75
d_tcsr,aids,linear,0.0,0.25,True,8,0.5978354978354978,0.18724057080610448,0.6360544217687075,0.20450144723049787,outputs_small/ntrain_75/d_tcsr/aids/linear/lambda_0.0/target_lr_0.25/landmark_True/seed_8,75
d_tcsr,aids,linear,0.0,0.25,True,9,0.5872340425531914,0.18718804775557732,0.6030126336248786,0.19788264763115349,outputs_small/ntrain_75/d_tcsr/aids/linear/lambda_0.0/target_lr_0.25/landmark_True/seed_9,75
d_tcsr,aids,linear,0.0,0.25,True,0,0.6781516011349817,0.19038354557660003,0.6387269193391643,0.1872358626658424,outputs_small/ntrain_75/d_tcsr/aids/linear/lambda_0.0/target_lr_0.25/landmark_True/seed_0,75
d_tcsr,aids,linear,0.0,0.25,True,7,0.6986825329366766,0.1893212245042129,0.597181729834791,0.18973818263786174,outputs_small/ntrain_75/d_tcsr/aids/linear/lambda_0.0/target_lr_0.25/landmark_True/seed_7,75
d_tcsr,rw,linear,0.0,0.5,True,2,0.6668483874670034,0.2001398609840787,0.7217659753027215,0.1890557195061049,outputs_small/ntrain_75/d_tcsr/rw/linear/lambda_0.0/target_lr_0.5/landmark_True/seed_2,75
d_tcsr,rw,linear,0.0,0.5,True,5,0.676442846194659,0.20423114734125555,0.6973384486272629,0.1990282649269197,outputs_small/ntrain_75/d_tcsr/rw/linear/lambda_0.0/target_lr_0.5/landmark_True/seed_5,75
d_tcsr,rw,linear,0.0,0.5,True,4,0.6972593071810856,0.1948926336508166,0.6902949286656276,0.19245732294937848,outputs_small/ntrain_75/d_tcsr/rw/linear/lambda_0.0/target_lr_0.5/landmark_True/seed_4,75
d_tcsr,rw,linear,0.0,0.5,True,3,0.657491904621725,0.22801916564431307,0.6965891379930464,0.2089031146721692,outputs_small/ntrain_75/d_tcsr/rw/linear/lambda_0.0/target_lr_0.5/landmark_True/seed_3,75
d_tcsr,rw,linear,0.0,0.5,True,6,0.6471615720524018,0.21236266752480878,0.6927226951204891,0.19789872803624348,outputs_small/ntrain_75/d_tcsr/rw/linear/lambda_0.0/target_lr_0.5/landmark_True/seed_6,75
d_tcsr,rw,linear,0.0,0.5,True,1,0.6269040135396519,0.23643841953590028,0.6736602325860208,0.20205501762761854,outputs_small/ntrain_75/d_tcsr/rw/linear/lambda_0.0/target_lr_0.5/landmark_True/seed_1,75
d_tcsr,rw,linear,0.0,0.5,True,8,0.7064256298449613,0.19555607890838292,0.7101666466850498,0.1925227001686726,outputs_small/ntrain_75/d_tcsr/rw/linear/lambda_0.0/target_lr_0.5/landmark_True/seed_8,75
d_tcsr,rw,linear,0.0,0.5,True,9,0.6386273826127382,0.21997662859950834,0.6949706270231387,0.19450262112224925,outputs_small/ntrain_75/d_tcsr/rw/linear/lambda_0.0/target_lr_0.5/landmark_True/seed_9,75
d_tcsr,rw,linear,0.0,0.5,True,0,0.681577877185848,0.19712827730021673,0.7009351396715022,0.19611650739297876,outputs_small/ntrain_75/d_tcsr/rw/linear/lambda_0.0/target_lr_0.5/landmark_True/seed_0,75
d_tcsr,rw,linear,0.0,0.5,True,7,0.6310050017447947,0.21777686829454615,0.7038724373576309,0.20210885844962467,outputs_small/ntrain_75/d_tcsr/rw/linear/lambda_0.0/target_lr_0.5/landmark_True/seed_7,75
d_tcsr,rw,linear,0.0,0.05,True,2,0.6280844714793986,0.2648876914302622,0.671262438556528,0.26451868640111637,outputs_small/ntrain_75/d_tcsr/rw/linear/lambda_0.0/target_lr_0.05/landmark_True/seed_2,75
d_tcsr,rw,linear,0.0,0.05,True,5,0.6153982196545422,0.27792225736646436,0.6435679175158854,0.26731979469705835,outputs_small/ntrain_75/d_tcsr/rw/linear/lambda_0.0/target_lr_0.05/landmark_True/seed_5,75
d_tcsr,rw,linear,0.0,0.05,True,4,0.6160089395988944,0.2955888785946527,0.6544778803500779,0.2604003715575116,outputs_small/ntrain_75/d_tcsr/rw/linear/lambda_0.0/target_lr_0.05/landmark_True/seed_4,75
d_tcsr,rw,linear,0.0,0.05,True,3,0.646011186340889,0.27756155934478105,0.6428186068816689,0.25930503333358984,outputs_small/ntrain_75/d_tcsr/rw/linear/lambda_0.0/target_lr_0.05/landmark_True/seed_3,75
d_tcsr,rw,linear,0.0,0.05,True,6,0.6059679767103348,0.28146367877865053,0.6107780841625704,0.2764152778663373,outputs_small/ntrain_75/d_tcsr/rw/linear/lambda_0.0/target_lr_0.05/landmark_True/seed_6,75
d_tcsr,rw,linear,0.0,0.05,True,1,0.5883401837524178,0.33038994893343115,0.6348459417336051,0.26295048371274915,outputs_small/ntrain_75/d_tcsr/rw/linear/lambda_0.0/target_lr_0.05/landmark_True/seed_1,75
d_tcsr,rw,linear,0.0,0.05,True,8,0.6173994670542635,0.28626676825388936,0.6234863925188826,0.2648184431083657,outputs_small/ntrain_75/d_tcsr/rw/linear/lambda_0.0/target_lr_0.05/landmark_True/seed_8,75
d_tcsr,rw,linear,0.0,0.05,True,9,0.5883019525801952,0.28045042186552593,0.6324481477041122,0.2650980884161666,outputs_small/ntrain_75/d_tcsr/rw/linear/lambda_0.0/target_lr_0.05/landmark_True/seed_9,75
d_tcsr,rw,linear,0.0,0.05,True,0,0.6534595944925347,0.2712674460566616,0.6621807936698237,0.27086418871262924,outputs_small/ntrain_75/d_tcsr/rw/linear/lambda_0.0/target_lr_0.05/landmark_True/seed_0,75
d_tcsr,rw,linear,0.0,0.05,True,7,0.5694719088053972,0.2964102362719783,0.6466550773288574,0.27194934212858124,outputs_small/ntrain_75/d_tcsr/rw/linear/lambda_0.0/target_lr_0.05/landmark_True/seed_7,75
d_tcsr,rw,linear,0.0,0.95,True,2,0.6625157810168714,0.24666237129633234,0.7140031171322383,0.24149292432040298,outputs_small/ntrain_75/d_tcsr/rw/linear/lambda_0.0/target_lr_0.95/landmark_True/seed_2,75
d_tcsr,rw,linear,0.0,0.95,True,5,0.6632965866886753,0.24910794050729237,0.6860388442632778,0.2496002439097571,outputs_small/ntrain_75/d_tcsr/rw/linear/lambda_0.0/target_lr_0.95/landmark_True/seed_5,75
d_tcsr,rw,linear,0.0,0.95,True,4,0.7041404458036817,0.19788845674821823,0.7235343483994725,0.209425522447984,outputs_small/ntrain_75/d_tcsr/rw/linear/lambda_0.0/target_lr_0.95/landmark_True/seed_4,75
d_tcsr,rw,linear,0.0,0.95,True,3,0.6622902561083309,0.2279974321417826,0.6939515645606043,0.20707300968986506,outputs_small/ntrain_75/d_tcsr/rw/linear/lambda_0.0/target_lr_0.95/landmark_True/seed_3,75
d_tcsr,rw,linear,0.0,0.95,True,6,0.6462590975254731,0.24870605235810944,0.7006653878431842,0.23644467450147777,outputs_small/ntrain_75/d_tcsr/rw/linear/lambda_0.0/target_lr_0.95/landmark_True/seed_6,75
d_tcsr,rw,linear,0.0,0.95,True,1,0.6224613152804642,0.24291148402419913,0.6759681093394078,0.22514302990178087,outputs_small/ntrain_75/d_tcsr/rw/linear/lambda_0.0/target_lr_0.95/landmark_True/seed_1,75
d_tcsr,rw,linear,0.0,0.95,True,8,0.7249878875968992,0.21983098350334898,0.7116053231027455,0.2368987367638904,outputs_small/ntrain_75/d_tcsr/rw/linear/lambda_0.0/target_lr_0.95/landmark_True/seed_8,75
d_tcsr,rw,linear,0.0,0.95,True,9,0.6397605764760577,0.24496519887074494,0.693531950605443,0.23138318813547648,outputs_small/ntrain_75/d_tcsr/rw/linear/lambda_0.0/target_lr_0.95/landmark_True/seed_9,75
d_tcsr,rw,linear,0.0,0.95,True,0,0.6808516818683553,0.2575795269539212,0.6943412060903968,0.26525916557114615,outputs_small/ntrain_75/d_tcsr/rw/linear/lambda_0.0/target_lr_0.95/landmark_True/seed_0,75
d_tcsr,rw,linear,0.0,0.95,True,7,0.6296091659881354,0.26232104242357174,0.7012948087759261,0.2589217333021893,outputs_small/ntrain_75/d_tcsr/rw/linear/lambda_0.0/target_lr_0.95/landmark_True/seed_7,75
d_tcsr,rw,linear,0.0,0.75,True,2,0.665040743716286,0.2399756568125551,0.7184090636614315,0.2387055243655282,outputs_small/ntrain_75/d_tcsr/rw/linear/lambda_0.0/target_lr_0.75/landmark_True/seed_2,75
d_tcsr,rw,linear,0.0,0.75,True,5,0.6802747155573896,0.2072319978398591,0.7076789353794509,0.20246621816152074,outputs_small/ntrain_75/d_tcsr/rw/linear/lambda_0.0/target_lr_0.75/landmark_True/seed_5,75
d_tcsr,rw,linear,0.0,0.75,True,4,0.7079338940187025,0.20251299548445195,0.7179295048555329,0.21801587767902664,outputs_small/ntrain_75/d_tcsr/rw/linear/lambda_0.0/target_lr_0.75/landmark_True/seed_4,75
d_tcsr,rw,linear,0.0,0.75,True,3,0.6666176037680306,0.22942852195541655,0.6968588898213643,0.2117518548701271,outputs_small/ntrain_75/d_tcsr/rw/linear/lambda_0.0/target_lr_0.75/landmark_True/seed_3,75
d_tcsr,rw,linear,0.0,0.75,True,6,0.6463755458515283,0.2485316096715842,0.6946709027694521,0.240628231837579,outputs_small/ntrain_75/d_tcsr/rw/linear/lambda_0.0/target_lr_0.75/landmark_True/seed_6,75
d_tcsr,rw,linear,0.0,0.75,True,1,0.6277804642166345,0.24481523657413537,0.6691943412060904,0.23727398510382033,outputs_small/ntrain_75/d_tcsr/rw/linear/lambda_0.0/target_lr_0.75/landmark_True/seed_1,75
d_tcsr,rw,linear,0.0,0.75,True,8,0.7063953488372093,0.19661977820727042,0.7068996523198657,0.19182346495749517,outputs_small/ntrain_75/d_tcsr/rw/linear/lambda_0.0/target_lr_0.75/landmark_True/seed_8,75
d_tcsr,rw,linear,0.0,0.75,True,9,0.637174569967457,0.21889943143969368,0.6993166287015945,0.19522335570602622,outputs_small/ntrain_75/d_tcsr/rw/linear/lambda_0.0/target_lr_0.75/landmark_True/seed_9,75
d_tcsr,rw,linear,0.0,0.75,True,0,0.6744030674490211,0.2565110752642404,0.6848399472485314,0.26700831609809816,outputs_small/ntrain_75/d_tcsr/rw/linear/lambda_0.0/target_lr_0.75/landmark_True/seed_0,75
d_tcsr,rw,linear,0.0,0.75,True,7,0.6288240083750145,0.23034127327152965,0.7034228509771011,0.21746231244683895,outputs_small/ntrain_75/d_tcsr/rw/linear/lambda_0.0/target_lr_0.75/landmark_True/seed_7,75
d_tcsr,rw,linear,0.0,0.1,True,2,0.6730173304258005,0.19610617784650947,0.720836830116293,0.19260267336167622,outputs_small/ntrain_75/d_tcsr/rw/linear/lambda_0.0/target_lr_0.1/landmark_True/seed_2,75
d_tcsr,rw,linear,0.0,0.1,True,5,0.6784472086305489,0.2026700402812203,0.7042920513127923,0.19770267497262697,outputs_small/ntrain_75/d_tcsr/rw/linear/lambda_0.0/target_lr_0.1/landmark_True/seed_5,75
d_tcsr,rw,linear,0.0,0.1,True,4,0.6340351702640711,0.28631144178665935,0.6493825680374056,0.25563628208344097,outputs_small/ntrain_75/d_tcsr/rw/linear/lambda_0.0/target_lr_0.1/landmark_True/seed_4,75
d_tcsr,rw,linear,0.0,0.1,True,3,0.6439505445981749,0.27637049074565306,0.6591835511329577,0.2567493294372801,outputs_small/ntrain_75/d_tcsr/rw/linear/lambda_0.0/target_lr_0.1/landmark_True/seed_3,75
d_tcsr,rw,linear,0.0,0.1,True,6,0.647802037845706,0.2075719497400678,0.6967689725452584,0.1976591373673475,outputs_small/ntrain_75/d_tcsr/rw/linear/lambda_0.0/target_lr_0.1/landmark_True/seed_6,75
d_tcsr,rw,linear,0.0,0.1,True,1,0.6020309477756286,0.3242925510629066,0.6288214842345042,0.25923453919220457,outputs_small/ntrain_75/d_tcsr/rw/linear/lambda_0.0/target_lr_0.1/landmark_True/seed_1,75
d_tcsr,rw,linear,0.0,0.1,True,8,0.710453003875969,0.19937774696448288,0.7058805898573313,0.19267713190363703,outputs_small/ntrain_75/d_tcsr/rw/linear/lambda_0.0/target_lr_0.1/landmark_True/seed_8,75
d_tcsr,rw,linear,0.0,0.1,True,9,0.6080602045560205,0.27612708022023347,0.6489629540822444,0.2601019440944786,outputs_small/ntrain_75/d_tcsr/rw/linear/lambda_0.0/target_lr_0.1/landmark_True/seed_9,75
d_tcsr,rw,linear,0.0,0.1,True,0,0.6858188578400046,0.19944922075355134,0.7058805898573313,0.20330775248756272,outputs_small/ntrain_75/d_tcsr/rw/linear/lambda_0.0/target_lr_0.1/landmark_True/seed_0,75
d_tcsr,rw,linear,0.0,0.1,True,7,0.6322845178550657,0.21709789215206182,0.7065100107900731,0.20406131672733227,outputs_small/ntrain_75/d_tcsr/rw/linear/lambda_0.0/target_lr_0.1/landmark_True/seed_7,75
d_tcsr,rw,linear,0.0,0.01,True,2,0.5979857683920579,0.27320368595073946,0.6512108859848939,0.2712149570306652,outputs_small/ntrain_75/d_tcsr/rw/linear/lambda_0.0/target_lr_0.01/landmark_True/seed_2,75
d_tcsr,rw,linear,0.0,0.01,True,5,0.5741319342097506,0.28590121893533715,0.6103584702074092,0.2749287435738952,outputs_small/ntrain_75/d_tcsr/rw/linear/lambda_0.0/target_lr_0.01/landmark_True/seed_5,75
d_tcsr,rw,linear,0.0,0.01,True,4,0.6069223078280304,0.2999866371275401,0.6554669703872438,0.26297005775578114,outputs_small/ntrain_75/d_tcsr/rw/linear/lambda_0.0/target_lr_0.01/landmark_True/seed_4,75
d_tcsr,rw,linear,0.0,0.01,True,3,0.6442449219899912,0.2782643011471963,0.6366742596810934,0.26119240744990685,outputs_small/ntrain_75/d_tcsr/rw/linear/lambda_0.0/target_lr_0.01/landmark_True/seed_3,75
d_tcsr,rw,linear,0.0,0.01,True,6,0.5841339155749636,0.2867476160531287,0.6027454741637693,0.28208944852390494,outputs_small/ntrain_75/d_tcsr/rw/linear/lambda_0.0/target_lr_0.01/landmark_True/seed_6,75
d_tcsr,rw,linear,0.0,0.01,True,1,0.5781854448742747,0.33270733481671594,0.6267833593094353,0.26512617016460244,outputs_small/ntrain_75/d_tcsr/rw/linear/lambda_0.0/target_lr_0.01/landmark_True/seed_1,75
d_tcsr,rw,linear,0.0,0.01,True,8,0.6120700096899225,0.28700744256084704,0.620369260280542,0.2652610255239375,outputs_small/ntrain_75/d_tcsr/rw/linear/lambda_0.0/target_lr_0.01/landmark_True/seed_8,75
d_tcsr,rw,linear,0.0,0.01,True,9,0.5735413761041376,0.2831041312057074,0.6226471646085602,0.26821098373737323,outputs_small/ntrain_75/d_tcsr/rw/linear/lambda_0.0/target_lr_0.01/landmark_True/seed_9,75
d_tcsr,rw,linear,0.0,0.01,True,0,0.6237146342880381,0.2805348655872403,0.5964812372617192,0.28040059913943366,outputs_small/ntrain_75/d_tcsr/rw/linear/lambda_0.0/target_lr_0.01/landmark_True/seed_0,75
d_tcsr,rw,linear,0.0,0.01,True,7,0.5455973013842038,0.300883066188974,0.6127562642369021,0.27768900015310105,outputs_small/ntrain_75/d_tcsr/rw/linear/lambda_0.0/target_lr_0.01/landmark_True/seed_7,75
d_tcsr,rw,linear,0.0,0.9,True,2,0.6607081372661541,0.25586256006678243,0.7135235583263397,0.24908995835217224,outputs_small/ntrain_75/d_tcsr/rw/linear/lambda_0.0/target_lr_0.9/landmark_True/seed_2,75
d_tcsr,rw,linear,0.0,0.9,True,5,0.664947238106467,0.25880310110408755,0.6820225392638772,0.25985536359394223,outputs_small/ntrain_75/d_tcsr/rw/linear/lambda_0.0/target_lr_0.9/landmark_True/seed_5,75
d_tcsr,rw,linear,0.0,0.9,True,4,0.7024642710109981,0.19738192092942336,0.7191883467210166,0.2101128319196035,outputs_small/ntrain_75/d_tcsr/rw/linear/lambda_0.0/target_lr_0.9/landmark_True/seed_4,75
d_tcsr,rw,linear,0.0,0.9,True,3,0.6648219016779512,0.22853464849098612,0.6921831914638532,0.21140413163309296,outputs_small/ntrain_75/d_tcsr/rw/linear/lambda_0.0/target_lr_0.9/landmark_True/seed_3,75
d_tcsr,rw,linear,0.0,0.9,True,6,0.6525764192139738,0.25343490815277436,0.6995264356791752,0.2419975047573339,outputs_small/ntrain_75/d_tcsr/rw/linear/lambda_0.0/target_lr_0.9/landmark_True/seed_6,75
d_tcsr,rw,linear,0.0,0.9,True,1,0.6234888781431335,0.2439896437585318,0.6698237621388323,0.22918177839694392,outputs_small/ntrain_75/d_tcsr/rw/linear/lambda_0.0/target_lr_0.9/landmark_True/seed_1,75
d_tcsr,rw,linear,0.0,0.9,True,8,0.7228379360465116,0.21965355816196483,0.708727970267354,0.23671708523147442,outputs_small/ntrain_75/d_tcsr/rw/linear/lambda_0.0/target_lr_0.9/landmark_True/seed_8,75
d_tcsr,rw,linear,0.0,0.9,True,9,0.6422594142259415,0.2512158241458384,0.698567318067378,0.2357778962495674,outputs_small/ntrain_75/d_tcsr/rw/linear/lambda_0.0/target_lr_0.9/landmark_True/seed_9,75
d_tcsr,rw,linear,0.0,0.9,True,0,0.6807354906175564,0.25742970716590935,0.6899352595612037,0.2650686839556949,outputs_small/ntrain_75/d_tcsr/rw/linear/lambda_0.0/target_lr_0.9/landmark_True/seed_0,75
d_tcsr,rw,linear,0.0,0.9,True,7,0.6317319995347214,0.25949886041443504,0.7117551852295888,0.25554285983135644,outputs_small/ntrain_75/d_tcsr/rw/linear/lambda_0.0/target_lr_0.9/landmark_True/seed_7,75
d_tcsr,rw,linear,0.0,0.25,True,2,0.6661884540342018,0.19770654083145797,0.7259920872797027,0.1890588026251637,outputs_small/ntrain_75/d_tcsr/rw/linear/lambda_0.0/target_lr_0.25/landmark_True/seed_2,75
d_tcsr,rw,linear,0.0,0.25,True,5,0.6720509343866061,0.2022913981857855,0.6994365184030692,0.1952526663312993,outputs_small/ntrain_75/d_tcsr/rw/linear/lambda_0.0/target_lr_0.25/landmark_True/seed_5,75
d_tcsr,rw,linear,0.0,0.25,True,4,0.6986708227959771,0.19960596994190588,0.6990169044479079,0.1932379486465508,outputs_small/ntrain_75/d_tcsr/rw/linear/lambda_0.0/target_lr_0.25/landmark_True/seed_4,75
d_tcsr,rw,linear,0.0,0.25,True,3,0.6420959670297322,0.2714186352699909,0.6547776046037646,0.24857687720975521,outputs_small/ntrain_75/d_tcsr/rw/linear/lambda_0.0/target_lr_0.25/landmark_True/seed_3,75
d_tcsr,rw,linear,0.0,0.25,True,6,0.6491120815138283,0.20948441050123073,0.6914638532550054,0.19538481468273938,outputs_small/ntrain_75/d_tcsr/rw/linear/lambda_0.0/target_lr_0.25/landmark_True/seed_6,75
d_tcsr,rw,linear,0.0,0.25,True,1,0.6213128626692457,0.24087633127509242,0.6688346721016665,0.2016587259237409,outputs_small/ntrain_75/d_tcsr/rw/linear/lambda_0.0/target_lr_0.25/landmark_True/seed_1,75
d_tcsr,rw,linear,0.0,0.25,True,8,0.6917696220930233,0.19968394179786264,0.6919733844862727,0.19015004285065107,outputs_small/ntrain_75/d_tcsr/rw/linear/lambda_0.0/target_lr_0.25/landmark_True/seed_8,75
d_tcsr,rw,linear,0.0,0.25,True,9,0.6400511390051139,0.21802947037923287,0.6962894137393598,0.19301773944424006,outputs_small/ntrain_75/d_tcsr/rw/linear/lambda_0.0/target_lr_0.25/landmark_True/seed_9,75
d_tcsr,rw,linear,0.0,0.25,True,0,0.6783535699761808,0.1966177460711915,0.7019242297086681,0.19713752623990632,outputs_small/ntrain_75/d_tcsr/rw/linear/lambda_0.0/target_lr_0.25/landmark_True/seed_0,75
d_tcsr,rw,linear,0.0,0.25,True,7,0.6283005699662673,0.21499203077884158,0.7081285217599809,0.19893095857109439,outputs_small/ntrain_75/d_tcsr/rw/linear/lambda_0.0/target_lr_0.25/landmark_True/seed_7,75
tcsr_fitted,pbc2,linear,0.0,1.0,True,2,0.783271719038817,0.1466698727137871,0.8646653543307087,0.13101743665717633,outputs_small/ntrain_100/tcsr_fitted/pbc2/linear/lambda_0.0/target_lr_1.0/landmark_True/seed_2,100
tcsr_fitted,pbc2,linear,0.0,1.0,True,5,0.7686832740213523,0.1826864087688326,0.8700787401574803,0.12386447244990664,outputs_small/ntrain_100/tcsr_fitted/pbc2/linear/lambda_0.0/target_lr_1.0/landmark_True/seed_5,100
tcsr_fitted,pbc2,linear,0.0,1.0,True,4,0.7860576923076923,0.1505779935178962,0.8813976377952756,0.10961337139336465,outputs_small/ntrain_100/tcsr_fitted/pbc2/linear/lambda_0.0/target_lr_1.0/landmark_True/seed_4,100
tcsr_fitted,pbc2,linear,0.0,1.0,True,3,0.8295218295218295,0.1431798298388938,0.874507874015748,0.12419225857274067,outputs_small/ntrain_100/tcsr_fitted/pbc2/linear/lambda_0.0/target_lr_1.0/landmark_True/seed_3,100
tcsr_fitted,pbc2,linear,0.0,1.0,True,6,0.8604060913705583,0.14080022988429344,0.8794291338582677,0.11123886863383663,outputs_small/ntrain_100/tcsr_fitted/pbc2/linear/lambda_0.0/target_lr_1.0/landmark_True/seed_6,100
tcsr_fitted,pbc2,linear,0.0,1.0,True,1,0.7905236907730673,0.19376796671681662,0.8671259842519685,0.13077607355131307,outputs_small/ntrain_100/tcsr_fitted/pbc2/linear/lambda_0.0/target_lr_1.0/landmark_True/seed_1,100
tcsr_fitted,pbc2,linear,0.0,1.0,True,8,0.7752613240418118,0.16700490504149726,0.8843503937007874,0.12915397678324023,outputs_small/ntrain_100/tcsr_fitted/pbc2/linear/lambda_0.0/target_lr_1.0/landmark_True/seed_8,100
tcsr_fitted,pbc2,linear,0.0,1.0,True,9,0.8091009988901221,0.16494432130216782,0.8828740157480315,0.11405630584619811,outputs_small/ntrain_100/tcsr_fitted/pbc2/linear/lambda_0.0/target_lr_1.0/landmark_True/seed_9,100
tcsr_fitted,pbc2,linear,0.0,1.0,True,0,0.7880434782608695,0.1350976974422159,0.8774606299212598,0.12255220352240488,outputs_small/ntrain_100/tcsr_fitted/pbc2/linear/lambda_0.0/target_lr_1.0/landmark_True/seed_0,100
tcsr_fitted,pbc2,linear,0.0,1.0,True,7,0.7250593824228029,0.1976245814271059,0.8681102362204725,0.11221536204929122,outputs_small/ntrain_100/tcsr_fitted/pbc2/linear/lambda_0.0/target_lr_1.0/landmark_True/seed_7,100
tcsr_fitted,pbc2,linear,0.0,0.1,True,2,0.8040665434380776,0.13083112181015769,0.8818897637795275,0.11301002336196776,outputs_small/ntrain_100/tcsr_fitted/pbc2/linear/lambda_0.0/target_lr_0.1/landmark_True/seed_2,100
tcsr_fitted,pbc2,linear,0.0,0.1,True,5,0.7906287069988137,0.15913432479651646,0.8759842519685039,0.10952617279908002,outputs_small/ntrain_100/tcsr_fitted/pbc2/linear/lambda_0.0/target_lr_0.1/landmark_True/seed_5,100
tcsr_fitted,pbc2,linear,0.0,0.1,True,4,0.8022836538461539,0.13687985927033144,0.8917322834645669,0.09763391571784395,outputs_small/ntrain_100/tcsr_fitted/pbc2/linear/lambda_0.0/target_lr_0.1/landmark_True/seed_4,100
tcsr_fitted,pbc2,linear,0.0,0.1,True,3,0.8633056133056133,0.12022526214722092,0.8922244094488189,0.10338376003416803,outputs_small/ntrain_100/tcsr_fitted/pbc2/linear/lambda_0.0/target_lr_0.1/landmark_True/seed_3,100
tcsr_fitted,pbc2,linear,0.0,0.1,True,6,0.8730964467005076,0.13152846407117733,0.8877952755905512,0.09549361759277333,outputs_small/ntrain_100/tcsr_fitted/pbc2/linear/lambda_0.0/target_lr_0.1/landmark_True/seed_6,100
tcsr_fitted,pbc2,linear,0.0,0.1,True,1,0.8160847880299252,0.1528986502524921,0.8818897637795275,0.11116411112636354,outputs_small/ntrain_100/tcsr_fitted/pbc2/linear/lambda_0.0/target_lr_0.1/landmark_True/seed_1,100
tcsr_fitted,pbc2,linear,0.0,0.1,True,8,0.8025551684088269,0.15692257187917857,0.9079724409448819,0.10569710317114768,outputs_small/ntrain_100/tcsr_fitted/pbc2/linear/lambda_0.0/target_lr_0.1/landmark_True/seed_8,100
tcsr_fitted,pbc2,linear,0.0,0.1,True,9,0.841842397336293,0.12505921264540398,0.9005905511811023,0.09451446860529197,outputs_small/ntrain_100/tcsr_fitted/pbc2/linear/lambda_0.0/target_lr_0.1/landmark_True/seed_9,100
tcsr_fitted,pbc2,linear,0.0,0.1,True,0,0.8321256038647343,0.1307965588132416,0.906496062992126,0.1046441585320729,outputs_small/ntrain_100/tcsr_fitted/pbc2/linear/lambda_0.0/target_lr_0.1/landmark_True/seed_0,100
tcsr_fitted,pbc2,linear,0.0,0.1,True,7,0.754750593824228,0.18599030491300875,0.9040354330708661,0.09225831625794,outputs_small/ntrain_100/tcsr_fitted/pbc2/linear/lambda_0.0/target_lr_0.1/landmark_True/seed_7,100
tcsr_fitted,pbc2,linear,0.0,0.01,True,2,0.8156192236598891,0.12616233142242247,0.8671259842519685,0.10689572056490318,outputs_small/ntrain_100/tcsr_fitted/pbc2/linear/lambda_0.0/target_lr_0.01/landmark_True/seed_2,100
tcsr_fitted,pbc2,linear,0.0,0.01,True,5,0.7959667852906287,0.1480305692217209,0.8838582677165354,0.10392666354631594,outputs_small/ntrain_100/tcsr_fitted/pbc2/linear/lambda_0.0/target_lr_0.01/landmark_True/seed_5,100
tcsr_fitted,pbc2,linear,0.0,0.01,True,4,0.7878605769230769,0.13080363534927167,0.90501968503937,0.09534230274513235,outputs_small/ntrain_100/tcsr_fitted/pbc2/linear/lambda_0.0/target_lr_0.01/landmark_True/seed_4,100
tcsr_fitted,pbc2,linear,0.0,0.01,True,3,0.8773388773388774,0.11762713305511432,0.8971456692913385,0.0978248781683976,outputs_small/ntrain_100/tcsr_fitted/pbc2/linear/lambda_0.0/target_lr_0.01/landmark_True/seed_3,100
tcsr_fitted,pbc2,linear,0.0,0.01,True,6,0.8870558375634517,0.12411191850758731,0.9020669291338582,0.09210848049078826,outputs_small/ntrain_100/tcsr_fitted/pbc2/linear/lambda_0.0/target_lr_0.01/landmark_True/seed_6,100
tcsr_fitted,pbc2,linear,0.0,0.01,True,1,0.816708229426434,0.13046168503694883,0.8858267716535433,0.10797987590835864,outputs_small/ntrain_100/tcsr_fitted/pbc2/linear/lambda_0.0/target_lr_0.01/landmark_True/seed_1,100
tcsr_fitted,pbc2,linear,0.0,0.01,True,8,0.8182346109175378,0.15675849075855627,0.905511811023622,0.10121918641341456,outputs_small/ntrain_100/tcsr_fitted/pbc2/linear/lambda_0.0/target_lr_0.01/landmark_True/seed_8,100
tcsr_fitted,pbc2,linear,0.0,0.01,True,9,0.8562708102108768,0.10916466861566045,0.9114173228346457,0.09105505511955089,outputs_small/ntrain_100/tcsr_fitted/pbc2/linear/lambda_0.0/target_lr_0.01/landmark_True/seed_9,100
tcsr_fitted,pbc2,linear,0.0,0.01,True,0,0.8393719806763285,0.1379466678133549,0.9020669291338582,0.10007872061876655,outputs_small/ntrain_100/tcsr_fitted/pbc2/linear/lambda_0.0/target_lr_0.01/landmark_True/seed_0,100
tcsr_fitted,pbc2,linear,0.0,0.01,True,7,0.7618764845605701,0.1879390376894713,0.9094488188976378,0.0913394392778181,outputs_small/ntrain_100/tcsr_fitted/pbc2/linear/lambda_0.0/target_lr_0.01/landmark_True/seed_7,100
tcsr_fitted,pbc2,linear,0.0,0.0,True,2,0.8133086876155268,0.12634997403054404,0.8681102362204725,0.10632499550531206,outputs_small/ntrain_100/tcsr_fitted/pbc2/linear/lambda_0.0/target_lr_0.0/landmark_True/seed_2,100
tcsr_fitted,pbc2,linear,0.0,0.0,True,5,0.806049822064057,0.14676981194703415,0.890748031496063,0.10287480875029242,outputs_small/ntrain_100/tcsr_fitted/pbc2/linear/lambda_0.0/target_lr_0.0/landmark_True/seed_5,100
tcsr_fitted,pbc2,linear,0.0,0.0,True,4,0.7878605769230769,0.1304169614552592,0.906496062992126,0.095309150905639,outputs_small/ntrain_100/tcsr_fitted/pbc2/linear/lambda_0.0/target_lr_0.0/landmark_True/seed_4,100
tcsr_fitted,pbc2,linear,0.0,0.0,True,3,0.8664241164241164,0.1179301350032165,0.8986220472440944,0.097102388037884,outputs_small/ntrain_100/tcsr_fitted/pbc2/linear/lambda_0.0/target_lr_0.0/landmark_True/seed_3,100
tcsr_fitted,pbc2,linear,0.0,0.0,True,6,0.8857868020304569,0.12232685536333093,0.9020669291338582,0.09169467164931538,outputs_small/ntrain_100/tcsr_fitted/pbc2/linear/lambda_0.0/target_lr_0.0/landmark_True/seed_6,100
tcsr_fitted,pbc2,linear,0.0,0.0,True,1,0.8067331670822943,0.1278080835605619,0.8804133858267716,0.10808592863054996,outputs_small/ntrain_100/tcsr_fitted/pbc2/linear/lambda_0.0/target_lr_0.0/landmark_True/seed_1,100
tcsr_fitted,pbc2,linear,0.0,0.0,True,8,0.8182346109175378,0.1572012399177925,0.90501968503937,0.10089769058914719,outputs_small/ntrain_100/tcsr_fitted/pbc2/linear/lambda_0.0/target_lr_0.0/landmark_True/seed_8,100
tcsr_fitted,pbc2,linear,0.0,0.0,True,9,0.8573806881243063,0.10673205106363903,0.9114173228346457,0.09082359764738901,outputs_small/ntrain_100/tcsr_fitted/pbc2/linear/lambda_0.0/target_lr_0.0/landmark_True/seed_9,100
tcsr_fitted,pbc2,linear,0.0,0.0,True,0,0.8351449275362319,0.1406516884484589,0.9035433070866141,0.10030041943135459,outputs_small/ntrain_100/tcsr_fitted/pbc2/linear/lambda_0.0/target_lr_0.0/landmark_True/seed_0,100
tcsr_fitted,pbc2,linear,0.0,0.0,True,7,0.7618764845605701,0.18924063158424617,0.9040354330708661,0.09192270306195291,outputs_small/ntrain_100/tcsr_fitted/pbc2/linear/lambda_0.0/target_lr_0.0/landmark_True/seed_7,100
tcsr_fitted,aids,linear,0.0,1.0,True,2,0.639934148635936,0.19135701122230073,0.6904761904761905,0.16963379166530293,outputs_small/ntrain_100/tcsr_fitted/aids/linear/lambda_0.0/target_lr_1.0/landmark_True/seed_2,100
tcsr_fitted,aids,linear,0.0,1.0,True,5,0.6742986798679867,0.17361558749177358,0.6231778425655977,0.1683115230223705,outputs_small/ntrain_100/tcsr_fitted/aids/linear/lambda_0.0/target_lr_1.0/landmark_True/seed_5,100
tcsr_fitted,aids,linear,0.0,1.0,True,4,0.6700695047784535,0.18219748231097127,0.6839164237123421,0.16701442503289726,outputs_small/ntrain_100/tcsr_fitted/aids/linear/lambda_0.0/target_lr_1.0/landmark_True/seed_4,100
tcsr_fitted,aids,linear,0.0,1.0,True,3,0.6846733668341709,0.20068184908272238,0.7223032069970845,0.15952261229375175,outputs_small/ntrain_100/tcsr_fitted/aids/linear/lambda_0.0/target_lr_1.0/landmark_True/seed_3,100
tcsr_fitted,aids,linear,0.0,1.0,True,6,0.72977158343012,0.16022122219739215,0.7118561710398446,0.1626732184605226,outputs_small/ntrain_100/tcsr_fitted/aids/linear/lambda_0.0/target_lr_1.0/landmark_True/seed_6,100
tcsr_fitted,aids,linear,0.0,1.0,True,1,0.6979491752117699,0.16702745921027284,0.67444120505345,0.16369095689900046,outputs_small/ntrain_100/tcsr_fitted/aids/linear/lambda_0.0/target_lr_1.0/landmark_True/seed_1,100
tcsr_fitted,aids,linear,0.0,1.0,True,8,0.6435064935064935,0.17461531441764727,0.6919339164237124,0.16495084094105017,outputs_small/ntrain_100/tcsr_fitted/aids/linear/lambda_0.0/target_lr_1.0/landmark_True/seed_8,100
tcsr_fitted,aids,linear,0.0,1.0,True,9,0.7593617021276595,0.16907065897498388,0.6912050534499514,0.15987827585608116,outputs_small/ntrain_100/tcsr_fitted/aids/linear/lambda_0.0/target_lr_1.0/landmark_True/seed_9,100
tcsr_fitted,aids,linear,0.0,1.0,True,0,0.7205107417916498,0.16479774050500903,0.7363945578231292,0.162437792101071,outputs_small/ntrain_100/tcsr_fitted/aids/linear/lambda_0.0/target_lr_1.0/landmark_True/seed_0,100
tcsr_fitted,aids,linear,0.0,1.0,True,7,0.7258818529536761,0.17557807288336108,0.6664237123420796,0.15543348868258947,outputs_small/ntrain_100/tcsr_fitted/aids/linear/lambda_0.0/target_lr_1.0/landmark_True/seed_7,100
tcsr_fitted,aids,linear,0.0,0.1,True,2,0.6578080903104422,0.1795600608401175,0.7164723032069971,0.15869998839121638,outputs_small/ntrain_100/tcsr_fitted/aids/linear/lambda_0.0/target_lr_0.1/landmark_True/seed_2,100
tcsr_fitted,aids,linear,0.0,0.1,True,5,0.7332920792079208,0.16645200572383753,0.6328960155490768,0.15773022583589524,outputs_small/ntrain_100/tcsr_fitted/aids/linear/lambda_0.0/target_lr_0.1/landmark_True/seed_5,100
tcsr_fitted,aids,linear,0.0,0.1,True,4,0.6946133796698523,0.18058081293091893,0.7137998056365403,0.15731077849424155,outputs_small/ntrain_100/tcsr_fitted/aids/linear/lambda_0.0/target_lr_0.1/landmark_True/seed_4,100
tcsr_fitted,aids,linear,0.0,0.1,True,3,0.6490787269681743,0.18713846574934698,0.6827016520894071,0.1450170335229604,outputs_small/ntrain_100/tcsr_fitted/aids/linear/lambda_0.0/target_lr_0.1/landmark_True/seed_3,100
tcsr_fitted,aids,linear,0.0,0.1,True,6,0.7259001161440186,0.15920363735849963,0.7261904761904762,0.1518048605628352,outputs_small/ntrain_100/tcsr_fitted/aids/linear/lambda_0.0/target_lr_0.1/landmark_True/seed_6,100
tcsr_fitted,aids,linear,0.0,0.1,True,1,0.6925991975033438,0.17176353257492882,0.6596209912536443,0.15810582064330242,outputs_small/ntrain_100/tcsr_fitted/aids/linear/lambda_0.0/target_lr_0.1/landmark_True/seed_1,100
tcsr_fitted,aids,linear,0.0,0.1,True,8,0.6545454545454545,0.16808096354563223,0.684402332361516,0.1568530165813132,outputs_small/ntrain_100/tcsr_fitted/aids/linear/lambda_0.0/target_lr_0.1/landmark_True/seed_8,100
tcsr_fitted,aids,linear,0.0,0.1,True,9,0.7346808510638297,0.16340020491687374,0.6936345966958212,0.1444816298093538,outputs_small/ntrain_100/tcsr_fitted/aids/linear/lambda_0.0/target_lr_0.1/landmark_True/seed_9,100
tcsr_fitted,aids,linear,0.0,0.1,True,0,0.7602351033644102,0.14880579837192343,0.7295918367346939,0.1498836285652703,outputs_small/ntrain_100/tcsr_fitted/aids/linear/lambda_0.0/target_lr_0.1/landmark_True/seed_0,100
tcsr_fitted,aids,linear,0.0,0.1,True,7,0.7292817679558011,0.1683200991844485,0.6839164237123421,0.146626535069282,outputs_small/ntrain_100/tcsr_fitted/aids/linear/lambda_0.0/target_lr_0.1/landmark_True/seed_7,100
tcsr_fitted,aids,linear,0.0,0.01,True,2,0.6523988711194731,0.1743181385523751,0.7361516034985423,0.15436471438835153,outputs_small/ntrain_100/tcsr_fitted/aids/linear/lambda_0.0/target_lr_0.01/landmark_True/seed_2,100
tcsr_fitted,aids,linear,0.0,0.01,True,5,0.7235973597359736,0.1728440279869397,0.6508746355685131,0.15855762346422497,outputs_small/ntrain_100/tcsr_fitted/aids/linear/lambda_0.0/target_lr_0.01/landmark_True/seed_5,100
tcsr_fitted,aids,linear,0.0,0.01,True,4,0.7080799304952216,0.18229458687544542,0.6778425655976676,0.1559213021907727,outputs_small/ntrain_100/tcsr_fitted/aids/linear/lambda_0.0/target_lr_0.01/landmark_True/seed_4,100
tcsr_fitted,aids,linear,0.0,0.01,True,3,0.6346314907872697,0.1884499415982825,0.673955296404276,0.14495162410431575,outputs_small/ntrain_100/tcsr_fitted/aids/linear/lambda_0.0/target_lr_0.01/landmark_True/seed_3,100
tcsr_fitted,aids,linear,0.0,0.01,True,6,0.7138985675571041,0.16154196260962048,0.7045675413022352,0.149950353627294,outputs_small/ntrain_100/tcsr_fitted/aids/linear/lambda_0.0/target_lr_0.01/landmark_True/seed_6,100
tcsr_fitted,aids,linear,0.0,0.01,True,1,0.6946054391440035,0.17497845216333982,0.684402332361516,0.15625152808325854,outputs_small/ntrain_100/tcsr_fitted/aids/linear/lambda_0.0/target_lr_0.01/landmark_True/seed_1,100
tcsr_fitted,aids,linear,0.0,0.01,True,8,0.6575757575757576,0.1652853517252262,0.7004373177842566,0.1542884790891019,outputs_small/ntrain_100/tcsr_fitted/aids/linear/lambda_0.0/target_lr_0.01/landmark_True/seed_8,100
tcsr_fitted,aids,linear,0.0,0.01,True,9,0.7165957446808511,0.16477926576495303,0.6754130223517979,0.14266429518791474,outputs_small/ntrain_100/tcsr_fitted/aids/linear/lambda_0.0/target_lr_0.01/landmark_True/seed_9,100
tcsr_fitted,aids,linear,0.0,0.01,True,0,0.7430077016619375,0.14491828238815735,0.7295918367346939,0.14720929811057837,outputs_small/ntrain_100/tcsr_fitted/aids/linear/lambda_0.0/target_lr_0.01/landmark_True/seed_0,100
tcsr_fitted,aids,linear,0.0,0.01,True,7,0.7401189970250743,0.16448399614520123,0.6783284742468416,0.14314983704024145,outputs_small/ntrain_100/tcsr_fitted/aids/linear/lambda_0.0/target_lr_0.01/landmark_True/seed_7,100
tcsr_fitted,aids,linear,0.0,0.0,True,2,0.6594543744120414,0.17364891018085254,0.7322643343051506,0.15378014454060646,outputs_small/ntrain_100/tcsr_fitted/aids/linear/lambda_0.0/target_lr_0.0/landmark_True/seed_2,100
tcsr_fitted,aids,linear,0.0,0.0,True,5,0.7297854785478548,0.17518435661101261,0.6508746355685131,0.15950940627593135,outputs_small/ntrain_100/tcsr_fitted/aids/linear/lambda_0.0/target_lr_0.0/landmark_True/seed_5,100
tcsr_fitted,aids,linear,0.0,0.0,True,4,0.7122067767158993,0.18282445291003488,0.6698250728862973,0.155976433877705,outputs_small/ntrain_100/tcsr_fitted/aids/linear/lambda_0.0/target_lr_0.0/landmark_True/seed_4,100
tcsr_fitted,aids,linear,0.0,0.0,True,3,0.6352596314907872,0.18893161625962837,0.6839164237123421,0.14522026148155623,outputs_small/ntrain_100/tcsr_fitted/aids/linear/lambda_0.0/target_lr_0.0/landmark_True/seed_3,100
tcsr_fitted,aids,linear,0.0,0.0,True,6,0.7137049941927991,0.16210243912311945,0.6994655004859086,0.14984412352559887,outputs_small/ntrain_100/tcsr_fitted/aids/linear/lambda_0.0/target_lr_0.0/landmark_True/seed_6,100
tcsr_fitted,aids,linear,0.0,0.0,True,1,0.6852429781542577,0.17560228349384366,0.6827016520894071,0.1560184736977576,outputs_small/ntrain_100/tcsr_fitted/aids/linear/lambda_0.0/target_lr_0.0/landmark_True/seed_1,100
tcsr_fitted,aids,linear,0.0,0.0,True,8,0.6575757575757576,0.16490727086392398,0.6972789115646258,0.1539495961442068,outputs_small/ntrain_100/tcsr_fitted/aids/linear/lambda_0.0/target_lr_0.0/landmark_True/seed_8,100
tcsr_fitted,aids,linear,0.0,0.0,True,9,0.7165957446808511,0.16524062717775378,0.6754130223517979,0.14269225333651586,outputs_small/ntrain_100/tcsr_fitted/aids/linear/lambda_0.0/target_lr_0.0/landmark_True/seed_9,100
tcsr_fitted,aids,linear,0.0,0.0,True,0,0.7430077016619375,0.1445933671675921,0.7038386783284742,0.1470202725218615,outputs_small/ntrain_100/tcsr_fitted/aids/linear/lambda_0.0/target_lr_0.0/landmark_True/seed_0,100
tcsr_fitted,aids,linear,0.0,0.0,True,7,0.7413939651508712,0.163920484539758,0.6746841593780369,0.142666440739997,outputs_small/ntrain_100/tcsr_fitted/aids/linear/lambda_0.0/target_lr_0.0/landmark_True/seed_7,100
tcsr_fitted,rw,linear,0.0,1.0,True,2,0.6839492712039481,0.18910997400853188,0.7262018942572833,0.18738867179927493,outputs_small/ntrain_100/tcsr_fitted/rw/linear/lambda_0.0/target_lr_1.0/landmark_True/seed_2,100
tcsr_fitted,rw,linear,0.0,1.0,True,5,0.6820137947297058,0.19932004498276967,0.7082783838868241,0.19737316193352528,outputs_small/ntrain_100/tcsr_fitted/rw/linear/lambda_0.0/target_lr_1.0/landmark_True/seed_5,100
tcsr_fitted,rw,linear,0.0,1.0,True,4,0.709580662236076,0.1982925856159625,0.7109459297446349,0.19299868452168994,outputs_small/ntrain_100/tcsr_fitted/rw/linear/lambda_0.0/target_lr_1.0/landmark_True/seed_4,100
tcsr_fitted,rw,linear,0.0,1.0,True,3,0.6773035030909627,0.21622420206354456,0.7026735403428845,0.19687576162015688,outputs_small/ntrain_100/tcsr_fitted/rw/linear/lambda_0.0/target_lr_1.0/landmark_True/seed_3,100
tcsr_fitted,rw,linear,0.0,1.0,True,6,0.6605822416302766,0.20691304860222293,0.7052511689245894,0.1990796769058818,outputs_small/ntrain_100/tcsr_fitted/rw/linear/lambda_0.0/target_lr_1.0/landmark_True/seed_6,100
tcsr_fitted,rw,linear,0.0,1.0,True,1,0.6389627659574468,0.2364648437013957,0.6843903608680014,0.1974721166469917,outputs_small/ntrain_100/tcsr_fitted/rw/linear/lambda_0.0/target_lr_1.0/landmark_True/seed_1,100
tcsr_fitted,rw,linear,0.0,1.0,True,8,0.7135416666666666,0.1976047419898611,0.7247332454142189,0.18971266992283176,outputs_small/ntrain_100/tcsr_fitted/rw/linear/lambda_0.0/target_lr_1.0/landmark_True/seed_8,100
tcsr_fitted,rw,linear,0.0,1.0,True,9,0.6347047884704788,0.21533557956153473,0.6922731087399593,0.19592112878448292,outputs_small/ntrain_100/tcsr_fitted/rw/linear/lambda_0.0/target_lr_1.0/landmark_True/seed_9,100
tcsr_fitted,rw,linear,0.0,1.0,True,0,0.6837564631383257,0.1946458775908703,0.7167006354154178,0.19567934884139757,outputs_small/ntrain_100/tcsr_fitted/rw/linear/lambda_0.0/target_lr_1.0/landmark_True/seed_0,100
tcsr_fitted,rw,linear,0.0,1.0,True,7,0.6401942538094684,0.2126038158868072,0.7142728689605563,0.19439214800783683,outputs_small/ntrain_100/tcsr_fitted/rw/linear/lambda_0.0/target_lr_1.0/landmark_True/seed_7,100
tcsr_fitted,rw,linear,0.0,0.1,True,2,0.6793584299322851,0.18947808651927153,0.7278204052271909,0.1872381569930132,outputs_small/ntrain_100/tcsr_fitted/rw/linear/lambda_0.0/target_lr_0.1/landmark_True/seed_2,100
tcsr_fitted,rw,linear,0.0,0.1,True,5,0.6781229735306255,0.19971923597763816,0.7066898453422851,0.1979484107988974,outputs_small/ntrain_100/tcsr_fitted/rw/linear/lambda_0.0/target_lr_0.1/landmark_True/seed_5,100
tcsr_fitted,rw,linear,0.0,0.1,True,4,0.7083161794977357,0.19671174650225054,0.7108859848938976,0.19203882960551996,outputs_small/ntrain_100/tcsr_fitted/rw/linear/lambda_0.0/target_lr_0.1/landmark_True/seed_4,100
tcsr_fitted,rw,linear,0.0,0.1,True,3,0.6770974389166912,0.2162812991905444,0.697158614075051,0.19649448551484766,outputs_small/ntrain_100/tcsr_fitted/rw/linear/lambda_0.0/target_lr_0.1/landmark_True/seed_3,100
tcsr_fitted,rw,linear,0.0,0.1,True,6,0.6595342066957788,0.207504567840189,0.7075590456779762,0.19943949096910754,outputs_small/ntrain_100/tcsr_fitted/rw/linear/lambda_0.0/target_lr_0.1/landmark_True/seed_6,100
tcsr_fitted,rw,linear,0.0,0.1,True,1,0.6414107833655706,0.23536366731795327,0.681333173480398,0.19686778487046072,outputs_small/ntrain_100/tcsr_fitted/rw/linear/lambda_0.0/target_lr_0.1/landmark_True/seed_1,100
tcsr_fitted,rw,linear,0.0,0.1,True,8,0.7155402131782945,0.1967070651574744,0.7211964992207169,0.18940478496762522,outputs_small/ntrain_100/tcsr_fitted/rw/linear/lambda_0.0/target_lr_0.1/landmark_True/seed_8,100
tcsr_fitted,rw,linear,0.0,0.1,True,9,0.6347629009762901,0.21537759684217395,0.6933820884785997,0.19540734818752015,outputs_small/ntrain_100/tcsr_fitted/rw/linear/lambda_0.0/target_lr_0.1/landmark_True/seed_9,100
tcsr_fitted,rw,linear,0.0,0.1,True,0,0.6866902922209958,0.19469444974132377,0.7103764536626304,0.19578052472624743,outputs_small/ntrain_100/tcsr_fitted/rw/linear/lambda_0.0/target_lr_0.1/landmark_True/seed_0,100
tcsr_fitted,rw,linear,0.0,0.1,True,7,0.6369082237989997,0.2132311884409322,0.7199676297806018,0.19493687863535888,outputs_small/ntrain_100/tcsr_fitted/rw/linear/lambda_0.0/target_lr_0.1/landmark_True/seed_7,100
tcsr_fitted,rw,linear,0.0,0.01,True,2,0.678555032709744,0.1895216297312469,0.7278204052271909,0.18722875938321534,outputs_small/ntrain_100/tcsr_fitted/rw/linear/lambda_0.0/target_lr_0.01/landmark_True/seed_2,100
tcsr_fitted,rw,linear,0.0,0.01,True,5,0.6780050698579261,0.19976105662390486,0.705640810454382,0.1980059297995257,outputs_small/ntrain_100/tcsr_fitted/rw/linear/lambda_0.0/target_lr_0.01/landmark_True/seed_5,100
tcsr_fitted,rw,linear,0.0,0.01,True,4,0.7081397400458742,0.19656687512504376,0.7108859848938976,0.1919518141907468,outputs_small/ntrain_100/tcsr_fitted/rw/linear/lambda_0.0/target_lr_0.01/landmark_True/seed_4,100
tcsr_fitted,rw,linear,0.0,0.01,True,3,0.6771268766558728,0.21630065878548455,0.6973983934780003,0.1964687178451621,outputs_small/ntrain_100/tcsr_fitted/rw/linear/lambda_0.0/target_lr_0.01/landmark_True/seed_3,100
tcsr_fitted,rw,linear,0.0,0.01,True,6,0.6598835516739446,0.20756923779001063,0.7041122167605802,0.19947967063674213,outputs_small/ntrain_100/tcsr_fitted/rw/linear/lambda_0.0/target_lr_0.01/landmark_True/seed_6,100
tcsr_fitted,rw,linear,0.0,0.01,True,1,0.6412294487427466,0.23526889897795647,0.681602925308716,0.19681709572343514,outputs_small/ntrain_100/tcsr_fitted/rw/linear/lambda_0.0/target_lr_0.01/landmark_True/seed_1,100
tcsr_fitted,rw,linear,0.0,0.01,True,8,0.7152071220930233,0.19662474578340342,0.7213763337729289,0.18937990683265138,outputs_small/ntrain_100/tcsr_fitted/rw/linear/lambda_0.0/target_lr_0.01/landmark_True/seed_8,100
tcsr_fitted,rw,linear,0.0,0.01,True,9,0.634385169688517,0.21539227738684696,0.693352116053231,0.19536471705646136,outputs_small/ntrain_100/tcsr_fitted/rw/linear/lambda_0.0/target_lr_0.01/landmark_True/seed_9,100
tcsr_fitted,rw,linear,0.0,0.01,True,0,0.690088886306861,0.19470587875108689,0.7116652679534828,0.19579651000252288,outputs_small/ntrain_100/tcsr_fitted/rw/linear/lambda_0.0/target_lr_0.01/landmark_True/seed_0,100
tcsr_fitted,rw,linear,0.0,0.01,True,7,0.6373153425613586,0.21330038494220044,0.7196079606761779,0.19499407126572127,outputs_small/ntrain_100/tcsr_fitted/rw/linear/lambda_0.0/target_lr_0.01/landmark_True/seed_7,100
tcsr_fitted,rw,linear,0.0,0.0,True,2,0.678555032709744,0.1895265331195081,0.7266215082124445,0.18722777258705853,outputs_small/ntrain_100/tcsr_fitted/rw/linear/lambda_0.0/target_lr_0.0/landmark_True/seed_2,100
tcsr_fitted,rw,linear,0.0,0.0,True,5,0.6798915286211166,0.19976570768372678,0.705640810454382,0.19801229835046372,outputs_small/ntrain_100/tcsr_fitted/rw/linear/lambda_0.0/target_lr_0.0/landmark_True/seed_5,100
tcsr_fitted,rw,linear,0.0,0.0,True,4,0.7081397400458742,0.1965509499866054,0.7108859848938976,0.1919422586446351,outputs_small/ntrain_100/tcsr_fitted/rw/linear/lambda_0.0/target_lr_0.0/landmark_True/seed_4,100
tcsr_fitted,rw,linear,0.0,0.0,True,3,0.6771268766558728,0.21630297367136458,0.6973983934780003,0.19646600658880395,outputs_small/ntrain_100/tcsr_fitted/rw/linear/lambda_0.0/target_lr_0.0/landmark_True/seed_3,100
tcsr_fitted,rw,linear,0.0,0.0,True,6,0.6598835516739446,0.20757647549669042,0.7041122167605802,0.1994841719303221,outputs_small/ntrain_100/tcsr_fitted/rw/linear/lambda_0.0/target_lr_0.0/landmark_True/seed_6,100
tcsr_fitted,rw,linear,0.0,0.0,True,1,0.6412294487427466,0.23525856784253954,0.681602925308716,0.19681158168385005,outputs_small/ntrain_100/tcsr_fitted/rw/linear/lambda_0.0/target_lr_0.0/landmark_True/seed_1,100
tcsr_fitted,rw,linear,0.0,0.0,True,8,0.7152071220930233,0.19661568931296183,0.7213763337729289,0.1893772058158811,outputs_small/ntrain_100/tcsr_fitted/rw/linear/lambda_0.0/target_lr_0.0/landmark_True/seed_8,100
tcsr_fitted,rw,linear,0.0,0.0,True,9,0.634530450953045,0.2153940268135587,0.693352116053231,0.19536008291915158,outputs_small/ntrain_100/tcsr_fitted/rw/linear/lambda_0.0/target_lr_0.0/landmark_True/seed_9,100
tcsr_fitted,rw,linear,0.0,0.0,True,0,0.690088886306861,0.19470721801149116,0.7116652679534828,0.19579834658803927,outputs_small/ntrain_100/tcsr_fitted/rw/linear/lambda_0.0/target_lr_0.0/landmark_True/seed_0,100
tcsr_fitted,rw,linear,0.0,0.0,True,7,0.6373153425613586,0.21330813613914826,0.7212564440714543,0.19500044026122446,outputs_small/ntrain_100/tcsr_fitted/rw/linear/lambda_0.0/target_lr_0.0/landmark_True/seed_7,100
inc_tcsr,pbc2,linear,0.0,1.0,True,2,0.8077634011090573,0.14104549183537415,0.8646653543307087,0.12542114662396553,outputs_small/ntrain_100/inc_tcsr/pbc2/linear/lambda_0.0/target_lr_1.0/landmark_True/seed_2,100
inc_tcsr,pbc2,linear,0.0,1.0,True,5,0.7253855278766311,0.198925980829109,0.8567913385826772,0.13306797134418197,outputs_small/ntrain_100/inc_tcsr/pbc2/linear/lambda_0.0/target_lr_1.0/landmark_True/seed_5,100
inc_tcsr,pbc2,linear,0.0,1.0,True,4,0.7349759615384616,0.16079943998864643,0.8764763779527559,0.11628468068655934,outputs_small/ntrain_100/inc_tcsr/pbc2/linear/lambda_0.0/target_lr_1.0/landmark_True/seed_4,100
inc_tcsr,pbc2,linear,0.0,1.0,True,3,0.8341995841995842,0.1243758313354665,0.8661417322834646,0.12533464982446696,outputs_small/ntrain_100/inc_tcsr/pbc2/linear/lambda_0.0/target_lr_1.0/landmark_True/seed_3,100
inc_tcsr,pbc2,linear,0.0,1.0,True,6,0.8477157360406091,0.14243937713893565,0.8784448818897638,0.12499357296805678,outputs_small/ntrain_100/inc_tcsr/pbc2/linear/lambda_0.0/target_lr_1.0/landmark_True/seed_6,100
inc_tcsr,pbc2,linear,0.0,1.0,True,1,0.8079800498753117,0.17601379170268422,0.8641732283464567,0.12596870065086618,outputs_small/ntrain_100/inc_tcsr/pbc2/linear/lambda_0.0/target_lr_1.0/landmark_True/seed_1,100
inc_tcsr,pbc2,linear,0.0,1.0,True,8,0.721835075493612,0.17449805987432015,0.8494094488188977,0.13407557611078816,outputs_small/ntrain_100/inc_tcsr/pbc2/linear/lambda_0.0/target_lr_1.0/landmark_True/seed_8,100
inc_tcsr,pbc2,linear,0.0,1.0,True,9,0.8140954495005549,0.16124266662884632,0.8710629921259843,0.12084474266527193,outputs_small/ntrain_100/inc_tcsr/pbc2/linear/lambda_0.0/target_lr_1.0/landmark_True/seed_9,100
inc_tcsr,pbc2,linear,0.0,1.0,True,0,0.8001207729468599,0.14081651002140158,0.8695866141732284,0.13008628823443533,outputs_small/ntrain_100/inc_tcsr/pbc2/linear/lambda_0.0/target_lr_1.0/landmark_True/seed_0,100
inc_tcsr,pbc2,linear,0.0,1.0,True,7,0.7137767220902613,0.18476701211301821,0.8415354330708661,0.13167455169815245,outputs_small/ntrain_100/inc_tcsr/pbc2/linear/lambda_0.0/target_lr_1.0/landmark_True/seed_7,100
inc_tcsr,aids,linear,0.0,1.0,True,2,0.5830197554092192,0.18549212681112695,0.6863459669582118,0.15461412805561608,outputs_small/ntrain_100/inc_tcsr/aids/linear/lambda_0.0/target_lr_1.0/landmark_True/seed_2,100
inc_tcsr,aids,linear,0.0,1.0,True,5,0.6406765676567657,0.19753417665593082,0.6292517006802721,0.17683839830685738,outputs_small/ntrain_100/inc_tcsr/aids/linear/lambda_0.0/target_lr_1.0/landmark_True/seed_5,100
inc_tcsr,aids,linear,0.0,1.0,True,4,0.6611642050390965,0.19713412061324528,0.6499028182701652,0.1641472129756885,outputs_small/ntrain_100/inc_tcsr/aids/linear/lambda_0.0/target_lr_1.0/landmark_True/seed_4,100
inc_tcsr,aids,linear,0.0,1.0,True,3,0.6126465661641541,0.20483483297221644,0.716958211856171,0.15261024787535546,outputs_small/ntrain_100/inc_tcsr/aids/linear/lambda_0.0/target_lr_1.0/landmark_True/seed_3,100
inc_tcsr,aids,linear,0.0,1.0,True,6,0.6602787456445993,0.1838330619258805,0.7035957240038873,0.14957235642976535,outputs_small/ntrain_100/inc_tcsr/aids/linear/lambda_0.0/target_lr_1.0/landmark_True/seed_6,100
inc_tcsr,aids,linear,0.0,1.0,True,1,0.6538118591172537,0.19839463512736324,0.597910592808552,0.16670657733847136,outputs_small/ntrain_100/inc_tcsr/aids/linear/lambda_0.0/target_lr_1.0/landmark_True/seed_1,100
inc_tcsr,aids,linear,0.0,1.0,True,8,0.6095238095238096,0.18274074326029718,0.6946064139941691,0.15485923611524657,outputs_small/ntrain_100/inc_tcsr/aids/linear/lambda_0.0/target_lr_1.0/landmark_True/seed_8,100
inc_tcsr,aids,linear,0.0,1.0,True,9,0.6017021276595744,0.18907101315984898,0.6426141885325559,0.17087678801800407,outputs_small/ntrain_100/inc_tcsr/aids/linear/lambda_0.0/target_lr_1.0/landmark_True/seed_9,100
inc_tcsr,aids,linear,0.0,1.0,True,0,0.6842318605593839,0.1823841614086856,0.6790573372206026,0.14983013507909984,outputs_small/ntrain_100/inc_tcsr/aids/linear/lambda_0.0/target_lr_1.0/landmark_True/seed_0,100
inc_tcsr,aids,linear,0.0,1.0,True,7,0.7137696557586061,0.1907405621144955,0.630466472303207,0.16021884931490776,outputs_small/ntrain_100/inc_tcsr/aids/linear/lambda_0.0/target_lr_1.0/landmark_True/seed_7,100
inc_tcsr,rw,linear,0.0,1.0,True,2,0.6783828761620567,0.23483711318669118,0.7184690085121688,0.23235001533532607,outputs_small/ntrain_100/inc_tcsr/rw/linear/lambda_0.0/target_lr_1.0/landmark_True/seed_2,100
inc_tcsr,rw,linear,0.0,1.0,True,5,0.6750574780404409,0.2453885069094613,0.709087639371778,0.24684988394027643,outputs_small/ntrain_100/inc_tcsr/rw/linear/lambda_0.0/target_lr_1.0/landmark_True/seed_5,100
inc_tcsr,rw,linear,0.0,1.0,True,4,0.7120508145621361,0.19103712459374692,0.7161611317587819,0.20427904784554465,outputs_small/ntrain_100/inc_tcsr/rw/linear/lambda_0.0/target_lr_1.0/landmark_True/seed_4,100
inc_tcsr,rw,linear,0.0,1.0,True,3,0.6706211362967324,0.22307026170261468,0.6955101306797746,0.20835666395030605,outputs_small/ntrain_100/inc_tcsr/rw/linear/lambda_0.0/target_lr_1.0/landmark_True/seed_3,100
inc_tcsr,rw,linear,0.0,1.0,True,6,0.6555458515283843,0.2443452187581752,0.6990768492986452,0.24107014688667983,outputs_small/ntrain_100/inc_tcsr/rw/linear/lambda_0.0/target_lr_1.0/landmark_True/seed_6,100
inc_tcsr,rw,linear,0.0,1.0,True,1,0.6260577852998066,0.2349181544788298,0.6946109579187147,0.2206357080091224,outputs_small/ntrain_100/inc_tcsr/rw/linear/lambda_0.0/target_lr_1.0/landmark_True/seed_1,100
inc_tcsr,rw,linear,0.0,1.0,True,8,0.7228076550387597,0.21337835539262745,0.7236242656755785,0.22290239647787122,outputs_small/ntrain_100/inc_tcsr/rw/linear/lambda_0.0/target_lr_1.0/landmark_True/seed_8,100
inc_tcsr,rw,linear,0.0,1.0,True,9,0.6464435146443515,0.24028428451388692,0.7071694041481836,0.22114322434863204,outputs_small/ntrain_100/inc_tcsr/rw/linear/lambda_0.0/target_lr_1.0/landmark_True/seed_9,100
inc_tcsr,rw,linear,0.0,1.0,True,0,0.6848893278336141,0.24040388311296557,0.7012948087759261,0.24588285692763634,outputs_small/ntrain_100/inc_tcsr/rw/linear/lambda_0.0/target_lr_1.0/landmark_True/seed_0,100
inc_tcsr,rw,linear,0.0,1.0,True,7,0.6467081540072118,0.2492891892376301,0.7080685769092435,0.24057280272064968,outputs_small/ntrain_100/inc_tcsr/rw/linear/lambda_0.0/target_lr_1.0/landmark_True/seed_7,100
cox,pbc2,linear,0.0,1.0,True,2,0.7647874306839186,0.186113812643271,0.8006889763779528,0.14950482747024213,outputs_small/ntrain_100/cox/pbc2/linear/lambda_0.0/target_lr_1.0/landmark_True/seed_2,100
cox,pbc2,linear,0.0,1.0,True,5,0.5688018979833926,0.27365192981726144,0.6766732283464567,0.22645302439277795,outputs_small/ntrain_100/cox/pbc2/linear/lambda_0.0/target_lr_1.0/landmark_True/seed_5,100
cox,pbc2,linear,0.0,1.0,True,4,0.6634615384615384,0.2586171839753604,0.6540354330708661,0.24996756237749293,outputs_small/ntrain_100/cox/pbc2/linear/lambda_0.0/target_lr_1.0/landmark_True/seed_4,100
cox,pbc2,linear,0.0,1.0,True,3,0.7739085239085239,0.194001936949166,0.7017716535433071,0.22339779414602384,outputs_small/ntrain_100/cox/pbc2/linear/lambda_0.0/target_lr_1.0/landmark_True/seed_3,100
cox,pbc2,linear,0.0,1.0,True,6,0.7442893401015228,0.21379421115669803,0.7593503937007874,0.16484849067680524,outputs_small/ntrain_100/cox/pbc2/linear/lambda_0.0/target_lr_1.0/landmark_True/seed_6,100
cox,pbc2,linear,0.0,1.0,True,1,0.7955112219451371,0.2272415288471805,0.7135826771653543,0.21101753521111957,outputs_small/ntrain_100/cox/pbc2/linear/lambda_0.0/target_lr_1.0/landmark_True/seed_1,100
cox,pbc2,linear,0.0,1.0,True,8,0.6951219512195121,0.25112312492539457,0.7436023622047244,0.20643751981975836,outputs_small/ntrain_100/cox/pbc2/linear/lambda_0.0/target_lr_1.0/landmark_True/seed_8,100
cox,pbc2,linear,0.0,1.0,True,9,0.6859045504994451,0.2356508808542274,0.6953740157480315,0.23654371731392745,outputs_small/ntrain_100/cox/pbc2/linear/lambda_0.0/target_lr_1.0/landmark_True/seed_9,100
cox,pbc2,linear,0.0,1.0,True,0,0.6721014492753623,0.25135081967147443,0.7736220472440944,0.20266361357291443,outputs_small/ntrain_100/cox/pbc2/linear/lambda_0.0/target_lr_1.0/landmark_True/seed_0,100
cox,pbc2,linear,0.0,1.0,True,7,0.6609263657957245,0.24093864673612175,0.6692913385826772,0.23761612883931607,outputs_small/ntrain_100/cox/pbc2/linear/lambda_0.0/target_lr_1.0/landmark_True/seed_7,100
cox,aids,linear,0.0,1.0,True,2,0.5712605832549389,0.200867616317953,0.6185617103984451,0.19885967353081288,outputs_small/ntrain_100/cox/aids/linear/lambda_0.0/target_lr_1.0/landmark_True/seed_2,100
cox,aids,linear,0.0,1.0,True,5,0.5808580858085809,0.2281001503683145,0.5102040816326531,0.2180494168525857,outputs_small/ntrain_100/cox/aids/linear/lambda_0.0/target_lr_1.0/landmark_True/seed_5,100
cox,aids,linear,0.0,1.0,True,4,0.5894874022589053,0.21647615641508786,0.5687560738581147,0.21952282239532847,outputs_small/ntrain_100/cox/aids/linear/lambda_0.0/target_lr_1.0/landmark_True/seed_4,100
cox,aids,linear,0.0,1.0,True,3,0.6023869346733668,0.1807851048901426,0.630709426627794,0.16341734832761814,outputs_small/ntrain_100/cox/aids/linear/lambda_0.0/target_lr_1.0/landmark_True/seed_3,100
cox,aids,linear,0.0,1.0,True,6,0.559427022841657,0.22283722992106092,0.5784742468415938,0.18006975648080217,outputs_small/ntrain_100/cox/aids/linear/lambda_0.0/target_lr_1.0/landmark_True/seed_6,100
cox,aids,linear,0.0,1.0,True,1,0.5847079803834151,0.22202486491186213,0.5347424684159378,0.19799079577651074,outputs_small/ntrain_100/cox/aids/linear/lambda_0.0/target_lr_1.0/landmark_True/seed_1,100
cox,aids,linear,0.0,1.0,True,8,0.5636363636363636,0.19342926641778915,0.586977648202138,0.1797852741550415,outputs_small/ntrain_100/cox/aids/linear/lambda_0.0/target_lr_1.0/landmark_True/seed_8,100
cox,aids,linear,0.0,1.0,True,9,0.5,0.22533089530140496,0.5,0.24334449341334896,outputs_small/ntrain_100/cox/aids/linear/lambda_0.0/target_lr_1.0/landmark_True/seed_9,100
cox,aids,linear,0.0,1.0,True,0,0.623226591001216,0.18392235077000013,0.5721574344023324,0.1901635283273202,outputs_small/ntrain_100/cox/aids/linear/lambda_0.0/target_lr_1.0/landmark_True/seed_0,100
cox,aids,linear,0.0,1.0,True,7,0.5886102847428815,0.1995292189355447,0.5519922254616132,0.19478310494046,outputs_small/ntrain_100/cox/aids/linear/lambda_0.0/target_lr_1.0/landmark_True/seed_7,100
cox,rw,linear,0.0,1.0,True,2,0.6484563296224033,0.2866425740111169,0.6453362906126364,0.2768742044036866,outputs_small/ntrain_100/cox/rw/linear/lambda_0.0/target_lr_1.0/landmark_True/seed_2,100
cox,rw,linear,0.0,1.0,True,5,0.6364145493132111,0.24285530196659283,0.6658074571394317,0.24768810878956374,outputs_small/ntrain_100/cox/rw/linear/lambda_0.0/target_lr_1.0/landmark_True/seed_5,100
cox,rw,linear,0.0,1.0,True,4,0.688701993765806,0.20024384277242915,0.681602925308716,0.2109728834566513,outputs_small/ntrain_100/cox/rw/linear/lambda_0.0/target_lr_1.0/landmark_True/seed_4,100
cox,rw,linear,0.0,1.0,True,3,0.643302914336179,0.2355088904133924,0.65040163049994,0.21939139320265083,outputs_small/ntrain_100/cox/rw/linear/lambda_0.0/target_lr_1.0/landmark_True/seed_3,100
cox,rw,linear,0.0,1.0,True,6,0.619650655021834,0.23151834113165387,0.6533089557607001,0.22454745770141016,outputs_small/ntrain_100/cox/rw/linear/lambda_0.0/target_lr_1.0/landmark_True/seed_6,100
cox,rw,linear,0.0,1.0,True,1,0.5934779980657641,0.26358246530590124,0.6339767413979139,0.2403311872902415,outputs_small/ntrain_100/cox/rw/linear/lambda_0.0/target_lr_1.0/landmark_True/seed_1,100
cox,rw,linear,0.0,1.0,True,8,0.5938711240310077,0.288584345841591,0.6348159693082365,0.2861857276479147,outputs_small/ntrain_100/cox/rw/linear/lambda_0.0/target_lr_1.0/landmark_True/seed_8,100
cox,rw,linear,0.0,1.0,True,9,0.6232566248256625,0.24046174861340427,0.691673660232586,0.2117846572786953,outputs_small/ntrain_100/cox/rw/linear/lambda_0.0/target_lr_1.0/landmark_True/seed_9,100
cox,rw,linear,0.0,1.0,True,0,0.6572939057688956,0.2243357886810145,0.6761779163169884,0.2244210024807707,outputs_small/ntrain_100/cox/rw/linear/lambda_0.0/target_lr_1.0/landmark_True/seed_0,100
cox,rw,linear,0.0,1.0,True,7,0.6360649063626846,0.2339716626424597,0.6596930823642249,0.22783251991870473,outputs_small/ntrain_100/cox/rw/linear/lambda_0.0/target_lr_1.0/landmark_True/seed_7,100
d_tcsr,pbc2,linear,0.0,0.5,True,2,0.7065619223659889,0.21304172496124657,0.7687007874015748,0.2697916134910515,outputs_small/ntrain_100/d_tcsr/pbc2/linear/lambda_0.0/target_lr_0.5/landmark_True/seed_2,100
d_tcsr,pbc2,linear,0.0,0.5,True,5,0.636417556346382,0.3223004865367152,0.7987204724409449,0.27114587244411364,outputs_small/ntrain_100/d_tcsr/pbc2/linear/lambda_0.0/target_lr_0.5/landmark_True/seed_5,100
d_tcsr,pbc2,linear,0.0,0.5,True,4,0.6544471153846154,0.24251322315066923,0.7490157480314961,0.2632509796370622,outputs_small/ntrain_100/d_tcsr/pbc2/linear/lambda_0.0/target_lr_0.5/landmark_True/seed_4,100
d_tcsr,pbc2,linear,0.0,0.5,True,3,0.7853430353430353,0.2644709414650602,0.7608267716535433,0.2681455170299545,outputs_small/ntrain_100/d_tcsr/pbc2/linear/lambda_0.0/target_lr_0.5/landmark_True/seed_3,100
d_tcsr,pbc2,linear,0.0,0.5,True,6,0.75,0.23707884469786278,0.7662401574803149,0.267555718197033,outputs_small/ntrain_100/d_tcsr/pbc2/linear/lambda_0.0/target_lr_0.5/landmark_True/seed_6,100
d_tcsr,pbc2,linear,0.0,0.5,True,1,0.7749376558603491,0.277340290947102,0.7598425196850394,0.2673329048442353,outputs_small/ntrain_100/d_tcsr/pbc2/linear/lambda_0.0/target_lr_0.5/landmark_True/seed_1,100
d_tcsr,pbc2,linear,0.0,0.5,True,8,0.6306620209059234,0.2504425599557141,0.78001968503937,0.2724474229532764,outputs_small/ntrain_100/d_tcsr/pbc2/linear/lambda_0.0/target_lr_0.5/landmark_True/seed_8,100
d_tcsr,pbc2,linear,0.0,0.5,True,9,0.7336293007769146,0.2951643583481726,0.7544291338582677,0.2679847644719191,outputs_small/ntrain_100/d_tcsr/pbc2/linear/lambda_0.0/target_lr_0.5/landmark_True/seed_9,100
d_tcsr,pbc2,linear,0.0,0.5,True,0,0.7361111111111112,0.23522901078817535,0.7563976377952756,0.2640951905915339,outputs_small/ntrain_100/d_tcsr/pbc2/linear/lambda_0.0/target_lr_0.5/landmark_True/seed_0,100
d_tcsr,pbc2,linear,0.0,0.5,True,7,0.6876484560570071,0.28782901888616125,0.765748031496063,0.26101757572810536,outputs_small/ntrain_100/d_tcsr/pbc2/linear/lambda_0.0/target_lr_0.5/landmark_True/seed_7,100
d_tcsr,pbc2,linear,0.0,0.05,True,2,0.5591497227356746,0.32728688219413166,0.6284448818897638,0.4436794063482939,outputs_small/ntrain_100/d_tcsr/pbc2/linear/lambda_0.0/target_lr_0.05/landmark_True/seed_2,100
d_tcsr,pbc2,linear,0.0,0.05,True,5,0.6298932384341637,0.4540265704107178,0.6673228346456693,0.43806331825807954,outputs_small/ntrain_100/d_tcsr/pbc2/linear/lambda_0.0/target_lr_0.05/landmark_True/seed_5,100
d_tcsr,pbc2,linear,0.0,0.05,True,4,0.5817307692307693,0.3991592761281519,0.5580708661417323,0.44704504889904967,outputs_small/ntrain_100/d_tcsr/pbc2/linear/lambda_0.0/target_lr_0.05/landmark_True/seed_4,100
d_tcsr,pbc2,linear,0.0,0.05,True,3,0.6372141372141372,0.43142051900432654,0.6013779527559056,0.4429908477186086,outputs_small/ntrain_100/d_tcsr/pbc2/linear/lambda_0.0/target_lr_0.05/landmark_True/seed_3,100
d_tcsr,pbc2,linear,0.0,0.05,True,6,0.565989847715736,0.41049944269751937,0.5733267716535433,0.449108063208571,outputs_small/ntrain_100/d_tcsr/pbc2/linear/lambda_0.0/target_lr_0.05/landmark_True/seed_6,100
d_tcsr,pbc2,linear,0.0,0.05,True,1,0.614713216957606,0.4208822454705972,0.6515748031496063,0.43883340992236997,outputs_small/ntrain_100/d_tcsr/pbc2/linear/lambda_0.0/target_lr_0.05/landmark_True/seed_1,100
d_tcsr,pbc2,linear,0.0,0.05,True,8,0.5749128919860628,0.3925020046790858,0.594488188976378,0.4456741550473781,outputs_small/ntrain_100/d_tcsr/pbc2/linear/lambda_0.0/target_lr_0.05/landmark_True/seed_8,100
d_tcsr,pbc2,linear,0.0,0.05,True,9,0.6281908990011099,0.422120408544916,0.6417322834645669,0.442263436015239,outputs_small/ntrain_100/d_tcsr/pbc2/linear/lambda_0.0/target_lr_0.05/landmark_True/seed_9,100
d_tcsr,pbc2,linear,0.0,0.05,True,0,0.6129227053140096,0.41203305045413013,0.5959645669291339,0.44203318352954163,outputs_small/ntrain_100/d_tcsr/pbc2/linear/lambda_0.0/target_lr_0.05/landmark_True/seed_0,100
d_tcsr,pbc2,linear,0.0,0.05,True,7,0.668646080760095,0.45323056373988846,0.6707677165354331,0.4344054847932385,outputs_small/ntrain_100/d_tcsr/pbc2/linear/lambda_0.0/target_lr_0.05/landmark_True/seed_7,100
d_tcsr,pbc2,linear,0.0,0.95,True,2,0.7897412199630314,0.15215544533713907,0.84251968503937,0.13382988336186075,outputs_small/ntrain_100/d_tcsr/pbc2/linear/lambda_0.0/target_lr_0.95/landmark_True/seed_2,100
d_tcsr,pbc2,linear,0.0,0.95,True,5,0.6868327402135231,0.21133318353100738,0.8415354330708661,0.14226239598437007,outputs_small/ntrain_100/d_tcsr/pbc2/linear/lambda_0.0/target_lr_0.95/landmark_True/seed_5,100
d_tcsr,pbc2,linear,0.0,0.95,True,4,0.7199519230769231,0.16593730477668872,0.860236220472441,0.1241394546707063,outputs_small/ntrain_100/d_tcsr/pbc2/linear/lambda_0.0/target_lr_0.95/landmark_True/seed_4,100
d_tcsr,pbc2,linear,0.0,0.95,True,3,0.7941787941787942,0.1527674367535,0.8169291338582677,0.14682339890708204,outputs_small/ntrain_100/d_tcsr/pbc2/linear/lambda_0.0/target_lr_0.95/landmark_True/seed_3,100
d_tcsr,pbc2,linear,0.0,0.95,True,6,0.8267766497461929,0.1479196078580205,0.8533464566929134,0.1344337990861219,outputs_small/ntrain_100/d_tcsr/pbc2/linear/lambda_0.0/target_lr_0.95/landmark_True/seed_6,100
d_tcsr,pbc2,linear,0.0,0.95,True,1,0.7930174563591023,0.18991606528033028,0.8351377952755905,0.14166396763629793,outputs_small/ntrain_100/d_tcsr/pbc2/linear/lambda_0.0/target_lr_0.95/landmark_True/seed_1,100
d_tcsr,pbc2,linear,0.0,0.95,True,8,0.6602787456445993,0.1873585392316738,0.8075787401574803,0.15463058378250208,outputs_small/ntrain_100/d_tcsr/pbc2/linear/lambda_0.0/target_lr_0.95/landmark_True/seed_8,100
d_tcsr,pbc2,linear,0.0,0.95,True,9,0.7830188679245284,0.1842464793171181,0.8312007874015748,0.1361944846655327,outputs_small/ntrain_100/d_tcsr/pbc2/linear/lambda_0.0/target_lr_0.95/landmark_True/seed_9,100
d_tcsr,pbc2,linear,0.0,0.95,True,0,0.7753623188405797,0.14604643693650188,0.8371062992125984,0.14086813961050818,outputs_small/ntrain_100/d_tcsr/pbc2/linear/lambda_0.0/target_lr_0.95/landmark_True/seed_0,100
d_tcsr,pbc2,linear,0.0,0.95,True,7,0.7226840855106889,0.1926732194377537,0.8041338582677166,0.15057913078461493,outputs_small/ntrain_100/d_tcsr/pbc2/linear/lambda_0.0/target_lr_0.95/landmark_True/seed_7,100
d_tcsr,pbc2,linear,0.0,0.75,True,2,0.7213493530499075,0.17644061557729268,0.7795275590551181,0.18838191534038043,outputs_small/ntrain_100/d_tcsr/pbc2/linear/lambda_0.0/target_lr_0.75/landmark_True/seed_2,100
d_tcsr,pbc2,linear,0.0,0.75,True,5,0.631079478054567,0.25756696640988364,0.8061023622047244,0.19282450499740839,outputs_small/ntrain_100/d_tcsr/pbc2/linear/lambda_0.0/target_lr_0.75/landmark_True/seed_5,100
d_tcsr,pbc2,linear,0.0,0.75,True,4,0.6424278846153846,0.2004629138990622,0.7308070866141733,0.19453087761439475,outputs_small/ntrain_100/d_tcsr/pbc2/linear/lambda_0.0/target_lr_0.75/landmark_True/seed_4,100
d_tcsr,pbc2,linear,0.0,0.75,True,3,0.7733887733887734,0.1958213202989345,0.7534448818897638,0.19479910641568293,outputs_small/ntrain_100/d_tcsr/pbc2/linear/lambda_0.0/target_lr_0.75/landmark_True/seed_3,100
d_tcsr,pbc2,linear,0.0,0.75,True,6,0.733502538071066,0.1787453187769044,0.7706692913385826,0.19450225706322713,outputs_small/ntrain_100/d_tcsr/pbc2/linear/lambda_0.0/target_lr_0.75/landmark_True/seed_6,100
d_tcsr,pbc2,linear,0.0,0.75,True,1,0.7462593516209476,0.23143518450687212,0.7455708661417323,0.2022346268646253,outputs_small/ntrain_100/d_tcsr/pbc2/linear/lambda_0.0/target_lr_0.75/landmark_True/seed_1,100
d_tcsr,pbc2,linear,0.0,0.75,True,8,0.6289198606271778,0.20676550828880447,0.734744094488189,0.20281477368716389,outputs_small/ntrain_100/d_tcsr/pbc2/linear/lambda_0.0/target_lr_0.75/landmark_True/seed_8,100
d_tcsr,pbc2,linear,0.0,0.75,True,9,0.7502774694783574,0.23443660060466923,0.7859251968503937,0.1864947799739639,outputs_small/ntrain_100/d_tcsr/pbc2/linear/lambda_0.0/target_lr_0.75/landmark_True/seed_9,100
d_tcsr,pbc2,linear,0.0,0.75,True,0,0.7179951690821256,0.17219808304207182,0.749507874015748,0.1931519473138834,outputs_small/ntrain_100/d_tcsr/pbc2/linear/lambda_0.0/target_lr_0.75/landmark_True/seed_0,100
d_tcsr,pbc2,linear,0.0,0.75,True,7,0.7209026128266033,0.21961994899683573,0.780511811023622,0.18578347301608558,outputs_small/ntrain_100/d_tcsr/pbc2/linear/lambda_0.0/target_lr_0.75/landmark_True/seed_7,100
d_tcsr,pbc2,linear,0.0,0.1,True,2,0.6247689463955638,0.31369467636323445,0.7253937007874016,0.42603527922449874,outputs_small/ntrain_100/d_tcsr/pbc2/linear/lambda_0.0/target_lr_0.1/landmark_True/seed_2,100
d_tcsr,pbc2,linear,0.0,0.1,True,5,0.6174377224199288,0.4401828484687315,0.7691929133858267,0.4203749030623567,outputs_small/ntrain_100/d_tcsr/pbc2/linear/lambda_0.0/target_lr_0.1/landmark_True/seed_5,100
d_tcsr,pbc2,linear,0.0,0.1,True,4,0.6087740384615384,0.38119424700840043,0.7012795275590551,0.42882918173275364,outputs_small/ntrain_100/d_tcsr/pbc2/linear/lambda_0.0/target_lr_0.1/landmark_True/seed_4,100
d_tcsr,pbc2,linear,0.0,0.1,True,3,0.7073804573804574,0.416854038539602,0.6919291338582677,0.4254454824100899,outputs_small/ntrain_100/d_tcsr/pbc2/linear/lambda_0.0/target_lr_0.1/landmark_True/seed_3,100
d_tcsr,pbc2,linear,0.0,0.1,True,6,0.6307106598984772,0.39240881486730783,0.7298228346456693,0.4311563667877816,outputs_small/ntrain_100/d_tcsr/pbc2/linear/lambda_0.0/target_lr_0.1/landmark_True/seed_6,100
d_tcsr,pbc2,linear,0.0,0.1,True,1,0.743142144638404,0.40523329413106257,0.7750984251968503,0.42115781035200484,outputs_small/ntrain_100/d_tcsr/pbc2/linear/lambda_0.0/target_lr_0.1/landmark_True/seed_1,100
d_tcsr,pbc2,linear,0.0,0.1,True,8,0.6434378629500581,0.3766426848276581,0.6865157480314961,0.4279007257248666,outputs_small/ntrain_100/d_tcsr/pbc2/linear/lambda_0.0/target_lr_0.1/landmark_True/seed_8,100
d_tcsr,pbc2,linear,0.0,0.1,True,9,0.7081021087680355,0.40876188453116075,0.7106299212598425,0.4247638505106595,outputs_small/ntrain_100/d_tcsr/pbc2/linear/lambda_0.0/target_lr_0.1/landmark_True/seed_9,100
d_tcsr,pbc2,linear,0.0,0.1,True,0,0.6678743961352657,0.3948547486119407,0.718503937007874,0.42393483163657525,outputs_small/ntrain_100/d_tcsr/pbc2/linear/lambda_0.0/target_lr_0.1/landmark_True/seed_0,100
d_tcsr,pbc2,linear,0.0,0.1,True,7,0.6733966745843231,0.43600494084885494,0.7431102362204725,0.4161530729786239,outputs_small/ntrain_100/d_tcsr/pbc2/linear/lambda_0.0/target_lr_0.1/landmark_True/seed_7,100
d_tcsr,pbc2,linear,0.0,0.01,True,2,0.5633086876155268,0.3378437756440801,0.515748031496063,0.4569458513740985,outputs_small/ntrain_100/d_tcsr/pbc2/linear/lambda_0.0/target_lr_0.01/landmark_True/seed_2,100
d_tcsr,pbc2,linear,0.0,0.01,True,5,0.5782918149466192,0.464656300879704,0.610236220472441,0.45156070385961516,outputs_small/ntrain_100/d_tcsr/pbc2/linear/lambda_0.0/target_lr_0.01/landmark_True/seed_5,100
d_tcsr,pbc2,linear,0.0,0.01,True,4,0.5210336538461539,0.41275344037050915,0.5177165354330708,0.4604720829060824,outputs_small/ntrain_100/d_tcsr/pbc2/linear/lambda_0.0/target_lr_0.01/landmark_True/seed_4,100
d_tcsr,pbc2,linear,0.0,0.01,True,3,0.6044698544698545,0.44192541796806367,0.515748031496063,0.4560705042341671,outputs_small/ntrain_100/d_tcsr/pbc2/linear/lambda_0.0/target_lr_0.01/landmark_True/seed_3,100
d_tcsr,pbc2,linear,0.0,0.01,True,6,0.5558375634517766,0.42402286560448565,0.5044291338582677,0.4624099884783425,outputs_small/ntrain_100/d_tcsr/pbc2/linear/lambda_0.0/target_lr_0.01/landmark_True/seed_6,100
d_tcsr,pbc2,linear,0.0,0.01,True,1,0.5548628428927681,0.43274758058727003,0.5748031496062992,0.45220910006075626,outputs_small/ntrain_100/d_tcsr/pbc2/linear/lambda_0.0/target_lr_0.01/landmark_True/seed_1,100
d_tcsr,pbc2,linear,0.0,0.01,True,8,0.5127758420441347,0.4045614436099695,0.5177165354330708,0.458942228000976,outputs_small/ntrain_100/d_tcsr/pbc2/linear/lambda_0.0/target_lr_0.01/landmark_True/seed_8,100
d_tcsr,pbc2,linear,0.0,0.01,True,9,0.5377358490566038,0.4322242529629456,0.5797244094488189,0.45541827197467627,outputs_small/ntrain_100/d_tcsr/pbc2/linear/lambda_0.0/target_lr_0.01/landmark_True/seed_9,100
d_tcsr,pbc2,linear,0.0,0.01,True,0,0.5066425120772947,0.42472345528621946,0.5561023622047244,0.45552419834853364,outputs_small/ntrain_100/d_tcsr/pbc2/linear/lambda_0.0/target_lr_0.01/landmark_True/seed_0,100
d_tcsr,pbc2,linear,0.0,0.01,True,7,0.5665083135391924,0.4663621188418748,0.609744094488189,0.44830359330414166,outputs_small/ntrain_100/d_tcsr/pbc2/linear/lambda_0.0/target_lr_0.01/landmark_True/seed_7,100
d_tcsr,pbc2,linear,0.0,0.9,True,2,0.761090573012939,0.16492160565440012,0.8006889763779528,0.15236428143357603,outputs_small/ntrain_100/d_tcsr/pbc2/linear/lambda_0.0/target_lr_0.9/landmark_True/seed_2,100
d_tcsr,pbc2,linear,0.0,0.9,True,5,0.6548042704626335,0.22399026408379455,0.8198818897637795,0.15517181801127614,outputs_small/ntrain_100/d_tcsr/pbc2/linear/lambda_0.0/target_lr_0.9/landmark_True/seed_5,100
d_tcsr,pbc2,linear,0.0,0.9,True,4,0.6826923076923077,0.178173744604715,0.8154527559055118,0.1451416400790898,outputs_small/ntrain_100/d_tcsr/pbc2/linear/lambda_0.0/target_lr_0.9/landmark_True/seed_4,100
d_tcsr,pbc2,linear,0.0,0.9,True,3,0.7967775467775468,0.1619969902239183,0.8154527559055118,0.15358961591095593,outputs_small/ntrain_100/d_tcsr/pbc2/linear/lambda_0.0/target_lr_0.9/landmark_True/seed_3,100
d_tcsr,pbc2,linear,0.0,0.9,True,6,0.8064720812182741,0.15206285050476162,0.8366141732283464,0.14610082696141435,outputs_small/ntrain_100/d_tcsr/pbc2/linear/lambda_0.0/target_lr_0.9/landmark_True/seed_6,100
d_tcsr,pbc2,linear,0.0,0.9,True,1,0.7861596009975063,0.20112322529675966,0.8046259842519685,0.15700821549817756,outputs_small/ntrain_100/d_tcsr/pbc2/linear/lambda_0.0/target_lr_0.9/landmark_True/seed_1,100
d_tcsr,pbc2,linear,0.0,0.9,True,8,0.6614401858304297,0.18690174018759015,0.7952755905511811,0.16137119298247465,outputs_small/ntrain_100/d_tcsr/pbc2/linear/lambda_0.0/target_lr_0.9/landmark_True/seed_8,100
d_tcsr,pbc2,linear,0.0,0.9,True,9,0.758046614872364,0.2015442691624239,0.7997047244094488,0.15195282357969217,outputs_small/ntrain_100/d_tcsr/pbc2/linear/lambda_0.0/target_lr_0.9/landmark_True/seed_9,100
d_tcsr,pbc2,linear,0.0,0.9,True,0,0.7469806763285024,0.14996037298175757,0.8169291338582677,0.1541470771035884,outputs_small/ntrain_100/d_tcsr/pbc2/linear/lambda_0.0/target_lr_0.9/landmark_True/seed_0,100
d_tcsr,pbc2,linear,0.0,0.9,True,7,0.7119952494061758,0.19758031539085663,0.8080708661417323,0.1549700633193769,outputs_small/ntrain_100/d_tcsr/pbc2/linear/lambda_0.0/target_lr_0.9/landmark_True/seed_7,100
d_tcsr,pbc2,linear,0.0,0.25,True,2,0.7014787430683919,0.2743589564416755,0.6919291338582677,0.37103407882203054,outputs_small/ntrain_100/d_tcsr/pbc2/linear/lambda_0.0/target_lr_0.25/landmark_True/seed_2,100
d_tcsr,pbc2,linear,0.0,0.25,True,5,0.6548042704626335,0.3984601093875066,0.7878937007874016,0.3668601742624763,outputs_small/ntrain_100/d_tcsr/pbc2/linear/lambda_0.0/target_lr_0.25/landmark_True/seed_5,100
d_tcsr,pbc2,linear,0.0,0.25,True,4,0.6003605769230769,0.32727467156084833,0.7224409448818898,0.3702565453893884,outputs_small/ntrain_100/d_tcsr/pbc2/linear/lambda_0.0/target_lr_0.25/landmark_True/seed_4,100
d_tcsr,pbc2,linear,0.0,0.25,True,3,0.7666320166320166,0.3656340476270279,0.7559055118110236,0.36988228619304403,outputs_small/ntrain_100/d_tcsr/pbc2/linear/lambda_0.0/target_lr_0.25/landmark_True/seed_3,100
d_tcsr,pbc2,linear,0.0,0.25,True,6,0.6846446700507615,0.3359010939231215,0.7455708661417323,0.37383403224400186,outputs_small/ntrain_100/d_tcsr/pbc2/linear/lambda_0.0/target_lr_0.25/landmark_True/seed_6,100
d_tcsr,pbc2,linear,0.0,0.25,True,1,0.7300498753117207,0.3576041535967799,0.7204724409448819,0.3665922198006424,outputs_small/ntrain_100/d_tcsr/pbc2/linear/lambda_0.0/target_lr_0.25/landmark_True/seed_1,100
d_tcsr,pbc2,linear,0.0,0.25,True,8,0.6207897793263647,0.32876275512472874,0.7593503937007874,0.37206935283937936,outputs_small/ntrain_100/d_tcsr/pbc2/linear/lambda_0.0/target_lr_0.25/landmark_True/seed_8,100
d_tcsr,pbc2,linear,0.0,0.25,True,9,0.7219755826859046,0.36763393286142154,0.7209645669291339,0.3699635179724116,outputs_small/ntrain_100/d_tcsr/pbc2/linear/lambda_0.0/target_lr_0.25/landmark_True/seed_9,100
d_tcsr,pbc2,linear,0.0,0.25,True,0,0.7047101449275363,0.33880504158627717,0.7514763779527559,0.3668099278486629,outputs_small/ntrain_100/d_tcsr/pbc2/linear/lambda_0.0/target_lr_0.25/landmark_True/seed_0,100
d_tcsr,pbc2,linear,0.0,0.25,True,7,0.6442992874109263,0.3832921502344027,0.7239173228346457,0.3605893890859962,outputs_small/ntrain_100/d_tcsr/pbc2/linear/lambda_0.0/target_lr_0.25/landmark_True/seed_7,100
d_tcsr,aids,linear,0.0,0.5,True,2,0.6279397930385701,0.15992439454747437,0.6931486880466472,0.15041318308928955,outputs_small/ntrain_100/d_tcsr/aids/linear/lambda_0.0/target_lr_0.5/landmark_True/seed_2,100
d_tcsr,aids,linear,0.0,0.5,True,5,0.6854372937293729,0.18980985435322262,0.6392128279883382,0.16830479994167202,outputs_small/ntrain_100/d_tcsr/aids/linear/lambda_0.0/target_lr_0.5/landmark_True/seed_5,100
d_tcsr,aids,linear,0.0,0.5,True,4,0.6062119895742832,0.19032787441010768,0.6110301263362488,0.17318947282893257,outputs_small/ntrain_100/d_tcsr/aids/linear/lambda_0.0/target_lr_0.5/landmark_True/seed_4,100
d_tcsr,aids,linear,0.0,0.5,True,3,0.6270938023450586,0.18014918714657754,0.6450437317784257,0.15049354509407842,outputs_small/ntrain_100/d_tcsr/aids/linear/lambda_0.0/target_lr_0.5/landmark_True/seed_3,100
d_tcsr,aids,linear,0.0,0.5,True,6,0.6796360820751065,0.1672635900682508,0.6977648202137998,0.1661194358952041,outputs_small/ntrain_100/d_tcsr/aids/linear/lambda_0.0/target_lr_0.5/landmark_True/seed_6,100
d_tcsr,aids,linear,0.0,0.5,True,1,0.6359786000891663,0.192035878813052,0.6455296404275996,0.167284277821896,outputs_small/ntrain_100/d_tcsr/aids/linear/lambda_0.0/target_lr_0.5/landmark_True/seed_1,100
d_tcsr,aids,linear,0.0,0.5,True,8,0.5952380952380952,0.17442515543245254,0.6358114674441205,0.16520485753416914,outputs_small/ntrain_100/d_tcsr/aids/linear/lambda_0.0/target_lr_0.5/landmark_True/seed_8,100
d_tcsr,aids,linear,0.0,0.5,True,9,0.5425531914893617,0.18279848387407244,0.5177356656948494,0.17521136566339102,outputs_small/ntrain_100/d_tcsr/aids/linear/lambda_0.0/target_lr_0.5/landmark_True/seed_9,100
d_tcsr,aids,linear,0.0,0.5,True,0,0.6724766923388731,0.1655423143183101,0.6666666666666666,0.15966001947487188,outputs_small/ntrain_100/d_tcsr/aids/linear/lambda_0.0/target_lr_0.5/landmark_True/seed_0,100
d_tcsr,aids,linear,0.0,0.5,True,7,0.6215469613259669,0.18357682449446897,0.5626822157434402,0.1683328776028955,outputs_small/ntrain_100/d_tcsr/aids/linear/lambda_0.0/target_lr_0.5/landmark_True/seed_7,100
d_tcsr,aids,linear,0.0,0.05,True,2,0.5136406396989652,0.2984552427993033,0.5532069970845481,0.25304550695342537,outputs_small/ntrain_100/d_tcsr/aids/linear/lambda_0.0/target_lr_0.05/landmark_True/seed_2,100
d_tcsr,aids,linear,0.0,0.05,True,5,0.6324257425742574,0.21859219973285632,0.56511175898931,0.24224550495894878,outputs_small/ntrain_100/d_tcsr/aids/linear/lambda_0.0/target_lr_0.05/landmark_True/seed_5,100
d_tcsr,aids,linear,0.0,0.05,True,4,0.5688531711555169,0.2354650022663691,0.5731292517006803,0.2477312314591993,outputs_small/ntrain_100/d_tcsr/aids/linear/lambda_0.0/target_lr_0.05/landmark_True/seed_4,100
d_tcsr,aids,linear,0.0,0.05,True,3,0.5707705192629816,0.2847962316352717,0.5731292517006803,0.25110965044739475,outputs_small/ntrain_100/d_tcsr/aids/linear/lambda_0.0/target_lr_0.05/landmark_True/seed_3,100
d_tcsr,aids,linear,0.0,0.05,True,6,0.5962059620596206,0.20377688805999739,0.6105442176870748,0.2497607023822058,outputs_small/ntrain_100/d_tcsr/aids/linear/lambda_0.0/target_lr_0.05/landmark_True/seed_6,100
d_tcsr,aids,linear,0.0,0.05,True,1,0.5713330361123495,0.20149887826762916,0.5621963070942663,0.24046600399284088,outputs_small/ntrain_100/d_tcsr/aids/linear/lambda_0.0/target_lr_0.05/landmark_True/seed_1,100
d_tcsr,aids,linear,0.0,0.05,True,8,0.5465367965367965,0.22756160478509205,0.5689990281827016,0.24992656974053432,outputs_small/ntrain_100/d_tcsr/aids/linear/lambda_0.0/target_lr_0.05/landmark_True/seed_8,100
d_tcsr,aids,linear,0.0,0.05,True,9,0.5908510638297872,0.24114805722935503,0.5801749271137027,0.24885070081170363,outputs_small/ntrain_100/d_tcsr/aids/linear/lambda_0.0/target_lr_0.05/landmark_True/seed_9,100
d_tcsr,aids,linear,0.0,0.05,True,0,0.6422780705310093,0.24390424951221437,0.5928085519922255,0.2436138701181015,outputs_small/ntrain_100/d_tcsr/aids/linear/lambda_0.0/target_lr_0.05/landmark_True/seed_0,100
d_tcsr,aids,linear,0.0,0.05,True,7,0.6107097322566936,0.23495205977203718,0.5447035957240038,0.24177023611457152,outputs_small/ntrain_100/d_tcsr/aids/linear/lambda_0.0/target_lr_0.05/landmark_True/seed_7,100
d_tcsr,aids,linear,0.0,0.95,True,2,0.647695202257761,0.1628766360545247,0.6802721088435374,0.14840640458711263,outputs_small/ntrain_100/d_tcsr/aids/linear/lambda_0.0/target_lr_0.95/landmark_True/seed_2,100
d_tcsr,aids,linear,0.0,0.95,True,5,0.6342821782178217,0.1985536123357286,0.6229348882410107,0.17409226500233044,outputs_small/ntrain_100/d_tcsr/aids/linear/lambda_0.0/target_lr_0.95/landmark_True/seed_5,100
d_tcsr,aids,linear,0.0,0.95,True,4,0.6668114682884448,0.19679752631172898,0.6462585034013606,0.16178589605014093,outputs_small/ntrain_100/d_tcsr/aids/linear/lambda_0.0/target_lr_0.95/landmark_True/seed_4,100
d_tcsr,aids,linear,0.0,0.95,True,3,0.6291876046901173,0.18031765029229535,0.6681243926141885,0.15013326513591949,outputs_small/ntrain_100/d_tcsr/aids/linear/lambda_0.0/target_lr_0.95/landmark_True/seed_3,100
d_tcsr,aids,linear,0.0,0.95,True,6,0.6709252806813782,0.18990623524349193,0.6596209912536443,0.15543027906822085,outputs_small/ntrain_100/d_tcsr/aids/linear/lambda_0.0/target_lr_0.95/landmark_True/seed_6,100
d_tcsr,aids,linear,0.0,0.95,True,1,0.6346411056620598,0.19382354756196316,0.6277939747327502,0.16749553764270714,outputs_small/ntrain_100/d_tcsr/aids/linear/lambda_0.0/target_lr_0.95/landmark_True/seed_1,100
d_tcsr,aids,linear,0.0,0.95,True,8,0.5980519480519481,0.17211551264917113,0.6637512147716229,0.1558751411644264,outputs_small/ntrain_100/d_tcsr/aids/linear/lambda_0.0/target_lr_0.95/landmark_True/seed_8,100
d_tcsr,aids,linear,0.0,0.95,True,9,0.5331914893617021,0.18868097116629048,0.5080174927113703,0.1816016139240566,outputs_small/ntrain_100/d_tcsr/aids/linear/lambda_0.0/target_lr_0.95/landmark_True/seed_9,100
d_tcsr,aids,linear,0.0,0.95,True,0,0.7306445074989866,0.16369276864406426,0.6705539358600583,0.15646683586778093,outputs_small/ntrain_100/d_tcsr/aids/linear/lambda_0.0/target_lr_0.95/landmark_True/seed_0,100
d_tcsr,aids,linear,0.0,0.95,True,7,0.6143221419464513,0.18620279150751784,0.5240524781341108,0.1723748908570359,outputs_small/ntrain_100/d_tcsr/aids/linear/lambda_0.0/target_lr_0.95/landmark_True/seed_7,100
d_tcsr,aids,linear,0.0,0.75,True,2,0.660865475070555,0.16242639128524192,0.6814868804664723,0.14946608920077126,outputs_small/ntrain_100/d_tcsr/aids/linear/lambda_0.0/target_lr_0.75/landmark_True/seed_2,100
d_tcsr,aids,linear,0.0,0.75,True,5,0.6689356435643564,0.1882087871693975,0.6450437317784257,0.16629155204315646,outputs_small/ntrain_100/d_tcsr/aids/linear/lambda_0.0/target_lr_0.75/landmark_True/seed_5,100
d_tcsr,aids,linear,0.0,0.75,True,4,0.6848392701998263,0.17809368369730844,0.6540330417881438,0.15756991245402607,outputs_small/ntrain_100/d_tcsr/aids/linear/lambda_0.0/target_lr_0.75/landmark_True/seed_4,100
d_tcsr,aids,linear,0.0,0.75,True,3,0.635678391959799,0.17988144587035518,0.6477162293488824,0.15061816367149292,outputs_small/ntrain_100/d_tcsr/aids/linear/lambda_0.0/target_lr_0.75/landmark_True/seed_3,100
d_tcsr,aids,linear,0.0,0.75,True,6,0.6711188540456833,0.1912337544589225,0.6508746355685131,0.15535646742826684,outputs_small/ntrain_100/d_tcsr/aids/linear/lambda_0.0/target_lr_0.75/landmark_True/seed_6,100
d_tcsr,aids,linear,0.0,0.75,True,1,0.6678555506018725,0.17852057028363436,0.652575315840622,0.1592688774817144,outputs_small/ntrain_100/d_tcsr/aids/linear/lambda_0.0/target_lr_0.75/landmark_True/seed_1,100
d_tcsr,aids,linear,0.0,0.75,True,8,0.6281385281385281,0.16805150037296748,0.6749271137026239,0.15358006395088203,outputs_small/ntrain_100/d_tcsr/aids/linear/lambda_0.0/target_lr_0.75/landmark_True/seed_8,100
d_tcsr,aids,linear,0.0,0.75,True,9,0.7219148936170213,0.16978446922819074,0.6601068999028182,0.16127389853088134,outputs_small/ntrain_100/d_tcsr/aids/linear/lambda_0.0/target_lr_0.75/landmark_True/seed_9,100
d_tcsr,aids,linear,0.0,0.75,True,0,0.7265910012160519,0.16298582587908098,0.652089407191448,0.15725171039434047,outputs_small/ntrain_100/d_tcsr/aids/linear/lambda_0.0/target_lr_0.75/landmark_True/seed_0,100
d_tcsr,aids,linear,0.0,0.75,True,7,0.6842328941776455,0.17968278452934075,0.608357628765792,0.1570425794787835,outputs_small/ntrain_100/d_tcsr/aids/linear/lambda_0.0/target_lr_0.75/landmark_True/seed_7,100
d_tcsr,aids,linear,0.0,0.1,True,2,0.5251646284101599,0.27803347533920286,0.5685131195335277,0.23772461265930225,outputs_small/ntrain_100/d_tcsr/aids/linear/lambda_0.0/target_lr_0.1/landmark_True/seed_2,100
d_tcsr,aids,linear,0.0,0.1,True,5,0.6188118811881188,0.20381217662551063,0.629980563654033,0.2279022411741687,outputs_small/ntrain_100/d_tcsr/aids/linear/lambda_0.0/target_lr_0.1/landmark_True/seed_5,100
d_tcsr,aids,linear,0.0,0.1,True,4,0.5684187662901824,0.22059559750860963,0.5891642371234208,0.23306585171961225,outputs_small/ntrain_100/d_tcsr/aids/linear/lambda_0.0/target_lr_0.1/landmark_True/seed_4,100
d_tcsr,aids,linear,0.0,0.1,True,3,0.5345477386934674,0.2703621891315629,0.6071428571428571,0.23559322868026936,outputs_small/ntrain_100/d_tcsr/aids/linear/lambda_0.0/target_lr_0.1/landmark_True/seed_3,100
d_tcsr,aids,linear,0.0,0.1,True,6,0.5952380952380952,0.19029986813488947,0.6348396501457726,0.2343911227355071,outputs_small/ntrain_100/d_tcsr/aids/linear/lambda_0.0/target_lr_0.1/landmark_True/seed_6,100
d_tcsr,aids,linear,0.0,0.1,True,1,0.6016495764600981,0.18892925151048,0.5583090379008746,0.2266823308213282,outputs_small/ntrain_100/d_tcsr/aids/linear/lambda_0.0/target_lr_0.1/landmark_True/seed_1,100
d_tcsr,aids,linear,0.0,0.1,True,8,0.5932900432900433,0.21278484041727636,0.5784742468415938,0.23503261671655917,outputs_small/ntrain_100/d_tcsr/aids/linear/lambda_0.0/target_lr_0.1/landmark_True/seed_8,100
d_tcsr,aids,linear,0.0,0.1,True,9,0.5131914893617021,0.22491245101071672,0.5580660835762876,0.23449896246261634,outputs_small/ntrain_100/d_tcsr/aids/linear/lambda_0.0/target_lr_0.1/landmark_True/seed_9,100
d_tcsr,aids,linear,0.0,0.1,True,0,0.6499797324685853,0.2269275929106999,0.6273080660835763,0.22840056386448693,outputs_small/ntrain_100/d_tcsr/aids/linear/lambda_0.0/target_lr_0.1/landmark_True/seed_0,100
d_tcsr,aids,linear,0.0,0.1,True,7,0.6551211219719507,0.2204370669114132,0.6056851311953353,0.22722117913593076,outputs_small/ntrain_100/d_tcsr/aids/linear/lambda_0.0/target_lr_0.1/landmark_True/seed_7,100
d_tcsr,aids,linear,0.0,0.01,True,2,0.47671683913452495,0.3069885981314443,0.5590379008746356,0.2597262918728465,outputs_small/ntrain_100/d_tcsr/aids/linear/lambda_0.0/target_lr_0.01/landmark_True/seed_2,100
d_tcsr,aids,linear,0.0,0.01,True,5,0.6450082508250825,0.23056179924294415,0.5731292517006803,0.25244288287456834,outputs_small/ntrain_100/d_tcsr/aids/linear/lambda_0.0/target_lr_0.01/landmark_True/seed_5,100
d_tcsr,aids,linear,0.0,0.01,True,4,0.5162901824500434,0.24937427458487535,0.5553935860058309,0.2601168164509721,outputs_small/ntrain_100/d_tcsr/aids/linear/lambda_0.0/target_lr_0.01/landmark_True/seed_4,100
d_tcsr,aids,linear,0.0,0.01,True,3,0.5485762144053601,0.29768927998007905,0.5743440233236151,0.2643091818050908,outputs_small/ntrain_100/d_tcsr/aids/linear/lambda_0.0/target_lr_0.01/landmark_True/seed_3,100
d_tcsr,aids,linear,0.0,0.01,True,6,0.5791715060007743,0.2161860218274489,0.5896501457725948,0.2626072941496913,outputs_small/ntrain_100/d_tcsr/aids/linear/lambda_0.0/target_lr_0.01/landmark_True/seed_6,100
d_tcsr,aids,linear,0.0,0.01,True,1,0.5550601872492198,0.21328321632482108,0.5801749271137027,0.25183985643572043,outputs_small/ntrain_100/d_tcsr/aids/linear/lambda_0.0/target_lr_0.01/landmark_True/seed_1,100
d_tcsr,aids,linear,0.0,0.01,True,8,0.5108225108225108,0.24035431706511506,0.5663265306122449,0.26220793072525306,outputs_small/ntrain_100/d_tcsr/aids/linear/lambda_0.0/target_lr_0.01/landmark_True/seed_8,100
d_tcsr,aids,linear,0.0,0.01,True,9,0.568936170212766,0.2551804222352534,0.5553935860058309,0.2608235965526454,outputs_small/ntrain_100/d_tcsr/aids/linear/lambda_0.0/target_lr_0.01/landmark_True/seed_9,100
d_tcsr,aids,linear,0.0,0.01,True,0,0.6100526955816782,0.2592097942720268,0.5816326530612245,0.25644928586254623,outputs_small/ntrain_100/d_tcsr/aids/linear/lambda_0.0/target_lr_0.01/landmark_True/seed_0,100
d_tcsr,aids,linear,0.0,0.01,True,7,0.6077348066298343,0.24791207070604881,0.5583090379008746,0.25400649195498504,outputs_small/ntrain_100/d_tcsr/aids/linear/lambda_0.0/target_lr_0.01/landmark_True/seed_7,100
d_tcsr,aids,linear,0.0,0.9,True,2,0.6392285983066792,0.1625797818577687,0.6802721088435374,0.14846309465713864,outputs_small/ntrain_100/d_tcsr/aids/linear/lambda_0.0/target_lr_0.9/landmark_True/seed_2,100
d_tcsr,aids,linear,0.0,0.9,True,5,0.6105610561056105,0.20022242322134726,0.6270651117589893,0.1717519555991928,outputs_small/ntrain_100/d_tcsr/aids/linear/lambda_0.0/target_lr_0.9/landmark_True/seed_5,100
d_tcsr,aids,linear,0.0,0.9,True,4,0.6020851433536055,0.19482308463994544,0.6025267249757046,0.1795586618057987,outputs_small/ntrain_100/d_tcsr/aids/linear/lambda_0.0/target_lr_0.9/landmark_True/seed_4,100
d_tcsr,aids,linear,0.0,0.9,True,3,0.6122278056951423,0.1806152142738988,0.6479591836734694,0.15053447896423958,outputs_small/ntrain_100/d_tcsr/aids/linear/lambda_0.0/target_lr_0.9/landmark_True/seed_3,100
d_tcsr,aids,linear,0.0,0.9,True,6,0.6469221835075494,0.19324490277624,0.6635082604470359,0.1579229167029234,outputs_small/ntrain_100/d_tcsr/aids/linear/lambda_0.0/target_lr_0.9/landmark_True/seed_6,100
d_tcsr,aids,linear,0.0,0.9,True,1,0.5971912617030762,0.20271167197607734,0.598153547133139,0.17383486366769066,outputs_small/ntrain_100/d_tcsr/aids/linear/lambda_0.0/target_lr_0.9/landmark_True/seed_1,100
d_tcsr,aids,linear,0.0,0.9,True,8,0.5896103896103896,0.1743338117520933,0.6433430515063168,0.15776961572258555,outputs_small/ntrain_100/d_tcsr/aids/linear/lambda_0.0/target_lr_0.9/landmark_True/seed_8,100
d_tcsr,aids,linear,0.0,0.9,True,9,0.5331914893617021,0.19072359141794296,0.5233236151603499,0.18387775682693688,outputs_small/ntrain_100/d_tcsr/aids/linear/lambda_0.0/target_lr_0.9/landmark_True/seed_9,100
d_tcsr,aids,linear,0.0,0.9,True,0,0.6698419132549656,0.16656255850457427,0.6688532555879495,0.16371714465890985,outputs_small/ntrain_100/d_tcsr/aids/linear/lambda_0.0/target_lr_0.9/landmark_True/seed_0,100
d_tcsr,aids,linear,0.0,0.9,True,7,0.5903102422439439,0.18890996754319583,0.5269679300291545,0.1758911804940094,outputs_small/ntrain_100/d_tcsr/aids/linear/lambda_0.0/target_lr_0.9/landmark_True/seed_7,100
d_tcsr,aids,linear,0.0,0.25,True,2,0.529868297271872,0.23225442597794077,0.6438289601554907,0.20239694017452006,outputs_small/ntrain_100/d_tcsr/aids/linear/lambda_0.0/target_lr_0.25/landmark_True/seed_2,100
d_tcsr,aids,linear,0.0,0.25,True,5,0.635519801980198,0.1809792030999421,0.564382896015549,0.19756420376986653,outputs_small/ntrain_100/d_tcsr/aids/linear/lambda_0.0/target_lr_0.25/landmark_True/seed_5,100
d_tcsr,aids,linear,0.0,0.25,True,4,0.5929626411815813,0.19099510877650264,0.5908649173955296,0.19480366704432583,outputs_small/ntrain_100/d_tcsr/aids/linear/lambda_0.0/target_lr_0.25/landmark_True/seed_4,100
d_tcsr,aids,linear,0.0,0.25,True,3,0.6153685092127303,0.24168005563211223,0.6236637512147716,0.20035020956668326,outputs_small/ntrain_100/d_tcsr/aids/linear/lambda_0.0/target_lr_0.25/landmark_True/seed_3,100
d_tcsr,aids,linear,0.0,0.25,True,6,0.6794425087108014,0.16640466258812553,0.6496598639455783,0.19919004300478277,outputs_small/ntrain_100/d_tcsr/aids/linear/lambda_0.0/target_lr_0.25/landmark_True/seed_6,100
d_tcsr,aids,linear,0.0,0.25,True,1,0.5864913062862238,0.16589514023549098,0.5915937803692906,0.19144478599835948,outputs_small/ntrain_100/d_tcsr/aids/linear/lambda_0.0/target_lr_0.25/landmark_True/seed_1,100
d_tcsr,aids,linear,0.0,0.25,True,8,0.577922077922078,0.18260615642253597,0.6438289601554907,0.2002361489629336,outputs_small/ntrain_100/d_tcsr/aids/linear/lambda_0.0/target_lr_0.25/landmark_True/seed_8,100
d_tcsr,aids,linear,0.0,0.25,True,9,0.6117021276595744,0.1873638559055757,0.6124878522837707,0.19743664734573083,outputs_small/ntrain_100/d_tcsr/aids/linear/lambda_0.0/target_lr_0.25/landmark_True/seed_9,100
d_tcsr,aids,linear,0.0,0.25,True,0,0.6773408998783949,0.18996514730884959,0.6501457725947521,0.18888787248388414,outputs_small/ntrain_100/d_tcsr/aids/linear/lambda_0.0/target_lr_0.25/landmark_True/seed_0,100
d_tcsr,aids,linear,0.0,0.25,True,7,0.6780705482362941,0.18897355834626034,0.5913508260447036,0.19038325347584717,outputs_small/ntrain_100/d_tcsr/aids/linear/lambda_0.0/target_lr_0.25/landmark_True/seed_7,100
d_tcsr,rw,linear,0.0,0.5,True,2,0.6784402616779525,0.1940030600330301,0.7208668025416617,0.18629443803357934,outputs_small/ntrain_100/d_tcsr/rw/linear/lambda_0.0/target_lr_0.5/landmark_True/seed_2,100
d_tcsr,rw,linear,0.0,0.5,True,5,0.691298708954784,0.20257691329357114,0.6997961875074931,0.20159861681495117,outputs_small/ntrain_100/d_tcsr/rw/linear/lambda_0.0/target_lr_0.5/landmark_True/seed_5,100
d_tcsr,rw,linear,0.0,0.5,True,4,0.7014938540257601,0.19493479353599968,0.6953902409782999,0.19141650531184504,outputs_small/ntrain_100/d_tcsr/rw/linear/lambda_0.0/target_lr_0.5/landmark_True/seed_4,100
d_tcsr,rw,linear,0.0,0.5,True,3,0.6783338239623197,0.22056733298866887,0.6955101306797746,0.2115005621757187,outputs_small/ntrain_100/d_tcsr/rw/linear/lambda_0.0/target_lr_0.5/landmark_True/seed_3,100
d_tcsr,rw,linear,0.0,0.5,True,6,0.654585152838428,0.21128119309578325,0.7006653878431842,0.19978347347903763,outputs_small/ntrain_100/d_tcsr/rw/linear/lambda_0.0/target_lr_0.5/landmark_True/seed_6,100
d_tcsr,rw,linear,0.0,0.5,True,1,0.6432543520309478,0.2285080448803119,0.6946109579187147,0.1958529893663964,outputs_small/ntrain_100/d_tcsr/rw/linear/lambda_0.0/target_lr_0.5/landmark_True/seed_1,100
d_tcsr,rw,linear,0.0,0.5,True,8,0.7101804748062015,0.1930072276329156,0.7127143028413859,0.18903600187019765,outputs_small/ntrain_100/d_tcsr/rw/linear/lambda_0.0/target_lr_0.5/landmark_True/seed_8,100
d_tcsr,rw,linear,0.0,0.5,True,9,0.643683170618317,0.21958683163423576,0.6860388442632778,0.1950228773305401,outputs_small/ntrain_100/d_tcsr/rw/linear/lambda_0.0/target_lr_0.5/landmark_True/seed_9,100
d_tcsr,rw,linear,0.0,0.5,True,0,0.6890722128623714,0.1938872135716083,0.7137333653039204,0.19180719855063216,outputs_small/ntrain_100/d_tcsr/rw/linear/lambda_0.0/target_lr_0.5/landmark_True/seed_0,100
d_tcsr,rw,linear,0.0,0.5,True,7,0.6388565778760033,0.2183758221277676,0.718708787915118,0.199810026306699,outputs_small/ntrain_100/d_tcsr/rw/linear/lambda_0.0/target_lr_0.5/landmark_True/seed_7,100
d_tcsr,rw,linear,0.0,0.05,True,2,0.635257660966372,0.2635272074900627,0.664458697997842,0.2649898655153539,outputs_small/ntrain_100/d_tcsr/rw/linear/lambda_0.0/target_lr_0.05/landmark_True/seed_2,100
d_tcsr,rw,linear,0.0,0.05,True,5,0.6068796793020103,0.2771257586229572,0.6381129360987892,0.2699255124540592,outputs_small/ntrain_100/d_tcsr/rw/linear/lambda_0.0/target_lr_0.05/landmark_True/seed_5,100
d_tcsr,rw,linear,0.0,0.05,True,4,0.6228900782214903,0.2889743620769444,0.6560963913199857,0.2558279043399271,outputs_small/ntrain_100/d_tcsr/rw/linear/lambda_0.0/target_lr_0.05/landmark_True/seed_4,100
d_tcsr,rw,linear,0.0,0.05,True,3,0.6423609066823668,0.27354251476571934,0.6400911161731208,0.25768765011478506,outputs_small/ntrain_100/d_tcsr/rw/linear/lambda_0.0/target_lr_0.05/landmark_True/seed_3,100
d_tcsr,rw,linear,0.0,0.05,True,6,0.6068704512372635,0.282486182385349,0.6193501978180075,0.27982138558247743,outputs_small/ntrain_100/d_tcsr/rw/linear/lambda_0.0/target_lr_0.05/landmark_True/seed_6,100
d_tcsr,rw,linear,0.0,0.05,True,1,0.58616416827853,0.3297615901221957,0.6190504735643209,0.26385344457599313,outputs_small/ntrain_100/d_tcsr/rw/linear/lambda_0.0/target_lr_0.05/landmark_True/seed_1,100
d_tcsr,rw,linear,0.0,0.05,True,8,0.6222747093023255,0.28762081709594883,0.6344563002038125,0.2668172268779694,outputs_small/ntrain_100/d_tcsr/rw/linear/lambda_0.0/target_lr_0.05/landmark_True/seed_8,100
d_tcsr,rw,linear,0.0,0.05,True,9,0.5800209205020921,0.28051753614290303,0.629990408823882,0.2675218481309987,outputs_small/ntrain_100/d_tcsr/rw/linear/lambda_0.0/target_lr_0.05/landmark_True/seed_9,100
d_tcsr,rw,linear,0.0,0.05,True,0,0.6343461337361297,0.2730825114007454,0.6719518043400072,0.27113307507655215,outputs_small/ntrain_100/d_tcsr/rw/linear/lambda_0.0/target_lr_0.05/landmark_True/seed_0,100
d_tcsr,rw,linear,0.0,0.05,True,7,0.5785739211352797,0.295365421003716,0.6467749670303321,0.2701503633493976,outputs_small/ntrain_100/d_tcsr/rw/linear/lambda_0.0/target_lr_0.05/landmark_True/seed_7,100
d_tcsr,rw,linear,0.0,0.95,True,2,0.6831171812234592,0.23097532101911603,0.7271909842944491,0.22972681906454068,outputs_small/ntrain_100/d_tcsr/rw/linear/lambda_0.0/target_lr_0.95/landmark_True/seed_2,100
d_tcsr,rw,linear,0.0,0.95,True,5,0.6762659906856099,0.24555052959370552,0.7110058745953722,0.2468248664803754,outputs_small/ntrain_100/d_tcsr/rw/linear/lambda_0.0/target_lr_0.95/landmark_True/seed_5,100
d_tcsr,rw,linear,0.0,0.95,True,4,0.7134329236017174,0.19239699596216622,0.7140630619829756,0.20617066362490757,outputs_small/ntrain_100/d_tcsr/rw/linear/lambda_0.0/target_lr_0.95/landmark_True/seed_4,100
d_tcsr,rw,linear,0.0,0.95,True,3,0.6683544303797468,0.22429889337723435,0.6944610957918714,0.2088425002572952,outputs_small/ntrain_100/d_tcsr/rw/linear/lambda_0.0/target_lr_0.95/landmark_True/seed_3,100
d_tcsr,rw,linear,0.0,0.95,True,6,0.6702183406113537,0.2589651261200961,0.6962294688886225,0.2564270414313846,outputs_small/ntrain_100/d_tcsr/rw/linear/lambda_0.0/target_lr_0.95/landmark_True/seed_6,100
d_tcsr,rw,linear,0.0,0.95,True,1,0.6314071566731141,0.23388220812438812,0.6838508572113655,0.2232571227911374,outputs_small/ntrain_100/d_tcsr/rw/linear/lambda_0.0/target_lr_0.95/landmark_True/seed_1,100
d_tcsr,rw,linear,0.0,0.95,True,8,0.7251392926356589,0.21588404710128611,0.7222155616832514,0.22822437002622165,outputs_small/ntrain_100/d_tcsr/rw/linear/lambda_0.0/target_lr_0.95/landmark_True/seed_8,100
d_tcsr,rw,linear,0.0,0.95,True,9,0.6405741515574152,0.24237599076344532,0.7085481357151421,0.22418516036835684,outputs_small/ntrain_100/d_tcsr/rw/linear/lambda_0.0/target_lr_0.95/landmark_True/seed_9,100
d_tcsr,rw,linear,0.0,0.95,True,0,0.6757102190205078,0.25332448253256734,0.7058206450065939,0.260621425934128,outputs_small/ntrain_100/d_tcsr/rw/linear/lambda_0.0/target_lr_0.95/landmark_True/seed_0,100
d_tcsr,rw,linear,0.0,0.95,True,7,0.6458648365708968,0.25385838107483494,0.7080086320585062,0.24695536856944084,outputs_small/ntrain_100/d_tcsr/rw/linear/lambda_0.0/target_lr_0.95/landmark_True/seed_7,100
d_tcsr,rw,linear,0.0,0.75,True,2,0.6819694709055435,0.22888482926730017,0.7172701114974224,0.23054674985684193,outputs_small/ntrain_100/d_tcsr/rw/linear/lambda_0.0/target_lr_0.75/landmark_True/seed_2,100
d_tcsr,rw,linear,0.0,0.75,True,5,0.6871720804103048,0.20664798678521765,0.7029133197458338,0.2077784709642894,outputs_small/ntrain_100/d_tcsr/rw/linear/lambda_0.0/target_lr_0.75/landmark_True/seed_5,100
d_tcsr,rw,linear,0.0,0.75,True,4,0.7174910309945304,0.1966353927110979,0.7175398633257403,0.21218353575638715,outputs_small/ntrain_100/d_tcsr/rw/linear/lambda_0.0/target_lr_0.75/landmark_True/seed_4,100
d_tcsr,rw,linear,0.0,0.75,True,3,0.6751251103915219,0.22309266154095297,0.6955101306797746,0.21420752138001278,outputs_small/ntrain_100/d_tcsr/rw/linear/lambda_0.0/target_lr_0.75/landmark_True/seed_3,100
d_tcsr,rw,linear,0.0,0.75,True,6,0.6578457059679768,0.21332968601031463,0.695120489149982,0.20160786400162034,outputs_small/ntrain_100/d_tcsr/rw/linear/lambda_0.0/target_lr_0.75/landmark_True/seed_6,100
d_tcsr,rw,linear,0.0,0.75,True,1,0.6421663442940039,0.23441133960086166,0.6839407744874715,0.2307734887083203,outputs_small/ntrain_100/d_tcsr/rw/linear/lambda_0.0/target_lr_0.75/landmark_True/seed_1,100
d_tcsr,rw,linear,0.0,0.75,True,8,0.7189922480620154,0.22358038216048653,0.7157415178036207,0.2343466865975555,outputs_small/ntrain_100/d_tcsr/rw/linear/lambda_0.0/target_lr_0.75/landmark_True/seed_8,100
d_tcsr,rw,linear,0.0,0.75,True,9,0.6302010692701069,0.218622954671823,0.7030631818726771,0.19476280045439484,outputs_small/ntrain_100/d_tcsr/rw/linear/lambda_0.0/target_lr_0.75/landmark_True/seed_9,100
d_tcsr,rw,linear,0.0,0.75,True,0,0.6915412769418463,0.25021477798470004,0.6892159213523559,0.25790126771159394,outputs_small/ntrain_100/d_tcsr/rw/linear/lambda_0.0/target_lr_0.75/landmark_True/seed_0,100
d_tcsr,rw,linear,0.0,0.75,True,7,0.645922996394091,0.22433846403158805,0.7142428965351876,0.20713475871230003,outputs_small/ntrain_100/d_tcsr/rw/linear/lambda_0.0/target_lr_0.75/landmark_True/seed_7,100
d_tcsr,rw,linear,0.0,0.1,True,2,0.6830311029496156,0.18984916560881163,0.7297686128761539,0.1884992160743172,outputs_small/ntrain_100/d_tcsr/rw/linear/lambda_0.0/target_lr_0.1/landmark_True/seed_2,100
d_tcsr,rw,linear,0.0,0.1,True,5,0.6904439073277132,0.20065421454512852,0.7051312792231147,0.19965762307619112,outputs_small/ntrain_100/d_tcsr/rw/linear/lambda_0.0/target_lr_0.1/landmark_True/seed_5,100
d_tcsr,rw,linear,0.0,0.1,True,4,0.6465623713462331,0.28327723256576004,0.6665267953482796,0.2522358566623342,outputs_small/ntrain_100/d_tcsr/rw/linear/lambda_0.0/target_lr_0.1/landmark_True/seed_4,100
d_tcsr,rw,linear,0.0,0.1,True,3,0.6436856049455402,0.2719130466881461,0.6443472005754706,0.2551138719379749,outputs_small/ntrain_100/d_tcsr/rw/linear/lambda_0.0/target_lr_0.1/landmark_True/seed_3,100
d_tcsr,rw,linear,0.0,0.1,True,6,0.6617758369723435,0.20869870605610777,0.7046816928425849,0.20141341936585921,outputs_small/ntrain_100/d_tcsr/rw/linear/lambda_0.0/target_lr_0.1/landmark_True/seed_6,100
d_tcsr,rw,linear,0.0,0.1,True,1,0.5943242263056093,0.3245661783850639,0.6295108500179835,0.2590633069234925,outputs_small/ntrain_100/d_tcsr/rw/linear/lambda_0.0/target_lr_0.1/landmark_True/seed_1,100
d_tcsr,rw,linear,0.0,0.1,True,8,0.7171753875968992,0.19688027707135142,0.7163709387363626,0.19053255955023973,outputs_small/ntrain_100/d_tcsr/rw/linear/lambda_0.0/target_lr_0.1/landmark_True/seed_8,100
d_tcsr,rw,linear,0.0,0.1,True,9,0.6055032543003255,0.27597350194945186,0.646954801582544,0.2625933564367357,outputs_small/ntrain_100/d_tcsr/rw/linear/lambda_0.0/target_lr_0.1/landmark_True/seed_9,100
d_tcsr,rw,linear,0.0,0.1,True,0,0.6908150816243537,0.19546863143348672,0.7022539263877233,0.19724789594960634,outputs_small/ntrain_100/d_tcsr/rw/linear/lambda_0.0/target_lr_0.1/landmark_True/seed_0,100
d_tcsr,rw,linear,0.0,0.1,True,7,0.6300744445736884,0.2138315503619806,0.7180793669823762,0.19724672496431572,outputs_small/ntrain_100/d_tcsr/rw/linear/lambda_0.0/target_lr_0.1/landmark_True/seed_7,100
d_tcsr,rw,linear,0.0,0.01,True,2,0.6051015723631356,0.2716200633824654,0.6385325500539504,0.27160183133750343,outputs_small/ntrain_100/d_tcsr/rw/linear/lambda_0.0/target_lr_0.01/landmark_True/seed_2,100
d_tcsr,rw,linear,0.0,0.01,True,5,0.6075871013382067,0.2829084966756093,0.6078108140510731,0.2736227638905828,outputs_small/ntrain_100/d_tcsr/rw/linear/lambda_0.0/target_lr_0.01/landmark_True/seed_5,100
d_tcsr,rw,linear,0.0,0.01,True,4,0.6197141680879845,0.2926610457073174,0.6589137993046398,0.2579361087009287,outputs_small/ntrain_100/d_tcsr/rw/linear/lambda_0.0/target_lr_0.01/landmark_True/seed_4,100
d_tcsr,rw,linear,0.0,0.01,True,3,0.6395348837209303,0.2745503716406329,0.6440774487471527,0.2595158360001192,outputs_small/ntrain_100/d_tcsr/rw/linear/lambda_0.0/target_lr_0.01/landmark_True/seed_3,100
d_tcsr,rw,linear,0.0,0.01,True,6,0.5738573508005822,0.2900802737489073,0.6032849778204052,0.2875599023362634,outputs_small/ntrain_100/d_tcsr/rw/linear/lambda_0.0/target_lr_0.01/landmark_True/seed_6,100
d_tcsr,rw,linear,0.0,0.01,True,1,0.5807241295938105,0.3332303362960265,0.6106581944610958,0.267045635728262,outputs_small/ntrain_100/d_tcsr/rw/linear/lambda_0.0/target_lr_0.01/landmark_True/seed_1,100
d_tcsr,rw,linear,0.0,0.01,True,8,0.6154917635658915,0.2889245134664892,0.626993166287016,0.26869564981903693,outputs_small/ntrain_100/d_tcsr/rw/linear/lambda_0.0/target_lr_0.01/landmark_True/seed_8,100
d_tcsr,rw,linear,0.0,0.01,True,9,0.5796722454672245,0.2833571383899044,0.6167126243855653,0.27059485628382396,outputs_small/ntrain_100/d_tcsr/rw/linear/lambda_0.0/target_lr_0.01/landmark_True/seed_9,100
d_tcsr,rw,linear,0.0,0.01,True,0,0.616859350490908,0.2813299190412815,0.6105383047596211,0.2792353490125016,outputs_small/ntrain_100/d_tcsr/rw/linear/lambda_0.0/target_lr_0.01/landmark_True/seed_0,100
d_tcsr,rw,linear,0.0,0.01,True,7,0.5547574735372804,0.30264070020059497,0.6157235343483994,0.27854918071063706,outputs_small/ntrain_100/d_tcsr/rw/linear/lambda_0.0/target_lr_0.01/landmark_True/seed_7,100
d_tcsr,rw,linear,0.0,0.9,True,2,0.6817973143578561,0.2370876388451185,0.7214362786236662,0.23489698691082497,outputs_small/ntrain_100/d_tcsr/rw/linear/lambda_0.0/target_lr_0.9/landmark_True/seed_2,100
d_tcsr,rw,linear,0.0,0.9,True,5,0.67225726581383,0.2440194326621331,0.7071993765735524,0.24507549646937818,outputs_small/ntrain_100/d_tcsr/rw/linear/lambda_0.0/target_lr_0.9/landmark_True/seed_5,100
d_tcsr,rw,linear,0.0,0.9,True,4,0.7115214962065518,0.19225778140734018,0.7144527035127682,0.205870940260024,outputs_small/ntrain_100/d_tcsr/rw/linear/lambda_0.0/target_lr_0.9/landmark_True/seed_4,100
d_tcsr,rw,linear,0.0,0.9,True,3,0.6685604945540182,0.224386544052727,0.696709027694521,0.21053802157082682,outputs_small/ntrain_100/d_tcsr/rw/linear/lambda_0.0/target_lr_0.9/landmark_True/seed_3,100
d_tcsr,rw,linear,0.0,0.9,True,6,0.6637554585152838,0.25465353861844053,0.6971286416496822,0.25251471435508394,outputs_small/ntrain_100/d_tcsr/rw/linear/lambda_0.0/target_lr_0.9/landmark_True/seed_6,100
d_tcsr,rw,linear,0.0,0.9,True,1,0.6339760638297872,0.2343761999194164,0.6887663349718259,0.2228198136206216,outputs_small/ntrain_100/d_tcsr/rw/linear/lambda_0.0/target_lr_0.9/landmark_True/seed_1,100
d_tcsr,rw,linear,0.0,0.9,True,8,0.7201126453488372,0.21539024354674427,0.7240139072053711,0.2264622481873472,outputs_small/ntrain_100/d_tcsr/rw/linear/lambda_0.0/target_lr_0.9/landmark_True/seed_8,100
d_tcsr,rw,linear,0.0,0.9,True,9,0.6419688516968852,0.24752439709047666,0.7060004795588058,0.22717800472365152,outputs_small/ntrain_100/d_tcsr/rw/linear/lambda_0.0/target_lr_0.9/landmark_True/seed_9,100
d_tcsr,rw,linear,0.0,0.9,True,0,0.6856155231511067,0.25872941183736475,0.6958997722095672,0.2667037632362548,outputs_small/ntrain_100/d_tcsr/rw/linear/lambda_0.0/target_lr_0.9/landmark_True/seed_0,100
d_tcsr,rw,linear,0.0,0.9,True,7,0.6448179597534024,0.25577268619415766,0.7089377772449347,0.2502657630613707,outputs_small/ntrain_100/d_tcsr/rw/linear/lambda_0.0/target_lr_0.9/landmark_True/seed_7,100
d_tcsr,rw,linear,0.0,0.25,True,2,0.6708366808217606,0.19206065720662627,0.7247332454142189,0.18535222837312534,outputs_small/ntrain_100/d_tcsr/rw/linear/lambda_0.0/target_lr_0.25/landmark_True/seed_2,100
d_tcsr,rw,linear,0.0,0.25,True,5,0.692477745681778,0.19946191289849594,0.7011449466490829,0.19621684385809002,outputs_small/ntrain_100/d_tcsr/rw/linear/lambda_0.0/target_lr_0.25/landmark_True/seed_5,100
d_tcsr,rw,linear,0.0,0.25,True,4,0.6908192671881432,0.20017015102379754,0.7065399832154418,0.1926282036411461,outputs_small/ntrain_100/d_tcsr/rw/linear/lambda_0.0/target_lr_0.25/landmark_True/seed_4,100
d_tcsr,rw,linear,0.0,0.25,True,3,0.6686488077715631,0.22170736126485513,0.6870878791511809,0.19942618917791805,outputs_small/ntrain_100/d_tcsr/rw/linear/lambda_0.0/target_lr_0.25/landmark_True/seed_3,100
d_tcsr,rw,linear,0.0,0.25,True,6,0.6550509461426492,0.20702578048672876,0.6997062702313871,0.1955057634054756,outputs_small/ntrain_100/d_tcsr/rw/linear/lambda_0.0/target_lr_0.25/landmark_True/seed_6,100
d_tcsr,rw,linear,0.0,0.25,True,1,0.63258583172147,0.23670731438884804,0.696978779522839,0.19767637274379007,outputs_small/ntrain_100/d_tcsr/rw/linear/lambda_0.0/target_lr_0.25/landmark_True/seed_1,100
d_tcsr,rw,linear,0.0,0.25,True,8,0.7064256298449613,0.1958319553989677,0.7094173360508332,0.1873533623404528,outputs_small/ntrain_100/d_tcsr/rw/linear/lambda_0.0/target_lr_0.25/landmark_True/seed_8,100
d_tcsr,rw,linear,0.0,0.25,True,9,0.6359832635983264,0.21865729433322917,0.6899352595612037,0.19540066854929858,outputs_small/ntrain_100/d_tcsr/rw/linear/lambda_0.0/target_lr_0.25/landmark_True/seed_9,100
d_tcsr,rw,linear,0.0,0.25,True,0,0.6831464590716319,0.19345615324144455,0.7049514446709028,0.19230289415139895,outputs_small/ntrain_100/d_tcsr/rw/linear/lambda_0.0/target_lr_0.25/landmark_True/seed_0,100
d_tcsr,rw,linear,0.0,0.25,True,7,0.6380423403512854,0.21308618744726118,0.7111857091475843,0.1936146898713123,outputs_small/ntrain_100/d_tcsr/rw/linear/lambda_0.0/target_lr_0.25/landmark_True/seed_7,100
