vehicle_id,n_observations,first_observed_time_step,last_observed_time_step,observed_time_span,length_of_study_time_step,in_study_repair,sequence_length_band,study_time_minus_last_observed,observed_span_fraction_of_study_time
2,33,1.4,281.0,279.6,281.8,0,20-49,0.8000000000000114,0.9921930447125621
13,26,2.2,149.4,147.20000000000002,155.4,0,20-49,6.0,0.9472329472329473
25,45,0.8,316.2,315.4,320.2,0,20-49,4.0,0.9850093691442848
28,100,5.6,238.0,232.4,239.4,0,100-199,1.4000000000000057,0.9707602339181286
33,102,0.6,500.0,499.4,501.2,0,100-199,1.1999999999999886,0.9964086193136472
35,33,5.6,145.8,140.20000000000002,167.2,0,20-49,21.399999999999977,0.8385167464114834
43,54,2.8,281.4,278.59999999999997,285.4,0,50-99,4.0,0.9761737911702872
48,25,15.0,152.8,137.8,154.4,0,20-49,1.5999999999999943,0.8924870466321244
55,11,0.0,94.0,94.0,167.4,0,10-19,73.4,0.5615292712066905
61,74,4.2,292.6,288.40000000000003,293.0,1,50-99,0.39999999999997726,0.9843003412969284
64,22,0.6,140.4,139.8,142.6,0,20-49,2.1999999999999886,0.9803646563814868
71,137,3.6,488.6,485.0,491.6,0,100-199,3.0,0.9865744507729861
87,87,2.6,187.8,185.20000000000002,190.8,1,50-99,3.0,0.9706498951781971
89,108,1.6,491.0,489.4,502.6,0,100-199,11.600000000000023,0.9737365698368483
90,47,1.4,106.2,104.8,179.0,0,20-49,72.8,0.5854748603351955
93,52,7.8,187.6,179.79999999999998,193.8,0,50-99,6.200000000000017,0.9277605779153766
94,65,2.6,419.8,417.2,424.6,0,50-99,4.800000000000011,0.9825718323127649
113,62,2.8,271.8,269.0,282.6,0,50-99,10.800000000000011,0.9518754423213022
135,132,0.0,489.8,489.8,490.0,0,100-199,0.19999999999998863,0.9995918367346939
139,83,2.0,197.4,195.4,200.4,1,50-99,3.0,0.9750499001996008
142,148,0.0,380.8,380.8,381.0,0,100-199,0.19999999999998863,0.9994750656167979
143,66,2.8,198.8,196.0,200.2,0,50-99,1.3999999999999773,0.9790209790209791
146,50,3.8,159.2,155.39999999999998,213.6,0,50-99,54.400000000000006,0.7275280898876404
162,150,2.4,493.6,491.20000000000005,494.2,0,100-199,0.5999999999999659,0.9939295831647108
167,111,13.8,475.4,461.59999999999997,477.4,0,100-199,2.0,0.9669040636782572
186,9,61.0,95.6,34.599999999999994,100.0,1,5-9,4.400000000000006,0.3459999999999999
193,113,2.4,410.8,408.40000000000003,411.6,0,100-199,0.8000000000000114,0.9922254616132168
203,147,3.2,481.2,478.0,483.4,0,100-199,2.1999999999999886,0.9888291270169632
204,47,5.4,173.4,168.0,208.6,0,20-49,35.19999999999999,0.8053691275167786
206,144,1.2,415.4,414.2,420.4,1,100-199,5.0,0.9852521408182684
207,143,1.4,496.2,494.8,496.4,0,100-199,0.19999999999998863,0.9967767929089445
211,57,0.0,467.6,467.6,470.8,0,50-99,3.1999999999999886,0.9932030586236194
213,216,4.0,372.0,368.0,383.0,0,200+,11.0,0.9608355091383812
217,151,9.4,474.2,464.8,478.2,0,100-199,4.0,0.971978251777499
222,136,1.4,481.4,480.0,483.4,0,100-199,2.0,0.992966487381051
229,105,3.0,357.0,354.0,359.2,0,100-199,2.1999999999999886,0.9855233853006682
237,83,0.8,205.6,204.79999999999998,205.8,1,50-99,0.20000000000001705,0.9951409135082603
240,95,3.2,319.2,316.0,322.8,0,50-99,3.6000000000000227,0.9789343246592317
242,131,2.8,435.4,432.59999999999997,439.8,0,100-199,4.400000000000034,0.9836289222373805
275,129,1.2,470.2,469.0,472.6,0,100-199,2.400000000000034,0.992382564536606
280,49,0.0,148.4,148.4,202.2,0,20-49,53.79999999999998,0.7339268051434225
291,92,0.0,433.8,433.8,436.4,0,50-99,2.599999999999966,0.9940421631530707
293,237,19.2,488.0,468.8,491.2,0,200+,3.1999999999999886,0.9543973941368079
300,72,0.0,301.6,301.6,302.4,1,50-99,0.7999999999999545,0.9973544973544975
301,33,8.4,355.6,347.20000000000005,364.8,0,20-49,9.199999999999989,0.9517543859649124
321,109,1.2,489.0,487.8,489.2,0,100-199,0.19999999999998863,0.9971381847914964
332,66,3.6,254.6,251.0,254.8,0,50-99,0.20000000000001705,0.9850863422291993
334,41,8.2,353.8,345.6,359.4,0,20-49,5.599999999999966,0.961602671118531
343,28,14.0,347.2,333.2,361.2,0,20-49,14.0,0.9224806201550387
346,83,15.6,350.4,334.79999999999995,351.8,1,50-99,1.400000000000034,0.9516770892552585
348,78,4.0,215.8,211.8,218.0,0,50-99,2.1999999999999886,0.971559633027523
353,158,2.4,487.2,484.8,492.4,0,100-199,5.199999999999989,0.9845653939886272
370,66,0.6,165.2,164.6,175.6,1,50-99,10.400000000000006,0.9373576309794989
378,103,8.0,470.8,462.8,472.4,0,100-199,1.599999999999966,0.9796782387806944
383,49,2.2,345.4,343.2,352.8,0,20-49,7.400000000000034,0.9727891156462585
391,26,1.6,235.6,234.0,236.2,0,20-49,0.5999999999999943,0.9906858594411516
399,47,7.6,416.8,409.2,419.0,0,20-49,2.1999999999999886,0.9766109785202863
409,120,5.2,476.6,471.40000000000003,488.0,0,100-199,11.399999999999977,0.9659836065573771
426,112,20.4,435.0,414.6,439.2,0,100-199,4.199999999999989,0.9439890710382515
430,68,40.0,359.6,319.6,360.8,1,50-99,1.1999999999999886,0.885809312638581
433,121,1.4,479.2,477.8,479.6,0,100-199,0.4000000000000341,0.9962468723936614
441,58,1.2,388.6,387.40000000000003,390.4,0,50-99,1.7999999999999545,0.992315573770492
447,55,12.8,299.0,286.2,301.2,0,50-99,2.1999999999999886,0.950199203187251
452,117,2.4,440.4,438.0,488.2,0,100-199,47.80000000000001,0.8971732896353953
466,127,13.2,432.4,419.2,436.4,0,100-199,4.0,0.9605866177818515
469,68,4.4,289.2,284.8,290.0,0,50-99,0.8000000000000114,0.9820689655172414
471,23,10.6,315.2,304.59999999999997,359.8,0,20-49,44.60000000000002,0.8465814341300721
472,105,6.0,376.4,370.4,377.8,0,100-199,1.400000000000034,0.9804129168872419
482,23,0.0,127.2,127.2,132.2,1,20-49,4.999999999999986,0.9621785173978821
491,62,3.0,148.6,145.6,153.0,0,50-99,4.400000000000006,0.9516339869281045
511,90,37.8,394.0,356.2,394.6,0,50-99,0.6000000000000227,0.9026862645717181
522,47,5.8,213.4,207.6,216.6,1,20-49,3.1999999999999886,0.9584487534626038
533,59,0.0,341.6,341.6,353.8,0,50-99,12.199999999999989,0.9655172413793104
553,104,0.0,371.4,371.4,383.8,0,100-199,12.400000000000034,0.9676915059927045
572,8,8.2,133.8,125.60000000000001,319.0,0,5-9,185.2,0.393730407523511
574,118,12.4,436.4,424.0,437.0,0,100-199,0.6000000000000227,0.9702517162471396
578,113,2.8,465.0,462.2,467.0,0,100-199,2.0,0.9897216274089935
581,113,9.4,474.8,465.40000000000003,481.4,0,100-199,6.599999999999966,0.966763606148733
596,134,1.8,464.6,462.8,465.0,0,100-199,0.39999999999997726,0.995268817204301
599,113,9.4,402.6,393.20000000000005,412.8,0,100-199,10.199999999999989,0.9525193798449614
612,112,9.0,451.0,442.0,483.2,0,100-199,32.19999999999999,0.9147350993377483
613,124,5.6,479.0,473.4,482.2,0,100-199,3.1999999999999886,0.981750311074243
626,116,4.4,479.8,475.40000000000003,480.4,0,100-199,0.5999999999999659,0.9895920066611159
628,96,3.0,401.8,398.8,409.6,0,50-99,7.800000000000011,0.9736328125
651,26,0.0,345.6,345.6,346.6,0,20-49,1.0,0.9971148297749567
665,66,2.0,306.6,304.6,311.8,0,50-99,5.199999999999989,0.9769082745349583
669,89,13.4,467.6,454.20000000000005,486.6,0,50-99,19.0,0.9334155363748459
688,144,1.4,471.6,470.20000000000005,473.0,0,100-199,1.3999999999999773,0.9940803382663849
692,12,0.8,216.8,216.0,229.8,0,10-19,13.0,0.9399477806788511
697,13,0.6,152.0,151.4,173.6,0,10-19,21.599999999999994,0.8721198156682028
717,51,0.0,191.8,191.8,193.0,0,50-99,1.1999999999999886,0.9937823834196892
739,90,8.2,382.4,374.2,393.2,1,50-99,10.800000000000011,0.9516785350966429
744,39,5.6,143.4,137.8,144.2,1,20-49,0.799999999999983,0.9556171983356451
745,83,3.8,465.4,461.59999999999997,469.8,0,50-99,4.400000000000034,0.9825457641549594
747,97,0.0,358.2,358.2,362.6,0,50-99,4.400000000000034,0.9878654164368449
748,70,9.8,381.4,371.59999999999997,415.8,0,50-99,34.400000000000034,0.8936988936988935
755,52,0.8,409.6,408.8,413.2,0,50-99,3.599999999999966,0.9893514036786061
756,107,33.4,436.8,403.40000000000003,445.2,0,100-199,8.399999999999977,0.9061096136567836
762,50,8.2,361.8,353.6,363.6,0,50-99,1.8000000000000114,0.9724972497249725
773,31,8.4,459.2,450.8,477.4,0,20-49,18.19999999999999,0.9442815249266863
779,59,2.2,254.8,252.60000000000002,257.6,1,50-99,2.8000000000000114,0.9805900621118012
789,36,4.4,214.4,210.0,218.2,0,20-49,3.799999999999983,0.9624197983501376
797,8,3.4,117.6,114.19999999999999,129.0,1,5-9,11.400000000000006,0.8852713178294572
799,18,0.4,277.6,277.20000000000005,279.0,0,10-19,1.3999999999999773,0.9935483870967744
804,107,44.6,464.6,420.0,464.8,0,100-199,0.19999999999998863,0.9036144578313253
806,18,8.8,138.0,129.2,140.0,0,10-19,2.0,0.9228571428571428
807,105,13.2,454.0,440.8,472.4,0,100-199,18.399999999999977,0.9331075359864522
813,11,10.8,214.2,203.39999999999998,217.6,0,10-19,3.4000000000000057,0.9347426470588235
830,104,10.6,458.6,448.0,467.2,0,100-199,8.599999999999966,0.9589041095890412
831,144,17.8,468.6,450.8,470.2,0,100-199,1.599999999999966,0.9587409612930669
834,40,1.2,148.2,147.0,149.2,1,20-49,1.0,0.9852546916890081
845,16,4.0,180.2,176.2,184.4,1,10-19,4.200000000000017,0.9555314533622559
855,87,16.0,421.2,405.2,424.6,0,50-99,3.400000000000034,0.9543099387658972
866,101,4.4,436.2,431.8,436.4,0,100-199,0.19999999999998863,0.9894592117323557
868,68,8.2,263.4,255.2,265.4,0,50-99,2.0,0.9615674453654861
889,13,6.2,105.0,98.8,145.6,0,10-19,40.599999999999994,0.6785714285714286
893,69,12.6,364.0,351.4,364.2,1,50-99,0.19999999999998863,0.9648544755628775
905,101,3.8,451.8,448.0,460.4,0,100-199,8.599999999999966,0.9730668983492615
908,140,0.0,405.2,405.2,405.6,0,100-199,0.4000000000000341,0.9990138067061143
921,102,11.0,444.8,433.8,447.8,0,100-199,3.0,0.968736042876284
925,66,4.0,366.8,362.8,367.4,0,50-99,0.5999999999999659,0.9874795862819816
929,53,13.0,409.2,396.2,436.6,0,50-99,27.400000000000034,0.9074667888227209
930,90,0.0,420.2,420.2,453.4,0,50-99,33.19999999999999,0.9267754741949713
936,83,7.2,440.6,433.40000000000003,443.2,0,50-99,2.599999999999966,0.9778880866425994
948,105,0.0,462.0,462.0,465.4,0,100-199,3.3999999999999773,0.9926944563816072
949,136,0.2,461.6,461.40000000000003,464.2,0,100-199,2.599999999999966,0.9939681171908661
953,56,0.4,267.6,267.20000000000005,268.0,1,50-99,0.39999999999997726,0.9970149253731345
963,107,2.6,474.2,471.59999999999997,474.6,0,100-199,0.4000000000000341,0.9936788874841971
967,91,12.8,451.0,438.2,452.0,0,50-99,1.0,0.9694690265486725
971,94,0.4,470.8,470.40000000000003,471.6,1,50-99,0.8000000000000114,0.9974554707379135
973,89,8.2,440.8,432.6,445.0,0,50-99,4.199999999999989,0.9721348314606743
978,27,0.4,165.6,165.2,170.8,0,20-49,5.200000000000017,0.9672131147540982
981,15,5.6,184.0,178.4,192.6,0,10-19,8.599999999999994,0.9262720664589824
989,116,2.8,468.6,465.8,469.2,0,100-199,0.5999999999999659,0.9927536231884059
994,100,0.0,377.2,377.2,382.8,0,100-199,5.600000000000023,0.9853709508881922
996,7,20.4,138.0,117.6,140.0,0,5-9,2.0,0.84
998,98,0.0,347.2,347.2,347.8,1,50-99,0.6000000000000227,0.9982748706152961
1003,18,0.0,314.6,314.6,317.8,0,10-19,3.1999999999999886,0.9899307740717432
1012,23,11.2,110.2,99.0,112.4,1,20-49,2.200000000000003,0.8807829181494662
1019,15,7.8,171.0,163.2,187.0,0,10-19,16.0,0.8727272727272727
1038,60,13.2,385.6,372.40000000000003,401.4,0,50-99,15.799999999999955,0.927752864972596
1060,9,16.0,170.8,154.8,180.2,0,5-9,9.399999999999977,0.8590455049944508
1062,65,12.4,431.6,419.20000000000005,443.8,0,50-99,12.199999999999989,0.9445696259576386
1067,39,0.2,415.0,414.8,423.0,0,20-49,8.0,0.9806146572104019
1078,49,21.0,357.2,336.2,363.8,0,20-49,6.600000000000023,0.9241341396371632
1088,53,38.6,418.8,380.2,424.2,0,50-99,5.399999999999977,0.8962753418198963
1097,48,2.4,281.2,278.8,283.6,0,20-49,2.400000000000034,0.9830747531734837
1106,86,13.4,347.6,334.20000000000005,347.8,0,50-99,0.19999999999998863,0.9608970672800461
1108,47,0.0,237.2,237.2,245.6,0,20-49,8.400000000000006,0.9657980456026058
1112,98,5.8,445.4,439.59999999999997,450.6,0,50-99,5.2000000000000455,0.9755881047492231
1115,10,8.4,120.0,111.6,122.2,0,10-19,2.200000000000003,0.9132569558101472
1117,33,8.4,403.8,395.40000000000003,431.6,0,20-49,27.80000000000001,0.9161260426320668
1119,14,7.4,175.0,167.6,204.0,0,10-19,29.0,0.8215686274509804
1124,112,0.0,352.0,352.0,357.2,0,100-199,5.199999999999989,0.9854423292273237
1127,95,7.4,312.6,305.20000000000005,313.2,1,50-99,0.5999999999999659,0.9744572158365263
1132,19,27.4,247.8,220.4,248.4,1,10-19,0.5999999999999943,0.8872785829307569
1139,17,0.0,237.2,237.2,237.4,0,10-19,0.20000000000001705,0.9991575400168491
1145,94,13.2,392.6,379.40000000000003,399.6,0,50-99,7.0,0.9494494494494495
1146,110,3.8,467.8,464.0,470.4,0,100-199,2.599999999999966,0.9863945578231293
1152,110,4.0,447.8,443.8,448.4,0,100-199,0.5999999999999659,0.9897413024085638
1159,43,0.2,199.0,198.8,203.2,1,20-49,4.199999999999989,0.9783464566929135
1164,53,2.6,460.6,458.0,467.0,0,50-99,6.399999999999977,0.9807280513918629
1167,77,6.6,400.2,393.59999999999997,417.4,1,50-99,17.19999999999999,0.9429803545759463
1169,67,0.6,259.8,259.2,260.8,0,50-99,1.0,0.9938650306748466
1172,110,3.6,445.8,442.2,449.6,0,100-199,3.8000000000000114,0.9835409252669038
1175,30,7.8,173.6,165.79999999999998,175.8,0,20-49,2.200000000000017,0.943117178612059
1176,36,7.0,203.2,196.2,214.4,0,20-49,11.200000000000017,0.9151119402985074
1181,37,0.0,148.8,148.8,149.6,1,20-49,0.799999999999983,0.9946524064171124
1192,58,13.8,410.2,396.4,424.2,0,50-99,14.0,0.9344648750589344
1193,32,5.8,204.2,198.39999999999998,239.6,0,20-49,35.400000000000006,0.8280467445742904
1194,80,6.2,402.0,395.8,413.4,1,50-99,11.399999999999977,0.9574262215771651
1206,19,5.8,94.0,88.2,94.4,1,10-19,0.4000000000000057,0.934322033898305
1214,35,17.0,216.0,199.0,220.4,0,20-49,4.400000000000006,0.9029038112522686
1223,33,4.0,168.8,164.8,171.6,1,20-49,2.799999999999983,0.9603729603729605
1226,49,6.0,289.4,283.4,290.0,0,20-49,0.6000000000000227,0.9772413793103447
1230,65,6.0,363.8,357.8,379.4,0,50-99,15.599999999999966,0.9430680021085927
1235,79,3.0,469.4,466.4,469.6,0,50-99,0.20000000000004547,0.9931856899488926
1238,52,6.0,318.2,312.2,321.6,0,50-99,3.400000000000034,0.9707711442786069
1239,43,6.0,215.6,209.6,224.4,1,20-49,8.800000000000011,0.9340463458110516
1240,23,6.0,140.6,134.6,143.2,0,20-49,2.5999999999999943,0.9399441340782123
1243,77,4.0,382.0,378.0,382.8,1,50-99,0.8000000000000114,0.9874608150470219
1248,66,12.0,344.2,332.2,359.2,0,50-99,15.0,0.9248329621380846
1249,10,1.4,142.0,140.6,168.6,0,10-19,26.599999999999994,0.833926453143535
1253,17,8.6,167.6,159.0,217.2,0,10-19,49.599999999999994,0.7320441988950277
1256,8,8.2,137.0,128.8,137.2,0,5-9,0.19999999999998863,0.9387755102040818
1259,37,0.0,146.4,146.4,148.0,0,20-49,1.5999999999999943,0.9891891891891892
1261,53,4.0,341.6,337.6,356.2,0,50-99,14.599999999999966,0.947782144862437
1265,115,13.0,463.0,450.0,464.0,0,100-199,1.0,0.9698275862068966
1270,79,4.0,453.4,449.4,453.8,0,50-99,0.4000000000000341,0.9903040987219038
1281,94,7.0,469.4,462.4,469.6,0,50-99,0.20000000000004547,0.9846678023850084
1284,87,15.8,454.6,438.8,455.2,0,50-99,0.5999999999999659,0.9639718804920915
1287,97,0.0,311.6,311.6,316.6,0,50-99,5.0,0.9842072015161086
1290,85,0.0,287.8,287.8,290.8,0,50-99,3.0,0.9896836313617606
1300,74,6.2,433.2,427.0,438.4,1,50-99,5.199999999999989,0.9739963503649636
1303,67,13.4,411.2,397.8,414.2,0,50-99,3.0,0.9604056011588605
1308,65,8.8,438.2,429.4,449.0,0,50-99,10.800000000000011,0.9563474387527839
1317,34,6.4,433.6,427.20000000000005,436.6,0,20-49,3.0,0.978469995419148
1324,47,4.0,251.0,247.0,251.6,0,20-49,0.5999999999999943,0.9817170111287759
1328,61,1.2,439.2,438.0,462.4,0,50-99,23.19999999999999,0.9472318339100346
1330,84,9.0,451.8,442.8,454.6,0,50-99,2.8000000000000114,0.9740431148262209
1331,40,0.0,440.4,440.4,441.8,0,20-49,1.400000000000034,0.9968311453146219
1355,37,17.0,328.8,311.8,346.6,0,20-49,17.80000000000001,0.8995960761684939
1362,38,12.4,186.4,174.0,191.8,1,20-49,5.400000000000006,0.9071949947862356
1363,26,8.4,172.2,163.79999999999998,177.8,0,20-49,5.600000000000023,0.9212598425196848
1372,36,4.8,192.4,187.6,193.6,1,20-49,1.1999999999999886,0.96900826446281
1374,33,11.0,129.6,118.6,130.0,1,20-49,0.4000000000000057,0.9123076923076923
1378,34,0.0,166.8,166.8,173.6,1,20-49,6.799999999999983,0.9608294930875577
1380,54,4.8,239.8,235.0,240.0,1,50-99,0.19999999999998863,0.9791666666666666
1384,117,4.8,445.8,441.0,448.0,0,100-199,2.1999999999999886,0.984375
1415,19,1.4,177.8,176.4,179.0,0,10-19,1.1999999999999886,0.9854748603351956
1422,13,15.0,141.8,126.80000000000001,142.2,0,10-19,0.39999999999997726,0.8917018284106893
1425,50,0.0,188.2,188.2,190.8,0,50-99,2.6000000000000227,0.9863731656184486
1427,14,5.2,277.2,272.0,278.2,0,10-19,1.0,0.9777138749101366
1432,21,13.4,131.0,117.6,137.2,0,20-49,6.199999999999989,0.8571428571428572
1445,8,7.4,119.2,111.8,124.0,0,5-9,4.799999999999997,0.9016129032258065
1453,117,0.2,453.6,453.40000000000003,456.6,0,100-199,3.0,0.9929916776171704
1454,12,0.0,242.0,242.0,250.0,0,10-19,8.0,0.968
1470,33,16.2,212.0,195.8,217.0,0,20-49,5.0,0.9023041474654379
1475,66,0.2,363.2,363.0,378.4,0,50-99,15.199999999999989,0.9593023255813954
1487,34,19.0,190.6,171.6,193.0,1,20-49,2.4000000000000057,0.8891191709844559
1489,141,0.0,453.6,453.6,454.4,0,100-199,0.7999999999999545,0.9982394366197184
1494,38,3.6,220.8,217.20000000000002,458.4,0,20-49,237.59999999999997,0.4738219895287959
1514,85,6.6,433.2,426.59999999999997,435.0,0,50-99,1.8000000000000114,0.9806896551724137
1516,82,12.0,352.8,340.8,358.0,1,50-99,5.199999999999989,0.9519553072625698
1521,84,10.6,362.8,352.2,364.4,0,50-99,1.599999999999966,0.9665203073545554
1538,44,0.2,439.4,439.2,440.0,0,20-49,0.6000000000000227,0.9981818181818182
1544,51,8.8,281.4,272.59999999999997,311.2,0,50-99,29.80000000000001,0.8759640102827763
1546,42,4.2,402.2,398.0,406.4,0,20-49,4.199999999999989,0.9793307086614174
1555,39,6.8,182.0,175.2,182.4,0,20-49,0.4000000000000057,0.9605263157894736
1557,60,5.8,294.2,288.4,296.0,1,50-99,1.8000000000000114,0.9743243243243243
1566,36,8.6,170.6,162.0,177.6,0,20-49,7.0,0.9121621621621622
1569,14,3.8,142.2,138.39999999999998,144.8,0,10-19,2.6000000000000227,0.9558011049723755
1575,111,11.8,438.0,426.2,441.6,0,100-199,3.6000000000000227,0.9651268115942028
1578,20,6.2,135.2,129.0,137.6,0,20-49,2.4000000000000057,0.9375
1579,38,0.0,400.4,400.4,429.2,0,20-49,28.80000000000001,0.9328984156570364
1581,27,6.4,141.0,134.6,151.8,1,20-49,10.800000000000011,0.8866930171277997
1590,84,8.2,389.2,381.0,401.6,0,50-99,12.400000000000034,0.9487051792828685
1610,88,1.2,446.0,444.8,446.4,0,50-99,0.39999999999997726,0.9964157706093191
1615,88,1.8,347.0,345.2,347.6,1,50-99,0.6000000000000227,0.9930955120828537
1619,14,1.4,160.4,159.0,178.0,0,10-19,17.599999999999994,0.8932584269662921
1638,103,6.4,209.6,203.2,211.0,1,100-199,1.4000000000000057,0.9630331753554502
1647,85,0.4,413.2,412.8,428.8,0,50-99,15.600000000000023,0.9626865671641791
1649,137,6.8,380.4,373.59999999999997,393.4,0,100-199,13.0,0.9496695475343162
1664,134,0.4,314.2,313.8,323.8,0,100-199,9.600000000000023,0.9691167387276096
1666,80,10.0,212.4,202.4,217.2,0,50-99,4.799999999999983,0.9318600368324126
1667,21,12.8,278.8,266.0,287.2,0,20-49,8.399999999999977,0.9261838440111421
1676,45,5.4,198.0,192.6,198.4,0,20-49,0.4000000000000057,0.970766129032258
1684,35,9.6,369.8,360.2,372.4,0,20-49,2.599999999999966,0.9672395273899034
1695,126,2.2,222.2,220.0,222.6,0,100-199,0.4000000000000057,0.9883198562443846
1711,119,0.0,432.2,432.2,432.4,0,100-199,0.19999999999998863,0.9995374653098983
1714,91,0.0,433.4,433.4,434.6,0,50-99,1.2000000000000455,0.9972388403129313
1717,102,5.6,318.8,313.2,326.4,0,100-199,7.599999999999966,0.9595588235294118
1721,65,9.4,251.8,242.4,255.6,1,50-99,3.799999999999983,0.9483568075117371
1735,65,4.8,330.4,325.59999999999997,331.2,0,50-99,0.8000000000000114,0.9830917874396135
1743,67,1.8,274.2,272.4,286.2,0,50-99,12.0,0.9517819706498951
1752,22,12.2,144.0,131.8,145.2,0,20-49,1.1999999999999886,0.9077134986225897
1761,5,7.0,75.6,68.6,132.2,0,5-9,56.599999999999994,0.518910741301059
1765,77,1.0,155.0,154.0,160.2,0,50-99,5.199999999999989,0.9612983770287141
1775,74,3.2,168.6,165.4,248.0,0,50-99,79.4,0.6669354838709678
1776,9,11.4,142.4,131.0,145.4,0,5-9,3.0,0.9009628610729024
1785,95,3.8,237.8,234.0,241.4,0,50-99,3.5999999999999943,0.9693454846727423
1792,61,9.6,331.4,321.79999999999995,346.4,0,50-99,15.0,0.9289838337182448
1794,22,3.0,135.2,132.2,136.6,0,20-49,1.4000000000000057,0.9677891654465592
1795,53,0.0,286.6,286.6,286.8,0,50-99,0.19999999999998863,0.9993026499302651
1799,78,0.0,406.8,406.8,441.0,0,50-99,34.19999999999999,0.9224489795918368
1801,75,8.4,376.6,368.20000000000005,379.6,0,50-99,3.0,0.969968387776607
1806,68,9.6,426.4,416.79999999999995,428.4,0,50-99,2.0,0.972922502334267
1808,136,5.8,322.6,316.8,332.0,0,100-199,9.399999999999977,0.9542168674698795
1809,70,2.8,387.0,384.2,389.4,0,50-99,2.3999999999999773,0.9866461222393426
1811,65,12.0,355.6,343.6,356.2,0,50-99,0.5999999999999659,0.9646266142616509
1817,142,0.0,445.2,445.2,445.8,0,100-199,0.6000000000000227,0.9986541049798116
1821,82,4.8,128.8,124.00000000000001,130.2,0,50-99,1.3999999999999773,0.9523809523809526
1837,14,9.2,159.2,150.0,160.8,0,10-19,1.6000000000000227,0.9328358208955223
1841,7,11.2,79.2,68.0,145.8,0,5-9,66.60000000000001,0.46639231824417005
1850,58,0.4,267.6,267.20000000000005,273.0,1,50-99,5.399999999999977,0.9787545787545789
1854,13,0.0,287.8,287.8,289.8,0,10-19,2.0,0.9930986887508627
1860,83,6.2,440.4,434.2,442.6,0,50-99,2.2000000000000455,0.9810212381382738
1869,32,1.4,140.2,138.79999999999998,145.4,0,20-49,5.200000000000017,0.9546079779917468
1875,66,101.8,435.6,333.8,438.4,0,50-99,2.7999999999999545,0.7614051094890512
1889,82,15.6,445.0,429.4,445.4,0,50-99,0.39999999999997726,0.964077233947014
1912,24,16.6,288.8,272.2,296.2,1,20-49,7.399999999999977,0.9189736664415935
1916,54,16.2,442.0,425.8,442.6,0,50-99,0.6000000000000227,0.9620424762765476
1917,40,1.2,174.8,173.60000000000002,176.0,0,20-49,1.1999999999999886,0.9863636363636364
1921,92,9.6,405.4,395.79999999999995,407.4,0,50-99,2.0,0.9715267550319097
1922,75,6.4,347.4,341.0,354.6,1,50-99,7.2000000000000455,0.9616469261139311
1925,48,5.4,438.0,432.6,438.4,0,20-49,0.39999999999997726,0.9867700729927008
1928,49,14.0,267.0,253.0,268.8,1,20-49,1.8000000000000114,0.941220238095238
1930,34,4.4,191.0,186.6,191.2,0,20-49,0.19999999999998863,0.9759414225941423
1931,56,8.2,269.6,261.40000000000003,282.8,0,50-99,13.199999999999989,0.9243281471004244
1939,89,8.2,217.8,209.60000000000002,228.8,0,50-99,11.0,0.9160839160839161
1964,45,5.8,233.0,227.2,236.4,0,20-49,3.4000000000000057,0.961082910321489
1979,59,6.6,219.8,213.20000000000002,220.6,1,50-99,0.799999999999983,0.9664551223934724
1982,108,5.4,394.2,388.8,430.4,0,100-199,36.19999999999999,0.9033457249070632
1985,112,6.4,441.2,434.8,442.0,0,100-199,0.8000000000000114,0.9837104072398191
1999,33,5.2,188.4,183.20000000000002,195.6,0,20-49,7.199999999999989,0.9366053169734152
2005,8,16.6,179.2,162.6,216.2,0,5-9,37.0,0.7520814061054579
2017,57,15.4,348.0,332.6,350.0,0,50-99,2.0,0.9502857142857144
2032,56,13.0,392.8,379.8,393.6,0,50-99,0.8000000000000114,0.9649390243902439
2034,87,3.8,418.0,414.2,418.2,0,50-99,0.19999999999998863,0.9904351984696318
2035,33,2.8,140.4,137.6,140.6,0,20-49,0.19999999999998863,0.9786628733997155
2038,96,5.2,411.4,406.2,411.6,0,50-99,0.20000000000004547,0.9868804664723031
2039,29,7.8,373.2,365.4,423.6,0,20-49,50.400000000000034,0.8626062322946174
2051,64,10.6,424.0,413.4,447.2,0,50-99,23.19999999999999,0.9244186046511628
2052,53,4.8,288.4,283.59999999999997,291.6,0,50-99,3.2000000000000455,0.9725651577503427
2055,86,2.8,186.2,183.39999999999998,217.8,0,50-99,31.600000000000023,0.8420569329660237
2056,39,0.2,354.0,353.8,370.0,0,20-49,16.0,0.9562162162162162
2059,26,25.2,140.4,115.2,141.4,0,20-49,1.0,0.8147100424328148
2060,50,14.8,276.6,261.8,278.8,0,50-99,2.1999999999999886,0.9390243902439025
2071,57,6.4,164.8,158.4,199.0,0,50-99,34.19999999999999,0.7959798994974875
2075,114,1.0,429.6,428.6,438.2,0,100-199,8.599999999999966,0.9780921953445916
2092,147,4.2,443.6,439.40000000000003,444.8,0,100-199,1.1999999999999886,0.9878597122302158
2094,97,19.0,393.4,374.4,406.6,0,50-99,13.200000000000045,0.9208066896212492
2097,44,4.8,213.0,208.2,214.6,0,20-49,1.5999999999999943,0.9701770736253494
2104,150,0.4,411.2,410.8,436.8,0,100-199,25.600000000000023,0.9404761904761905
2111,29,54.0,395.0,341.0,395.6,0,20-49,0.6000000000000227,0.8619817997977754
2121,151,11.2,425.4,414.2,428.4,0,100-199,3.0,0.9668534080298786
2123,36,4.8,174.6,169.79999999999998,178.8,1,20-49,4.200000000000017,0.9496644295302011
2128,35,2.6,137.2,134.6,138.4,0,20-49,1.200000000000017,0.972543352601156
2130,111,11.0,231.4,220.4,232.4,0,100-199,1.0,0.9483648881239243
2139,70,8.8,156.8,148.0,179.4,0,50-99,22.599999999999994,0.8249721293199553
2162,73,0.6,423.4,422.79999999999995,427.2,0,50-99,3.8000000000000114,0.9897003745318351
2165,55,0.4,217.2,216.79999999999998,217.8,0,50-99,0.6000000000000227,0.995408631772268
2171,53,19.2,227.4,208.20000000000002,227.6,1,50-99,0.19999999999998863,0.9147627416520212
2184,14,2.8,240.8,238.0,243.4,0,10-19,2.5999999999999943,0.9778142974527526
2192,133,10.6,314.8,304.2,324.6,0,100-199,9.800000000000011,0.9371534195933455
2196,149,1.2,428.0,426.8,438.2,0,100-199,10.199999999999989,0.9739844819717025
2198,80,10.8,173.2,162.39999999999998,175.2,0,50-99,2.0,0.9269406392694063
2207,72,0.0,364.0,364.0,370.8,0,50-99,6.800000000000011,0.9816612729234088
2226,103,0.4,436.8,436.40000000000003,437.0,0,100-199,0.19999999999998863,0.9986270022883296
2237,43,4.8,172.2,167.39999999999998,172.6,0,20-49,0.4000000000000057,0.9698725376593278
2245,19,1.4,205.8,204.4,207.2,0,10-19,1.3999999999999773,0.9864864864864865
2247,57,2.6,367.8,365.2,381.2,0,50-99,13.399999999999977,0.9580272822665268
2257,110,6.8,258.8,252.0,259.0,1,100-199,0.19999999999998863,0.972972972972973
2272,46,6.4,220.0,213.6,230.6,0,20-49,10.599999999999994,0.9262792714657415
2273,71,9.4,137.6,128.2,137.8,0,50-99,0.20000000000001705,0.9303338171262698
2291,147,1.6,350.8,349.2,353.4,0,100-199,2.599999999999966,0.9881154499151104
2295,68,0.0,143.0,143.0,144.4,0,50-99,1.4000000000000057,0.9903047091412742
2297,27,0.0,352.0,352.0,361.6,0,20-49,9.600000000000023,0.9734513274336283
2298,47,2.0,222.4,220.4,223.4,0,20-49,1.0,0.9865711727842436
2302,9,0.6,118.2,117.60000000000001,217.8,0,5-9,99.60000000000001,0.5399449035812672
2314,103,4.6,285.2,280.59999999999997,296.2,0,100-199,11.0,0.9473328831870357
2317,55,4.8,238.2,233.39999999999998,238.6,1,50-99,0.4000000000000057,0.978206202849958
2319,74,4.4,311.0,306.6,322.8,1,50-99,11.800000000000011,0.949814126394052
2331,54,2.6,211.6,209.0,212.8,1,50-99,1.200000000000017,0.9821428571428571
2332,51,4.6,286.4,281.79999999999995,291.4,1,50-99,5.0,0.9670555936856554
2334,18,5.0,212.2,207.2,218.0,0,10-19,5.800000000000011,0.9504587155963302
2336,124,13.0,285.4,272.4,289.6,0,100-199,4.2000000000000455,0.9406077348066297
2342,54,0.0,266.0,266.0,266.8,1,50-99,0.8000000000000114,0.9970014992503747
2344,99,8.2,416.4,408.2,421.0,0,50-99,4.600000000000023,0.9695961995249406
2346,62,8.4,409.8,401.40000000000003,410.0,0,50-99,0.19999999999998863,0.9790243902439025
2352,102,7.6,420.8,413.2,421.2,0,100-199,0.39999999999997726,0.9810066476733144
2353,114,12.8,395.2,382.4,395.8,0,100-199,0.6000000000000227,0.9661445174330469
2356,19,13.6,139.8,126.20000000000002,140.8,0,10-19,1.0,0.8963068181818182
2360,69,6.0,231.0,225.0,286.8,0,50-99,55.80000000000001,0.7845188284518828
2364,52,4.4,286.6,282.20000000000005,289.4,0,50-99,2.7999999999999545,0.9751209398756049
2379,41,1.0,210.4,209.4,215.0,0,20-49,4.599999999999994,0.9739534883720931
2380,34,0.0,168.0,168.0,168.8,0,20-49,0.8000000000000114,0.995260663507109
2382,11,8.4,136.8,128.4,145.0,0,10-19,8.199999999999989,0.8855172413793104
2383,111,5.2,408.6,403.40000000000003,425.0,0,100-199,16.399999999999977,0.9491764705882354
2384,27,0.0,134.6,134.6,137.2,0,20-49,2.5999999999999943,0.9810495626822158
2390,7,3.0,143.4,140.4,160.8,0,5-9,17.400000000000006,0.8731343283582089
2411,46,10.0,377.8,367.8,383.6,0,20-49,5.800000000000011,0.9588112617309698
2412,24,7.6,126.8,119.2,132.2,0,20-49,5.3999999999999915,0.9016641452344933
2422,90,7.0,425.6,418.6,426.8,0,50-99,1.1999999999999886,0.9807872539831303
2423,54,0.0,218.4,218.4,222.6,0,50-99,4.199999999999989,0.9811320754716981
2425,24,36.2,233.6,197.39999999999998,240.2,0,20-49,6.599999999999994,0.8218151540383014
2431,36,9.6,283.4,273.79999999999995,284.0,0,20-49,0.6000000000000227,0.9640845070422533
2437,75,27.0,359.4,332.4,360.8,0,50-99,1.400000000000034,0.9212860310421285
2440,24,4.8,263.0,258.2,276.8,0,20-49,13.800000000000011,0.9328034682080925
2444,69,4.0,398.8,394.8,399.0,0,50-99,0.19999999999998863,0.9894736842105264
2456,6,5.8,211.6,205.79999999999998,223.0,0,5-9,11.400000000000006,0.9228699551569506
2460,184,0.0,416.0,416.0,417.6,0,100-199,1.6000000000000227,0.9961685823754789
2468,62,0.0,282.6,282.6,289.6,1,50-99,7.0,0.975828729281768
2471,58,4.8,318.6,313.8,319.2,0,50-99,0.5999999999999659,0.9830827067669173
2472,28,5.2,138.0,132.8,140.6,0,20-49,2.5999999999999943,0.9445234708392605
2477,17,0.0,211.6,211.6,215.6,0,10-19,4.0,0.9814471243042672
2482,23,0.0,302.4,302.4,332.6,0,20-49,30.200000000000045,0.909200240529164
2483,39,4.6,354.6,350.0,360.0,0,20-49,5.399999999999977,0.9722222222222222
2486,42,6.6,213.6,207.0,217.0,0,20-49,3.4000000000000057,0.9539170506912442
2492,147,6.4,418.2,411.8,435.2,0,100-199,17.0,0.9462316176470589
2493,99,3.8,378.2,374.4,394.8,0,50-99,16.600000000000023,0.9483282674772036
2495,45,12.2,215.2,203.0,217.4,0,20-49,2.200000000000017,0.9337626494940202
2496,49,3.0,249.0,246.0,249.8,0,20-49,0.8000000000000114,0.9847878302642114
2509,69,0.4,303.0,302.6,304.6,0,50-99,1.6000000000000227,0.9934340118187788
2522,45,4.8,214.2,209.39999999999998,215.8,0,20-49,1.6000000000000227,0.9703429101019461
2528,67,2.2,411.2,409.0,411.6,1,50-99,0.4000000000000341,0.9936831875607385
2534,19,6.8,289.4,282.59999999999997,291.2,0,10-19,1.8000000000000114,0.9704670329670328
2537,43,9.8,256.6,246.8,263.2,0,20-49,6.599999999999966,0.9376899696048633
2540,56,8.6,318.4,309.79999999999995,331.2,0,50-99,12.800000000000011,0.9353864734299516
2542,38,3.2,167.0,163.8,168.4,0,20-49,1.4000000000000057,0.9726840855106889
2550,65,1.6,266.0,264.4,270.0,0,50-99,4.0,0.9792592592592592
2569,75,0.0,413.8,413.8,414.0,0,50-99,0.19999999999998863,0.9995169082125605
2582,95,5.4,369.4,364.0,382.4,0,50-99,13.0,0.9518828451882846
2589,99,4.0,334.4,330.4,334.6,0,50-99,0.20000000000004547,0.9874476987447698
2590,48,14.0,383.2,369.2,388.2,0,20-49,5.0,0.9510561566202989
2593,41,5.0,234.8,229.8,239.4,0,20-49,4.599999999999994,0.9598997493734336
2598,49,10.0,239.0,229.0,239.2,0,20-49,0.19999999999998863,0.9573578595317727
2600,59,4.8,315.0,310.2,315.8,1,50-99,0.8000000000000114,0.9822672577580747
2602,39,2.0,401.4,399.4,412.6,0,20-49,11.200000000000045,0.9680077556955888
2610,50,10.8,230.2,219.39999999999998,234.0,0,50-99,3.8000000000000114,0.9376068376068375
2613,95,5.6,411.6,406.0,417.6,0,50-99,6.0,0.9722222222222222
2629,54,9.8,261.6,251.8,265.2,1,50-99,3.599999999999966,0.9494720965309201
2630,99,4.8,417.6,412.8,418.2,0,50-99,0.5999999999999659,0.987087517934003
2642,39,4.8,173.6,168.79999999999998,173.8,0,20-49,0.20000000000001705,0.9712313003452242
2650,61,7.8,317.4,309.59999999999997,319.6,1,50-99,2.2000000000000455,0.9687108886107633
2666,65,4.2,342.2,338.0,343.0,1,50-99,0.8000000000000114,0.9854227405247813
2667,26,12.6,214.6,202.0,218.4,0,20-49,3.8000000000000114,0.9249084249084248
2680,43,12.8,223.8,211.0,225.4,0,20-49,1.5999999999999943,0.9361135758651287
2682,56,27.0,199.8,172.8,204.8,1,50-99,5.0,0.84375
2700,5,316.4,353.0,36.60000000000002,389.6,0,5-9,36.60000000000002,0.09394250513347027
2711,88,16.0,429.4,413.4,430.2,0,50-99,0.8000000000000114,0.9609483960948396
2713,73,6.0,318.2,312.2,324.2,0,50-99,6.0,0.9629858112276373
2714,107,9.6,400.4,390.79999999999995,409.6,0,100-199,9.200000000000045,0.9541015624999999
2717,18,13.0,214.6,201.6,216.8,0,10-19,2.200000000000017,0.9298892988929889
2721,31,7.0,138.4,131.4,139.4,0,20-49,1.0,0.9426111908177905
2729,69,7.6,416.4,408.79999999999995,417.4,0,50-99,1.0,0.9793962625778629
2738,23,7.2,135.4,128.20000000000002,139.6,0,20-49,4.199999999999989,0.9183381088825217
2739,122,5.4,428.8,423.40000000000003,429.4,0,100-199,0.5999999999999659,0.9860270144387518
2769,67,21.8,347.0,325.2,349.4,1,50-99,2.3999999999999773,0.9307384087006296
2777,48,0.0,282.2,282.2,285.0,0,20-49,2.8000000000000114,0.9901754385964912
2785,42,22.8,399.4,376.59999999999997,400.0,0,20-49,0.6000000000000227,0.9414999999999999
2788,65,4.8,418.4,413.59999999999997,420.4,1,50-99,2.0,0.9838249286393911
2794,73,7.6,347.8,340.2,348.0,1,50-99,0.19999999999998863,0.9775862068965517
2802,46,4.4,229.4,225.0,231.4,1,20-49,2.0,0.9723422644770959
2808,59,3.8,253.0,249.2,254.2,0,50-99,1.1999999999999886,0.980330448465775
2812,11,7.2,143.6,136.4,144.8,0,10-19,1.200000000000017,0.9419889502762431
2816,115,1.8,420.0,418.2,420.8,0,100-199,0.8000000000000114,0.9938212927756653
2821,28,2.2,129.8,127.60000000000001,130.2,0,20-49,0.39999999999997726,0.980030721966206
2822,38,9.8,402.8,393.0,411.0,0,20-49,8.199999999999989,0.9562043795620438
2827,92,2.0,376.6,374.6,399.8,0,50-99,23.19999999999999,0.9369684842421211
2837,92,2.6,347.8,345.2,419.8,0,50-99,72.0,0.8222963315864698
2845,115,11.2,413.0,401.8,414.0,0,100-199,1.0,0.9705314009661836
2849,27,58.4,345.2,286.8,380.6,0,20-49,35.400000000000034,0.7535470310036784
2852,82,4.2,396.4,392.2,399.6,0,50-99,3.2000000000000455,0.9814814814814814
2855,39,0.0,179.8,179.8,184.6,0,20-49,4.799999999999983,0.9739978331527628
2861,69,12.4,315.8,303.40000000000003,316.6,0,50-99,0.8000000000000114,0.9583070120025269
2862,77,3.8,371.2,367.4,371.4,0,50-99,0.19999999999998863,0.9892299407646742
2865,73,6.0,415.6,409.6,423.4,0,50-99,7.7999999999999545,0.9674067076051016
2867,50,0.0,401.6,401.6,403.2,0,50-99,1.599999999999966,0.9960317460317462
2877,79,1.2,418.2,417.0,418.6,0,50-99,0.4000000000000341,0.99617773530817
2878,85,8.2,379.0,370.8,398.6,0,50-99,19.600000000000023,0.9302558956347216
2880,62,0.0,250.8,250.8,251.8,0,50-99,1.0,0.9960285941223193
2881,76,4.8,420.0,415.2,421.2,0,50-99,1.1999999999999886,0.9857549857549858
2883,92,0.2,393.0,392.8,397.6,0,50-99,4.600000000000023,0.987927565392354
2894,97,3.4,413.0,409.6,413.2,0,50-99,0.19999999999998863,0.9912875121006777
2916,44,4.8,211.4,206.6,217.2,0,20-49,5.799999999999983,0.9511970534069982
2917,29,2.2,142.8,140.60000000000002,143.4,0,20-49,0.5999999999999943,0.98047419804742
2918,84,0.0,353.8,353.8,372.8,0,50-99,19.0,0.9490343347639485
2924,77,1.4,403.0,401.6,405.2,0,50-99,2.1999999999999886,0.9911154985192498
2927,70,3.4,283.4,280.0,285.0,0,50-99,1.6000000000000227,0.9824561403508771
2931,58,5.0,279.6,274.6,281.4,0,50-99,1.7999999999999545,0.9758351101634686
2937,9,0.0,152.8,152.8,153.0,0,5-9,0.19999999999998863,0.9986928104575165
2941,67,4.8,346.6,341.8,386.0,0,50-99,39.39999999999998,0.8854922279792746
2961,72,11.8,392.0,380.2,399.0,0,50-99,7.0,0.9528822055137844
2963,29,5.2,153.4,148.20000000000002,158.0,1,20-49,4.599999999999994,0.9379746835443039
2969,74,5.2,361.6,356.40000000000003,362.4,0,50-99,0.7999999999999545,0.9834437086092717
2975,6,0.0,58.2,58.2,143.0,0,5-9,84.8,0.406993006993007
2979,5,76.0,225.2,149.2,270.4,0,5-9,45.19999999999999,0.5517751479289941
2981,66,6.2,408.8,402.6,420.0,0,50-99,11.199999999999989,0.9585714285714286
2983,68,8.8,397.0,388.2,402.2,0,50-99,5.199999999999989,0.965191447041273
2986,67,8.6,385.0,376.4,388.0,0,50-99,3.0,0.9701030927835051
2992,79,4.8,394.4,389.59999999999997,397.2,0,50-99,2.8000000000000114,0.9808660624370593
2998,91,3.4,403.0,399.6,403.8,0,50-99,0.8000000000000114,0.9895988112927192
3000,62,3.2,284.2,281.0,291.2,0,50-99,7.0,0.9649725274725275
3002,41,5.0,205.8,200.8,207.6,0,20-49,1.799999999999983,0.9672447013487476
3004,28,6.4,147.4,141.0,153.4,0,20-49,6.0,0.9191655801825293
3011,60,1.4,287.4,286.0,287.8,1,50-99,0.4000000000000341,0.9937456567060459
3013,84,3.2,376.8,373.6,377.2,0,50-99,0.39999999999997726,0.990455991516437
3014,49,6.0,207.8,201.8,209.8,0,20-49,2.0,0.9618684461391802
3015,56,70.6,402.6,332.0,411.8,0,50-99,9.199999999999989,0.8062166100048567
3026,20,1.2,140.0,138.8,144.2,0,20-49,4.199999999999989,0.9625520110957005
3029,26,0.0,133.2,133.2,135.8,0,20-49,2.6000000000000227,0.9808541973490426
3044,57,4.8,291.6,286.8,312.6,0,50-99,21.0,0.9174664107485604
3047,21,9.8,120.2,110.4,123.4,0,20-49,3.200000000000003,0.8946515397082658
3056,38,12.6,362.4,349.79999999999995,362.6,0,20-49,0.20000000000004547,0.9646993932708217
3059,74,18.0,389.6,371.6,390.8,0,50-99,1.1999999999999886,0.9508700102354146
3075,35,9.6,174.0,164.4,175.4,0,20-49,1.4000000000000057,0.9372862029646523
3077,45,15.6,367.6,352.0,374.4,0,20-49,6.7999999999999545,0.9401709401709403
3087,11,15.2,165.4,150.20000000000002,201.8,0,10-19,36.400000000000006,0.7443012884043608
3092,32,2.4,302.4,300.0,320.0,0,20-49,17.600000000000023,0.9375
3094,9,6.6,142.4,135.8,142.6,0,5-9,0.19999999999998863,0.9523141654978964
3097,43,4.2,209.4,205.20000000000002,215.0,0,20-49,5.599999999999994,0.9544186046511629
3102,47,1.6,410.4,408.79999999999995,410.6,0,20-49,0.20000000000004547,0.9956161714564051
3107,37,9.8,409.0,399.2,414.6,0,20-49,5.600000000000023,0.9628557645923781
3114,26,15.2,141.4,126.2,142.0,0,20-49,0.5999999999999943,0.8887323943661972
3136,89,1.2,387.2,386.0,392.6,0,50-99,5.400000000000034,0.9831889964340295
3138,77,2.8,409.6,406.8,411.6,0,50-99,2.0,0.988338192419825
3157,44,8.0,381.6,373.6,381.8,0,20-49,0.19999999999998863,0.9785227867993714
3162,33,5.8,134.2,128.39999999999998,138.6,0,20-49,4.400000000000006,0.9264069264069262
3173,26,9.8,142.2,132.39999999999998,143.4,0,20-49,1.200000000000017,0.9232914923291491
3177,22,9.8,208.2,198.39999999999998,212.0,0,20-49,3.8000000000000114,0.9358490566037735
3178,32,7.6,213.4,205.8,214.2,0,20-49,0.799999999999983,0.9607843137254903
3180,52,16.6,373.6,357.0,379.0,0,50-99,5.399999999999977,0.941952506596306
3184,10,58.6,174.8,116.20000000000002,189.0,0,10-19,14.199999999999989,0.6148148148148149
3210,95,5.2,388.2,383.0,389.2,0,50-99,1.0,0.9840698869475848
3211,84,9.4,412.6,403.20000000000005,414.4,0,50-99,1.7999999999999545,0.9729729729729731
3223,27,9.8,180.6,170.79999999999998,187.2,1,20-49,6.599999999999994,0.9123931623931624
3224,16,15.8,213.4,197.6,216.4,0,10-19,3.0,0.9131238447319777
3232,25,1.4,129.4,128.0,131.8,0,20-49,2.4000000000000057,0.9711684370257966
3234,36,7.2,340.8,333.6,347.8,0,20-49,7.0,0.9591719378953422
3243,62,34.6,422.0,387.4,422.4,0,50-99,0.39999999999997726,0.9171401515151515
3244,56,5.2,262.0,256.8,267.6,0,50-99,5.600000000000023,0.9596412556053812
3255,38,6.6,213.8,207.20000000000002,217.6,0,20-49,3.799999999999983,0.9522058823529412
3258,66,11.2,381.8,370.6,385.6,0,50-99,3.8000000000000114,0.9610995850622407
3260,47,7.6,399.6,392.0,400.4,0,20-49,0.7999999999999545,0.9790209790209791
3265,93,8.0,413.6,405.6,415.2,0,50-99,1.599999999999966,0.9768786127167631
3268,13,1.4,199.4,198.0,202.2,0,10-19,2.799999999999983,0.9792284866468843
3274,9,0.4,139.8,139.4,142.8,0,5-9,3.0,0.9761904761904762
3291,63,12.0,399.8,387.8,410.2,0,50-99,10.399999999999977,0.9453924914675769
3292,83,0.4,354.2,353.8,355.0,1,50-99,0.8000000000000114,0.9966197183098592
3296,34,4.8,152.8,148.0,153.2,1,20-49,0.39999999999997726,0.9660574412532638
3301,83,6.4,372.8,366.40000000000003,375.0,0,50-99,2.1999999999999886,0.9770666666666667
3320,58,0.6,275.0,274.4,276.4,1,50-99,1.3999999999999773,0.9927641099855282
3324,73,21.0,406.0,385.0,406.2,0,50-99,0.19999999999998863,0.947808961102905
3325,10,12.6,360.2,347.59999999999997,379.0,0,10-19,18.80000000000001,0.917150395778364
3329,28,17.4,122.2,104.80000000000001,128.0,1,20-49,5.799999999999997,0.8187500000000001
3338,7,6.6,126.0,119.4,136.8,0,5-9,10.800000000000011,0.8728070175438596
3340,35,0.0,177.8,177.8,181.2,0,20-49,3.3999999999999773,0.9812362030905079
3354,39,17.8,399.4,381.59999999999997,401.4,0,20-49,2.0,0.9506726457399103
3364,52,4.0,230.0,226.0,232.4,1,50-99,2.4000000000000057,0.9724612736660929
3374,43,14.2,181.0,166.8,182.2,0,20-49,1.1999999999999886,0.915477497255763
3380,58,1.4,288.2,286.8,295.4,1,50-99,7.199999999999989,0.9708869329722412
3386,21,11.2,234.4,223.20000000000002,238.8,0,20-49,4.400000000000006,0.9346733668341709
3408,15,27.6,210.6,183.0,211.2,0,10-19,0.5999999999999943,0.8664772727272728
3409,39,7.0,192.4,185.4,192.8,0,20-49,0.4000000000000057,0.9616182572614108
3429,89,5.2,388.6,383.40000000000003,390.0,0,50-99,1.3999999999999773,0.9830769230769232
3438,109,6.2,374.8,368.6,377.6,0,100-199,2.8000000000000114,0.9761652542372882
3441,95,0.0,403.4,403.4,406.0,0,50-99,2.6000000000000227,0.9935960591133004
3445,39,4.6,212.0,207.4,217.4,0,20-49,5.400000000000006,0.954001839926403
3446,29,4.8,124.6,119.8,130.8,0,20-49,6.200000000000017,0.9159021406727827
3452,84,15.0,397.6,382.6,398.6,0,50-99,1.0,0.9598595082789764
3454,38,12.6,199.2,186.6,201.0,1,20-49,1.8000000000000114,0.9283582089552238
3457,112,0.6,393.6,393.0,394.8,0,100-199,1.1999999999999886,0.9954407294832827
3470,64,14.2,380.4,366.2,385.2,0,50-99,4.800000000000011,0.95067497403946
3475,6,14.2,77.0,62.8,136.4,0,5-9,59.400000000000006,0.4604105571847507
3480,32,2.4,163.8,161.4,167.8,0,20-49,4.0,0.9618593563766388
3486,25,33.2,259.6,226.40000000000003,259.8,0,20-49,0.19999999999998863,0.8714395688991533
3490,71,3.6,378.2,374.59999999999997,380.8,0,50-99,2.6000000000000227,0.9837184873949578
3498,81,74.4,411.0,336.6,412.6,0,50-99,1.6000000000000227,0.8158022297624818
3504,81,7.2,363.6,356.40000000000003,365.2,0,50-99,1.599999999999966,0.9759036144578315
3510,73,0.0,368.4,368.4,370.4,0,50-99,2.0,0.9946004319654428
3520,90,0.0,405.2,405.2,408.4,0,50-99,3.1999999999999886,0.9921645445641528
3523,28,0.2,325.0,324.8,326.6,0,20-49,1.6000000000000227,0.994488671157379
3532,67,2.6,335.6,333.0,338.4,0,50-99,2.7999999999999545,0.9840425531914895
3542,47,22.8,386.8,364.0,389.6,0,20-49,2.8000000000000114,0.9342915811088295
3545,53,7.8,213.2,205.39999999999998,215.4,0,50-99,2.200000000000017,0.9535747446610955
3547,77,0.0,389.2,389.2,391.6,0,50-99,2.400000000000034,0.9938712972420837
3549,86,10.0,366.6,356.6,368.0,0,50-99,1.3999999999999773,0.9690217391304349
3555,24,18.6,132.8,114.20000000000002,138.4,0,20-49,5.599999999999994,0.8251445086705204
3557,68,0.0,391.2,391.2,396.6,0,50-99,5.400000000000034,0.9863842662632374
3560,73,1.0,409.8,408.8,414.2,0,50-99,4.399999999999977,0.9869628198937712
3563,56,5.2,268.6,263.40000000000003,278.8,0,50-99,10.199999999999989,0.9447632711621234
3564,34,50.4,223.4,173.0,224.0,0,20-49,0.5999999999999943,0.7723214285714286
3566,82,9.8,397.4,387.59999999999997,397.6,0,50-99,0.20000000000004547,0.9748490945674043
3570,86,17.4,411.2,393.8,411.6,0,50-99,0.4000000000000341,0.956754130223518
3589,14,7.2,220.4,213.20000000000002,284.2,0,10-19,63.79999999999998,0.7501759324419424
3594,71,0.6,355.6,355.0,356.2,0,50-99,0.5999999999999659,0.9966311061201573
3599,112,4.8,392.6,387.8,393.2,0,100-199,0.5999999999999659,0.986266531027467
3613,37,4.8,242.2,237.39999999999998,245.4,0,20-49,3.200000000000017,0.9674001629991849
3623,89,4.2,407.4,403.2,407.6,0,50-99,0.20000000000004547,0.9892051030421981
3624,9,0.0,208.6,208.6,211.4,0,5-9,2.8000000000000114,0.9867549668874172
3633,67,23.0,404.0,381.0,404.2,0,50-99,0.19999999999998863,0.9426026719445819
3644,11,1.6,129.0,127.4,130.8,0,10-19,1.8000000000000114,0.9740061162079511
3656,76,6.4,377.8,371.40000000000003,379.2,0,50-99,1.3999999999999773,0.9794303797468356
3659,23,11.8,309.4,297.59999999999997,336.0,0,20-49,26.600000000000023,0.8857142857142856
3662,45,4.8,214.0,209.2,218.8,0,20-49,4.800000000000011,0.9561243144424131
3666,47,6.6,236.8,230.20000000000002,237.0,0,20-49,0.19999999999998863,0.9713080168776372
3670,93,0.2,411.2,411.0,412.4,0,50-99,1.1999999999999886,0.9966052376333657
3675,7,6.0,161.2,155.2,162.2,0,5-9,1.0,0.9568434032059187
3678,13,3.4,115.4,112.0,145.4,0,10-19,30.0,0.7702888583218707
3679,43,8.0,197.2,189.2,200.8,0,20-49,3.6000000000000227,0.9422310756972111
3680,65,10.8,362.2,351.4,362.6,0,50-99,0.4000000000000341,0.969111969111969
3686,83,4.8,382.4,377.59999999999997,389.2,0,50-99,6.800000000000011,0.9701952723535456
3710,9,1.0,144.0,143.0,144.4,0,5-9,0.4000000000000057,0.9903047091412742
3726,23,8.6,207.2,198.6,209.4,0,20-49,2.200000000000017,0.9484240687679083
3728,30,4.8,135.6,130.79999999999998,135.8,0,20-49,0.20000000000001705,0.9631811487481589
3731,66,12.8,366.8,354.0,367.0,0,50-99,0.19999999999998863,0.9645776566757494
3735,55,5.0,324.8,319.8,325.8,0,50-99,1.0,0.9815837937384899
3739,12,3.2,206.0,202.8,211.2,0,10-19,5.199999999999989,0.9602272727272728
3746,17,0.0,342.4,342.4,343.2,0,10-19,0.8000000000000114,0.9976689976689976
3749,11,12.2,190.8,178.60000000000002,192.6,0,10-19,1.799999999999983,0.9273104880581517
3751,40,9.6,200.6,191.0,202.2,1,20-49,1.5999999999999943,0.9446092977250248
3754,12,0.2,122.2,122.0,122.4,0,10-19,0.20000000000000284,0.9967320261437908
3762,35,7.8,185.6,177.79999999999998,186.2,0,20-49,0.5999999999999943,0.9548872180451128
3769,44,6.8,213.0,206.2,217.4,0,20-49,4.400000000000006,0.9484820607175712
3801,81,2.4,354.2,351.8,355.0,1,50-99,0.8000000000000114,0.9909859154929578
3806,62,4.8,296.4,291.59999999999997,314.8,0,50-99,18.400000000000034,0.9263024142312578
3809,68,0.0,404.0,404.0,404.2,0,50-99,0.19999999999998863,0.9995051954477981
3823,89,2.8,414.2,411.4,414.4,0,50-99,0.19999999999998863,0.9927606177606177
3824,9,15.2,144.2,129.0,177.6,0,5-9,33.400000000000006,0.7263513513513514
3827,9,13.6,77.0,63.4,127.8,0,5-9,50.8,0.49608763693270735
3830,11,14.8,169.4,154.6,175.6,1,10-19,6.199999999999989,0.8804100227790432
3838,57,1.4,327.8,326.40000000000003,330.4,0,50-99,2.599999999999966,0.9878934624697339
3844,13,19.8,143.2,123.39999999999999,144.0,0,10-19,0.8000000000000114,0.8569444444444444
3845,37,2.6,400.8,398.2,403.2,0,20-49,2.3999999999999773,0.9875992063492064
3846,6,0.0,107.6,107.6,130.8,0,5-9,23.200000000000017,0.8226299694189602
3852,56,13.4,330.2,316.8,375.2,0,50-99,45.0,0.8443496801705758
3867,84,5.2,375.8,370.6,380.4,0,50-99,4.599999999999966,0.9742376445846479
3868,73,5.0,345.8,340.8,359.2,0,50-99,13.399999999999977,0.9487750556792873
3877,100,9.4,404.8,395.40000000000003,407.6,0,100-199,2.8000000000000114,0.9700686947988224
3879,97,2.2,400.4,398.2,401.4,0,50-99,1.0,0.9920279023418037
3888,77,3.0,313.0,310.0,313.6,0,50-99,0.6000000000000227,0.9885204081632653
3896,35,7.4,201.0,193.6,202.8,0,20-49,1.8000000000000114,0.9546351084812622
3903,83,7.4,408.0,400.6,408.8,0,50-99,0.8000000000000114,0.9799412915851272
3907,56,8.8,375.8,367.0,386.8,0,50-99,11.0,0.9488107549120992
3916,57,3.8,316.0,312.2,327.4,0,50-99,11.399999999999977,0.9535736102626756
3928,107,4.0,275.6,271.6,278.0,0,100-199,2.3999999999999773,0.9769784172661872
3935,49,10.6,262.0,251.4,262.4,1,20-49,0.39999999999997726,0.9580792682926831
3942,110,5.0,261.8,256.8,264.2,1,100-199,2.3999999999999773,0.971990915972748
3965,92,1.6,382.2,380.59999999999997,382.4,0,50-99,0.19999999999998863,0.9952928870292886
3968,46,3.8,118.4,114.60000000000001,119.8,1,20-49,1.3999999999999915,0.9565943238731219
3983,70,13.2,404.2,391.0,404.6,0,50-99,0.4000000000000341,0.9663865546218486
3994,6,7.8,157.0,149.2,179.4,0,5-9,22.400000000000006,0.8316610925306577
4002,69,5.4,390.4,385.0,392.0,0,50-99,1.6000000000000227,0.9821428571428571
4014,5,6.8,128.0,121.2,132.4,0,5-9,4.400000000000006,0.9154078549848942
4023,44,4.2,364.6,360.40000000000003,365.6,0,20-49,1.0,0.9857768052516411
4029,96,0.0,394.6,394.6,401.0,0,50-99,6.399999999999977,0.9840399002493766
4053,87,6.8,396.2,389.4,396.6,0,50-99,0.4000000000000341,0.9818456883509833
4060,45,5.2,209.8,204.60000000000002,211.8,0,20-49,2.0,0.9660056657223797
4084,78,3.6,383.8,380.2,388.4,0,50-99,4.599999999999966,0.9788877445932029
4088,74,0.2,324.2,324.0,325.4,0,50-99,1.1999999999999886,0.9956976029502151
4094,83,0.0,376.6,376.6,376.8,0,50-99,0.19999999999998863,0.9994692144373674
4098,81,0.0,391.2,391.2,395.0,0,50-99,3.8000000000000114,0.990379746835443
4101,69,7.0,221.8,214.8,226.8,0,50-99,5.0,0.9470899470899471
4112,54,6.0,401.4,395.4,405.8,0,50-99,4.400000000000034,0.9743716116313454
4114,83,8.4,393.4,385.0,402.8,0,50-99,9.400000000000034,0.9558093346573981
4122,40,7.0,389.8,382.8,391.6,0,20-49,1.8000000000000114,0.9775280898876404
4132,14,17.0,187.4,170.4,187.6,0,10-19,0.19999999999998863,0.908315565031983
4147,45,5.6,232.6,227.0,243.8,0,20-49,11.200000000000017,0.9310910582444626
4149,74,4.8,360.6,355.8,361.0,1,50-99,0.39999999999997726,0.9855955678670361
4163,86,0.0,367.8,367.8,370.6,0,50-99,2.8000000000000114,0.9924446842957366
4176,75,10.0,345.2,335.2,361.2,0,50-99,16.0,0.9280177187153932
4184,157,14.4,391.8,377.40000000000003,394.2,0,100-199,2.3999999999999773,0.9573820395738205
4187,172,29.4,393.4,364.0,394.4,0,100-199,1.0,0.922920892494929
4191,178,4.8,375.8,371.0,376.8,0,100-199,1.0,0.9846072186836518
4200,177,4.0,379.2,375.2,379.8,0,100-199,0.6000000000000227,0.9878883622959451
4210,5,10.8,119.0,108.2,138.8,0,5-9,19.80000000000001,0.7795389048991354
4230,12,10.8,230.8,220.0,246.4,0,10-19,15.599999999999994,0.8928571428571428
4236,17,0.2,247.2,247.0,277.4,1,10-19,30.19999999999999,0.8904109589041097
4242,60,5.2,287.4,282.2,291.2,1,50-99,3.8000000000000114,0.9690934065934066
4251,33,1.0,169.6,168.6,175.4,0,20-49,5.800000000000011,0.9612314709236032
4252,81,5.2,383.4,378.2,387.6,0,50-99,4.2000000000000455,0.9757481940144478
4253,43,15.4,344.0,328.6,344.8,1,20-49,0.8000000000000114,0.953016241299304
4255,44,5.6,361.2,355.59999999999997,383.6,0,20-49,22.400000000000034,0.9270072992700729
4256,76,2.6,317.6,315.0,321.6,0,50-99,4.0,0.9794776119402985
4265,26,4.2,124.6,120.39999999999999,128.2,0,20-49,3.5999999999999943,0.9391575663026521
4283,36,0.0,196.4,196.4,200.6,0,20-49,4.199999999999989,0.9790628115653042
4284,116,0.2,394.6,394.40000000000003,394.8,0,100-199,0.19999999999998863,0.9989868287740629
4287,101,7.0,401.8,394.8,404.4,0,100-199,2.599999999999966,0.9762611275964392
4289,62,0.0,391.6,391.6,393.4,0,50-99,1.7999999999999545,0.9954245043213016
4294,33,0.0,301.6,301.6,323.2,1,20-49,21.599999999999966,0.9331683168316832
4311,19,25.4,184.2,158.79999999999998,186.4,0,10-19,2.200000000000017,0.8519313304721029
4312,29,0.0,136.0,136.0,141.8,0,20-49,5.800000000000011,0.9590973201692524
4314,43,0.0,370.0,370.0,374.4,0,20-49,4.399999999999977,0.9882478632478633
4323,62,2.2,289.0,286.8,291.0,0,50-99,2.0,0.9855670103092784
4342,66,7.0,327.2,320.2,332.0,0,50-99,4.800000000000011,0.9644578313253012
4346,85,0.8,379.0,378.2,379.4,0,50-99,0.39999999999997726,0.9968371112282551
4352,11,1.6,127.6,126.0,132.2,0,10-19,4.599999999999994,0.9531013615733738
4357,85,4.8,366.4,361.59999999999997,369.6,0,50-99,3.2000000000000455,0.9783549783549782
4362,28,8.8,173.2,164.39999999999998,177.6,0,20-49,4.400000000000006,0.9256756756756755
4394,100,4.4,379.6,375.20000000000005,381.0,0,100-199,1.3999999999999773,0.9847769028871393
4395,41,13.6,357.8,344.2,359.4,0,20-49,1.599999999999966,0.9577072899276572
4407,7,14.2,136.0,121.8,136.4,0,5-9,0.4000000000000057,0.8929618768328446
4411,38,12.2,370.4,358.2,387.2,0,20-49,16.80000000000001,0.925103305785124
4439,11,6.8,120.2,113.4,134.4,0,10-19,14.200000000000003,0.84375
4442,45,4.6,214.2,209.6,216.0,1,20-49,1.8000000000000114,0.9703703703703703
4444,104,4.2,381.4,377.2,384.2,0,100-199,2.8000000000000114,0.9817803227485684
4454,79,7.0,396.2,389.2,396.8,0,50-99,0.6000000000000227,0.9808467741935484
4462,87,3.4,380.8,377.40000000000003,381.8,0,50-99,1.0,0.9884756416972237
4464,95,6.6,363.8,357.2,384.8,0,50-99,21.0,0.9282744282744282
4473,99,0.2,376.6,376.40000000000003,380.4,0,50-99,3.7999999999999545,0.9894847528916931
4502,21,9.8,119.6,109.8,123.0,0,20-49,3.4000000000000057,0.8926829268292683
4510,24,2.0,133.8,131.8,135.0,0,20-49,1.1999999999999886,0.9762962962962963
4516,34,8.2,286.4,278.2,286.8,0,20-49,0.4000000000000341,0.9700139470013946
4517,27,10.0,142.8,132.8,146.0,0,20-49,3.1999999999999886,0.9095890410958904
4520,76,0.2,362.0,361.8,380.8,0,50-99,18.80000000000001,0.9501050420168067
4545,81,4.8,366.4,361.59999999999997,369.0,0,50-99,2.6000000000000227,0.9799457994579945
4546,64,4.2,386.4,382.2,386.6,0,50-99,0.20000000000004547,0.9886187273667872
4547,30,0.0,335.8,335.8,382.4,0,20-49,46.599999999999966,0.8781380753138076
4554,32,4.4,178.2,173.79999999999998,180.0,0,20-49,1.8000000000000114,0.9655555555555555
4564,76,6.6,386.0,379.4,388.0,0,50-99,2.0,0.9778350515463917
4572,51,0.0,268.6,268.6,271.4,0,50-99,2.7999999999999545,0.9896831245394254
4584,57,6.6,322.4,315.79999999999995,324.4,0,50-99,2.0,0.973489519112207
4589,8,16.8,147.2,130.39999999999998,148.2,0,5-9,1.0,0.8798920377867745
4590,110,3.2,355.8,352.6,357.0,0,100-199,1.1999999999999886,0.9876750700280112
4600,93,1.4,322.0,320.6,322.2,0,50-99,0.19999999999998863,0.995034140285537
4616,83,3.6,360.6,357.0,360.8,0,50-99,0.19999999999998863,0.9894678492239467
4649,84,6.4,340.8,334.40000000000003,341.0,0,50-99,0.19999999999998863,0.9806451612903226
4660,6,30.2,116.2,86.0,153.6,0,5-9,37.39999999999999,0.5598958333333334
4662,54,5.4,348.0,342.6,352.8,0,50-99,4.800000000000011,0.9710884353741497
4663,75,4.8,332.6,327.8,332.8,1,50-99,0.19999999999998863,0.9849759615384616
4673,41,47.6,347.6,300.0,348.4,0,20-49,0.7999999999999545,0.8610792192881745
4676,129,6.0,387.2,381.2,387.6,0,100-199,0.4000000000000341,0.9834881320949431
4677,17,0.0,215.2,215.2,224.0,0,10-19,8.800000000000011,0.9607142857142856
4687,47,8.6,279.8,271.2,281.8,1,20-49,2.0,0.9623846699787082
4688,35,11.0,220.8,209.8,222.2,1,20-49,1.3999999999999773,0.9441944194419443
4701,99,4.6,365.6,361.0,366.8,0,50-99,1.1999999999999886,0.9841875681570338
4704,62,5.0,355.0,350.0,362.4,0,50-99,7.399999999999977,0.9657836644591612
4710,98,0.0,362.4,362.4,363.4,0,50-99,1.0,0.9972482113373693
4714,87,2.4,377.6,375.20000000000005,377.8,0,50-99,0.19999999999998863,0.9931180518793014
4716,74,2.4,377.6,375.20000000000005,377.8,0,50-99,0.19999999999998863,0.9931180518793014
4722,59,5.8,347.2,341.4,358.0,0,50-99,10.800000000000011,0.9536312849162011
4729,23,19.8,177.4,157.6,180.6,0,20-49,3.1999999999999886,0.8726467331118494
4732,71,2.0,354.2,352.2,356.4,0,50-99,2.1999999999999886,0.9882154882154882
4737,95,2.2,371.4,369.2,371.8,0,50-99,0.4000000000000341,0.9930069930069929
4741,37,0.4,256.0,255.6,257.2,1,20-49,1.1999999999999886,0.9937791601866253
4754,24,7.4,159.4,152.0,171.2,1,20-49,11.799999999999983,0.8878504672897197
4779,46,2.8,371.0,368.2,371.6,0,20-49,0.6000000000000227,0.9908503767491926
4785,39,4.8,203.0,198.2,208.6,0,20-49,5.599999999999994,0.950143815915628
4793,111,6.6,371.0,364.4,376.2,0,100-199,5.199999999999989,0.9686337054758107
4796,47,11.2,250.2,239.0,253.0,0,20-49,2.8000000000000114,0.9446640316205533
4805,147,1.4,309.2,307.8,310.0,0,100-199,0.8000000000000114,0.9929032258064516
4809,67,4.4,375.8,371.40000000000003,376.8,0,50-99,1.0,0.9856687898089173
4824,51,8.4,380.4,372.0,381.2,0,50-99,0.8000000000000114,0.975865687303253
4826,89,4.6,362.6,358.0,364.0,0,50-99,1.3999999999999773,0.9835164835164835
4827,81,4.6,378.0,373.4,380.0,0,50-99,2.0,0.9826315789473684
4851,42,7.8,171.4,163.6,175.8,0,20-49,4.400000000000006,0.9306029579067121
4852,65,0.0,368.2,368.2,369.6,0,50-99,1.400000000000034,0.9962121212121211
4858,32,4.4,362.0,357.6,363.6,0,20-49,1.6000000000000227,0.9834983498349835
4864,72,3.6,332.0,328.4,334.4,0,50-99,2.3999999999999773,0.9820574162679426
4866,54,3.0,280.4,277.4,280.8,0,50-99,0.4000000000000341,0.9878917378917378
4869,52,50.4,348.6,298.20000000000005,351.4,0,50-99,2.7999999999999545,0.8486055776892432
4873,7,2.6,116.0,113.4,143.0,0,5-9,27.0,0.7930069930069931
4874,118,0.6,348.0,347.4,351.6,0,100-199,3.6000000000000227,0.9880546075085322
4875,32,10.4,175.6,165.2,182.4,0,20-49,6.800000000000011,0.9057017543859648
4884,104,4.4,385.0,380.6,385.8,0,100-199,0.8000000000000114,0.9865215137376879
4893,51,14.0,363.4,349.4,364.0,1,50-99,0.6000000000000227,0.9598901098901098
4898,64,0.0,355.8,355.8,356.4,0,50-99,0.5999999999999659,0.9983164983164984
4900,10,0.4,133.4,133.0,153.2,0,10-19,19.799999999999983,0.8681462140992168
4901,61,7.6,351.6,344.0,364.6,0,50-99,13.0,0.9434997257268238
4913,6,4.4,99.4,95.0,139.2,0,5-9,39.79999999999998,0.6824712643678161
4918,18,3.2,122.8,119.6,146.6,0,10-19,23.799999999999997,0.8158253751705321
4920,110,0.0,340.8,340.8,342.0,0,100-199,1.1999999999999886,0.9964912280701754
4926,68,5.0,360.2,355.2,362.6,0,50-99,2.400000000000034,0.9795918367346937
4932,10,0.4,138.4,138.0,144.2,0,10-19,5.799999999999983,0.9570041608876562
4937,20,0.0,175.2,175.2,182.2,0,20-49,7.0,0.9615806805708013
4949,46,5.4,368.0,362.6,368.8,0,20-49,0.8000000000000114,0.9831887201735359
4953,92,3.2,356.2,353.0,363.2,0,50-99,7.0,0.9719162995594713
4962,45,4.8,141.2,136.39999999999998,142.2,0,20-49,1.0,0.9592123769338958
4963,16,0.0,311.2,311.2,335.0,0,10-19,23.80000000000001,0.928955223880597
4974,62,5.0,372.4,367.4,376.6,0,50-99,4.2000000000000455,0.9755708975039828
4975,32,7.0,155.2,148.2,155.4,1,20-49,0.20000000000001705,0.9536679536679535
4997,84,0.0,361.0,361.0,364.6,0,50-99,3.6000000000000227,0.9901261656609983
5019,30,9.2,150.6,141.4,154.8,0,20-49,4.200000000000017,0.9134366925064599
5020,5,26.6,101.6,75.0,128.8,0,5-9,27.200000000000017,0.5822981366459626
5023,93,5.8,352.2,346.4,374.2,0,50-99,22.0,0.9257081774452164
5024,63,6.2,282.8,276.6,283.4,0,50-99,0.5999999999999659,0.9760056457304165
5036,44,0.0,278.8,278.8,279.2,0,20-49,0.39999999999997726,0.9985673352435531
5042,123,0.6,361.8,361.2,373.2,0,100-199,11.399999999999977,0.9678456591639871
5050,23,7.2,181.0,173.8,218.6,0,20-49,37.599999999999994,0.7950594693504118
5069,70,6.6,277.6,271.0,320.6,0,50-99,43.0,0.8452900810979413
5070,18,33.8,246.8,213.0,249.4,0,10-19,2.5999999999999943,0.8540497193263833
5089,9,2.8,117.8,115.0,137.6,0,5-9,19.799999999999997,0.8357558139534884
5095,95,5.6,368.4,362.79999999999995,369.4,0,50-99,1.0,0.9821331889550622
5099,80,4.6,368.6,364.0,368.8,0,50-99,0.19999999999998863,0.9869848156182213
5104,59,15.2,203.2,188.0,204.2,1,50-99,1.0,0.920666013712047
5112,65,6.2,247.0,240.8,249.8,0,50-99,2.8000000000000114,0.9639711769415532
5118,50,45.6,204.2,158.6,205.2,0,50-99,1.0,0.7729044834307992
5134,89,12.2,360.8,348.6,363.4,0,50-99,2.599999999999966,0.9592735277930656
5147,96,8.4,371.8,363.40000000000003,373.8,0,50-99,2.0,0.9721776350989835
5150,34,8.2,172.0,163.8,177.6,0,20-49,5.599999999999994,0.9222972972972974
5169,84,2.0,307.2,305.2,357.6,0,50-99,50.400000000000034,0.8534675615212527
5170,69,5.2,365.8,360.6,366.4,0,50-99,0.5999999999999659,0.984170305676856
5174,69,7.8,285.4,277.59999999999997,287.6,1,50-99,2.2000000000000455,0.9652294853963836
5180,72,4.8,369.4,364.59999999999997,370.4,0,50-99,1.0,0.984341252699784
5186,81,0.4,367.2,366.8,368.4,0,50-99,1.1999999999999886,0.9956568946796961
5204,77,5.0,339.8,334.8,340.2,0,50-99,0.39999999999997726,0.9841269841269842
5206,46,5.0,212.2,207.2,214.0,0,20-49,1.8000000000000114,0.9682242990654205
5220,18,51.6,328.8,277.2,329.0,0,10-19,0.19999999999998863,0.8425531914893617
5231,20,10.4,177.4,167.0,178.6,0,20-49,1.1999999999999886,0.9350503919372901
5240,54,1.4,315.0,313.6,362.4,0,50-99,47.39999999999998,0.8653421633554085
5260,34,54.6,340.8,286.2,346.6,0,20-49,5.800000000000011,0.8257357184073859
5268,72,1.4,345.8,344.40000000000003,347.2,0,50-99,1.3999999999999773,0.9919354838709679
5270,5,0.6,83.4,82.80000000000001,129.6,0,5-9,46.19999999999999,0.638888888888889
5271,20,14.2,226.8,212.60000000000002,254.4,0,20-49,27.599999999999994,0.8356918238993711
5276,5,16.0,102.4,86.4,125.0,0,5-9,22.599999999999994,0.6912
5279,105,2.6,363.8,361.2,365.4,0,100-199,1.599999999999966,0.9885057471264368
5283,28,4.8,126.2,121.4,128.6,0,20-49,2.3999999999999915,0.9440124416796268
5292,85,4.8,370.2,365.4,371.4,0,50-99,1.1999999999999886,0.9838449111470113
5295,82,5.4,354.6,349.20000000000005,354.8,0,50-99,0.19999999999998863,0.9842164599774522
5296,56,0.6,359.0,358.4,360.0,0,50-99,1.0,0.9955555555555555
5305,91,0.0,319.0,319.0,322.2,0,50-99,3.1999999999999886,0.9900682805710739
5311,50,4.8,238.0,233.2,238.6,1,50-99,0.5999999999999943,0.9773679798826488
5318,45,5.2,229.2,224.0,232.0,1,20-49,2.8000000000000114,0.9655172413793104
5320,93,4.4,312.6,308.20000000000005,317.8,0,50-99,5.199999999999989,0.9697923222152298
5322,44,6.4,229.6,223.2,237.2,0,20-49,7.599999999999994,0.9409780775716695
5332,60,0.0,346.4,346.4,353.0,0,50-99,6.600000000000023,0.9813031161473087
5334,15,5.4,139.2,133.79999999999998,140.6,0,10-19,1.4000000000000057,0.9516358463726884
5338,101,4.2,347.8,343.6,350.0,0,100-199,2.1999999999999886,0.9817142857142858
5346,44,3.6,333.4,329.79999999999995,341.4,0,20-49,8.0,0.9660222612770942
5355,6,7.6,142.0,134.4,144.4,0,5-9,2.4000000000000057,0.9307479224376731
5361,106,0.0,364.2,364.2,368.0,0,100-199,3.8000000000000114,0.9896739130434782
5370,5,52.8,137.4,84.60000000000001,159.8,0,5-9,22.400000000000006,0.5294117647058824
5377,42,5.6,187.6,182.0,204.6,0,20-49,17.0,0.8895405669599218
5378,81,4.8,301.6,296.8,303.4,0,50-99,1.7999999999999545,0.9782465392221491
5400,77,7.2,368.2,361.0,369.2,0,50-99,1.0,0.9777898158179849
5401,90,4.8,373.0,368.2,377.2,0,50-99,4.199999999999989,0.9761399787910923
5413,71,8.6,356.0,347.4,357.6,0,50-99,1.6000000000000227,0.971476510067114
5422,70,4.4,355.8,351.40000000000003,356.6,0,50-99,0.8000000000000114,0.9854178351093663
5423,34,2.0,154.0,152.0,157.6,1,20-49,3.5999999999999943,0.9644670050761421
5439,20,5.6,166.2,160.6,166.4,0,20-49,0.20000000000001705,0.9651442307692307
5447,64,4.4,287.4,283.0,287.8,0,50-99,0.4000000000000341,0.9833217512161223
5448,83,0.0,364.0,364.0,365.4,0,50-99,1.3999999999999773,0.996168582375479
5450,89,4.2,304.4,300.2,305.2,1,50-99,0.8000000000000114,0.9836173001310616
5454,66,7.4,132.8,125.4,136.2,1,50-99,3.3999999999999773,0.9207048458149781
5455,74,6.0,280.6,274.6,281.8,1,50-99,1.1999999999999886,0.9744499645138397
5470,56,0.0,285.8,285.8,287.2,0,50-99,1.3999999999999773,0.9951253481894151
5474,84,22.4,368.8,346.40000000000003,369.6,0,50-99,0.8000000000000114,0.9372294372294373
5475,42,3.8,207.6,203.79999999999998,208.4,0,20-49,0.8000000000000114,0.9779270633397312
5485,27,10.2,134.2,123.99999999999999,140.2,0,20-49,6.0,0.884450784593438
5501,14,0.0,124.8,124.8,145.8,0,10-19,21.000000000000014,0.8559670781893003
5507,57,1.6,348.4,346.79999999999995,350.2,0,50-99,1.8000000000000114,0.9902912621359222
5517,78,2.0,339.4,337.4,340.8,0,50-99,1.400000000000034,0.9900234741784036
5518,53,5.0,289.0,284.0,298.2,0,50-99,9.199999999999989,0.9523809523809524
5523,44,5.6,204.2,198.6,209.4,0,20-49,5.200000000000017,0.9484240687679083
5530,24,0.0,317.6,317.6,351.2,0,20-49,33.599999999999966,0.9043280182232347
5544,34,2.2,361.0,358.8,366.6,0,20-49,5.600000000000023,0.9787234042553191
5558,27,17.8,295.2,277.4,343.6,0,20-49,48.400000000000034,0.8073341094295692
5575,67,4.4,173.2,168.79999999999998,178.8,0,50-99,5.600000000000023,0.9440715883668902
5598,47,4.2,213.8,209.60000000000002,217.0,1,20-49,3.1999999999999886,0.9658986175115208
5606,35,5.2,170.4,165.20000000000002,172.6,0,20-49,2.1999999999999886,0.9571263035921206
5609,43,16.8,213.0,196.2,214.4,0,20-49,1.4000000000000057,0.9151119402985074
5610,54,1.0,217.2,216.2,226.6,1,50-99,9.400000000000006,0.9541041482789056
5615,54,4.0,249.8,245.8,254.0,0,50-99,4.199999999999989,0.9677165354330709
5617,65,5.4,347.4,342.0,348.0,1,50-99,0.6000000000000227,0.9827586206896551
5625,94,3.6,367.8,364.2,369.0,0,50-99,1.1999999999999886,0.9869918699186991
5632,66,3.8,339.8,336.0,348.4,0,50-99,8.599999999999966,0.9644087256027555
5642,16,0.4,134.4,134.0,173.6,0,10-19,39.19999999999999,0.771889400921659
5645,45,3.6,212.0,208.4,217.0,1,20-49,5.0,0.96036866359447
5648,62,24.2,369.8,345.6,370.2,0,50-99,0.39999999999997726,0.9335494327390601
5661,52,2.8,291.4,288.59999999999997,322.4,0,50-99,31.0,0.8951612903225806
5663,12,0.0,161.0,161.0,179.2,0,10-19,18.19999999999999,0.8984375000000001
5668,29,0.0,176.2,176.2,180.0,0,20-49,3.8000000000000114,0.9788888888888888
5676,86,0.0,338.8,338.8,341.6,0,50-99,2.8000000000000114,0.9918032786885246
5678,28,6.8,221.2,214.39999999999998,228.0,0,20-49,6.800000000000011,0.9403508771929824
5693,30,10.2,168.2,158.0,168.4,0,20-49,0.20000000000001705,0.9382422802850356
5694,96,0.0,333.4,333.4,334.2,0,50-99,0.8000000000000114,0.997606223818073
5698,12,0.0,124.6,124.6,130.4,0,10-19,5.800000000000011,0.955521472392638
5711,50,0.6,344.4,343.79999999999995,344.6,0,50-99,0.20000000000004547,0.9976784677887404
5715,34,6.6,158.2,151.6,159.2,0,20-49,1.0,0.9522613065326634
5720,72,1.4,351.8,350.40000000000003,353.2,0,50-99,1.3999999999999773,0.9920724801812005
5721,60,1.4,370.8,369.40000000000003,372.2,0,50-99,1.3999999999999773,0.9924771628156906
5723,41,2.2,337.6,335.40000000000003,338.0,0,20-49,0.39999999999997726,0.9923076923076924
5726,117,2.2,367.4,365.2,368.2,0,100-199,0.8000000000000114,0.9918522542096686
5727,86,0.6,362.6,362.0,370.2,1,50-99,7.599999999999966,0.97784981091302
5731,89,0.0,350.0,350.0,352.0,0,50-99,2.0,0.9943181818181818
5734,33,0.0,177.0,177.0,180.4,0,20-49,3.4000000000000057,0.9811529933481152
5745,17,0.2,139.2,139.0,142.2,0,10-19,3.0,0.9774964838255978
5754,10,21.2,133.8,112.60000000000001,144.2,0,10-19,10.399999999999977,0.780859916782247
5762,66,5.4,360.0,354.6,361.2,0,50-99,1.1999999999999886,0.9817275747508306
5763,41,2.8,340.4,337.59999999999997,344.4,0,20-49,4.0,0.9802555168408826
5769,99,14.6,361.2,346.59999999999997,364.0,0,50-99,2.8000000000000114,0.9521978021978021
5770,60,4.6,313.8,309.2,323.6,0,50-99,9.800000000000011,0.9555006180469715
5772,26,8.2,140.4,132.20000000000002,144.6,0,20-49,4.199999999999989,0.914246196403873
5780,87,5.8,364.8,359.0,365.2,0,50-99,0.39999999999997726,0.9830230010952903
5782,43,10.8,344.8,334.0,347.2,0,20-49,2.3999999999999773,0.9619815668202766
5790,70,0.0,270.0,270.0,270.2,0,50-99,0.19999999999998863,0.999259807549963
5799,80,4.8,360.4,355.59999999999997,361.8,0,50-99,1.400000000000034,0.9828634604754006
5805,67,11.4,350.4,339.0,354.4,0,50-99,4.0,0.9565462753950339
5820,11,7.2,162.4,155.20000000000002,171.4,0,10-19,9.0,0.9054842473745625
5823,35,12.4,343.0,330.6,345.8,0,20-49,2.8000000000000114,0.9560439560439561
5836,35,7.0,365.2,358.2,367.0,0,20-49,1.8000000000000114,0.9760217983651226
5845,56,9.6,367.2,357.59999999999997,367.4,0,50-99,0.19999999999998863,0.9733260751224823
5856,71,13.8,329.4,315.59999999999997,334.4,1,50-99,5.0,0.94377990430622
5863,69,5.6,324.6,319.0,327.4,0,50-99,2.7999999999999545,0.9743433109346366
5867,50,4.8,277.6,272.8,277.8,0,50-99,0.19999999999998863,0.9820014398848093
5870,81,4.6,355.0,350.4,355.4,0,50-99,0.39999999999997726,0.9859313449634215
5871,85,10.6,364.0,353.4,364.8,0,50-99,0.8000000000000114,0.9687499999999999
5872,88,4.6,358.4,353.79999999999995,361.0,0,50-99,2.6000000000000227,0.9800554016620497
5873,16,15.8,142.6,126.8,146.0,0,10-19,3.4000000000000057,0.8684931506849315
5876,37,4.8,169.6,164.79999999999998,170.0,1,20-49,0.4000000000000057,0.9694117647058823
5877,21,16.2,262.8,246.60000000000002,332.0,0,20-49,69.19999999999999,0.7427710843373495
5883,82,6.8,338.6,331.8,340.4,0,50-99,1.7999999999999545,0.9747356051703879
5885,43,0.0,296.8,296.8,360.2,0,20-49,63.39999999999998,0.8239866740699612
5893,45,8.4,279.4,271.0,298.8,0,20-49,19.400000000000034,0.9069611780455153
5897,10,0.0,309.8,309.8,323.2,0,10-19,13.399999999999977,0.9585396039603961
5902,88,9.6,314.8,305.2,315.0,0,50-99,0.19999999999998863,0.9688888888888888
5903,50,0.0,284.0,284.0,284.2,0,50-99,0.19999999999998863,0.9992962702322309
5905,47,0.0,331.6,331.6,333.8,0,20-49,2.1999999999999886,0.9934092270820851
5911,63,7.0,336.0,329.0,338.6,0,50-99,2.6000000000000227,0.9716479621972829
5914,40,1.4,230.6,229.2,242.6,0,20-49,12.0,0.9447650453421269
5919,41,14.6,266.2,251.6,273.4,0,20-49,7.199999999999989,0.920263350402341
5921,53,4.6,211.8,207.20000000000002,212.0,1,50-99,0.19999999999998863,0.9773584905660379
5922,49,4.8,252.4,247.6,253.0,0,20-49,0.5999999999999943,0.9786561264822135
5929,96,5.0,359.2,354.2,361.2,0,50-99,2.0,0.9806201550387597
5931,28,11.0,158.8,147.8,164.4,0,20-49,5.599999999999994,0.8990267639902677
5941,47,13.8,212.8,199.0,214.4,0,20-49,1.5999999999999943,0.9281716417910447
5956,29,14.4,202.0,187.6,210.2,0,20-49,8.199999999999989,0.8924833491912465
5964,54,16.4,299.4,283.0,300.0,0,50-99,0.6000000000000227,0.9433333333333334
5975,22,4.6,135.0,130.4,145.6,0,20-49,10.599999999999994,0.8956043956043956
5978,30,3.0,352.6,349.6,354.6,0,20-49,2.0,0.9858996051889453
5990,47,6.2,224.6,218.4,229.4,1,20-49,4.800000000000011,0.9520488230165649
5995,73,0.0,309.8,309.8,363.4,0,50-99,53.599999999999966,0.852504127682994
5999,48,3.4,338.2,334.8,347.4,0,20-49,9.199999999999989,0.9637305699481866
6003,78,6.0,358.0,352.0,358.2,0,50-99,0.19999999999998863,0.9826912339475153
6004,37,4.6,342.6,338.0,342.8,0,20-49,0.19999999999998863,0.9859976662777129
6005,12,18.0,126.8,108.8,135.6,0,10-19,8.799999999999997,0.8023598820058997
6008,30,0.0,140.2,140.2,178.4,0,20-49,38.20000000000002,0.7858744394618833
6017,56,1.8,286.8,285.0,305.4,0,50-99,18.599999999999966,0.9332023575638507
6025,40,0.0,324.6,324.6,339.6,0,20-49,15.0,0.9558303886925795
6028,100,2.0,358.0,356.0,359.4,0,100-199,1.3999999999999773,0.9905397885364498
6032,19,9.8,166.8,157.0,170.6,0,10-19,3.799999999999983,0.9202813599062134
6044,79,8.2,343.0,334.8,362.4,0,50-99,19.399999999999977,0.9238410596026491
6045,56,3.4,285.4,282.0,288.6,0,50-99,3.2000000000000455,0.9771309771309771
6046,100,12.2,363.4,351.2,363.6,0,100-199,0.20000000000004547,0.9658965896589659
6048,96,2.8,350.4,347.59999999999997,354.2,0,50-99,3.8000000000000114,0.9813664596273292
6049,83,4.0,352.8,348.8,356.8,0,50-99,4.0,0.9775784753363229
6072,58,19.8,288.2,268.4,324.0,0,50-99,35.80000000000001,0.8283950617283949
6081,77,0.0,352.6,352.6,353.8,0,50-99,1.1999999999999886,0.996608253250424
6089,70,0.0,340.0,340.0,345.6,0,50-99,5.600000000000023,0.9837962962962963
6096,13,3.8,75.0,71.2,127.6,0,10-19,52.599999999999994,0.5579937304075235
6106,81,1.2,309.4,308.2,312.4,0,50-99,3.0,0.9865556978233035
6111,46,1.6,328.8,327.2,334.4,0,20-49,5.599999999999966,0.9784688995215312
6112,15,0.0,173.8,173.8,174.0,0,10-19,0.19999999999998863,0.9988505747126437
6114,41,0.0,271.6,271.6,334.8,0,20-49,63.19999999999999,0.8112305854241338
6131,60,6.6,229.6,223.0,231.0,0,50-99,1.4000000000000057,0.9653679653679653
6151,6,0.0,110.6,110.6,131.0,0,5-9,20.400000000000006,0.8442748091603053
6158,39,11.2,208.4,197.20000000000002,209.8,0,20-49,1.4000000000000057,0.9399428026692088
6167,31,13.6,321.6,308.0,340.4,0,20-49,18.799999999999955,0.9048178613396005
6168,15,10.6,164.8,154.20000000000002,179.2,0,10-19,14.399999999999977,0.8604910714285716
6169,39,9.0,218.4,209.4,218.6,0,20-49,0.19999999999998863,0.9579139981701739
6179,22,11.8,298.2,286.4,298.8,0,20-49,0.6000000000000227,0.9585006693440428
6185,69,0.8,324.2,323.4,328.6,0,50-99,4.400000000000034,0.9841752891052951
6190,9,10.4,149.4,139.0,161.4,0,5-9,12.0,0.8612143742255266
6192,66,8.2,338.6,330.40000000000003,339.0,0,50-99,0.39999999999997726,0.9746312684365783
6194,10,8.4,142.2,133.79999999999998,144.2,0,10-19,2.0,0.927877947295423
6199,45,6.0,159.2,153.2,161.2,1,20-49,2.0,0.9503722084367245
6209,44,4.0,132.6,128.6,135.4,1,20-49,2.8000000000000114,0.949778434268833
6215,25,2.8,194.6,191.79999999999998,215.8,0,20-49,21.200000000000017,0.8887859128822982
6217,65,2.0,311.6,309.6,316.4,0,50-99,4.7999999999999545,0.9785082174462707
6228,89,7.2,358.8,351.6,363.8,0,50-99,5.0,0.9664650907091809
6235,86,5.6,363.0,357.4,363.8,0,50-99,0.8000000000000114,0.982407916437603
6237,46,0.0,170.2,170.2,170.4,0,20-49,0.20000000000001705,0.9988262910798121
6241,65,0.0,313.0,313.0,324.6,0,50-99,11.600000000000023,0.9642637091805298
6244,73,58.2,340.6,282.40000000000003,342.6,0,50-99,2.0,0.8242848803269119
6246,101,0.0,353.6,353.6,354.4,0,100-199,0.7999999999999545,0.997742663656885
6247,67,3.4,318.4,315.0,321.0,0,50-99,2.6000000000000227,0.9813084112149533
6255,15,17.2,330.6,313.40000000000003,348.4,0,10-19,17.799999999999955,0.8995407577497131
6256,39,25.0,335.6,310.6,336.6,1,20-49,1.0,0.922756981580511
6262,92,1.2,328.8,327.6,330.6,0,50-99,1.8000000000000114,0.9909255898366606
6268,52,6.8,246.0,239.2,248.6,1,50-99,2.5999999999999943,0.9621882542236524
6273,62,4.6,320.6,316.0,321.0,0,50-99,0.39999999999997726,0.9844236760124611
6277,51,11.2,234.2,223.0,237.4,0,50-99,3.200000000000017,0.9393428812131424
6286,93,5.4,360.6,355.20000000000005,362.4,0,50-99,1.7999999999999545,0.9801324503311261
6288,10,11.2,208.0,196.8,242.2,0,10-19,34.19999999999999,0.8125516102394716
6310,78,8.8,356.4,347.59999999999997,357.0,0,50-99,0.6000000000000227,0.9736694677871147
6311,38,4.2,320.6,316.40000000000003,339.0,0,20-49,18.399999999999977,0.9333333333333335
6321,34,0.0,306.4,306.4,323.6,0,20-49,17.200000000000045,0.9468479604449936
6328,47,7.0,222.6,215.6,222.8,0,20-49,0.20000000000001705,0.9676840215439856
6330,104,4.2,361.0,356.8,362.0,0,100-199,1.0,0.9856353591160222
6337,82,5.8,363.4,357.59999999999997,363.8,0,50-99,0.4000000000000341,0.9829576690489279
6339,28,19.8,270.0,250.2,275.8,1,20-49,5.800000000000011,0.9071791153009426
6343,65,2.4,353.0,350.6,354.6,0,50-99,1.6000000000000227,0.9887196841511562
6345,72,2.0,262.4,260.4,263.8,0,50-99,1.400000000000034,0.9871114480667171
6371,49,0.0,253.6,253.6,255.4,1,20-49,1.8000000000000114,0.9929522317932654
6392,66,4.8,263.0,258.2,263.2,0,50-99,0.19999999999998863,0.9810030395136778
6400,92,6.8,351.8,345.0,352.2,0,50-99,0.39999999999997726,0.979557069846678
6401,74,2.0,318.0,316.0,323.8,0,50-99,5.800000000000011,0.9759110562075355
6403,66,33.6,350.0,316.4,354.2,0,50-99,4.199999999999989,0.8932806324110671
6412,28,24.0,157.6,133.6,157.8,0,20-49,0.20000000000001705,0.8466413181242077
6415,80,2.6,327.0,324.4,327.6,0,50-99,0.6000000000000227,0.99023199023199
6421,11,0.6,147.2,146.6,157.4,0,10-19,10.200000000000017,0.9313850063532401
6428,15,5.8,140.4,134.6,144.0,0,10-19,3.5999999999999943,0.9347222222222222
6431,44,6.6,342.6,336.0,346.2,0,20-49,3.599999999999966,0.9705372616984402
6432,24,4.8,127.6,122.8,142.6,0,20-49,15.0,0.8611500701262272
6439,9,7.0,138.0,131.0,143.6,0,5-9,5.599999999999994,0.9122562674094707
6440,82,4.6,348.4,343.79999999999995,351.4,0,50-99,3.0,0.9783722253841776
6441,47,24.6,352.6,328.0,363.4,0,20-49,10.799999999999955,0.9025866813428729
6456,80,4.6,347.8,343.2,348.2,0,50-99,0.39999999999997726,0.9856404365307294
6457,45,18.4,260.4,241.99999999999997,261.0,0,20-49,0.6000000000000227,0.9272030651340996
6458,64,4.4,342.0,337.6,342.2,0,50-99,0.19999999999998863,0.9865575686732906
6460,68,4.8,329.2,324.4,335.0,0,50-99,5.800000000000011,0.9683582089552238
6464,78,0.6,353.6,353.0,356.0,0,50-99,2.3999999999999773,0.9915730337078652
6465,12,9.0,177.2,168.2,185.0,0,10-19,7.800000000000011,0.9091891891891891
6468,35,15.6,190.6,175.0,192.6,1,20-49,2.0,0.9086188992731049
6484,88,5.2,335.8,330.6,341.4,0,50-99,5.599999999999966,0.9683655536028121
6486,35,2.8,166.6,163.79999999999998,167.4,0,20-49,0.8000000000000114,0.9784946236559139
6501,55,0.0,345.4,345.4,349.6,0,50-99,4.2000000000000455,0.9879862700228832
6512,54,6.6,302.4,295.79999999999995,311.6,0,50-99,9.200000000000045,0.9492939666238766
6514,72,10.0,348.0,338.0,350.2,0,50-99,2.1999999999999886,0.9651627641347802
6516,69,7.6,351.2,343.59999999999997,352.0,0,50-99,0.8000000000000114,0.9761363636363636
6531,27,1.2,244.4,243.20000000000002,244.8,0,20-49,0.4000000000000057,0.9934640522875817
6533,77,8.6,323.2,314.59999999999997,323.6,0,50-99,0.4000000000000341,0.972187886279357
6534,26,8.6,118.8,110.2,123.2,0,20-49,4.400000000000006,0.8944805194805194
6537,83,3.6,330.2,326.59999999999997,338.6,0,50-99,8.400000000000034,0.9645599527466034
6543,11,41.4,144.6,103.19999999999999,156.0,0,10-19,11.400000000000006,0.6615384615384615
6551,50,8.4,219.0,210.6,219.2,0,50-99,0.19999999999998863,0.9607664233576643
6571,84,4.6,351.6,347.0,352.0,0,50-99,0.39999999999997726,0.9857954545454546
6578,71,8.6,298.2,289.59999999999997,300.2,0,50-99,2.0,0.9646902065289806
6591,46,23.8,247.8,224.0,251.0,1,20-49,3.1999999999999886,0.8924302788844621
6592,21,12.2,141.6,129.4,141.8,0,20-49,0.20000000000001705,0.9125528913963328
6596,108,7.0,345.8,338.8,347.2,0,100-199,1.3999999999999773,0.9758064516129032
6598,89,5.2,333.2,328.0,338.0,0,50-99,4.800000000000011,0.9704142011834319
6605,64,8.6,321.2,312.59999999999997,321.4,1,50-99,0.19999999999998863,0.9726197884256378
6609,105,3.4,335.8,332.40000000000003,336.0,0,100-199,0.19999999999998863,0.9892857142857144
6610,65,1.2,221.8,220.60000000000002,224.2,0,50-99,2.3999999999999773,0.9839429081177522
6621,56,7.6,328.4,320.79999999999995,334.6,0,50-99,6.2000000000000455,0.9587567244471008
6643,71,1.0,333.8,332.8,336.8,0,50-99,3.0,0.9881235154394299
6645,32,2.2,133.8,131.60000000000002,135.0,0,20-49,1.1999999999999886,0.974814814814815
6651,8,16.0,104.8,88.8,105.0,1,5-9,0.20000000000000284,0.8457142857142856
6652,9,22.6,226.0,203.4,226.2,0,5-9,0.19999999999998863,0.8992042440318303
6660,53,1.6,188.8,187.20000000000002,193.2,0,50-99,4.399999999999977,0.9689440993788822
6666,21,2.0,286.2,284.2,298.8,0,20-49,12.600000000000023,0.9511378848728246
6685,26,0.0,140.0,140.0,140.6,0,20-49,0.5999999999999943,0.9957325746799431
6688,49,2.0,335.4,333.4,335.8,0,20-49,0.4000000000000341,0.992852888624181
6691,13,3.0,292.8,289.8,293.0,0,10-19,0.19999999999998863,0.9890784982935154
6698,62,5.0,329.8,324.8,330.0,0,50-99,0.19999999999998863,0.9842424242424243
6699,75,0.0,337.0,337.0,337.2,0,50-99,0.19999999999998863,0.9994068801897984
6700,97,4.2,338.8,334.6,340.4,0,50-99,1.599999999999966,0.982961222091657
6704,60,2.6,285.6,283.0,290.4,0,50-99,4.7999999999999545,0.9745179063360883
6725,22,3.6,247.8,244.20000000000002,289.6,0,20-49,41.80000000000001,0.843232044198895
6735,49,4.6,268.2,263.59999999999997,269.4,0,20-49,1.1999999999999886,0.9784706755753526
6751,68,10.8,287.0,276.2,291.8,0,50-99,4.800000000000011,0.9465387251542151
6752,7,30.4,141.0,110.6,145.0,0,5-9,4.0,0.7627586206896552
6773,37,8.4,269.8,261.40000000000003,289.0,0,20-49,19.19999999999999,0.9044982698961939
6775,81,5.8,336.4,330.59999999999997,339.2,0,50-99,2.8000000000000114,0.9746462264150942
6778,49,5.4,282.0,276.6,288.0,1,20-49,6.0,0.9604166666666667
6780,53,4.6,291.8,287.2,313.6,0,50-99,21.80000000000001,0.9158163265306122
6784,41,6.8,208.8,202.0,217.2,1,20-49,8.399999999999977,0.9300184162062616
6789,40,5.0,216.0,211.0,218.4,1,20-49,2.4000000000000057,0.9661172161172161
6793,33,5.6,106.4,100.80000000000001,112.2,1,20-49,5.799999999999997,0.8983957219251337
6817,25,6.0,141.8,135.8,142.8,0,20-49,1.0,0.9509803921568627
6819,69,6.4,320.6,314.20000000000005,328.6,0,50-99,8.0,0.9561777236762021
6823,15,1.4,280.0,278.6,282.2,0,10-19,2.1999999999999886,0.9872430900070873
6824,25,6.4,141.6,135.2,142.6,0,20-49,1.0,0.9481065918653576
6848,58,18.0,331.6,313.6,334.0,0,50-99,2.3999999999999773,0.9389221556886228
6867,29,6.2,144.4,138.20000000000002,145.2,0,20-49,0.799999999999983,0.9517906336088157
6876,43,2.4,196.4,194.0,199.2,1,20-49,2.799999999999983,0.9738955823293173
6884,67,6.2,336.6,330.40000000000003,336.8,0,50-99,0.19999999999998863,0.9809976247030879
6903,47,6.4,330.4,324.0,331.0,0,20-49,0.6000000000000227,0.9788519637462235
6929,49,7.0,338.6,331.6,339.6,0,20-49,1.0,0.9764428739693758
6935,32,18.0,180.6,162.6,183.6,0,20-49,3.0,0.8856209150326797
6940,78,6.4,330.2,323.8,332.2,0,50-99,2.0,0.9747140276941602
6952,60,5.8,287.2,281.4,288.6,0,50-99,1.400000000000034,0.9750519750519749
6968,55,1.6,337.8,336.2,339.4,0,50-99,1.599999999999966,0.990571596935769
6980,64,0.0,333.2,333.2,336.6,0,50-99,3.400000000000034,0.9898989898989898
6998,43,2.8,213.0,210.2,217.0,1,20-49,4.0,0.968663594470046
7001,50,5.0,282.6,277.6,284.0,1,50-99,1.3999999999999773,0.9774647887323944
7006,49,15.4,213.0,197.6,218.8,0,20-49,5.800000000000011,0.903107861060329
7014,58,4.8,309.2,304.4,310.0,1,50-99,0.8000000000000114,0.9819354838709676
7027,15,3.0,143.6,140.6,144.6,0,10-19,1.0,0.9723374827109267
7032,61,4.6,262.2,257.59999999999997,263.6,1,50-99,1.400000000000034,0.9772382397572077
7034,61,4.6,329.4,324.79999999999995,330.2,1,50-99,0.8000000000000114,0.9836462749848576
7038,37,3.0,212.6,209.6,216.6,0,20-49,4.0,0.9676823638042474
7040,87,5.2,334.4,329.2,340.2,0,50-99,5.800000000000011,0.9676660787771899
7042,84,3.4,295.8,292.40000000000003,297.0,0,50-99,1.1999999999999886,0.9845117845117847
7050,44,0.8,197.8,197.0,203.2,0,20-49,5.399999999999977,0.969488188976378
7052,45,17.6,143.2,125.6,145.0,0,20-49,1.8000000000000114,0.8662068965517241
7065,24,3.4,99.6,96.19999999999999,99.8,1,20-49,0.20000000000000284,0.9639278557114228
7073,53,2.2,331.6,329.40000000000003,335.4,0,50-99,3.7999999999999545,0.9821109123434707
7076,87,6.8,330.4,323.59999999999997,331.4,0,50-99,1.0,0.9764634882317441
7088,75,0.8,333.4,332.59999999999997,334.4,0,50-99,1.0,0.9946172248803827
7090,47,102.2,315.4,213.2,316.0,0,20-49,0.6000000000000227,0.6746835443037974
7094,33,0.0,308.4,308.4,310.0,0,20-49,1.6000000000000227,0.9948387096774193
7098,70,5.6,250.4,244.8,253.4,0,50-99,3.0,0.9660615627466457
7106,86,1.4,343.4,342.0,343.8,0,50-99,0.4000000000000341,0.9947643979057591
7113,58,5.8,338.8,333.0,340.4,0,50-99,1.599999999999966,0.9782608695652174
7121,71,1.8,311.0,309.2,312.6,0,50-99,1.6000000000000227,0.9891234804862443
7130,20,1.4,125.4,124.0,127.4,0,20-49,2.0,0.9733124018838304
7133,33,15.4,297.8,282.40000000000003,319.4,0,20-49,21.599999999999966,0.8841577958672513
7135,70,13.0,323.8,310.8,328.2,0,50-99,4.399999999999977,0.946983546617916
7138,24,0.0,140.0,140.0,140.2,1,20-49,0.19999999999998863,0.9985734664764623
7148,60,2.2,224.0,221.8,227.8,1,50-99,3.8000000000000114,0.9736611062335382
7175,18,11.4,139.0,127.6,144.4,0,10-19,5.400000000000006,0.8836565096952907
7177,75,6.0,316.8,310.8,320.6,0,50-99,3.8000000000000114,0.9694323144104803
7192,67,3.6,324.4,320.79999999999995,328.4,0,50-99,4.0,0.976857490864799
7198,49,28.0,333.6,305.6,334.6,0,20-49,1.0,0.913329348475792
7201,39,13.2,279.6,266.40000000000003,284.4,0,20-49,4.7999999999999545,0.9367088607594939
7216,35,7.6,207.0,199.4,208.0,0,20-49,1.0,0.9586538461538462
7220,27,4.2,138.6,134.4,143.8,0,20-49,5.200000000000017,0.9346314325452016
7232,29,2.0,129.4,127.4,131.0,0,20-49,1.5999999999999943,0.9725190839694657
7237,63,12.0,326.8,314.8,329.8,0,50-99,3.0,0.9545178896300789
7240,102,2.0,300.6,298.6,300.8,0,100-199,0.19999999999998863,0.992686170212766
7242,69,3.8,337.0,333.2,337.6,0,50-99,0.6000000000000227,0.9869668246445497
7253,33,10.2,179.8,169.60000000000002,181.4,0,20-49,1.5999999999999943,0.9349503858875414
7256,24,5.2,130.0,124.8,131.2,0,20-49,1.1999999999999886,0.951219512195122
7258,23,6.0,314.8,308.8,315.2,0,20-49,0.39999999999997726,0.9796954314720813
7268,37,1.4,316.8,315.40000000000003,317.8,0,20-49,1.0,0.9924480805538075
7282,69,17.2,329.6,312.40000000000003,336.0,0,50-99,6.399999999999977,0.9297619047619049
7290,25,32.0,138.8,106.80000000000001,139.0,0,20-49,0.19999999999998863,0.7683453237410073
7291,23,4.6,176.4,171.8,177.0,0,20-49,0.5999999999999943,0.9706214689265538
7295,82,8.8,332.6,323.8,333.6,0,50-99,1.0,0.9706235011990407
7297,52,21.2,301.6,280.40000000000003,310.8,1,50-99,9.199999999999989,0.9021879021879022
7300,60,22.4,315.8,293.40000000000003,323.0,0,50-99,7.199999999999989,0.9083591331269351
7307,62,6.2,337.0,330.8,337.4,0,50-99,0.39999999999997726,0.9804386484884411
7308,19,8.4,191.0,182.6,191.2,0,10-19,0.19999999999998863,0.9550209205020921
7310,23,10.2,124.6,114.39999999999999,127.2,0,20-49,2.6000000000000085,0.8993710691823898
7320,27,4.6,143.8,139.20000000000002,146.0,0,20-49,2.1999999999999886,0.9534246575342467
7324,25,4.8,143.2,138.39999999999998,144.2,0,20-49,1.0,0.9597780859916781
7335,16,0.0,133.6,133.6,141.0,1,10-19,7.400000000000006,0.9475177304964538
7371,64,21.2,338.0,316.8,338.2,0,50-99,0.19999999999998863,0.9367238320520402
7376,59,4.6,326.2,321.59999999999997,337.6,0,50-99,11.400000000000034,0.9526066350710899
7380,44,4.6,202.6,198.0,205.8,1,20-49,3.200000000000017,0.9620991253644314
7386,74,25.4,325.2,299.8,326.4,0,50-99,1.1999999999999886,0.9185049019607844
7387,52,6.2,291.4,285.2,323.6,0,50-99,32.200000000000045,0.8813349814585908
7393,43,6.4,202.4,196.0,205.6,1,20-49,3.1999999999999886,0.953307392996109
7400,107,26.8,317.0,290.2,321.6,0,100-199,4.600000000000023,0.9023631840796019
7427,38,6.4,188.6,182.2,189.0,1,20-49,0.4000000000000057,0.964021164021164
7435,71,10.6,335.8,325.2,338.6,0,50-99,2.8000000000000114,0.9604252805670407
7440,122,4.8,332.4,327.59999999999997,336.2,0,100-199,3.8000000000000114,0.97441998810232
7448,10,0.0,118.4,118.4,121.8,0,10-19,3.3999999999999915,0.9720853858784894
7459,92,7.6,335.8,328.2,336.6,0,50-99,0.8000000000000114,0.9750445632798573
7481,19,2.4,197.2,194.79999999999998,229.6,0,10-19,32.400000000000006,0.8484320557491288
7483,86,4.2,296.0,291.8,296.6,0,50-99,0.6000000000000227,0.9838165879973028
7484,26,4.8,216.4,211.6,218.2,0,20-49,1.799999999999983,0.9697525206232814
7487,28,23.4,252.4,229.0,255.4,0,20-49,3.0,0.8966327329678935
7488,8,12.6,128.0,115.4,132.2,0,5-9,4.199999999999989,0.8729198184568836
7504,24,1.4,131.8,130.4,137.6,0,20-49,5.799999999999983,0.9476744186046513
7514,45,4.8,328.2,323.4,330.2,0,20-49,2.0,0.9794064203513022
7519,76,19.8,342.4,322.59999999999997,342.8,0,50-99,0.4000000000000341,0.9410735122520418
7528,58,2.6,338.8,336.2,340.0,0,50-99,1.1999999999999886,0.9888235294117647
7530,114,5.4,300.6,295.20000000000005,304.0,0,100-199,3.3999999999999773,0.9710526315789475
7538,60,8.0,333.2,325.2,334.2,0,50-99,1.0,0.9730700179533214
7542,63,5.6,321.0,315.4,321.2,0,50-99,0.19999999999998863,0.9819427148194271
7559,102,4.8,332.4,327.59999999999997,333.2,0,100-199,0.8000000000000114,0.9831932773109243
7568,103,3.8,293.8,290.0,299.4,0,100-199,5.599999999999966,0.9686038744154978
7571,30,0.0,274.4,274.4,274.6,0,20-49,0.20000000000004547,0.9992716678805533
7574,113,2.4,326.4,324.0,327.4,0,100-199,1.0,0.9896151496640196
7579,77,0.4,288.6,288.20000000000005,291.2,0,50-99,2.599999999999966,0.9896978021978023
7585,53,8.0,287.0,279.0,289.4,0,50-99,2.3999999999999773,0.964063579820318
7594,28,5.4,135.0,129.6,145.4,0,20-49,10.400000000000006,0.8913342503438789
7598,18,2.4,173.6,171.2,179.0,0,10-19,5.400000000000006,0.9564245810055866
7601,41,4.8,323.0,318.2,328.8,0,20-49,5.800000000000011,0.9677615571776155
7603,62,1.2,314.8,313.6,320.8,0,50-99,6.0,0.9775561097256859
7607,85,22.4,330.6,308.20000000000005,331.2,0,50-99,0.5999999999999659,0.9305555555555557
7609,16,10.6,124.6,114.0,125.4,0,10-19,0.8000000000000114,0.9090909090909091
7612,39,15.2,320.6,305.40000000000003,323.6,0,20-49,3.0,0.9437577255871447
7621,24,0.0,115.6,115.6,133.4,0,20-49,17.80000000000001,0.8665667166416791
7626,40,5.6,213.6,208.0,214.4,0,20-49,0.8000000000000114,0.9701492537313433
7630,50,1.4,226.6,225.2,231.8,0,50-99,5.200000000000017,0.9715271786022432
7637,53,0.0,314.8,314.8,315.0,0,50-99,0.19999999999998863,0.9993650793650795
7644,64,7.4,321.6,314.20000000000005,322.6,0,50-99,1.0,0.9739615623062617
7647,21,5.4,119.6,114.19999999999999,125.0,0,20-49,5.400000000000006,0.9135999999999999
7649,66,10.0,319.0,309.0,319.2,0,50-99,0.19999999999998863,0.9680451127819549
7656,19,60.6,139.8,79.20000000000002,140.2,0,10-19,0.39999999999997726,0.5649072753209702
7680,25,9.4,142.6,133.2,143.8,0,20-49,1.200000000000017,0.9262865090403336
7688,23,5.8,127.4,121.60000000000001,132.0,0,20-49,4.599999999999994,0.9212121212121213
7693,25,5.0,131.8,126.80000000000001,138.2,0,20-49,6.399999999999977,0.9175108538350218
7694,80,7.2,326.6,319.40000000000003,326.8,0,50-99,0.19999999999998863,0.9773561811505509
7699,10,8.0,133.2,125.19999999999999,136.4,0,10-19,3.200000000000017,0.9178885630498532
7703,22,9.6,113.0,103.4,115.0,1,20-49,2.0,0.8991304347826088
7707,34,9.4,205.4,196.0,210.2,0,20-49,4.799999999999983,0.9324452901998097
7710,36,8.8,197.8,189.0,202.4,0,20-49,4.599999999999994,0.933794466403162
7719,11,18.4,127.6,109.19999999999999,137.4,0,10-19,9.800000000000011,0.7947598253275108
7722,82,1.8,325.0,323.2,326.4,0,50-99,1.3999999999999773,0.9901960784313726
7726,28,0.0,129.4,129.4,134.2,0,20-49,4.799999999999983,0.9642324888226529
7728,71,10.8,336.4,325.59999999999997,340.2,0,50-99,3.8000000000000114,0.9570840681951792
7736,32,15.0,277.8,262.8,278.4,0,20-49,0.5999999999999659,0.9439655172413794
7740,42,4.8,206.2,201.39999999999998,209.4,1,20-49,3.200000000000017,0.9617956064947467
7743,98,7.4,316.2,308.8,328.6,0,50-99,12.400000000000034,0.9397443700547778
7745,57,4.8,287.8,283.0,297.0,0,50-99,9.199999999999989,0.9528619528619529
7748,10,8.8,141.8,133.0,144.2,0,10-19,2.3999999999999773,0.9223300970873787
7750,91,13.2,321.6,308.40000000000003,323.2,0,50-99,1.599999999999966,0.9542079207920794
7751,95,1.2,337.2,336.0,337.4,0,50-99,0.19999999999998863,0.995850622406639
7756,36,14.8,304.4,289.59999999999997,306.0,0,20-49,1.6000000000000227,0.9464052287581698
7768,87,8.4,326.0,317.6,327.4,0,50-99,1.3999999999999773,0.9700671960904094
7777,55,5.8,277.4,271.59999999999997,277.8,0,50-99,0.4000000000000341,0.9776817854571632
7781,39,4.2,208.2,204.0,208.8,1,20-49,0.6000000000000227,0.9770114942528735
7784,11,46.4,138.6,92.19999999999999,145.8,0,10-19,7.200000000000017,0.6323731138545952
7785,87,0.0,294.2,294.2,299.8,0,50-99,5.600000000000023,0.9813208805870579
7794,45,20.2,307.8,287.6,310.4,0,20-49,2.599999999999966,0.9265463917525775
7803,17,16.0,180.6,164.6,182.0,0,10-19,1.4000000000000057,0.9043956043956044
7820,70,10.0,334.8,324.8,335.8,0,50-99,1.0,0.9672424061941632
7824,26,1.4,143.2,141.79999999999998,144.0,0,20-49,0.8000000000000114,0.984722222222222
7831,77,0.0,294.2,294.2,295.0,0,50-99,0.8000000000000114,0.9972881355932203
7854,107,4.8,281.8,277.0,283.2,1,100-199,1.3999999999999773,0.9781073446327684
7861,41,5.4,327.6,322.20000000000005,331.8,0,20-49,4.199999999999989,0.9710669077757687
7862,87,5.2,340.0,334.8,341.4,0,50-99,1.3999999999999773,0.9806678383128297
7864,46,8.4,312.0,303.6,315.0,0,20-49,3.0,0.9638095238095239
7865,46,9.0,307.2,298.2,307.6,0,20-49,0.4000000000000341,0.9694408322496748
7869,57,1.6,248.2,246.6,250.8,1,50-99,2.6000000000000227,0.9832535885167464
7883,58,0.8,299.6,298.8,300.6,0,50-99,1.0,0.9940119760479041
7888,80,7.6,331.2,323.59999999999997,332.2,0,50-99,1.0,0.9741119807344972
7891,67,1.2,177.8,176.60000000000002,178.6,1,50-99,0.799999999999983,0.988801791713326
7917,64,9.2,287.6,278.40000000000003,292.4,0,50-99,4.7999999999999545,0.9521203830369359
7932,7,2.0,129.6,127.6,146.2,0,5-9,16.599999999999994,0.8727770177838577
7942,75,13.4,327.2,313.8,332.4,0,50-99,5.199999999999989,0.9440433212996391
7943,79,2.4,322.0,319.6,323.8,0,50-99,1.8000000000000114,0.9870290302655961
7945,63,0.6,320.6,320.0,323.4,0,50-99,2.7999999999999545,0.9894867037724181
7963,80,5.4,334.0,328.6,337.6,0,50-99,3.6000000000000227,0.9733412322274881
7969,67,12.2,277.0,264.8,278.6,0,50-99,1.6000000000000227,0.9504666188083273
7991,65,4.6,305.4,300.79999999999995,305.6,0,50-99,0.20000000000004547,0.9842931937172773
7995,90,5.4,327.4,322.0,327.6,0,50-99,0.20000000000004547,0.9829059829059829
8000,67,4.2,334.8,330.6,335.2,0,50-99,0.39999999999997726,0.9862768496420049
8007,83,12.0,324.4,312.4,326.2,0,50-99,1.8000000000000114,0.9576946658491723
8011,81,1.0,326.2,325.2,328.8,0,50-99,2.6000000000000227,0.9890510948905109
8026,72,5.0,311.8,306.8,313.8,0,50-99,2.0,0.9776927979604844
8040,16,17.2,143.4,126.2,143.8,0,10-19,0.4000000000000057,0.8776077885952711
8046,83,0.2,329.6,329.40000000000003,330.4,0,50-99,0.7999999999999545,0.9969733656174335
8052,48,4.8,216.8,212.0,218.6,1,20-49,1.799999999999983,0.9698078682525161
8067,96,10.8,309.4,298.59999999999997,310.6,0,50-99,1.2000000000000455,0.9613650998068253
8072,75,1.4,321.0,319.6,323.2,0,50-99,2.1999999999999886,0.988861386138614
8094,77,14.4,334.8,320.40000000000003,335.2,0,50-99,0.39999999999997726,0.9558472553699285
8096,75,11.0,322.0,311.0,326.4,0,50-99,4.399999999999977,0.9528186274509804
8100,24,0.0,144.6,144.6,144.8,0,20-49,0.20000000000001705,0.9986187845303867
8104,60,2.2,320.2,318.0,323.6,0,50-99,3.400000000000034,0.9826946847960444
8125,20,4.8,139.8,135.0,140.0,0,20-49,0.19999999999998863,0.9642857142857143
8129,62,1.0,321.6,320.6,323.4,0,50-99,1.7999999999999545,0.9913419913419915
8132,64,30.6,294.2,263.59999999999997,297.8,0,50-99,3.6000000000000227,0.8851578240429817
8133,34,5.4,158.0,152.6,162.4,1,20-49,4.400000000000006,0.939655172413793
8140,25,11.6,126.8,115.2,127.0,0,20-49,0.20000000000000284,0.9070866141732283
8145,20,12.6,304.0,291.4,306.6,0,20-49,2.6000000000000227,0.9504240052185257
8149,58,4.8,294.8,290.0,295.4,0,50-99,0.5999999999999659,0.9817197020988491
8170,10,8.2,132.2,123.99999999999999,133.8,0,10-19,1.6000000000000227,0.9267563527653212
8171,75,4.8,297.8,293.0,298.0,0,50-99,0.19999999999998863,0.9832214765100671
8173,34,15.4,173.0,157.6,173.8,0,20-49,0.8000000000000114,0.9067894131185269
8182,84,1.0,289.6,288.6,291.0,0,50-99,1.3999999999999773,0.9917525773195877
8184,20,4.6,299.8,295.2,307.6,0,20-49,7.800000000000011,0.9596879063719115
8185,44,2.2,284.2,282.0,284.4,0,20-49,0.19999999999998863,0.9915611814345993
8191,22,0.2,247.6,247.4,249.2,0,20-49,1.5999999999999943,0.9927768860353131
8196,18,13.8,308.4,294.59999999999997,327.6,0,10-19,19.200000000000045,0.8992673992673991
8200,29,13.0,287.2,274.2,289.0,0,20-49,1.8000000000000114,0.9487889273356401
8209,24,21.6,139.0,117.4,140.6,0,20-49,1.5999999999999943,0.8349928876244667
8213,64,1.8,284.4,282.59999999999997,286.6,0,50-99,2.2000000000000455,0.9860432658757848
8214,33,12.2,203.4,191.20000000000002,207.8,0,20-49,4.400000000000006,0.9201154956689125
8219,36,2.2,317.4,315.2,317.8,0,20-49,0.4000000000000341,0.9918187539332913
8222,45,4.6,160.8,156.20000000000002,161.0,0,20-49,0.19999999999998863,0.9701863354037268
8223,75,2.6,290.0,287.4,293.8,0,50-99,3.8000000000000114,0.978216473791695
8224,23,10.4,121.8,111.39999999999999,125.8,0,20-49,4.0,0.8855325914149443
8228,41,0.8,305.8,305.0,307.0,0,20-49,1.1999999999999886,0.993485342019544
8243,73,5.8,321.6,315.8,322.4,0,50-99,0.7999999999999545,0.979528535980149
8254,64,3.8,322.0,318.2,326.2,0,50-99,4.199999999999989,0.9754751686082158
8260,11,1.8,139.2,137.39999999999998,143.0,0,10-19,3.8000000000000114,0.9608391608391607
8268,73,5.4,314.6,309.20000000000005,316.0,0,50-99,1.3999999999999773,0.978481012658228
8283,23,11.6,284.6,273.0,308.2,0,20-49,23.599999999999966,0.8857884490590526
8284,60,4.0,313.6,309.6,317.6,0,50-99,4.0,0.9748110831234257
8287,36,14.2,294.4,280.2,294.6,0,20-49,0.20000000000004547,0.9511201629327901
8303,14,24.0,158.0,134.0,158.2,0,10-19,0.19999999999998863,0.8470290771175728
8314,83,3.2,310.0,306.8,312.2,0,50-99,2.1999999999999886,0.9827033952594492
8316,76,3.4,329.8,326.40000000000003,331.0,0,50-99,1.1999999999999886,0.9861027190332328
8328,28,11.2,316.2,305.0,319.6,0,20-49,3.400000000000034,0.9543178973717146
8330,26,1.2,142.6,141.4,143.4,0,20-49,0.8000000000000114,0.9860529986052998
8332,23,0.0,248.8,248.8,289.8,0,20-49,41.0,0.8585231193926847
8339,13,0.0,142.8,142.8,145.0,0,10-19,2.1999999999999886,0.9848275862068966
8351,36,58.0,228.0,170.0,232.4,0,20-49,4.400000000000006,0.7314974182444062
8366,6,17.0,155.6,138.6,155.8,0,5-9,0.20000000000001705,0.8896020539152759
8367,12,6.4,136.2,129.79999999999998,152.8,0,10-19,16.600000000000023,0.8494764397905757
8377,62,2.0,319.8,317.8,320.8,0,50-99,1.0,0.9906483790523691
8380,44,2.6,294.0,291.4,300.0,0,20-49,6.0,0.9713333333333333
8386,105,3.4,308.0,304.6,310.2,0,100-199,2.1999999999999886,0.9819471308833012
8390,57,17.4,282.8,265.40000000000003,312.8,0,50-99,30.0,0.8484654731457801
8396,11,24.0,125.2,101.2,134.8,0,10-19,9.600000000000009,0.7507418397626112
8400,8,30.8,144.4,113.60000000000001,145.4,0,5-9,1.0,0.7812929848693261
8422,10,10.6,95.2,84.60000000000001,98.6,1,10-19,3.3999999999999915,0.8580121703853957
8426,53,4.6,245.0,240.4,284.6,0,50-99,39.60000000000002,0.8446943078004217
8427,62,5.4,301.6,296.20000000000005,302.0,0,50-99,0.39999999999997726,0.9807947019867551
8437,15,27.2,145.4,118.2,146.0,0,10-19,0.5999999999999943,0.8095890410958905
8449,90,9.8,303.4,293.59999999999997,305.4,0,50-99,2.0,0.9613621480026194
8461,61,2.6,321.8,319.2,323.4,0,50-99,1.599999999999966,0.987012987012987
8486,86,19.8,319.0,299.2,319.6,0,50-99,0.6000000000000227,0.9361702127659574
8494,62,7.0,287.0,280.0,311.2,0,50-99,24.19999999999999,0.8997429305912596
8503,73,4.8,319.8,315.0,321.8,0,50-99,2.0,0.9788688626476072
8517,45,0.8,254.2,253.39999999999998,256.2,0,20-49,2.0,0.9890710382513661
8519,14,20.2,200.8,180.60000000000002,204.6,0,10-19,3.799999999999983,0.8826979472140764
8520,84,3.4,311.2,307.8,314.2,0,50-99,3.0,0.9796308084022916
8521,53,0.6,301.2,300.59999999999997,319.0,0,50-99,17.80000000000001,0.9423197492163008
8524,69,2.0,320.2,318.2,321.2,0,50-99,1.0,0.9906600249066002
8532,26,0.4,249.2,248.79999999999998,252.2,0,20-49,3.0,0.986518636003172
8534,25,10.0,296.8,286.8,301.6,0,20-49,4.800000000000011,0.9509283819628647
8554,42,12.8,213.0,200.2,219.2,0,20-49,6.199999999999989,0.9133211678832117
8559,23,19.4,131.6,112.19999999999999,138.6,0,20-49,7.0,0.8095238095238094
8573,48,1.4,238.6,237.2,244.2,0,20-49,5.599999999999994,0.9713349713349714
8579,60,6.6,300.6,294.0,303.2,0,50-99,2.599999999999966,0.9696569920844328
8589,71,27.0,308.8,281.8,310.6,0,50-99,1.8000000000000114,0.9072762395363811
8607,13,16.2,195.4,179.20000000000002,215.8,0,10-19,20.400000000000006,0.8303985171455052
8610,39,18.6,309.4,290.79999999999995,310.0,0,20-49,0.6000000000000227,0.9380645161290321
8630,47,0.0,243.6,243.6,246.0,0,20-49,2.4000000000000057,0.9902439024390244
8634,28,7.2,181.8,174.60000000000002,183.6,0,20-49,1.799999999999983,0.9509803921568629
8636,86,3.8,323.0,319.2,323.2,0,50-99,0.19999999999998863,0.9876237623762376
8640,36,0.4,175.0,174.6,178.6,0,20-49,3.5999999999999943,0.9776035834266518
8660,78,0.8,320.2,319.4,320.6,0,50-99,0.4000000000000341,0.9962570180910791
8663,80,8.2,288.0,279.8,294.8,0,50-99,6.800000000000011,0.9491180461329715
8665,72,1.2,313.4,312.2,317.6,0,50-99,4.2000000000000455,0.9829974811083122
8682,18,44.6,121.8,77.19999999999999,123.2,0,10-19,1.4000000000000057,0.6266233766233765
8688,72,0.2,315.0,314.8,317.0,0,50-99,2.0,0.9930599369085173
8689,72,1.4,297.0,295.6,298.4,0,50-99,1.3999999999999773,0.9906166219839143
8692,58,1.2,306.2,305.0,309.8,0,50-99,3.6000000000000227,0.9845061329890251
8698,8,29.6,116.6,87.0,141.0,0,5-9,24.400000000000006,0.6170212765957447
8700,20,10.8,220.2,209.39999999999998,237.4,0,20-49,17.200000000000017,0.8820556023588878
8708,112,4.8,310.6,305.8,311.6,0,100-199,1.0,0.9813863928112965
8710,41,3.6,285.0,281.4,286.2,0,20-49,1.1999999999999886,0.9832285115303983
8736,57,4.8,253.2,248.39999999999998,260.8,0,50-99,7.600000000000023,0.9524539877300612
8740,52,24.8,285.8,261.0,287.8,0,50-99,2.0,0.9068797776233495
8742,25,36.0,261.8,225.8,263.6,0,20-49,1.8000000000000114,0.8566009104704096
8744,23,21.2,135.4,114.2,135.8,0,20-49,0.4000000000000057,0.840942562592047
8745,109,18.4,296.4,278.0,299.8,0,100-199,3.400000000000034,0.9272848565710473
8747,47,3.8,317.8,314.0,320.8,0,20-49,3.0,0.9788029925187032
8748,17,0.8,216.6,215.79999999999998,240.8,0,10-19,24.200000000000017,0.8961794019933553
8750,45,4.6,155.6,151.0,157.6,1,20-49,2.0,0.9581218274111676
8805,16,10.0,213.4,203.4,213.6,0,10-19,0.19999999999998863,0.952247191011236
8806,71,5.0,293.2,288.2,294.0,0,50-99,0.8000000000000114,0.9802721088435373
8811,22,15.0,257.4,242.39999999999998,294.0,0,20-49,36.60000000000002,0.8244897959183672
8816,93,9.0,300.4,291.4,305.4,0,50-99,5.0,0.954158480681074
8820,50,0.4,253.2,252.79999999999998,258.8,1,50-99,5.600000000000023,0.9768160741885625
8823,51,2.6,240.6,238.0,245.2,0,50-99,4.599999999999994,0.9706362153344209
8830,81,15.4,292.6,277.20000000000005,292.8,0,50-99,0.19999999999998863,0.9467213114754099
8831,35,0.0,300.2,300.2,301.4,0,20-49,1.1999999999999886,0.9960185799601858
8833,65,0.0,266.2,266.2,266.4,0,50-99,0.19999999999998863,0.9992492492492493
8836,59,0.4,289.4,289.0,297.4,0,50-99,8.0,0.9717552118359113
8837,62,6.8,306.2,299.4,309.8,0,50-99,3.6000000000000227,0.9664299548095544
8841,59,4.6,198.0,193.4,200.8,1,50-99,2.8000000000000114,0.9631474103585657
8846,41,3.8,293.0,289.2,294.4,0,20-49,1.3999999999999773,0.9823369565217391
8850,33,9.0,283.6,274.6,307.4,0,20-49,23.799999999999955,0.893298633702017
8853,66,6.2,284.4,278.2,291.2,0,50-99,6.800000000000011,0.9553571428571429
8857,61,5.4,273.4,268.0,277.2,0,50-99,3.8000000000000114,0.9668109668109669
8866,9,11.4,130.8,119.4,132.8,1,5-9,2.0,0.8990963855421686
8868,36,7.6,248.0,240.4,248.4,0,20-49,0.4000000000000057,0.9677938808373591
8870,19,0.0,146.4,146.4,146.6,0,10-19,0.19999999999998863,0.9986357435197818
8878,62,6.6,290.8,284.2,309.0,0,50-99,18.19999999999999,0.9197411003236245
8882,5,6.0,43.8,37.8,148.8,0,5-9,105.00000000000001,0.25403225806451607
8884,10,35.0,234.8,199.8,265.6,0,10-19,30.80000000000001,0.7522590361445783
8886,79,9.0,307.2,298.2,307.4,0,50-99,0.19999999999998863,0.9700715679895902
8892,63,7.6,270.8,263.2,273.2,0,50-99,2.3999999999999773,0.9633967789165446
8906,86,9.6,294.4,284.79999999999995,298.8,0,50-99,4.400000000000034,0.9531459170013385
8917,58,14.8,259.0,244.2,259.8,1,50-99,0.8000000000000114,0.9399538106235565
8924,40,4.8,289.4,284.59999999999997,293.4,0,20-49,4.0,0.9700068166325835
8925,96,4.0,290.8,286.8,294.2,1,50-99,3.3999999999999773,0.9748470428280083
8942,72,5.8,287.6,281.8,289.8,0,50-99,2.1999999999999886,0.9723947550034506
8944,74,5.8,296.6,290.8,301.4,0,50-99,4.7999999999999545,0.964830789648308
8951,72,0.0,302.8,302.8,306.4,0,50-99,3.599999999999966,0.9882506527415145
8960,71,6.6,294.6,288.0,300.8,0,50-99,6.199999999999989,0.9574468085106382
8966,105,4.0,274.4,270.4,276.0,0,100-199,1.6000000000000227,0.9797101449275362
8967,83,0.2,235.4,235.20000000000002,241.2,0,50-99,5.799999999999983,0.9751243781094528
8969,109,0.0,291.2,291.2,291.4,0,100-199,0.19999999999998863,0.9993136582017845
8973,21,4.8,99.4,94.60000000000001,103.6,1,20-49,4.199999999999989,0.9131274131274133
8976,100,5.0,294.0,289.0,297.4,0,100-199,3.3999999999999773,0.9717552118359113
8980,62,5.4,299.0,293.6,301.0,0,50-99,2.0,0.9754152823920267
8982,64,10.8,287.0,276.2,292.6,0,50-99,5.600000000000023,0.9439507860560491
8983,22,6.2,188.2,182.0,218.0,0,20-49,29.80000000000001,0.8348623853211009
8990,57,4.8,292.2,287.4,293.8,0,50-99,1.6000000000000227,0.978216473791695
8992,17,0.0,290.2,290.2,295.2,0,10-19,5.0,0.9830623306233063
9005,69,12.0,289.6,277.6,289.8,0,50-99,0.19999999999998863,0.9579020013802623
9014,41,0.0,281.4,281.4,282.2,0,20-49,0.8000000000000114,0.997165131112686
9017,37,0.0,243.4,243.4,243.8,0,20-49,0.4000000000000057,0.9983593109105824
9024,23,4.6,92.4,87.80000000000001,95.2,1,20-49,2.799999999999997,0.9222689075630253
9032,89,0.8,198.8,198.0,200.0,0,50-99,1.1999999999999886,0.99
9035,52,17.4,278.8,261.40000000000003,289.6,0,50-99,10.800000000000011,0.9026243093922652
9040,41,4.6,279.6,275.0,280.0,0,20-49,0.39999999999997726,0.9821428571428571
9047,87,0.0,291.4,291.4,292.4,0,50-99,1.0,0.9965800273597811
9048,12,9.8,147.0,137.2,160.2,0,10-19,13.199999999999989,0.8564294631710362
9049,55,0.0,268.2,268.2,271.0,0,50-99,2.8000000000000114,0.9896678966789667
9054,25,54.0,270.8,216.8,274.4,0,20-49,3.599999999999966,0.7900874635568514
9055,72,5.6,299.2,293.59999999999997,300.6,0,50-99,1.400000000000034,0.9767132401862939
9058,20,14.0,198.6,184.6,230.4,0,20-49,31.80000000000001,0.8012152777777777
9061,84,4.2,254.8,250.60000000000002,290.0,0,50-99,35.19999999999999,0.8641379310344829
9066,91,4.8,271.6,266.8,291.2,0,50-99,19.599999999999966,0.9162087912087913
9067,83,0.0,279.2,279.2,280.6,0,50-99,1.400000000000034,0.9950106913756236
9068,54,3.8,291.2,287.4,291.4,0,50-99,0.19999999999998863,0.9862731640356898
9071,39,19.4,211.6,192.2,214.4,0,20-49,2.8000000000000114,0.896455223880597
9097,27,6.2,199.8,193.60000000000002,211.2,0,20-49,11.399999999999977,0.9166666666666669
9098,76,0.2,282.4,282.2,282.6,0,50-99,0.20000000000004547,0.9985845718329793
9099,29,4.4,182.6,178.2,205.6,0,20-49,23.0,0.8667315175097275
9110,54,0.0,246.8,246.8,249.2,0,50-99,2.3999999999999773,0.9903691813804174
9112,51,5.0,255.8,250.8,261.2,0,50-99,5.399999999999977,0.9601837672281778
9122,38,3.2,223.4,220.20000000000002,224.6,0,20-49,1.1999999999999886,0.9804096170970615
9128,63,4.2,279.2,275.0,279.4,0,50-99,0.19999999999998863,0.984251968503937
9132,49,3.4,276.0,272.6,280.6,1,20-49,4.600000000000023,0.9714896650035638
9138,16,3.4,76.8,73.39999999999999,79.2,1,10-19,2.4000000000000057,0.9267676767676766
9140,69,7.2,280.0,272.8,282.6,0,50-99,2.6000000000000227,0.9653220099079971
9142,76,0.4,294.2,293.8,295.0,0,50-99,0.8000000000000114,0.9959322033898306
9144,50,0.0,263.2,263.2,283.6,0,50-99,20.400000000000034,0.928067700987306
9161,8,4.2,254.6,250.4,255.6,0,5-9,1.0,0.9796557120500783
9169,10,0.0,124.4,124.4,148.4,0,10-19,24.0,0.8382749326145552
9172,59,3.0,281.6,278.6,284.4,0,50-99,2.7999999999999545,0.9796061884669481
9180,83,9.8,296.0,286.2,298.2,0,50-99,2.1999999999999886,0.959758551307847
9181,16,12.6,239.8,227.20000000000002,291.2,0,10-19,51.39999999999998,0.7802197802197803
9198,61,4.0,290.0,286.0,290.6,0,50-99,0.6000000000000227,0.9841706813489332
9203,38,6.4,192.6,186.2,198.6,0,20-49,6.0,0.9375629405840886
9204,25,3.6,193.2,189.6,194.0,1,20-49,0.8000000000000114,0.977319587628866
9216,18,0.0,141.4,141.4,141.8,0,10-19,0.4000000000000057,0.997179125528914
9221,49,1.6,292.6,291.0,296.6,0,20-49,4.0,0.9811193526635198
9223,32,6.6,191.8,185.20000000000002,192.0,0,20-49,0.19999999999998863,0.9645833333333335
9228,32,4.0,138.0,134.0,143.2,0,20-49,5.199999999999989,0.9357541899441342
9233,24,17.4,178.2,160.79999999999998,192.8,0,20-49,14.600000000000023,0.83402489626556
9241,63,4.2,280.0,275.8,281.0,1,50-99,1.0,0.9814946619217082
9242,68,14.8,286.6,271.8,286.8,0,50-99,0.19999999999998863,0.9476987447698745
9250,60,2.4,296.4,294.0,296.8,0,50-99,0.4000000000000341,0.9905660377358491
9252,38,0.0,285.0,285.0,288.0,0,20-49,3.0,0.9895833333333334
9254,56,0.6,290.0,289.4,293.2,0,50-99,3.1999999999999886,0.9870395634379263
9276,23,0.0,145.2,145.2,218.6,0,20-49,73.4,0.6642268984446478
9277,57,7.6,246.6,239.0,284.8,0,50-99,38.20000000000002,0.8391853932584269
9284,36,5.6,216.6,211.0,217.0,0,20-49,0.4000000000000057,0.9723502304147466
9293,24,0.0,255.0,255.0,263.4,0,20-49,8.399999999999977,0.9681093394077449
9303,68,5.0,291.4,286.4,292.6,0,50-99,1.2000000000000455,0.9788106630211891
9305,27,5.0,132.0,127.0,134.6,0,20-49,2.5999999999999943,0.9435364041604756
9309,48,3.0,236.2,233.2,238.2,0,20-49,2.0,0.979009235936188
9311,39,5.6,167.0,161.4,175.6,0,20-49,8.599999999999994,0.9191343963553531
9316,23,12.2,141.6,129.4,145.6,0,20-49,4.0,0.8887362637362638
9319,67,0.0,282.8,282.8,287.0,0,50-99,4.199999999999989,0.9853658536585366
9337,62,4.8,277.8,273.0,282.0,0,50-99,4.199999999999989,0.9680851063829787
9354,73,5.0,299.4,294.4,300.2,0,50-99,0.8000000000000114,0.9806795469686875
9362,77,4.8,280.6,275.8,281.6,0,50-99,1.0,0.9794034090909091
9372,51,0.0,211.4,211.4,218.4,0,50-99,7.0,0.967948717948718
9373,65,0.0,279.4,279.4,282.0,0,50-99,2.6000000000000227,0.9907801418439716
9386,39,6.0,168.2,162.2,169.2,0,20-49,1.0,0.958628841607565
9388,46,6.0,251.8,245.8,272.8,0,20-49,21.0,0.9010263929618768
9393,65,5.2,280.2,275.0,282.2,0,50-99,2.0,0.9744861800141744
9394,62,6.4,295.0,288.6,296.2,0,50-99,1.1999999999999886,0.9743416610398381
9402,27,5.0,142.0,137.0,143.8,0,20-49,1.8000000000000114,0.952712100139082
9418,67,5.4,284.0,278.6,285.2,0,50-99,1.1999999999999886,0.976858345021038
9427,50,6.6,261.4,254.79999999999998,261.8,0,50-99,0.4000000000000341,0.9732620320855614
9453,78,2.4,277.8,275.40000000000003,283.8,0,50-99,6.0,0.970401691331924
9459,41,4.2,268.0,263.8,274.6,0,20-49,6.600000000000023,0.9606700655498908
9471,18,3.0,112.2,109.2,112.4,1,10-19,0.20000000000000284,0.9715302491103203
9473,11,0.2,140.8,140.60000000000002,147.0,0,10-19,6.199999999999989,0.9564625850340137
9476,53,0.0,233.4,233.4,233.6,0,50-99,0.19999999999998863,0.9991438356164384
9488,28,4.2,138.6,134.4,140.6,0,20-49,2.0,0.9559032716927455
9491,38,0.0,245.8,245.8,271.0,0,20-49,25.19999999999999,0.9070110701107011
9495,25,13.2,133.4,120.2,138.4,1,20-49,5.0,0.8684971098265896
9500,34,16.6,235.4,218.8,242.6,0,20-49,7.199999999999989,0.901896125309151
9525,30,1.4,278.2,276.8,278.8,0,20-49,0.6000000000000227,0.9928263988522238
9543,42,2.0,211.8,209.8,216.8,0,20-49,5.0,0.9677121771217713
9559,19,0.0,250.2,250.2,270.2,0,10-19,20.0,0.9259807549962991
9571,76,4.6,273.2,268.59999999999997,275.0,0,50-99,1.8000000000000114,0.9767272727272726
9609,22,5.8,266.2,260.4,268.8,0,20-49,2.6000000000000227,0.9687499999999999
9615,33,6.2,261.8,255.60000000000002,262.6,0,20-49,0.8000000000000114,0.9733434881949733
9622,16,20.4,120.0,99.6,122.6,0,10-19,2.5999999999999943,0.8123980424143556
9644,44,4.6,218.6,214.0,221.8,0,20-49,3.200000000000017,0.9648331830477908
9648,61,6.8,232.8,226.0,235.0,1,50-99,2.1999999999999886,0.9617021276595744
9663,56,0.2,201.0,200.8,202.6,0,50-99,1.5999999999999943,0.9911154985192498
9664,47,0.0,162.2,162.2,165.4,0,20-49,3.200000000000017,0.9806529625151148
9666,35,1.8,271.0,269.2,271.6,0,20-49,0.6000000000000227,0.9911634756995581
9694,17,6.2,215.4,209.20000000000002,215.6,0,10-19,0.19999999999998863,0.9703153988868276
9696,26,7.4,136.0,128.6,138.6,0,20-49,2.5999999999999943,0.9278499278499278
9698,5,14.6,92.6,78.0,128.6,0,5-9,36.0,0.6065318818040436
9700,60,0.6,267.0,266.4,270.2,0,50-99,3.1999999999999886,0.9859363434492968
9704,56,3.8,243.8,240.0,244.2,0,50-99,0.39999999999997726,0.9828009828009828
9726,52,26.8,256.0,229.2,256.8,0,50-99,0.8000000000000114,0.8925233644859812
9728,49,13.8,265.2,251.39999999999998,265.8,0,20-49,0.6000000000000227,0.9458239277652369
9731,45,5.0,236.6,231.6,239.4,0,20-49,2.8000000000000114,0.9674185463659147
9737,32,4.4,139.0,134.6,140.6,0,20-49,1.5999999999999943,0.957325746799431
9738,30,16.0,268.0,252.0,268.2,0,20-49,0.19999999999998863,0.9395973154362417
9741,14,4.6,149.8,145.20000000000002,164.6,0,10-19,14.799999999999983,0.8821385176184692
9747,40,22.0,255.0,233.0,268.4,0,20-49,13.399999999999977,0.8681073025335321
9748,33,9.4,180.4,171.0,186.8,1,20-49,6.400000000000006,0.9154175588865096
9754,77,6.8,270.0,263.2,272.2,0,50-99,2.1999999999999886,0.9669360764144012
9759,39,8.2,263.8,255.60000000000002,269.4,0,20-49,5.599999999999966,0.9487750556792874
9763,68,2.6,267.0,264.4,267.2,0,50-99,0.19999999999998863,0.9895209580838323
9774,34,4.2,185.2,181.0,259.0,0,20-49,73.80000000000001,0.6988416988416989
9778,61,4.8,273.6,268.8,273.8,0,50-99,0.19999999999998863,0.9817384952520087
9785,43,4.8,163.0,158.2,163.2,0,20-49,0.19999999999998863,0.9693627450980392
9793,61,0.0,265.6,265.6,265.8,0,50-99,0.19999999999998863,0.999247554552295
9795,69,0.6,276.2,275.59999999999997,277.0,0,50-99,0.8000000000000114,0.9949458483754512
9797,12,17.0,139.8,122.80000000000001,140.8,0,10-19,1.0,0.8721590909090909
9798,40,2.4,208.0,205.6,209.6,0,20-49,1.5999999999999943,0.9809160305343512
9802,41,5.0,213.0,208.0,213.2,0,20-49,0.19999999999998863,0.9756097560975611
9803,26,18.8,213.8,195.0,220.4,0,20-49,6.599999999999994,0.8847549909255898
9812,67,5.0,271.2,266.2,271.8,0,50-99,0.6000000000000227,0.9793966151582045
9819,23,0.0,207.0,207.0,207.2,0,20-49,0.19999999999998863,0.9990347490347491
9822,12,0.0,166.0,166.0,187.8,0,10-19,21.80000000000001,0.8839190628328008
9827,52,0.0,199.2,199.2,200.6,1,50-99,1.4000000000000057,0.9930209371884346
9844,54,1.0,268.6,267.6,268.8,0,50-99,0.19999999999998863,0.9955357142857143
9855,46,4.2,213.4,209.20000000000002,217.0,1,20-49,3.5999999999999943,0.9640552995391706
9868,35,4.8,258.6,253.8,267.4,0,20-49,8.799999999999955,0.949139865370232
9885,31,1.0,262.2,261.2,265.8,0,20-49,3.6000000000000227,0.982693754702784
9890,28,4.4,252.8,248.4,274.2,0,20-49,21.399999999999977,0.9059080962800876
9893,9,3.0,127.6,124.6,143.0,0,5-9,15.400000000000006,0.8713286713286713
9897,79,4.4,222.2,217.79999999999998,227.0,1,50-99,4.800000000000011,0.9594713656387664
9918,27,31.0,138.6,107.6,139.0,0,20-49,0.4000000000000057,0.7741007194244603
9940,45,6.2,255.2,249.0,255.6,0,20-49,0.4000000000000057,0.9741784037558686
9945,31,2.0,123.2,121.2,123.8,1,20-49,0.5999999999999943,0.9789983844911148
9949,38,6.0,248.0,242.0,248.6,0,20-49,0.5999999999999943,0.9734513274336284
9951,38,4.8,186.8,182.0,187.4,0,20-49,0.5999999999999943,0.9711846318036286
9958,36,4.2,266.0,261.8,266.8,0,20-49,0.8000000000000114,0.9812593703148426
9960,45,5.2,261.4,256.2,263.2,0,20-49,1.8000000000000114,0.973404255319149
9969,36,5.0,194.8,189.8,197.2,0,20-49,2.3999999999999773,0.9624746450304261
9970,49,4.6,246.2,241.6,249.0,0,20-49,2.8000000000000114,0.970281124497992
9983,59,4.4,233.8,229.4,235.8,0,50-99,2.0,0.9728583545377438
9990,26,12.6,256.0,243.4,259.0,0,20-49,3.0,0.9397683397683398
9999,28,6.6,138.2,131.6,140.0,0,20-49,1.8000000000000114,0.94
10005,49,1.8,262.8,261.0,265.4,0,20-49,2.599999999999966,0.9834212509419744
10008,9,0.2,52.6,52.4,165.6,1,5-9,113.0,0.3164251207729469
10010,85,2.6,247.8,245.20000000000002,250.8,0,50-99,3.0,0.9776714513556619
10012,45,4.6,263.0,258.4,264.4,0,20-49,1.3999999999999773,0.9773071104387292
10013,54,3.8,254.2,250.39999999999998,255.4,0,50-99,1.200000000000017,0.9804228660924039
10017,79,9.2,269.6,260.40000000000003,270.0,0,50-99,0.39999999999997726,0.9644444444444445
10025,43,0.0,252.0,252.0,254.6,0,20-49,2.5999999999999943,0.9897879025923016
10031,13,8.4,143.6,135.2,144.6,0,10-19,1.0,0.9349930843706777
10064,52,4.6,227.2,222.6,229.0,0,50-99,1.8000000000000114,0.9720524017467249
10065,78,0.0,253.4,253.4,253.6,0,50-99,0.19999999999998863,0.999211356466877
10078,49,6.0,246.6,240.6,248.2,0,20-49,1.5999999999999943,0.9693795326349718
10086,66,5.8,260.4,254.59999999999997,261.8,0,50-99,1.400000000000034,0.9724980901451488
10088,29,0.0,211.2,211.2,212.0,0,20-49,0.8000000000000114,0.9962264150943396
10089,64,7.6,257.4,249.79999999999998,262.8,0,50-99,5.400000000000034,0.9505327245053271
10092,56,5.8,253.6,247.79999999999998,257.8,0,50-99,4.200000000000017,0.9612102404965088
10110,30,1.4,259.8,258.40000000000003,260.4,0,20-49,0.5999999999999659,0.9923195084485409
10116,28,44.8,177.4,132.60000000000002,178.8,0,20-49,1.4000000000000057,0.7416107382550337
10123,45,0.2,231.0,230.8,236.6,0,20-49,5.599999999999994,0.9754860524091294
10133,54,0.6,237.4,236.8,240.0,0,50-99,2.5999999999999943,0.9866666666666667
10135,13,23.8,211.2,187.39999999999998,215.8,0,10-19,4.600000000000023,0.8683966635773863
10147,15,12.6,118.0,105.4,134.8,0,10-19,16.80000000000001,0.7818991097922848
10158,20,0.0,171.6,171.6,171.8,0,20-49,0.20000000000001705,0.9988358556461
10163,73,0.0,248.8,248.8,252.6,0,50-99,3.799999999999983,0.9849564528899446
10165,60,3.0,183.0,180.0,183.4,1,50-99,0.4000000000000057,0.9814612868047983
10174,39,22.2,253.0,230.8,255.6,0,20-49,2.5999999999999943,0.9029733959311425
10177,46,4.6,224.0,219.4,225.4,0,20-49,1.4000000000000057,0.9733806566104702
10183,72,5.0,259.2,254.2,259.8,0,50-99,0.6000000000000227,0.9784449576597382
10189,70,4.4,262.6,258.20000000000005,264.0,0,50-99,1.3999999999999773,0.9780303030303032
10195,25,11.2,143.2,132.0,144.0,0,20-49,0.8000000000000114,0.9166666666666666
10205,41,24.4,213.0,188.6,217.2,0,20-49,4.199999999999989,0.8683241252302026
10210,105,0.4,187.8,187.4,236.8,0,100-199,49.0,0.7913851351351351
10218,51,4.8,160.8,156.0,162.0,1,50-99,1.1999999999999886,0.9629629629629629
10224,59,2.4,234.8,232.4,237.4,0,50-99,2.5999999999999943,0.97893850042123
10230,35,0.0,235.0,235.0,245.6,0,20-49,10.599999999999994,0.9568403908794788
10242,59,0.4,200.4,200.0,217.4,0,50-99,17.0,0.9199632014719411
10254,62,5.0,248.0,243.0,251.8,0,50-99,3.8000000000000114,0.9650516282764098
10256,40,1.0,204.4,203.4,205.6,0,20-49,1.1999999999999886,0.9892996108949417
10257,26,32.2,240.4,208.2,243.4,0,20-49,3.0,0.8553820870994248
10262,29,8.2,188.8,180.60000000000002,192.0,0,20-49,3.1999999999999886,0.9406250000000002
10264,15,15.6,227.4,211.8,228.2,0,10-19,0.799999999999983,0.9281332164767748
10272,63,16.0,271.6,255.60000000000002,272.0,0,50-99,0.39999999999997726,0.9397058823529413
10275,68,5.2,231.0,225.8,231.2,0,50-99,0.19999999999998863,0.9766435986159171
10278,88,0.0,247.8,247.8,251.4,0,50-99,3.5999999999999943,0.9856801909307876
10283,70,6.6,227.0,220.4,228.0,1,50-99,1.0,0.9666666666666667
10286,5,5.8,82.6,76.8,143.0,0,5-9,60.400000000000006,0.5370629370629371
10297,9,11.8,119.8,108.0,125.4,0,5-9,5.6000000000000085,0.8612440191387559
10301,30,0.0,154.4,154.4,156.8,1,20-49,2.4000000000000057,0.9846938775510203
10304,27,9.8,235.0,225.2,237.8,0,20-49,2.8000000000000114,0.9470142977291841
10314,61,0.2,266.8,266.6,269.2,0,50-99,2.3999999999999773,0.9903417533432394
10319,35,12.0,256.6,244.60000000000002,264.8,0,20-49,8.199999999999989,0.9237160120845922
10320,41,9.8,231.2,221.39999999999998,233.2,0,20-49,2.0,0.9493996569468267
10324,71,2.8,237.6,234.79999999999998,239.0,0,50-99,1.4000000000000057,0.9824267782426778
10377,21,6.8,194.8,188.0,196.0,0,20-49,1.1999999999999886,0.9591836734693877
10379,73,0.0,263.8,263.8,264.8,0,50-99,1.0,0.9962235649546828
10382,36,6.0,177.4,171.4,180.8,0,20-49,3.4000000000000057,0.9480088495575221
10385,57,5.0,214.8,209.8,216.2,0,50-99,1.3999999999999773,0.9703977798334876
10398,9,28.2,150.4,122.2,155.4,0,5-9,5.0,0.7863577863577863
10403,20,0.2,174.2,174.0,175.0,0,20-49,0.8000000000000114,0.9942857142857143
10405,17,13.6,233.0,219.4,233.8,0,10-19,0.8000000000000114,0.9384088964927289
10407,10,11.4,129.2,117.79999999999998,133.6,0,10-19,4.400000000000006,0.8817365269461077
10411,37,2.4,248.6,246.2,249.0,0,20-49,0.4000000000000057,0.9887550200803212
10415,28,2.4,157.6,155.2,159.0,0,20-49,1.4000000000000057,0.9761006289308175
10423,60,0.8,260.6,259.8,260.8,0,50-99,0.19999999999998863,0.9961656441717791
10424,58,0.0,238.8,238.8,240.2,0,50-99,1.3999999999999773,0.9941715237302249
10434,9,1.4,96.4,95.0,228.0,0,5-9,131.6,0.4166666666666667
10449,65,4.4,239.2,234.79999999999998,243.0,0,50-99,3.8000000000000114,0.9662551440329218
10452,43,1.8,246.2,244.39999999999998,248.2,0,20-49,2.0,0.9846897663174858
10453,50,5.8,229.4,223.6,231.0,0,50-99,1.5999999999999943,0.9679653679653679
10468,5,4.2,173.4,169.20000000000002,210.2,0,5-9,36.79999999999998,0.8049476688867746
10475,51,0.0,247.6,247.6,248.8,0,50-99,1.200000000000017,0.995176848874598
10485,57,10.6,239.8,229.20000000000002,242.8,0,50-99,3.0,0.9439868204283361
10513,12,12.8,241.2,228.39999999999998,247.4,0,10-19,6.200000000000017,0.9232012934518996
10516,54,8.0,238.6,230.6,240.0,0,50-99,1.4000000000000057,0.9608333333333333
10518,9,16.8,121.0,104.2,127.2,0,5-9,6.200000000000003,0.8191823899371069
10519,38,33.6,229.0,195.4,229.4,1,20-49,0.4000000000000057,0.8517872711421098
10520,47,5.6,212.8,207.20000000000002,213.2,0,20-49,0.39999999999997726,0.9718574108818012
10530,22,2.6,212.6,210.0,212.8,0,20-49,0.20000000000001705,0.9868421052631579
10531,29,13.2,206.2,193.0,208.6,0,20-49,2.4000000000000057,0.925215723873442
10536,50,1.2,209.0,207.8,211.6,0,50-99,2.5999999999999943,0.9820415879017014
10538,25,12.0,195.0,183.0,197.2,0,20-49,2.1999999999999886,0.9279918864097364
10542,48,1.4,199.4,198.0,204.4,0,20-49,5.0,0.9686888454011742
10551,47,7.8,236.0,228.2,236.8,0,20-49,0.8000000000000114,0.9636824324324323
10553,49,11.8,235.6,223.79999999999998,237.2,0,20-49,1.5999999999999943,0.9435075885328836
10555,61,9.8,247.6,237.79999999999998,248.4,0,50-99,0.8000000000000114,0.9573268921095007
10559,28,6.0,220.4,214.4,224.6,0,20-49,4.199999999999989,0.954585930543188
10565,23,0.0,208.0,208.0,218.0,0,20-49,10.0,0.9541284403669725
10569,44,3.8,225.0,221.2,226.6,0,20-49,1.5999999999999943,0.9761694616063548
10596,32,0.0,222.4,222.4,223.8,0,20-49,1.4000000000000057,0.9937444146559428
10599,62,2.4,230.4,228.0,230.6,0,50-99,0.19999999999998863,0.9887250650477016
10601,16,1.2,125.6,124.39999999999999,132.8,0,10-19,7.200000000000017,0.9367469879518071
10620,42,3.6,229.0,225.4,231.0,0,20-49,2.0,0.9757575757575758
10625,35,4.4,218.6,214.2,218.8,0,20-49,0.20000000000001705,0.9789762340036562
10626,57,2.0,237.8,235.8,238.8,0,50-99,1.0,0.9874371859296482
10629,41,6.2,165.6,159.4,166.2,0,20-49,0.5999999999999943,0.9590854392298437
10638,67,4.6,237.8,233.20000000000002,238.0,0,50-99,0.19999999999998863,0.9798319327731093
10658,38,5.8,179.4,173.6,182.0,0,20-49,2.5999999999999943,0.9538461538461538
10659,48,1.8,242.6,240.79999999999998,245.0,0,20-49,2.4000000000000057,0.9828571428571428
10660,51,5.0,232.2,227.2,233.6,0,50-99,1.4000000000000057,0.9726027397260274
10683,35,4.6,231.8,227.20000000000002,236.0,0,20-49,4.199999999999989,0.9627118644067797
10686,39,4.8,207.2,202.39999999999998,208.0,0,20-49,0.8000000000000114,0.973076923076923
10691,34,1.2,192.8,191.60000000000002,197.8,0,20-49,5.0,0.9686552072800809
10700,39,5.0,192.6,187.6,194.6,0,20-49,2.0,0.9640287769784173
10704,42,5.8,191.4,185.6,191.8,0,20-49,0.4000000000000057,0.967674661105318
10713,47,0.0,239.4,239.4,239.6,0,20-49,0.19999999999998863,0.9991652754590985
10715,29,6.2,140.4,134.20000000000002,144.6,0,20-49,4.199999999999989,0.9280774550484095
10717,31,0.4,219.2,218.79999999999998,220.4,0,20-49,1.200000000000017,0.9927404718693283
10719,24,56.2,199.6,143.39999999999998,217.2,0,20-49,17.599999999999994,0.660220994475138
10721,11,4.2,145.6,141.4,167.2,0,10-19,21.599999999999994,0.8456937799043063
10731,43,5.8,207.6,201.79999999999998,208.0,1,20-49,0.4000000000000057,0.9701923076923076
10743,51,1.2,223.2,222.0,223.6,0,50-99,0.4000000000000057,0.9928443649373883
10747,51,6.6,232.0,225.4,233.6,0,50-99,1.5999999999999943,0.9648972602739726
10748,33,6.8,228.2,221.39999999999998,232.0,0,20-49,3.8000000000000114,0.9543103448275861
10754,79,4.8,231.6,226.79999999999998,233.0,0,50-99,1.4000000000000057,0.9733905579399141
10759,38,0.2,196.8,196.60000000000002,231.8,0,20-49,35.0,0.8481449525452978
10769,41,3.6,165.8,162.20000000000002,166.8,1,20-49,1.0,0.97242206235012
10770,52,4.8,224.2,219.39999999999998,229.8,0,50-99,5.600000000000023,0.9547432550043514
10772,71,6.0,244.0,238.0,244.4,0,50-99,0.4000000000000057,0.9738134206219312
10786,67,6.4,230.4,224.0,231.6,0,50-99,1.1999999999999886,0.9671848013816926
10807,17,0.8,143.6,142.79999999999998,143.8,0,10-19,0.20000000000001705,0.9930458970792766
10814,79,0.2,232.6,232.4,233.6,0,50-99,1.0,0.9948630136986302
10831,28,12.2,215.8,203.60000000000002,220.0,0,20-49,4.199999999999989,0.9254545454545455
10850,34,3.4,236.6,233.2,237.4,0,20-49,0.8000000000000114,0.9823083403538331
10867,11,41.6,199.2,157.6,215.8,0,10-19,16.600000000000023,0.7303058387395737
10868,38,19.4,176.6,157.2,177.6,0,20-49,1.0,0.8851351351351351
10878,59,5.8,235.4,229.6,237.6,0,50-99,2.1999999999999886,0.9663299663299664
10883,49,13.8,223.2,209.39999999999998,224.6,0,20-49,1.4000000000000057,0.9323241317898485
10884,60,5.6,232.0,226.4,235.4,0,50-99,3.4000000000000057,0.9617672047578589
10890,52,5.6,217.6,212.0,219.0,0,50-99,1.4000000000000057,0.9680365296803652
10894,55,0.0,218.4,218.4,219.2,0,50-99,0.799999999999983,0.9963503649635037
10906,52,4.4,216.0,211.6,217.4,0,50-99,1.4000000000000057,0.9733210671573137
10907,46,0.2,212.4,212.20000000000002,212.6,0,20-49,0.19999999999998863,0.9981185324553152
10909,14,5.0,133.8,128.8,135.4,0,10-19,1.5999999999999943,0.9512555391432792
10911,49,11.8,230.8,219.0,232.0,0,20-49,1.1999999999999886,0.9439655172413793
10925,79,4.2,232.0,227.8,232.4,0,50-99,0.4000000000000057,0.9802065404475043
10926,52,4.4,220.4,216.0,225.4,0,50-99,5.0,0.9582963620230701
10937,19,11.0,152.8,141.8,156.6,0,10-19,3.799999999999983,0.905491698595147
10954,42,8.6,191.2,182.6,194.4,0,20-49,3.200000000000017,0.9393004115226337
10958,41,15.0,217.0,202.0,217.2,0,20-49,0.19999999999998863,0.9300184162062616
10964,66,2.8,231.0,228.2,231.8,0,50-99,0.8000000000000114,0.9844693701466781
10984,54,3.4,210.6,207.2,227.4,0,50-99,16.80000000000001,0.911169744942832
10991,39,35.6,203.0,167.4,206.2,0,20-49,3.1999999999999886,0.8118331716779826
11006,55,24.4,231.6,207.2,232.8,0,50-99,1.200000000000017,0.8900343642611683
11007,10,17.4,214.8,197.4,217.0,0,10-19,2.1999999999999886,0.9096774193548387
11020,69,0.8,217.2,216.39999999999998,219.4,0,50-99,2.200000000000017,0.9863263445761166
11024,51,3.8,232.2,228.39999999999998,232.6,0,50-99,0.4000000000000057,0.9819432502149612
11030,52,0.8,205.6,204.79999999999998,212.0,0,50-99,6.400000000000006,0.9660377358490565
11033,27,5.0,78.2,73.2,79.0,1,20-49,0.7999999999999972,0.9265822784810127
11050,9,13.8,84.2,70.4,143.4,0,5-9,59.2,0.4909344490934449
11052,23,4.2,140.6,136.4,141.4,1,20-49,0.8000000000000114,0.9646393210749646
11054,45,8.2,224.0,215.8,228.2,0,20-49,4.199999999999989,0.9456617002629274
11056,49,34.2,236.0,201.8,237.0,0,20-49,1.0,0.8514767932489452
11059,23,0.2,174.6,174.4,177.8,0,20-49,3.200000000000017,0.9808773903262092
11064,16,5.0,162.6,157.6,163.0,0,10-19,0.4000000000000057,0.9668711656441717
11070,33,7.6,176.0,168.4,177.0,0,20-49,1.0,0.9514124293785311
11073,53,5.0,217.0,212.0,217.6,1,50-99,0.5999999999999943,0.9742647058823529
11082,40,0.2,222.4,222.20000000000002,224.0,0,20-49,1.5999999999999943,0.9919642857142857
11089,40,12.6,218.4,205.8,218.6,0,20-49,0.19999999999998863,0.9414455626715463
11096,12,9.8,144.0,134.2,149.2,0,10-19,5.199999999999989,0.8994638069705094
11106,69,7.8,190.8,183.0,210.0,0,50-99,19.19999999999999,0.8714285714285714
11108,58,3.2,223.0,219.8,223.8,0,50-99,0.8000000000000114,0.9821268990169795
11112,40,0.0,124.8,124.8,125.0,1,20-49,0.20000000000000284,0.9984
11114,39,10.6,228.8,218.20000000000002,233.8,0,20-49,5.0,0.9332763045337896
11115,50,0.0,208.2,208.2,214.0,0,50-99,5.800000000000011,0.9728971962616821
11118,71,8.8,229.2,220.39999999999998,232.2,0,50-99,3.0,0.9491817398794142
11119,55,0.8,213.6,212.79999999999998,216.8,0,50-99,3.200000000000017,0.9815498154981549
11121,9,2.6,176.6,174.0,176.8,0,5-9,0.20000000000001705,0.9841628959276018
11124,33,0.8,192.2,191.39999999999998,192.6,1,20-49,0.4000000000000057,0.9937694704049843
11126,28,0.0,210.0,210.0,212.6,0,20-49,2.5999999999999943,0.9877704609595485
11128,28,5.8,221.8,216.0,226.4,0,20-49,4.599999999999994,0.9540636042402827
11130,17,0.6,122.8,122.2,129.4,0,10-19,6.6000000000000085,0.9443585780525502
11144,56,5.2,223.2,218.0,223.4,0,50-99,0.20000000000001705,0.9758281110116382
11151,21,5.6,199.4,193.8,200.0,0,20-49,0.5999999999999943,0.9690000000000001
11152,18,0.0,195.2,195.2,230.2,0,10-19,35.0,0.8479582971329279
11174,23,25.2,207.8,182.60000000000002,210.2,0,20-49,2.3999999999999773,0.8686964795432922
11179,55,2.0,216.8,214.8,221.6,0,50-99,4.799999999999983,0.9693140794223828
11181,20,4.2,120.8,116.6,129.4,0,20-49,8.600000000000009,0.901081916537867
11182,51,4.2,224.0,219.8,225.2,0,50-99,1.1999999999999886,0.9760213143872115
11190,62,2.6,190.4,187.8,191.4,1,50-99,1.0,0.9811912225705329
11198,66,4.0,208.6,204.6,212.6,0,50-99,4.0,0.9623706491063029
11199,40,3.0,181.4,178.4,181.6,0,20-49,0.19999999999998863,0.9823788546255507
11213,58,0.2,216.0,215.8,216.2,0,50-99,0.19999999999998863,0.998149861239593
11220,7,12.8,115.2,102.4,143.2,0,5-9,27.999999999999986,0.7150837988826817
11223,39,8.2,220.0,211.8,223.8,0,20-49,3.8000000000000114,0.9463806970509383
11245,6,21.4,127.4,106.0,138.4,0,5-9,11.0,0.7658959537572254
11253,73,5.4,219.6,214.2,220.4,0,50-99,0.8000000000000114,0.9718693284936478
11260,51,5.2,216.6,211.4,221.2,0,50-99,4.599999999999994,0.9556962025316457
11261,22,0.0,204.8,204.8,207.4,0,20-49,2.5999999999999943,0.9874638379942141
11277,35,6.8,207.6,200.79999999999998,212.6,0,20-49,5.0,0.9444967074317967
11278,52,2.8,217.6,214.79999999999998,218.4,0,50-99,0.8000000000000114,0.9835164835164835
11296,55,1.2,212.6,211.4,215.8,0,50-99,3.200000000000017,0.9796107506950881
11319,72,0.0,221.4,221.4,224.2,0,50-99,2.799999999999983,0.9875111507582517
11324,64,13.4,205.8,192.4,206.2,0,50-99,0.39999999999997726,0.933074684772066
11326,43,5.6,196.0,190.4,199.2,0,20-49,3.1999999999999886,0.9558232931726909
11337,50,8.4,226.4,218.0,227.8,0,50-99,1.4000000000000057,0.9569798068481123
11339,44,9.6,210.6,201.0,211.2,0,20-49,0.5999999999999943,0.9517045454545455
11348,44,4.2,198.4,194.20000000000002,200.6,0,20-49,2.1999999999999886,0.9680957128614158
11349,58,1.6,220.2,218.6,223.0,1,50-99,2.8000000000000114,0.9802690582959641
11352,44,0.0,221.0,221.0,222.6,0,20-49,1.5999999999999943,0.9928122192273136
11353,19,0.2,196.4,196.20000000000002,210.8,0,10-19,14.400000000000006,0.9307400379506642
11359,32,6.0,159.8,153.8,160.0,1,20-49,0.19999999999998863,0.96125
11361,62,2.2,216.6,214.4,218.2,0,50-99,1.5999999999999943,0.9825847846012833
11367,14,4.0,212.6,208.6,215.6,0,10-19,3.0,0.9675324675324676
11377,50,6.8,225.4,218.6,226.2,0,50-99,0.799999999999983,0.9664014146772768
11380,16,6.8,193.4,186.6,201.6,0,10-19,8.199999999999989,0.9255952380952381
11387,73,6.0,217.6,211.6,219.0,0,50-99,1.4000000000000057,0.9662100456621004
11400,31,9.0,141.0,132.0,142.8,1,20-49,1.8000000000000114,0.9243697478991596
11409,43,11.2,218.0,206.8,219.0,0,20-49,1.0,0.9442922374429225
11412,20,22.0,200.2,178.2,208.4,0,20-49,8.200000000000017,0.8550863723608445
11419,57,1.2,211.8,210.60000000000002,217.2,0,50-99,5.399999999999977,0.9696132596685084
11429,63,0.4,209.8,209.4,210.0,0,50-99,0.19999999999998863,0.9971428571428572
11438,26,0.6,138.0,137.4,138.4,0,20-49,0.4000000000000057,0.9927745664739884
11442,50,5.0,197.8,192.8,199.2,0,50-99,1.3999999999999773,0.9678714859437753
11443,31,6.2,227.0,220.8,227.4,0,20-49,0.4000000000000057,0.9709762532981531
11452,58,5.8,217.2,211.39999999999998,217.4,0,50-99,0.20000000000001705,0.9724011039558417
11464,34,14.0,197.6,183.6,203.2,0,20-49,5.599999999999994,0.9035433070866142
11471,21,67.2,173.6,106.39999999999999,179.6,0,20-49,6.0,0.5924276169265034
11472,46,0.0,192.6,192.6,195.8,0,20-49,3.200000000000017,0.9836567926455566
11481,36,0.8,210.2,209.39999999999998,214.8,0,20-49,4.600000000000023,0.9748603351955306
11497,58,0.0,213.6,213.6,220.2,0,50-99,6.599999999999994,0.9700272479564033
11501,41,4.4,212.6,208.2,214.6,0,20-49,2.0,0.9701770736253494
11505,47,1.4,214.4,213.0,215.6,0,20-49,1.1999999999999886,0.9879406307977737
11506,54,0.2,196.4,196.20000000000002,197.2,0,50-99,0.799999999999983,0.9949290060851929
11509,32,12.0,159.6,147.6,160.6,0,20-49,1.0,0.9190535491905355
11511,40,1.2,160.0,158.8,168.0,0,20-49,8.0,0.9452380952380953
11514,13,8.4,210.2,201.79999999999998,217.0,0,10-19,6.800000000000011,0.9299539170506912
11518,65,0.0,215.8,215.8,218.6,0,50-99,2.799999999999983,0.9871912168344008
11520,7,66.6,162.8,96.20000000000002,169.8,0,5-9,7.0,0.5665488810365136
11523,39,0.0,212.8,212.8,214.4,0,20-49,1.5999999999999943,0.9925373134328358
11527,42,15.0,160.2,145.2,163.8,1,20-49,3.6000000000000227,0.8864468864468863
11533,45,10.4,209.0,198.6,212.0,0,20-49,3.0,0.9367924528301886
11555,64,2.4,206.6,204.2,206.8,0,50-99,0.20000000000001705,0.9874274661508703
11559,68,2.4,207.2,204.79999999999998,207.4,0,50-99,0.20000000000001705,0.987463837994214
11563,71,2.4,191.6,189.2,191.8,1,50-99,0.20000000000001705,0.9864442127215849
11564,47,5.6,207.2,201.6,212.4,0,20-49,5.200000000000017,0.9491525423728813
11565,45,0.0,145.2,145.2,145.8,0,20-49,0.6000000000000227,0.9958847736625512
11567,21,1.0,189.2,188.2,192.8,0,20-49,3.6000000000000227,0.9761410788381741
11569,58,0.0,214.8,214.8,217.6,0,50-99,2.799999999999983,0.9871323529411765
11582,34,0.0,169.6,169.6,172.0,0,20-49,2.4000000000000057,0.9860465116279069
11590,48,3.2,190.6,187.4,194.4,0,20-49,3.8000000000000114,0.9639917695473251
11593,101,3.8,188.0,184.2,189.4,1,100-199,1.4000000000000057,0.9725448785638858
11595,66,1.8,217.4,215.6,222.6,0,50-99,5.199999999999989,0.9685534591194969
11600,36,11.2,217.4,206.20000000000002,221.2,0,20-49,3.799999999999983,0.9321880650994576
11601,33,3.0,143.0,140.0,144.0,0,20-49,1.0,0.9722222222222222
11616,52,11.8,223.4,211.6,223.6,0,50-99,0.19999999999998863,0.9463327370304114
11617,26,10.8,206.6,195.79999999999998,213.4,0,20-49,6.800000000000011,0.9175257731958761
11619,58,4.8,185.2,180.39999999999998,186.2,0,50-99,1.0,0.9688506981740064
11630,15,0.0,130.2,130.2,132.8,0,10-19,2.6000000000000227,0.9804216867469878
11633,51,12.4,206.2,193.79999999999998,207.2,0,50-99,1.0,0.9353281853281853
11643,27,7.8,199.2,191.39999999999998,203.4,0,20-49,4.200000000000017,0.9410029498525072
11648,61,0.0,208.4,208.4,209.2,0,50-99,0.799999999999983,0.9961759082217974
11649,52,1.0,209.2,208.2,209.4,0,50-99,0.20000000000001705,0.9942693409742119
11655,31,0.0,166.4,166.4,168.8,0,20-49,2.4000000000000057,0.985781990521327
11657,8,12.4,145.2,132.79999999999998,163.0,0,5-9,17.80000000000001,0.814723926380368
11660,51,0.0,184.8,184.8,186.6,0,50-99,1.799999999999983,0.9903536977491962
11672,53,5.0,211.4,206.4,214.8,0,50-99,3.4000000000000057,0.9608938547486033
11674,53,4.8,211.8,207.0,212.2,0,50-99,0.39999999999997726,0.9754948162111217
11676,49,0.0,187.0,187.0,188.2,0,20-49,1.1999999999999886,0.993623804463337
11678,13,0.2,173.6,173.4,175.0,0,10-19,1.4000000000000057,0.9908571428571429
11679,54,3.0,210.0,207.0,211.8,0,50-99,1.8000000000000114,0.9773371104815863
11680,27,3.8,103.8,100.0,108.8,1,20-49,5.0,0.9191176470588236
11686,17,4.0,183.4,179.4,188.6,0,10-19,5.199999999999989,0.951219512195122
11703,37,5.8,158.2,152.39999999999998,161.0,0,20-49,2.8000000000000114,0.9465838509316769
11706,29,35.4,182.6,147.2,184.8,0,20-49,2.200000000000017,0.7965367965367964
11707,28,6.4,174.2,167.79999999999998,184.8,0,20-49,10.600000000000023,0.9080086580086578
11710,55,16.6,210.6,194.0,211.0,0,50-99,0.4000000000000057,0.919431279620853
11712,42,2.8,206.8,204.0,209.0,0,20-49,2.1999999999999886,0.9760765550239234
11721,14,0.0,143.6,143.6,144.2,0,10-19,0.5999999999999943,0.9958391123439667
11734,43,1.6,183.0,181.4,183.6,0,20-49,0.5999999999999943,0.9880174291938999
11740,30,5.6,141.2,135.6,145.4,0,20-49,4.200000000000017,0.9325997248968363
11748,45,3.4,200.2,196.79999999999998,204.0,0,20-49,3.8000000000000114,0.9647058823529411
11749,32,0.0,171.0,171.0,172.8,0,20-49,1.8000000000000114,0.9895833333333333
11750,34,3.6,106.8,103.2,110.4,1,20-49,3.6000000000000085,0.9347826086956521
11757,22,2.2,101.0,98.8,101.4,1,20-49,0.4000000000000057,0.9743589743589742
11759,57,5.2,209.2,204.0,216.4,0,50-99,7.200000000000017,0.9426987060998151
11765,28,8.4,149.8,141.4,157.2,0,20-49,7.399999999999977,0.8994910941475828
11777,32,1.6,185.6,184.0,189.6,0,20-49,4.0,0.9704641350210971
11783,10,12.6,196.6,184.0,219.8,0,10-19,23.200000000000017,0.8371246587807097
11785,28,9.2,206.0,196.8,207.4,0,20-49,1.4000000000000057,0.9488910318225651
11807,70,3.8,205.8,202.0,208.8,0,50-99,3.0,0.9674329501915708
11829,66,6.4,217.4,211.0,218.2,0,50-99,0.799999999999983,0.9670027497708524
11833,51,6.0,193.4,187.4,194.6,0,50-99,1.1999999999999886,0.9630010277492292
11838,54,6.0,213.6,207.6,216.8,0,50-99,3.200000000000017,0.9575645756457564
11843,47,6.6,214.2,207.6,216.4,0,20-49,2.200000000000017,0.9593345656192236
11846,36,5.0,182.4,177.4,186.2,0,20-49,3.799999999999983,0.9527389903329754
11852,52,6.6,212.8,206.20000000000002,216.4,0,50-99,3.5999999999999943,0.9528650646950093
11855,52,3.4,180.8,177.4,181.2,1,50-99,0.39999999999997726,0.979028697571744
11860,30,8.0,180.0,172.0,181.8,0,20-49,1.8000000000000114,0.946094609460946
11864,56,5.6,165.4,159.8,167.8,1,50-99,2.4000000000000057,0.9523241954707986
11882,36,0.0,162.2,162.2,168.2,0,20-49,6.0,0.9643281807372176
11893,35,2.8,198.8,196.0,201.0,0,20-49,2.1999999999999886,0.9751243781094527
11897,60,3.4,208.4,205.0,213.6,0,50-99,5.199999999999989,0.9597378277153559
11898,23,0.0,146.8,146.8,149.0,0,20-49,2.1999999999999886,0.9852348993288591
11918,20,3.0,93.6,90.6,93.8,1,20-49,0.20000000000000284,0.9658848614072494
11931,43,8.8,207.4,198.6,208.6,0,20-49,1.1999999999999886,0.9520613614573347
11934,36,26.4,199.8,173.4,201.2,0,20-49,1.3999999999999773,0.8618290258449305
11936,53,1.4,176.0,174.6,177.2,0,50-99,1.1999999999999886,0.9853273137697517
11943,77,0.0,199.8,199.8,200.8,0,50-99,1.0,0.9950199203187251
11944,13,3.0,173.4,170.4,179.6,0,10-19,6.199999999999989,0.9487750556792873
11946,35,17.6,180.6,163.0,182.6,0,20-49,2.0,0.8926615553121577
11948,71,8.2,207.8,199.60000000000002,208.0,0,50-99,0.19999999999998863,0.9596153846153848
11950,17,2.6,172.2,169.6,184.8,0,10-19,12.600000000000023,0.9177489177489176
11958,52,6.0,196.2,190.2,196.6,0,50-99,0.4000000000000057,0.9674465920651067
11971,53,5.6,199.6,194.0,203.6,0,50-99,4.0,0.9528487229862476
11972,7,9.8,139.4,129.6,147.4,0,5-9,8.0,0.8792401628222523
11990,14,27.6,170.8,143.20000000000002,179.4,0,10-19,8.599999999999994,0.7982162764771461
11992,57,2.8,203.4,200.6,204.4,0,50-99,1.0,0.9814090019569471
12019,39,12.0,180.6,168.6,183.8,0,20-49,3.200000000000017,0.9173014145810663
12054,9,6.8,163.4,156.6,181.8,0,5-9,18.400000000000006,0.8613861386138613
12056,34,0.0,167.4,167.4,168.6,0,20-49,1.1999999999999886,0.9928825622775801
12057,22,25.2,153.0,127.8,164.2,0,20-49,11.199999999999989,0.7783191230207065
12064,32,5.2,188.8,183.60000000000002,196.4,0,20-49,7.599999999999994,0.934826883910387
12065,89,3.4,197.8,194.4,198.6,1,50-99,0.799999999999983,0.9788519637462236
12068,33,34.4,187.0,152.6,187.6,0,20-49,0.5999999999999943,0.8134328358208955
12075,26,0.0,147.8,147.8,150.8,0,20-49,3.0,0.980106100795756
12081,24,2.0,178.8,176.8,180.0,0,20-49,1.1999999999999886,0.9822222222222223
12082,42,0.2,180.0,179.8,183.8,0,20-49,3.8000000000000114,0.9782372143634385
12083,38,3.2,189.6,186.4,190.4,0,20-49,0.8000000000000114,0.9789915966386554
12085,35,5.4,136.4,131.0,142.0,0,20-49,5.599999999999994,0.9225352112676056
12099,46,6.6,183.2,176.6,183.4,0,20-49,0.20000000000001705,0.9629225736095964
12101,50,0.0,185.0,185.0,191.0,0,50-99,6.0,0.9685863874345549
12108,20,0.0,155.8,155.8,159.8,0,20-49,4.0,0.9749687108886108
12112,19,1.4,157.8,156.4,187.0,0,10-19,29.19999999999999,0.8363636363636364
12113,13,0.0,172.0,172.0,178.4,0,10-19,6.400000000000006,0.9641255605381166
12124,47,1.0,173.0,172.0,173.2,0,20-49,0.19999999999998863,0.9930715935334874
12127,58,2.6,204.8,202.20000000000002,206.8,0,50-99,2.0,0.9777562862669246
12131,60,3.0,121.2,118.2,121.6,1,50-99,0.3999999999999915,0.9720394736842106
12132,30,17.6,172.4,154.8,178.6,0,20-49,6.199999999999989,0.866741321388578
12133,50,4.2,188.2,184.0,194.0,0,50-99,5.800000000000011,0.9484536082474226
12141,28,1.6,140.6,139.0,144.2,0,20-49,3.5999999999999943,0.9639389736477116
12143,24,7.0,180.0,173.0,181.0,0,20-49,1.0,0.9558011049723757
12151,50,0.0,188.4,188.4,190.4,0,50-99,2.0,0.9894957983193278
12160,18,14.8,158.4,143.6,158.6,0,10-19,0.19999999999998863,0.905422446406053
12169,41,3.0,163.4,160.4,166.6,0,20-49,3.1999999999999886,0.9627851140456183
12170,48,6.2,183.0,176.8,194.4,0,20-49,11.400000000000006,0.9094650205761318
12171,40,0.6,158.6,158.0,159.8,0,20-49,1.200000000000017,0.9887359198998747
12177,43,4.2,195.8,191.60000000000002,196.8,0,20-49,1.0,0.9735772357723578
12183,5,3.4,111.4,108.0,145.0,0,5-9,33.599999999999994,0.7448275862068966
12185,27,0.0,180.0,180.0,180.4,0,20-49,0.4000000000000057,0.9977827050997783
12189,31,5.6,133.8,128.20000000000002,135.8,0,20-49,2.0,0.9440353460972019
12194,57,3.6,121.8,118.2,122.4,1,50-99,0.6000000000000085,0.9656862745098039
12202,37,13.4,204.2,190.79999999999998,204.4,0,20-49,0.20000000000001705,0.933463796477495
12227,27,0.0,183.8,183.8,186.6,0,20-49,2.799999999999983,0.9849946409431941
12229,6,11.0,171.6,160.6,179.2,0,5-9,7.599999999999994,0.8962053571428572
12230,24,3.0,122.2,119.2,132.0,0,20-49,9.799999999999997,0.9030303030303031
12241,18,2.8,136.4,133.6,136.6,0,10-19,0.19999999999998863,0.9780380673499268
12242,43,0.0,183.2,183.2,183.4,0,20-49,0.20000000000001705,0.9989094874591057
12244,30,4.8,144.2,139.39999999999998,145.2,0,20-49,1.0,0.9600550964187327
12259,50,5.4,186.0,180.6,188.8,0,50-99,2.8000000000000114,0.9565677966101694
12260,27,5.2,159.6,154.4,160.4,0,20-49,0.8000000000000114,0.9625935162094763
12268,15,1.2,110.8,109.6,125.8,0,10-19,15.0,0.8712241653418124
12270,18,4.8,163.8,159.0,184.8,0,10-19,21.0,0.8603896103896104
12278,21,32.4,134.8,102.4,135.0,0,20-49,0.19999999999998863,0.7585185185185186
12279,15,4.6,134.8,130.20000000000002,137.0,0,10-19,2.1999999999999886,0.9503649635036497
12284,19,2.4,138.0,135.6,151.0,0,10-19,13.0,0.8980132450331125
12286,25,69.2,194.6,125.39999999999999,197.2,0,20-49,2.5999999999999943,0.6359026369168357
12308,46,0.0,186.0,186.0,191.6,0,20-49,5.599999999999994,0.9707724425887265
12310,48,5.6,185.8,180.20000000000002,187.2,0,20-49,1.3999999999999773,0.9626068376068377
12334,31,7.4,184.0,176.6,184.6,0,20-49,0.5999999999999943,0.9566630552546046
12358,44,1.4,183.2,181.79999999999998,187.0,0,20-49,3.8000000000000114,0.9721925133689838
12363,53,3.0,185.6,182.6,186.4,0,50-99,0.8000000000000114,0.9796137339055794
12384,30,2.8,145.0,142.2,146.0,0,20-49,1.0,0.973972602739726
12385,33,8.8,200.0,191.2,201.4,0,20-49,1.4000000000000057,0.9493545183714002
12391,32,3.0,196.0,193.0,200.2,0,20-49,4.199999999999989,0.9640359640359641
12406,10,8.2,163.4,155.20000000000002,164.6,0,10-19,1.1999999999999886,0.942891859052248
12416,13,0.0,138.2,138.2,144.2,0,10-19,6.0,0.9583911234396671
12421,27,0.0,189.8,189.8,190.6,0,20-49,0.799999999999983,0.9958027282266527
12428,33,4.8,141.6,136.79999999999998,144.8,0,20-49,3.200000000000017,0.9447513812154694
12431,29,4.6,147.6,143.0,147.8,0,20-49,0.20000000000001705,0.9675236806495263
12434,37,2.4,187.6,185.2,192.8,0,20-49,5.200000000000017,0.9605809128630705
12447,50,5.4,182.6,177.2,183.4,0,50-99,0.8000000000000114,0.966194111232279
12461,42,2.8,166.0,163.2,166.2,0,20-49,0.19999999999998863,0.9819494584837545
12463,23,4.8,177.6,172.79999999999998,178.4,0,20-49,0.8000000000000114,0.9686098654708519
12479,20,5.8,178.2,172.39999999999998,179.0,0,20-49,0.8000000000000114,0.9631284916201116
12497,42,13.2,168.6,155.4,173.0,0,20-49,4.400000000000006,0.8982658959537573
12500,44,4.8,178.8,174.0,180.4,0,20-49,1.5999999999999943,0.9645232815964523
12503,54,3.0,194.8,191.8,197.8,0,50-99,3.0,0.9696663296258847
12515,23,11.4,132.0,120.6,135.8,0,20-49,3.8000000000000114,0.8880706921944034
12523,30,9.8,149.6,139.79999999999998,153.0,0,20-49,3.4000000000000057,0.9137254901960783
12529,44,2.4,183.2,180.79999999999998,183.4,0,20-49,0.20000000000001705,0.985823336968375
12535,50,1.4,186.4,185.0,187.8,0,50-99,1.4000000000000057,0.9850905218317358
12561,40,4.8,190.4,185.6,192.6,0,20-49,2.1999999999999886,0.9636552440290758
12569,40,17.0,169.4,152.4,175.0,0,20-49,5.599999999999994,0.8708571428571429
12571,68,0.0,168.2,168.2,170.8,0,50-99,2.6000000000000227,0.9847775175644027
12572,25,1.0,99.0,98.0,99.4,1,20-49,0.4000000000000057,0.9859154929577464
12580,10,6.8,125.4,118.60000000000001,145.2,0,10-19,19.799999999999983,0.8168044077134987
12587,33,4.4,156.8,152.4,158.6,0,20-49,1.799999999999983,0.960907944514502
12596,9,11.2,179.4,168.20000000000002,188.8,0,5-9,9.400000000000006,0.8908898305084746
12597,38,1.8,158.6,156.79999999999998,159.0,0,20-49,0.4000000000000057,0.9861635220125785
12618,63,0.0,181.0,181.0,185.8,0,50-99,4.800000000000011,0.9741657696447793
12623,71,5.0,147.6,142.6,148.4,1,50-99,0.8000000000000114,0.9609164420485174
12625,11,25.2,153.6,128.4,162.0,0,10-19,8.400000000000006,0.7925925925925926
12626,23,7.8,156.8,149.0,157.0,0,20-49,0.19999999999998863,0.9490445859872612
12628,27,8.4,145.6,137.2,145.8,0,20-49,0.20000000000001705,0.9410150891632372
12632,19,0.0,146.4,146.4,156.0,0,10-19,9.599999999999994,0.9384615384615385
12638,41,4.2,172.2,168.0,173.2,0,20-49,1.0,0.9699769053117784
12643,10,4.4,103.6,99.19999999999999,124.8,0,10-19,21.200000000000003,0.7948717948717948
12648,41,1.4,168.2,166.79999999999998,173.6,0,20-49,5.400000000000006,0.9608294930875575
12654,15,14.2,126.0,111.8,147.4,0,10-19,21.400000000000006,0.7584803256445047
12660,12,4.4,110.4,106.0,127.4,0,10-19,17.0,0.8320251177394035
12670,25,3.8,172.0,168.2,177.8,0,20-49,5.800000000000011,0.9460067491563553
12681,37,4.6,172.4,167.8,178.4,0,20-49,6.0,0.9405829596412556
12684,31,5.2,185.8,180.60000000000002,186.2,0,20-49,0.39999999999997726,0.9699248120300754
12688,44,10.4,171.6,161.2,177.0,0,20-49,5.400000000000006,0.910734463276836
12690,48,5.6,197.4,191.8,198.0,0,20-49,0.5999999999999943,0.9686868686868687
12692,33,4.0,170.2,166.2,175.8,0,20-49,5.600000000000023,0.9453924914675766
12698,19,4.4,168.2,163.79999999999998,169.4,0,10-19,1.200000000000017,0.9669421487603305
12718,25,5.0,175.6,170.6,179.8,0,20-49,4.200000000000017,0.9488320355951055
12719,19,0.0,165.4,165.4,175.6,0,10-19,10.199999999999989,0.9419134396355354
12726,32,7.2,176.4,169.20000000000002,177.6,0,20-49,1.1999999999999886,0.9527027027027029
12734,45,0.0,164.2,164.2,164.6,0,20-49,0.4000000000000057,0.9975698663426488
12735,43,4.2,181.8,177.60000000000002,187.0,0,20-49,5.199999999999989,0.9497326203208557
12739,37,5.0,156.2,151.2,161.8,0,20-49,5.600000000000023,0.9344870210135969
12740,32,16.4,143.6,127.19999999999999,144.0,0,20-49,0.4000000000000057,0.8833333333333333
12749,41,18.4,186.2,167.79999999999998,189.0,0,20-49,2.8000000000000114,0.8878306878306877
12750,36,1.2,147.0,145.8,148.6,0,20-49,1.5999999999999943,0.9811574697173622
12758,39,0.0,183.4,183.4,188.6,0,20-49,5.199999999999989,0.9724284199363733
12764,21,38.0,140.2,102.19999999999999,145.4,0,20-49,5.200000000000017,0.702888583218707
12774,46,0.0,157.6,157.6,158.0,0,20-49,0.4000000000000057,0.9974683544303797
12776,31,6.2,160.2,154.0,160.8,0,20-49,0.6000000000000227,0.9577114427860696
12779,19,0.0,163.0,163.0,166.0,0,10-19,3.0,0.9819277108433735
12788,27,4.8,180.8,176.0,187.6,0,20-49,6.799999999999983,0.9381663113006397
12802,43,3.0,156.2,153.2,156.8,0,20-49,0.6000000000000227,0.9770408163265305
12805,15,31.4,157.0,125.6,160.2,0,10-19,3.1999999999999886,0.784019975031211
12815,55,3.8,194.2,190.39999999999998,195.0,0,50-99,0.8000000000000114,0.9764102564102562
12822,43,5.0,184.4,179.4,184.6,0,20-49,0.19999999999998863,0.971830985915493
12826,46,46.4,191.8,145.4,194.6,0,20-49,2.799999999999983,0.7471736896197329
12837,14,4.6,154.2,149.6,154.4,0,10-19,0.20000000000001705,0.9689119170984455
12843,11,4.6,122.6,118.0,129.6,0,10-19,7.0,0.9104938271604939
12847,50,5.8,195.4,189.6,196.0,0,50-99,0.5999999999999943,0.9673469387755101
12854,45,1.6,170.6,169.0,172.2,0,20-49,1.5999999999999943,0.9814169570267132
12860,49,5.6,188.4,182.8,191.4,0,20-49,3.0,0.955067920585162
12864,44,2.2,168.0,165.8,169.8,0,20-49,1.8000000000000114,0.9764428739693758
12871,41,0.2,165.0,164.8,167.8,0,20-49,2.8000000000000114,0.9821215733015495
12877,25,7.8,180.8,173.0,181.4,0,20-49,0.5999999999999943,0.9536934950385887
12879,34,6.8,163.6,156.79999999999998,164.8,0,20-49,1.200000000000017,0.9514563106796114
12881,42,1.4,176.8,175.4,177.2,0,20-49,0.39999999999997726,0.989841986455982
12889,8,1.6,181.8,180.20000000000002,196.8,0,5-9,15.0,0.915650406504065
12903,35,9.0,180.4,171.4,182.8,0,20-49,2.4000000000000057,0.9376367614879649
12909,53,2.8,187.2,184.39999999999998,187.4,0,50-99,0.20000000000001705,0.9839914621131268
12920,10,5.4,176.6,171.2,177.0,0,10-19,0.4000000000000057,0.967231638418079
12938,30,3.4,177.0,173.6,177.2,0,20-49,0.19999999999998863,0.979683972911964
12939,49,0.0,171.8,171.8,172.4,0,20-49,0.5999999999999943,0.9965197215777263
12951,33,0.0,157.8,157.8,170.8,0,20-49,13.0,0.9238875878220141
12958,55,1.4,186.4,185.0,187.0,0,50-99,0.5999999999999943,0.9893048128342246
12964,38,0.2,166.6,166.4,166.8,0,20-49,0.20000000000001705,0.9976019184652278
12965,42,9.6,167.2,157.6,168.4,0,20-49,1.200000000000017,0.9358669833729215
12969,39,0.0,108.8,108.8,109.4,1,20-49,0.6000000000000085,0.9945155393053016
12971,38,16.0,188.2,172.2,189.0,0,20-49,0.8000000000000114,0.9111111111111111
12974,23,5.4,162.8,157.4,163.6,0,20-49,0.799999999999983,0.9621026894865526
12978,18,0.0,132.0,132.0,132.2,0,10-19,0.19999999999998863,0.9984871406959154
12981,30,2.2,155.4,153.20000000000002,157.4,1,20-49,2.0,0.9733163913595935
12982,33,5.2,150.6,145.4,151.6,1,20-49,1.0,0.9591029023746702
12986,78,16.0,170.2,154.2,173.8,0,50-99,3.6000000000000227,0.8872266973532795
12987,38,2.8,170.6,167.79999999999998,173.4,0,20-49,2.8000000000000114,0.9677047289504036
12993,57,3.0,190.6,187.6,190.8,0,50-99,0.20000000000001705,0.9832285115303983
13001,13,5.6,147.8,142.20000000000002,151.4,0,10-19,3.5999999999999943,0.9392338177014532
13006,39,13.0,164.0,151.0,164.4,0,20-49,0.4000000000000057,0.9184914841849148
13013,14,4.4,126.6,122.19999999999999,137.2,0,10-19,10.599999999999994,0.89067055393586
13014,43,3.0,171.2,168.2,172.4,0,20-49,1.200000000000017,0.9756380510440834
13021,38,1.2,149.6,148.4,150.6,0,20-49,1.0,0.9853917662682604
13023,53,0.0,189.6,189.6,193.4,0,50-99,3.8000000000000114,0.9803516028955532
13029,34,4.8,172.2,167.39999999999998,173.0,0,20-49,0.8000000000000114,0.9676300578034681
13049,43,5.0,192.4,187.4,192.6,0,20-49,0.19999999999998863,0.9730010384215992
13053,32,0.0,183.0,183.0,185.8,0,20-49,2.8000000000000114,0.9849300322927879
13061,21,9.4,138.8,129.4,150.2,0,20-49,11.399999999999977,0.8615179760319575
13062,43,1.2,162.6,161.4,162.8,0,20-49,0.20000000000001705,0.9914004914004914
13063,37,13.0,156.0,143.0,162.4,0,20-49,6.400000000000006,0.8805418719211823
13064,44,4.8,189.0,184.2,190.2,0,20-49,1.1999999999999886,0.9684542586750788
13068,68,6.8,181.8,175.0,183.4,0,50-99,1.5999999999999943,0.9541984732824427
13072,29,0.0,172.8,172.8,173.6,0,20-49,0.799999999999983,0.9953917050691246
13075,17,27.8,140.8,113.00000000000001,142.0,0,10-19,1.1999999999999886,0.795774647887324
13080,49,2.8,165.4,162.6,166.4,0,20-49,1.0,0.9771634615384615
13101,37,4.2,166.6,162.4,166.8,0,20-49,0.20000000000001705,0.9736211031175059
13104,45,26.4,189.4,163.0,192.8,0,20-49,3.4000000000000057,0.8454356846473029
13122,31,4.8,152.4,147.6,158.8,0,20-49,6.400000000000006,0.9294710327455918
13138,28,4.8,143.4,138.6,143.8,0,20-49,0.4000000000000057,0.9638386648122391
13139,27,6.2,142.2,136.0,143.6,0,20-49,1.4000000000000057,0.947075208913649
13142,36,3.6,176.6,173.0,178.2,0,20-49,1.5999999999999943,0.9708193041526375
13143,27,0.2,143.6,143.4,146.6,0,20-49,3.0,0.9781718963165076
13145,15,0.0,145.4,145.4,146.6,0,10-19,1.1999999999999886,0.9918144611186904
13149,31,4.4,147.6,143.2,151.4,0,20-49,3.8000000000000114,0.9458388375165124
13151,24,4.8,132.6,127.8,139.0,0,20-49,6.400000000000006,0.9194244604316547
13163,32,2.4,148.2,145.79999999999998,148.6,0,20-49,0.4000000000000057,0.981157469717362
13165,58,3.0,175.0,172.0,176.2,0,50-99,1.1999999999999886,0.9761634506242907
13167,24,5.8,145.6,139.79999999999998,146.0,0,20-49,0.4000000000000057,0.9575342465753424
13169,39,1.6,139.8,138.20000000000002,141.0,0,20-49,1.1999999999999886,0.9801418439716313
13173,43,0.0,182.4,182.4,184.0,0,20-49,1.5999999999999943,0.991304347826087
13183,28,32.0,152.4,120.4,152.6,0,20-49,0.19999999999998863,0.7889908256880734
13186,44,2.2,180.4,178.20000000000002,181.8,0,20-49,1.4000000000000057,0.9801980198019802
13194,20,7.0,135.6,128.6,142.0,0,20-49,6.400000000000006,0.9056338028169014
13199,21,0.0,141.0,141.0,143.4,0,20-49,2.4000000000000057,0.9832635983263598
13202,22,5.4,130.8,125.4,133.6,0,20-49,2.799999999999983,0.9386227544910181
13213,82,0.0,175.8,175.8,177.6,0,50-99,1.799999999999983,0.9898648648648649
13216,49,1.4,172.8,171.4,173.0,0,20-49,0.19999999999998863,0.9907514450867052
13232,30,0.2,134.0,133.8,135.4,0,20-49,1.4000000000000057,0.9881831610044314
13249,18,21.2,171.6,150.4,172.2,0,10-19,0.5999999999999943,0.8734030197444832
13257,38,0.4,151.0,150.6,155.2,0,20-49,4.199999999999989,0.970360824742268
13268,48,2.2,167.6,165.4,169.6,0,20-49,2.0,0.9752358490566039
13282,25,2.0,177.2,175.2,181.4,0,20-49,4.200000000000017,0.9658213891951487
13285,27,19.4,173.2,153.79999999999998,174.2,0,20-49,1.0,0.8828932261768082
13288,33,4.0,140.4,136.4,143.6,0,20-49,3.1999999999999886,0.9498607242339834
13291,47,1.2,161.0,159.8,161.4,0,20-49,0.4000000000000057,0.990086741016109
13293,32,1.4,168.0,166.6,168.4,0,20-49,0.4000000000000057,0.9893111638954869
13299,41,4.8,166.6,161.79999999999998,168.6,0,20-49,2.0,0.959667852906287
13302,39,0.8,140.2,139.39999999999998,144.0,0,20-49,3.8000000000000114,0.9680555555555554
13306,27,8.2,139.8,131.60000000000002,161.4,0,20-49,21.599999999999994,0.8153655514250311
13307,41,6.2,163.0,156.8,164.0,0,20-49,1.0,0.9560975609756098
13320,32,9.0,166.4,157.4,170.8,0,20-49,4.400000000000006,0.9215456674473068
13336,44,6.0,164.4,158.4,170.0,0,20-49,5.599999999999994,0.9317647058823529
13348,20,17.0,120.6,103.6,121.0,0,20-49,0.4000000000000057,0.8561983471074379
13350,39,3.6,170.4,166.8,174.2,0,20-49,3.799999999999983,0.9575200918484502
13355,43,0.0,178.0,178.0,181.6,0,20-49,3.5999999999999943,0.9801762114537446
13362,28,12.4,149.0,136.6,171.2,0,20-49,22.19999999999999,0.7978971962616823
13370,22,7.4,169.4,162.0,178.2,0,20-49,8.799999999999983,0.9090909090909092
13376,32,3.8,148.6,144.79999999999998,175.8,0,20-49,27.200000000000017,0.8236632536973832
13378,31,5.4,135.0,129.6,135.2,1,20-49,0.19999999999998863,0.9585798816568047
13379,45,0.6,167.6,167.0,168.0,0,20-49,0.4000000000000057,0.9940476190476191
13380,49,9.2,181.2,172.0,182.0,0,20-49,0.8000000000000114,0.945054945054945
13390,25,4.2,172.8,168.60000000000002,174.4,0,20-49,1.5999999999999943,0.9667431192660552
13393,13,0.2,130.0,129.8,131.2,0,10-19,1.1999999999999886,0.9893292682926831
13397,40,4.8,171.6,166.79999999999998,172.8,0,20-49,1.200000000000017,0.9652777777777776
13398,28,0.6,117.2,116.60000000000001,117.6,1,20-49,0.3999999999999915,0.9914965986394559
13403,43,0.6,139.0,138.4,143.6,0,20-49,4.599999999999994,0.9637883008356547
13407,26,2.4,120.0,117.6,121.4,0,20-49,1.4000000000000057,0.9686985172981877
13411,49,5.2,177.2,172.0,178.6,0,20-49,1.4000000000000057,0.9630459126539754
13419,40,4.4,174.0,169.6,175.2,0,20-49,1.1999999999999886,0.9680365296803654
13420,27,8.2,173.0,164.8,173.8,0,20-49,0.8000000000000114,0.9482163406214039
13433,22,16.6,167.2,150.6,171.0,0,20-49,3.8000000000000114,0.8807017543859649
13435,31,9.6,159.0,149.4,159.6,0,20-49,0.5999999999999943,0.9360902255639099
13436,36,4.4,142.8,138.4,144.2,0,20-49,1.3999999999999773,0.9597780859916784
13444,41,0.2,168.6,168.4,169.8,0,20-49,1.200000000000017,0.9917550058892814
13446,35,5.8,126.4,120.60000000000001,127.6,1,20-49,1.1999999999999886,0.9451410658307211
13451,40,0.4,164.8,164.4,169.2,0,20-49,4.399999999999977,0.9716312056737589
13454,25,0.0,177.0,177.0,177.2,1,20-49,0.19999999999998863,0.9988713318284425
13460,17,31.2,142.4,111.2,143.8,0,10-19,1.4000000000000057,0.7732962447844227
13467,31,9.8,167.2,157.39999999999998,168.2,0,20-49,1.0,0.9357907253269916
13471,23,1.0,164.8,163.8,166.4,0,20-49,1.5999999999999943,0.984375
13472,31,4.4,133.0,128.6,133.2,0,20-49,0.19999999999998863,0.9654654654654655
13477,44,5.0,156.2,151.2,159.0,0,20-49,2.8000000000000114,0.950943396226415
13480,22,7.6,118.8,111.2,122.4,0,20-49,3.6000000000000085,0.9084967320261438
13482,41,1.8,181.6,179.79999999999998,183.6,0,20-49,2.0,0.9793028322440086
13483,49,5.8,178.2,172.39999999999998,178.6,0,20-49,0.4000000000000057,0.9652855543113101
13490,12,21.4,150.8,129.4,151.4,0,10-19,0.5999999999999943,0.8546895640686922
13500,41,5.2,178.2,173.0,182.4,0,20-49,4.200000000000017,0.9484649122807017
13503,10,5.0,118.2,113.2,151.8,0,10-19,33.60000000000001,0.7457180500658761
13505,38,12.4,179.4,167.0,180.8,0,20-49,1.4000000000000057,0.9236725663716814
13509,37,13.8,161.6,147.79999999999998,161.8,0,20-49,0.20000000000001705,0.9134734239802224
13511,31,4.6,165.6,161.0,168.6,0,20-49,3.0,0.9549228944246738
13517,27,15.4,142.4,127.0,145.2,0,20-49,2.799999999999983,0.8746556473829202
13528,29,0.2,162.8,162.60000000000002,163.2,0,20-49,0.39999999999997726,0.9963235294117649
13535,28,4.8,143.0,138.2,144.4,0,20-49,1.4000000000000057,0.9570637119113572
13536,19,6.8,121.6,114.8,131.8,0,10-19,10.200000000000017,0.8710166919575113
13538,13,15.0,128.8,113.80000000000001,141.2,0,10-19,12.399999999999977,0.8059490084985838
13543,71,1.6,154.4,152.8,159.0,0,50-99,4.599999999999994,0.9610062893081762
13546,25,3.0,142.4,139.4,143.0,0,20-49,0.5999999999999943,0.9748251748251748
13562,36,5.4,157.4,152.0,158.2,0,20-49,0.799999999999983,0.9608091024020228
13582,17,2.0,116.6,114.6,122.4,0,10-19,5.800000000000011,0.9362745098039215
13583,14,0.0,114.4,114.4,140.8,0,10-19,26.400000000000006,0.8125
13585,40,0.0,155.0,155.0,155.6,0,20-49,0.5999999999999943,0.9961439588688946
13587,32,5.2,135.8,130.60000000000002,137.0,1,20-49,1.1999999999999886,0.9532846715328469
13594,30,7.8,142.2,134.39999999999998,142.6,0,20-49,0.4000000000000057,0.9424964936886394
13605,47,3.8,164.8,161.0,165.2,0,20-49,0.39999999999997726,0.9745762711864407
13607,18,0.0,131.2,131.2,141.4,0,10-19,10.200000000000017,0.9278642149929277
13608,37,4.4,157.6,153.2,157.8,0,20-49,0.20000000000001705,0.97084917617237
13610,42,10.2,174.0,163.8,175.2,0,20-49,1.1999999999999886,0.9349315068493151
13614,13,0.0,129.6,129.6,136.2,0,10-19,6.599999999999994,0.9515418502202644
13618,30,9.6,144.4,134.8,147.0,0,20-49,2.5999999999999943,0.9170068027210885
13619,37,6.8,165.8,159.0,166.0,0,20-49,0.19999999999998863,0.9578313253012049
13623,31,0.8,167.6,166.79999999999998,168.6,0,20-49,1.0,0.98932384341637
13626,14,4.8,146.2,141.39999999999998,152.0,0,10-19,5.800000000000011,0.9302631578947367
13628,79,0.0,176.6,176.6,177.2,0,50-99,0.5999999999999943,0.9966139954853274
13629,14,4.4,157.0,152.6,162.2,0,10-19,5.199999999999989,0.9408138101109741
13646,21,8.2,127.4,119.2,127.8,0,20-49,0.3999999999999915,0.9327073552425665
13650,75,3.4,163.6,160.2,164.8,0,50-99,1.200000000000017,0.9720873786407765
13652,44,3.6,163.2,159.6,164.4,0,20-49,1.200000000000017,0.9708029197080291
13669,12,4.6,126.4,121.80000000000001,130.0,0,10-19,3.5999999999999943,0.936923076923077
13673,47,3.6,168.2,164.6,170.2,0,20-49,2.0,0.9670975323149237
13681,44,5.2,165.8,160.60000000000002,166.2,0,20-49,0.39999999999997726,0.966305655836342
13682,19,2.6,142.8,140.20000000000002,144.4,0,10-19,1.5999999999999943,0.9709141274238228
13683,28,3.8,161.2,157.39999999999998,163.6,0,20-49,2.4000000000000057,0.9621026894865524
13690,29,6.0,171.4,165.4,174.2,0,20-49,2.799999999999983,0.9494833524684272
13692,11,37.6,154.6,117.0,158.2,0,10-19,3.5999999999999943,0.7395701643489254
13696,40,6.8,173.4,166.6,176.0,0,20-49,2.5999999999999943,0.946590909090909
13700,48,0.8,151.8,151.0,156.0,0,20-49,4.199999999999989,0.967948717948718
13703,25,5.0,157.6,152.6,169.0,0,20-49,11.400000000000006,0.9029585798816567
13708,45,2.0,172.8,170.8,173.6,0,20-49,0.799999999999983,0.9838709677419356
13710,36,2.4,166.0,163.6,167.2,0,20-49,1.1999999999999886,0.9784688995215312
13711,32,4.0,151.2,147.2,152.8,0,20-49,1.6000000000000227,0.963350785340314
13717,14,30.0,142.8,112.80000000000001,143.8,0,10-19,1.0,0.78442280945758
13722,28,5.6,144.4,138.8,148.2,0,20-49,3.799999999999983,0.9365721997300946
13737,37,14.2,173.8,159.60000000000002,175.2,0,20-49,1.3999999999999773,0.9109589041095892
13741,32,4.4,143.4,139.0,145.4,0,20-49,2.0,0.9559834938101788
13743,9,6.2,125.4,119.2,149.2,0,5-9,23.799999999999983,0.7989276139410189
13749,48,1.8,155.4,153.6,157.4,0,20-49,2.0,0.9758576874205844
13754,49,0.0,168.6,168.6,171.0,0,20-49,2.4000000000000057,0.9859649122807017
13759,26,5.0,159.6,154.6,160.6,0,20-49,1.0,0.962640099626401
13764,34,3.2,142.6,139.4,164.8,0,20-49,22.200000000000017,0.845873786407767
13773,30,11.0,145.2,134.2,145.4,0,20-49,0.20000000000001705,0.9229711141678129
13790,33,2.4,138.2,135.79999999999998,138.6,0,20-49,0.4000000000000057,0.9797979797979797
13803,44,5.2,162.8,157.60000000000002,163.2,0,20-49,0.39999999999997726,0.9656862745098042
13808,50,2.2,165.0,162.8,165.2,0,50-99,0.19999999999998863,0.9854721549636806
13810,26,25.0,139.6,114.6,139.8,0,20-49,0.20000000000001705,0.8197424892703862
13822,39,0.8,167.0,166.2,168.6,0,20-49,1.5999999999999943,0.9857651245551601
13827,39,2.4,130.0,127.6,133.2,1,20-49,3.1999999999999886,0.957957957957958
13847,33,4.2,167.2,163.0,167.8,0,20-49,0.6000000000000227,0.971394517282479
13868,39,2.6,143.8,141.20000000000002,149.8,0,20-49,6.0,0.9425901201602137
13870,24,13.4,162.6,149.2,174.2,0,20-49,11.599999999999994,0.8564867967853043
13871,50,0.0,158.2,158.2,160.4,1,50-99,2.200000000000017,0.9862842892768079
13872,35,8.0,169.6,161.6,169.8,0,20-49,0.20000000000001705,0.9517078916372201
13880,19,3.8,136.4,132.6,136.8,0,10-19,0.4000000000000057,0.969298245614035
13882,31,0.8,159.2,158.39999999999998,166.8,0,20-49,7.600000000000023,0.9496402877697839
13888,28,0.0,145.2,145.2,146.2,0,20-49,1.0,0.9931600547195623
13896,10,0.2,146.8,146.60000000000002,148.2,0,10-19,1.3999999999999773,0.9892037786774631
13899,23,8.0,139.2,131.2,147.0,0,20-49,7.800000000000011,0.8925170068027211
13930,34,1.8,151.2,149.39999999999998,151.8,0,20-49,0.6000000000000227,0.9841897233201579
13943,30,1.8,145.0,143.2,145.2,0,20-49,0.19999999999998863,0.9862258953168044
13950,30,4.8,154.4,149.6,159.6,0,20-49,5.199999999999989,0.9373433583959899
13963,40,1.0,143.8,142.8,146.8,0,20-49,3.0,0.9727520435967303
13967,37,1.2,142.6,141.4,144.0,0,20-49,1.4000000000000057,0.9819444444444445
13972,26,14.2,142.6,128.4,143.4,0,20-49,0.8000000000000114,0.895397489539749
13973,21,4.6,150.4,145.8,151.8,0,20-49,1.4000000000000057,0.9604743083003953
13980,43,4.0,153.8,149.8,155.6,0,20-49,1.799999999999983,0.962724935732648
14006,36,4.2,148.6,144.4,150.0,0,20-49,1.4000000000000057,0.9626666666666667
14013,8,11.2,119.4,108.2,126.0,0,5-9,6.599999999999994,0.8587301587301588
14023,34,0.0,134.0,134.0,134.6,0,20-49,0.5999999999999943,0.9955423476968797
14028,32,1.2,136.6,135.4,136.8,0,20-49,0.20000000000001705,0.989766081871345
14037,22,5.6,146.6,141.0,149.2,0,20-49,2.5999999999999943,0.9450402144772119
14050,28,6.8,152.2,145.39999999999998,156.4,0,20-49,4.200000000000017,0.9296675191815855
14057,33,1.0,130.2,129.2,135.8,0,20-49,5.600000000000023,0.9513991163475698
14059,34,1.4,126.0,124.6,126.8,0,20-49,0.7999999999999972,0.9826498422712934
14061,33,5.0,132.4,127.4,136.4,0,20-49,4.0,0.9340175953079178
14073,31,9.4,143.0,133.6,149.6,0,20-49,6.599999999999994,0.893048128342246
14078,11,35.2,125.0,89.8,149.8,0,10-19,24.80000000000001,0.5994659546061415
14082,18,3.6,142.4,138.8,144.8,0,10-19,2.4000000000000057,0.9585635359116023
14086,29,6.4,128.2,121.79999999999998,131.6,0,20-49,3.4000000000000057,0.925531914893617
14091,31,4.6,151.6,147.0,152.4,0,20-49,0.8000000000000114,0.9645669291338582
14093,30,12.8,136.6,123.8,140.2,0,20-49,3.5999999999999943,0.8830242510699002
14102,19,4.6,139.0,134.4,139.8,0,10-19,0.8000000000000114,0.9613733905579399
14103,45,2.8,136.8,134.0,139.6,0,20-49,2.799999999999983,0.9598853868194843
14110,10,0.2,43.4,43.199999999999996,144.8,0,10-19,101.4,0.29834254143646405
14111,16,9.6,144.2,134.6,155.4,0,10-19,11.200000000000017,0.8661518661518661
14112,30,2.0,147.4,145.4,147.8,0,20-49,0.4000000000000057,0.9837618403247631
14120,35,17.2,144.0,126.8,146.8,0,20-49,2.8000000000000114,0.8637602179836511
14121,32,2.8,135.8,133.0,136.0,0,20-49,0.19999999999998863,0.9779411764705882
14125,33,7.2,138.8,131.60000000000002,142.2,0,20-49,3.3999999999999773,0.9254571026722928
14131,39,5.4,136.4,131.0,136.6,0,20-49,0.19999999999998863,0.95900439238653
14140,13,3.6,118.6,115.0,122.4,0,10-19,3.8000000000000114,0.9395424836601307
14165,31,0.2,139.0,138.8,144.0,0,20-49,5.0,0.963888888888889
14167,33,4.2,136.6,132.4,136.8,1,20-49,0.20000000000001705,0.9678362573099415
14170,16,49.2,94.8,45.599999999999994,95.8,1,10-19,1.0,0.47599164926931103
14175,61,0.0,136.2,136.2,136.6,0,50-99,0.4000000000000057,0.9970717423133235
14184,37,4.2,144.6,140.4,144.8,0,20-49,0.20000000000001705,0.9696132596685082
14198,28,2.6,137.0,134.4,137.2,0,20-49,0.19999999999998863,0.979591836734694
14210,46,0.0,127.4,127.4,127.6,0,20-49,0.19999999999998863,0.9984326018808778
14237,44,0.4,138.8,138.4,141.4,0,20-49,2.5999999999999943,0.9787835926449788
14244,34,4.2,142.8,138.60000000000002,144.2,0,20-49,1.3999999999999773,0.9611650485436896
14245,26,3.0,123.4,120.4,125.0,0,20-49,1.5999999999999943,0.9632000000000001
14249,16,4.6,130.6,126.0,136.8,1,10-19,6.200000000000017,0.9210526315789473
14252,33,0.0,124.6,124.6,126.0,0,20-49,1.4000000000000057,0.9888888888888888
14254,26,1.2,126.8,125.6,131.8,0,20-49,5.000000000000014,0.9529590288315628
14259,32,1.2,135.4,134.20000000000002,138.0,0,20-49,2.5999999999999943,0.9724637681159422
14265,32,2.8,123.8,121.0,128.4,0,20-49,4.6000000000000085,0.9423676012461059
14274,17,4.6,103.4,98.80000000000001,134.6,0,10-19,31.19999999999999,0.7340267459138189
14281,26,1.8,123.2,121.4,123.6,0,20-49,0.3999999999999915,0.982200647249191
14288,32,4.0,122.2,118.2,123.2,0,20-49,1.0,0.9594155844155844
14290,39,2.4,127.2,124.8,131.2,0,20-49,3.999999999999986,0.951219512195122
14302,30,2.0,126.0,124.0,126.2,0,20-49,0.20000000000000284,0.98256735340729
14303,27,2.4,140.0,137.6,141.2,0,20-49,1.1999999999999886,0.9745042492917847
14306,32,6.6,127.8,121.2,130.4,0,20-49,2.6000000000000085,0.9294478527607362
14308,33,1.0,136.2,135.2,137.0,0,20-49,0.8000000000000114,0.9868613138686131
14309,29,6.2,118.2,112.0,123.2,0,20-49,5.0,0.9090909090909091
14323,57,1.2,128.6,127.39999999999999,129.6,0,50-99,1.0,0.9830246913580246
14327,25,3.6,132.0,128.4,132.8,0,20-49,0.8000000000000114,0.966867469879518
14338,35,6.8,120.4,113.60000000000001,122.4,0,20-49,2.0,0.9281045751633987
14343,22,6.8,120.4,113.60000000000001,124.8,0,20-49,4.3999999999999915,0.9102564102564104
14356,78,10.8,412.4,401.59999999999997,420.0,0,50-99,7.600000000000023,0.9561904761904761
14363,41,7.0,199.4,192.4,207.8,0,20-49,8.400000000000006,0.9258902791145331
14368,38,0.2,416.2,416.0,416.8,0,20-49,0.6000000000000227,0.9980806142034548
14384,39,4.6,172.6,168.0,176.4,0,20-49,3.8000000000000114,0.9523809523809523
14387,58,3.4,346.6,343.20000000000005,354.0,0,50-99,7.399999999999977,0.969491525423729
14388,72,7.2,290.0,282.8,292.0,0,50-99,2.0,0.9684931506849316
14404,88,0.0,400.2,400.2,404.6,0,50-99,4.400000000000034,0.9891250617894216
14407,90,16.0,400.4,384.4,400.6,0,50-99,0.20000000000004547,0.9595606590114827
14417,14,21.0,178.8,157.8,179.8,0,10-19,1.0,0.8776418242491657
14427,43,13.8,212.6,198.79999999999998,216.0,0,20-49,3.4000000000000057,0.9203703703703703
14435,29,1.6,150.8,149.20000000000002,200.6,0,20-49,49.79999999999998,0.7437686939182454
14438,59,0.8,289.8,289.0,291.0,0,50-99,1.1999999999999886,0.993127147766323
14444,38,7.0,213.2,206.2,214.6,0,20-49,1.4000000000000057,0.9608574091332712
14454,48,20.8,383.8,363.0,416.8,0,20-49,33.0,0.8709213051823417
14466,80,6.8,327.6,320.8,327.8,0,50-99,0.19999999999998863,0.9786455155582673
14469,67,9.2,403.2,394.0,410.6,0,50-99,7.400000000000034,0.9595713589868484
14476,71,3.4,354.4,351.0,389.6,0,50-99,35.200000000000045,0.900924024640657
14479,77,10.0,399.4,389.4,399.6,0,50-99,0.20000000000004547,0.9744744744744743
14484,57,4.2,244.8,240.60000000000002,249.0,0,50-99,4.199999999999989,0.9662650602409639
14501,87,9.8,392.6,382.8,396.4,0,50-99,3.7999999999999545,0.9656912209889001
14506,43,4.4,203.0,198.6,206.8,1,20-49,3.8000000000000114,0.960348162475822
14535,52,84.4,404.8,320.4,409.4,0,50-99,4.599999999999966,0.782608695652174
14544,5,33.6,106.2,72.6,141.8,0,5-9,35.60000000000001,0.5119887165021155
14550,53,8.2,289.6,281.40000000000003,291.8,0,50-99,2.1999999999999886,0.9643591501028103
14553,30,2.2,103.2,101.0,108.6,1,20-49,5.3999999999999915,0.9300184162062616
14560,89,1.2,362.0,360.8,381.6,0,50-99,19.600000000000023,0.9454926624737945
14561,53,5.4,410.0,404.6,414.6,0,50-99,4.600000000000023,0.9758803666184274
14565,69,1.4,280.0,278.6,284.2,0,50-99,4.199999999999989,0.9802955665024632
14568,102,2.4,415.4,413.0,416.8,0,100-199,1.400000000000034,0.9908829174664108
14575,34,4.0,179.2,175.2,179.4,0,20-49,0.20000000000001705,0.9765886287625417
14579,32,1.0,297.4,296.4,313.0,0,20-49,15.600000000000023,0.9469648562300319
14583,65,13.2,327.2,314.0,327.6,1,50-99,0.4000000000000341,0.9584859584859584
14585,73,8.0,393.0,385.0,393.4,0,50-99,0.39999999999997726,0.9786476868327403
14592,5,10.6,109.8,99.2,146.2,0,5-9,36.39999999999999,0.6785225718194255
14597,96,0.0,258.2,258.2,261.6,1,50-99,3.400000000000034,0.9870030581039754
14598,30,17.8,362.6,344.8,363.4,0,20-49,0.7999999999999545,0.9488167308750689
14600,51,10.2,268.2,258.0,269.4,1,50-99,1.1999999999999886,0.957683741648107
14618,28,3.0,139.8,136.8,143.4,0,20-49,3.5999999999999943,0.9539748953974896
14619,70,16.6,394.6,378.0,395.2,0,50-99,0.5999999999999659,0.9564777327935223
14636,71,0.4,410.4,410.0,418.2,0,50-99,7.800000000000011,0.9803921568627452
14637,27,9.2,353.0,343.8,390.6,0,20-49,37.60000000000002,0.880184331797235
14650,83,6.0,411.4,405.4,412.4,0,50-99,1.0,0.9830261881668283
14653,33,4.8,206.4,201.6,217.2,0,20-49,10.799999999999983,0.9281767955801106
14665,51,9.2,268.0,258.8,270.8,0,50-99,2.8000000000000114,0.9556868537666174
14674,58,9.6,282.8,273.2,288.2,0,50-99,5.399999999999977,0.9479528105482304
14679,82,15.6,411.6,396.0,411.8,1,50-99,0.19999999999998863,0.9616318601262749
14682,70,3.4,288.4,285.0,289.0,1,50-99,0.6000000000000227,0.986159169550173
14688,91,5.0,377.8,372.8,380.8,0,50-99,3.0,0.9789915966386554
14700,71,3.4,403.8,400.40000000000003,405.8,0,50-99,2.0,0.9866929521931986
14709,59,4.2,308.0,303.8,308.4,0,50-99,0.39999999999997726,0.9850843060959794
14715,35,13.4,192.8,179.4,201.4,0,20-49,8.599999999999994,0.8907646474677259
14724,32,1.2,183.6,182.4,189.8,0,20-49,6.200000000000017,0.9610115911485774
14729,89,8.2,396.8,388.6,399.0,0,50-99,2.1999999999999886,0.9739348370927319
14736,41,2.2,240.0,237.8,242.4,0,20-49,2.4000000000000057,0.981023102310231
14741,86,10.8,381.4,370.59999999999997,381.6,0,50-99,0.20000000000004547,0.9711740041928719
14743,86,14.4,398.2,383.8,402.4,0,50-99,4.199999999999989,0.9537773359840955
14744,91,11.6,395.0,383.4,395.8,0,50-99,0.8000000000000114,0.9686710459828195
14745,90,16.0,393.6,377.6,398.2,0,50-99,4.599999999999966,0.9482672024108489
14757,66,8.6,313.2,304.59999999999997,320.6,0,50-99,7.400000000000034,0.9500935745477228
14761,111,4.4,408.2,403.8,408.8,0,100-199,0.6000000000000227,0.9877690802348337
14769,94,6.2,392.6,386.40000000000003,395.0,0,50-99,2.3999999999999773,0.978227848101266
14777,30,0.8,168.6,167.79999999999998,173.6,0,20-49,5.0,0.966589861751152
14784,50,7.0,235.2,228.2,246.4,0,50-99,11.200000000000017,0.9261363636363635
14788,35,7.0,133.2,126.19999999999999,134.2,0,20-49,1.0,0.940387481371088
14820,45,0.0,385.0,385.0,402.6,0,20-49,17.600000000000023,0.9562841530054644
14832,130,2.4,391.4,389.0,392.8,0,100-199,1.400000000000034,0.990325865580448
14834,31,9.6,239.2,229.6,246.6,1,20-49,7.400000000000006,0.9310624493106245
14845,33,4.8,279.6,274.8,279.8,0,20-49,0.19999999999998863,0.9821300929235168
14848,8,9.4,120.8,111.39999999999999,213.6,0,5-9,92.8,0.5215355805243446
14850,109,5.0,404.2,399.2,405.0,0,100-199,0.8000000000000114,0.985679012345679
14856,94,2.6,373.8,371.2,375.8,0,50-99,2.0,0.9877594465141032
14859,10,0.0,136.2,136.2,144.2,0,10-19,8.0,0.9445214979195562
14861,74,5.0,401.4,396.4,401.6,0,50-99,0.20000000000004547,0.9870517928286852
14862,77,7.2,398.8,391.6,404.6,0,50-99,5.800000000000011,0.967869500741473
14865,105,2.0,372.2,370.2,375.6,0,100-199,3.400000000000034,0.985623003194888
14866,83,2.0,399.0,397.0,400.0,0,50-99,1.0,0.9925
14877,65,8.2,300.8,292.6,319.6,0,50-99,18.80000000000001,0.9155193992490613
14879,95,10.0,403.6,393.6,406.6,0,50-99,3.0,0.9680275454992622
14885,85,7.4,402.0,394.6,404.0,0,50-99,2.0,0.9767326732673268
14887,37,14.8,193.6,178.79999999999998,193.8,0,20-49,0.20000000000001705,0.9226006191950463
14891,76,0.2,407.0,406.8,407.2,0,50-99,0.19999999999998863,0.9990176817288802
14894,42,13.4,206.6,193.2,207.2,0,20-49,0.5999999999999943,0.9324324324324325
14895,45,20.6,404.0,383.4,405.4,0,20-49,1.3999999999999773,0.9457326097681302
14900,92,5.2,330.2,325.0,331.6,1,50-99,1.400000000000034,0.9800965018094089
14903,34,1.8,351.4,349.59999999999997,360.0,0,20-49,8.600000000000023,0.971111111111111
14905,88,7.8,405.2,397.4,405.4,0,50-99,0.19999999999998863,0.9802664035520473
14907,46,12.2,210.6,198.4,222.2,0,20-49,11.599999999999994,0.892889288928893
14916,100,8.4,406.8,398.40000000000003,407.4,0,100-199,0.5999999999999659,0.9779086892488956
14945,6,9.8,102.0,92.2,132.8,0,5-9,30.80000000000001,0.6942771084337349
14955,90,2.6,366.6,364.0,373.6,1,50-99,7.0,0.9743040685224839
14956,53,0.0,143.8,143.8,144.2,0,50-99,0.39999999999997726,0.9972260748959779
14964,80,16.8,392.8,376.0,396.2,0,50-99,3.3999999999999773,0.9490156486622918
14972,52,1.6,301.6,300.0,305.8,0,50-99,4.199999999999989,0.9810333551340745
14977,74,11.6,361.4,349.79999999999995,362.0,0,50-99,0.6000000000000227,0.9662983425414363
14983,17,11.8,236.0,224.2,237.2,0,10-19,1.1999999999999886,0.945193929173693
14984,15,4.4,137.8,133.4,140.8,0,10-19,3.0,0.9474431818181818
14997,86,5.8,382.2,376.4,385.0,0,50-99,2.8000000000000114,0.9776623376623376
14999,85,5.4,399.8,394.40000000000003,400.6,0,50-99,0.8000000000000114,0.9845232151772342
15004,35,6.8,134.4,127.60000000000001,135.6,0,20-49,1.1999999999999886,0.9410029498525074
15005,82,4.8,381.0,376.2,381.4,0,50-99,0.39999999999997726,0.9863660199265862
15012,44,0.8,371.8,371.0,385.4,0,20-49,13.599999999999966,0.962636222106902
15025,57,0.2,296.6,296.40000000000003,311.6,0,50-99,15.0,0.951219512195122
15027,28,13.6,313.0,299.4,314.4,0,20-49,1.3999999999999773,0.9522900763358778
15028,69,2.0,290.0,288.0,293.4,0,50-99,3.3999999999999773,0.98159509202454
15044,91,4.6,378.8,374.2,381.8,0,50-99,3.0,0.9800942902042954
15049,14,7.8,193.0,185.2,196.0,0,10-19,3.0,0.9448979591836734
15058,40,12.0,211.6,199.6,213.2,0,20-49,1.5999999999999943,0.9362101313320825
15062,78,9.2,390.4,381.2,392.6,0,50-99,2.2000000000000455,0.9709628120224146
15067,45,33.0,391.6,358.6,392.8,0,20-49,1.1999999999999886,0.9129327902240326
15099,106,16.8,388.2,371.4,388.8,0,100-199,0.6000000000000227,0.9552469135802468
15104,33,5.0,142.2,137.2,144.4,1,20-49,2.200000000000017,0.9501385041551246
15110,89,1.0,386.2,385.2,388.2,0,50-99,2.0,0.9922720247295209
15115,62,13.2,286.0,272.8,287.2,1,50-99,1.1999999999999886,0.9498607242339834
15116,12,7.6,180.4,172.8,191.0,0,10-19,10.599999999999994,0.9047120418848168
15120,49,4.0,204.8,200.8,205.8,1,20-49,1.0,0.9757045675413022
15132,32,0.6,177.0,176.4,178.2,0,20-49,1.1999999999999886,0.98989898989899
15134,30,4.4,192.0,187.6,195.4,0,20-49,3.4000000000000057,0.9600818833162742
15144,31,11.2,141.4,130.20000000000002,142.4,0,20-49,1.0,0.9143258426966293
15157,39,35.0,293.6,258.6,294.0,1,20-49,0.39999999999997726,0.879591836734694
15159,13,11.4,175.8,164.4,180.8,1,10-19,5.0,0.9092920353982301
15160,56,1.8,193.6,191.79999999999998,195.6,0,50-99,2.0,0.9805725971370143
15163,35,12.0,237.8,225.8,238.0,0,20-49,0.19999999999998863,0.9487394957983194
15166,62,6.0,287.2,281.2,288.0,1,50-99,0.8000000000000114,0.9763888888888889
15170,23,3.4,273.0,269.6,292.2,0,20-49,19.19999999999999,0.9226557152635183
15177,94,0.2,370.8,370.6,371.2,0,50-99,0.39999999999997726,0.9983836206896552
15185,84,4.0,387.0,383.0,390.0,0,50-99,3.0,0.982051282051282
15190,15,14.4,170.8,156.4,179.4,0,10-19,8.599999999999994,0.8717948717948718
15201,26,0.0,136.6,136.6,145.4,0,20-49,8.800000000000011,0.9394773039889958
15211,36,8.6,322.0,313.4,323.6,0,20-49,1.6000000000000227,0.9684796044499381
15224,43,11.8,198.2,186.39999999999998,199.6,0,20-49,1.4000000000000057,0.9338677354709418
15227,76,15.2,326.2,311.0,368.0,0,50-99,41.80000000000001,0.845108695652174
15235,81,0.2,354.2,354.0,383.4,0,50-99,29.19999999999999,0.9233176838810642
15236,17,16.2,261.0,244.8,262.4,1,10-19,1.3999999999999773,0.9329268292682928
15239,64,2.0,249.0,247.0,249.6,1,50-99,0.5999999999999943,0.9895833333333334
15242,34,9.2,205.0,195.8,208.0,0,20-49,3.0,0.9413461538461539
15254,86,9.4,375.6,366.20000000000005,378.8,0,50-99,3.1999999999999886,0.9667370644139388
15284,82,4.6,395.4,390.79999999999995,396.6,0,50-99,1.2000000000000455,0.9853756933938476
15291,28,0.0,146.8,146.8,149.0,0,20-49,2.1999999999999886,0.9852348993288591
15295,54,11.8,264.2,252.39999999999998,270.6,0,50-99,6.400000000000034,0.9327420546932741
15301,62,8.6,275.4,266.79999999999995,276.2,1,50-99,0.8000000000000114,0.9659666908037653
15302,73,3.6,347.4,343.79999999999995,349.4,1,50-99,2.0,0.9839725243274183
15313,60,10.4,393.8,383.40000000000003,394.2,0,50-99,0.39999999999997726,0.9726027397260275
15324,10,5.0,145.2,140.2,165.2,0,10-19,20.0,0.8486682808716707
15327,21,4.4,138.6,134.2,139.0,0,20-49,0.4000000000000057,0.9654676258992805
15332,32,8.6,304.0,295.4,322.0,0,20-49,18.0,0.917391304347826
15334,89,5.6,354.6,349.0,361.4,1,50-99,6.7999999999999545,0.9656889872717211
15337,56,2.8,227.4,224.6,227.6,0,50-99,0.19999999999998863,0.9868189806678384
15340,100,5.0,364.4,359.4,364.8,0,100-199,0.4000000000000341,0.9851973684210525
15348,23,0.0,136.4,136.4,136.6,0,20-49,0.19999999999998863,0.9985358711566619
15350,82,5.0,358.8,353.8,360.6,0,50-99,1.8000000000000114,0.9811425402107599
15361,88,11.2,365.8,354.6,371.4,0,50-99,5.599999999999966,0.9547657512116318
15364,9,12.0,126.8,114.8,130.4,0,5-9,3.6000000000000085,0.8803680981595091
15366,71,7.8,319.0,311.2,327.4,0,50-99,8.399999999999977,0.9505192425167991
15369,23,4.8,81.2,76.4,84.8,1,20-49,3.5999999999999943,0.9009433962264152
15382,93,13.4,397.0,383.6,399.0,0,50-99,2.0,0.9614035087719299
15395,29,12.8,166.4,153.6,166.8,0,20-49,0.4000000000000057,0.9208633093525179
15414,27,24.4,145.0,120.6,145.6,0,20-49,0.5999999999999943,0.8282967032967032
15416,5,20.8,138.6,117.8,143.6,0,5-9,5.0,0.8203342618384402
15420,43,2.8,299.8,297.0,303.0,0,20-49,3.1999999999999886,0.9801980198019802
15433,80,5.0,359.2,354.2,359.8,0,50-99,0.6000000000000227,0.9844357976653696
15434,7,2.0,96.6,94.6,161.0,0,5-9,64.4,0.5875776397515527
15446,12,2.6,179.0,176.4,180.2,0,10-19,1.1999999999999886,0.9789123196448392
15449,38,10.2,252.4,242.20000000000002,253.4,0,20-49,1.0,0.9558011049723757
15452,36,4.0,169.4,165.4,172.4,0,20-49,3.0,0.9593967517401392
15454,41,1.4,369.4,368.0,390.0,0,20-49,20.600000000000023,0.9435897435897436
15461,63,1.4,257.0,255.6,257.4,1,50-99,0.39999999999997726,0.993006993006993
15475,44,29.2,345.6,316.40000000000003,369.0,0,20-49,23.399999999999977,0.8574525745257453
15478,32,10.8,173.2,162.39999999999998,179.6,1,20-49,6.400000000000006,0.9042316258351892
15479,11,9.2,130.0,120.8,143.4,0,10-19,13.400000000000006,0.8423988842398884
15480,51,2.6,180.0,177.4,181.4,0,50-99,1.4000000000000057,0.9779492833517089
15486,14,1.2,172.6,171.4,172.8,0,10-19,0.20000000000001705,0.9918981481481481
15491,22,14.0,130.2,116.19999999999999,156.4,0,20-49,26.200000000000017,0.7429667519181584
15495,34,7.8,169.0,161.2,174.8,0,20-49,5.800000000000011,0.9221967963386727
15506,63,7.0,314.8,307.8,318.4,1,50-99,3.599999999999966,0.966708542713568
15529,14,10.2,171.0,160.8,179.6,0,10-19,8.599999999999994,0.8953229398663698
15532,81,4.0,307.8,303.8,310.6,1,50-99,2.8000000000000114,0.9781068898905344
15533,80,1.6,375.6,374.0,375.8,0,50-99,0.19999999999998863,0.9952102182011708
15537,99,15.4,398.4,383.0,399.6,0,50-99,1.2000000000000455,0.9584584584584585
15539,111,3.2,364.8,361.6,381.2,0,100-199,16.399999999999977,0.9485834207764954
15541,53,30.6,328.6,298.0,334.0,0,50-99,5.399999999999977,0.8922155688622755
15567,23,18.8,214.8,196.0,228.8,0,20-49,14.0,0.8566433566433566
15570,86,9.0,399.0,390.0,399.8,0,50-99,0.8000000000000114,0.9754877438719359
15572,51,28.2,257.0,228.8,270.6,0,50-99,13.600000000000023,0.8455284552845528
15580,113,1.8,377.8,376.0,378.0,0,100-199,0.19999999999998863,0.9947089947089947
15587,53,5.0,288.0,283.0,289.6,1,50-99,1.6000000000000227,0.9772099447513811
15593,31,4.0,117.2,113.2,117.4,1,20-49,0.20000000000000284,0.9642248722316865
15595,82,4.8,390.8,386.0,391.4,0,50-99,0.5999999999999659,0.9862033725089423
15597,59,3.8,338.8,335.0,353.8,0,50-99,15.0,0.9468626342566422
15598,69,26.4,363.0,336.6,363.2,0,50-99,0.19999999999998863,0.9267621145374451
15606,80,0.2,334.6,334.40000000000003,335.4,1,50-99,0.7999999999999545,0.9970184853905786
15615,23,0.0,169.0,169.0,176.8,0,20-49,7.800000000000011,0.9558823529411764
15617,85,5.4,374.8,369.40000000000003,387.8,0,50-99,13.0,0.9525528623001548
15618,17,0.6,204.0,203.4,216.0,0,10-19,12.0,0.9416666666666667
15622,95,5.4,390.4,385.0,393.4,0,50-99,3.0,0.9786476868327403
15630,68,10.8,392.6,381.8,392.8,0,50-99,0.19999999999998863,0.9719959266802444
15636,83,5.0,375.8,370.8,383.0,0,50-99,7.199999999999989,0.9681462140992168
15642,78,1.0,363.2,362.2,364.2,0,50-99,1.0,0.9945085118066996
15651,86,12.2,387.8,375.6,388.0,0,50-99,0.19999999999998863,0.9680412371134022
15652,8,15.4,170.6,155.2,172.2,0,5-9,1.5999999999999943,0.9012775842044135
15653,10,4.0,163.2,159.2,174.4,0,10-19,11.200000000000017,0.9128440366972476
15664,95,4.8,387.2,382.4,387.4,0,50-99,0.19999999999998863,0.9870934434692824
15669,13,0.6,138.8,138.20000000000002,140.6,0,10-19,1.799999999999983,0.9829302987197726
15702,80,11.2,397.0,385.8,397.6,0,50-99,0.6000000000000227,0.9703219315895372
15735,11,9.0,157.4,148.4,157.6,1,10-19,0.19999999999998863,0.9416243654822336
15744,77,6.8,310.4,303.59999999999997,314.4,1,50-99,4.0,0.9656488549618321
15759,34,12.4,324.0,311.6,324.2,0,20-49,0.19999999999998863,0.9611351017890192
15773,58,0.2,380.8,380.6,387.0,0,50-99,6.199999999999989,0.9834625322997417
15790,57,9.0,288.0,279.0,289.6,0,50-99,1.6000000000000227,0.9633977900552485
15802,57,4.0,346.2,342.2,371.0,0,50-99,24.80000000000001,0.9223719676549865
15809,86,9.4,363.6,354.20000000000005,372.8,0,50-99,9.199999999999989,0.9501072961373391
15812,62,10.6,375.6,365.0,383.2,0,50-99,7.599999999999966,0.9525052192066806
15815,70,7.4,282.8,275.40000000000003,285.2,0,50-99,2.3999999999999773,0.9656381486676019
15816,30,23.4,183.4,160.0,186.2,0,20-49,2.799999999999983,0.8592910848549947
15818,12,2.0,86.2,84.2,338.8,0,10-19,252.60000000000002,0.2485242030696576
15822,31,39.4,203.2,163.79999999999998,203.4,0,20-49,0.20000000000001705,0.8053097345132743
15835,85,4.0,382.8,378.8,384.0,0,50-99,1.1999999999999886,0.9864583333333333
15854,74,4.8,363.2,358.4,363.4,0,50-99,0.19999999999998863,0.9862410566868465
15867,61,6.6,307.8,301.2,308.6,0,50-99,0.8000000000000114,0.9760207388204795
15870,69,0.2,285.4,285.2,287.2,0,50-99,1.8000000000000114,0.9930362116991643
15874,48,4.8,251.2,246.39999999999998,251.8,0,20-49,0.6000000000000227,0.9785544082605241
15879,62,12.4,239.6,227.2,244.8,0,50-99,5.200000000000017,0.9281045751633986
15884,73,10.4,372.8,362.40000000000003,377.6,0,50-99,4.800000000000011,0.9597457627118644
15885,74,5.6,364.4,358.79999999999995,368.2,0,50-99,3.8000000000000114,0.9744703965236283
15906,14,15.8,180.6,164.79999999999998,184.0,0,10-19,3.4000000000000057,0.8956521739130434
15910,78,10.6,364.6,354.0,364.8,0,50-99,0.19999999999998863,0.9703947368421052
15912,90,17.0,365.8,348.8,367.0,0,50-99,1.1999999999999886,0.9504087193460491
15913,47,3.8,308.0,304.2,308.6,0,20-49,0.6000000000000227,0.985742060920285
15929,37,4.2,166.6,162.4,170.6,0,20-49,4.0,0.9519343493552169
15931,36,11.0,168.6,157.6,171.4,0,20-49,2.8000000000000114,0.9194865810968494
15935,43,12.6,218.4,205.8,230.4,0,20-49,12.0,0.8932291666666667
15939,152,5.6,386.6,381.0,386.8,0,100-199,0.19999999999998863,0.9850051706308169
15942,39,9.6,202.4,192.8,212.8,1,20-49,10.400000000000006,0.9060150375939849
15944,52,4.0,169.8,165.8,170.0,1,50-99,0.19999999999998863,0.9752941176470589
15961,47,6.0,173.8,167.8,178.4,0,20-49,4.599999999999994,0.9405829596412556
15963,86,9.4,325.8,316.40000000000003,326.6,1,50-99,0.8000000000000114,0.9687691365584814
15966,45,6.4,258.6,252.20000000000002,260.0,1,20-49,1.3999999999999773,0.9700000000000001
15967,40,11.2,213.4,202.20000000000002,216.8,0,20-49,3.4000000000000057,0.9326568265682658
15997,67,10.2,372.4,362.2,388.8,0,50-99,16.400000000000034,0.9315843621399177
16016,17,0.2,125.8,125.6,126.4,0,10-19,0.6000000000000085,0.9936708860759492
16017,8,5.6,145.4,139.8,145.6,0,5-9,0.19999999999998863,0.9601648351648353
16035,10,41.6,208.2,166.6,208.4,0,10-19,0.20000000000001705,0.7994241842610365
16042,15,16.6,176.8,160.20000000000002,180.6,0,10-19,3.799999999999983,0.8870431893687709
16055,82,3.8,387.6,383.8,388.4,0,50-99,0.7999999999999545,0.9881565396498456
16062,21,5.4,120.2,114.8,134.0,0,20-49,13.799999999999997,0.8567164179104477
16065,30,1.4,125.0,123.6,125.4,0,20-49,0.4000000000000057,0.985645933014354
16071,25,5.0,136.8,131.8,140.8,0,20-49,4.0,0.9360795454545454
16111,23,1.0,180.2,179.2,182.6,1,20-49,2.4000000000000057,0.9813800657174151
16115,9,4.4,128.8,124.4,150.0,0,5-9,21.19999999999999,0.8293333333333334
16116,41,6.6,212.2,205.6,216.2,1,20-49,4.0,0.9509713228492137
16120,59,2.0,281.4,279.4,284.0,0,50-99,2.6000000000000227,0.9838028169014084
16124,21,0.0,270.6,270.6,274.6,0,20-49,4.0,0.9854333576110706
16134,119,4.0,371.2,367.2,371.8,0,100-199,0.6000000000000227,0.987627756858526
16136,58,1.4,277.0,275.6,282.2,1,50-99,5.199999999999989,0.9766123316796599
16140,31,2.0,142.2,140.2,142.4,0,20-49,0.20000000000001705,0.9845505617977527
16157,16,15.8,168.0,152.2,176.6,0,10-19,8.599999999999994,0.8618346545866364
16159,28,0.0,128.4,128.4,128.8,1,20-49,0.4000000000000057,0.9968944099378881
16162,50,13.6,265.8,252.20000000000002,266.0,0,50-99,0.19999999999998863,0.9481203007518798
16181,43,1.2,211.4,210.20000000000002,213.8,0,20-49,2.4000000000000057,0.9831618334892424
16185,28,1.4,134.6,133.2,140.8,0,20-49,6.200000000000017,0.9460227272727271
16189,69,3.6,386.4,382.79999999999995,388.4,0,50-99,2.0,0.9855818743563336
16201,27,0.0,160.6,160.6,161.2,0,20-49,0.5999999999999943,0.9962779156327544
16209,6,17.4,132.2,114.79999999999998,135.2,0,5-9,3.0,0.8491124260355029
16216,27,0.0,131.6,131.6,139.4,0,20-49,7.800000000000011,0.9440459110473457
16225,82,7.6,383.6,376.0,384.8,0,50-99,1.1999999999999886,0.9771309771309771
16231,65,6.2,361.8,355.6,364.0,0,50-99,2.1999999999999886,0.976923076923077
16237,20,39.8,347.8,308.0,367.4,0,20-49,19.599999999999966,0.8383233532934132
16238,73,4.6,371.4,366.79999999999995,373.2,0,50-99,1.8000000000000114,0.982851018220793
16240,90,5.0,378.4,373.4,378.8,0,50-99,0.4000000000000341,0.9857444561774023
16244,22,3.8,91.0,87.2,92.4,1,20-49,1.4000000000000057,0.9437229437229437
16245,19,3.2,143.4,140.20000000000002,143.8,0,10-19,0.4000000000000057,0.9749652294853964
16247,62,16.2,321.2,305.0,321.4,0,50-99,0.19999999999998863,0.9489732420659615
16249,9,2.6,161.2,158.6,162.6,0,5-9,1.4000000000000057,0.97539975399754
16275,15,0.0,192.6,192.6,193.0,0,10-19,0.4000000000000057,0.9979274611398964
16291,20,0.0,254.4,254.4,255.0,0,20-49,0.5999999999999943,0.9976470588235294
16292,61,1.2,291.2,290.0,302.4,0,50-99,11.199999999999989,0.9589947089947091
16300,76,10.0,357.2,347.2,360.0,0,50-99,2.8000000000000114,0.9644444444444444
16314,86,5.2,357.2,352.0,380.6,0,50-99,23.400000000000034,0.9248554913294798
16315,83,2.4,375.8,373.40000000000003,378.8,0,50-99,3.0,0.9857444561774024
16328,117,5.6,303.6,298.0,303.8,1,100-199,0.19999999999998863,0.9809084924292297
16335,65,4.8,286.4,281.59999999999997,286.6,1,50-99,0.20000000000004547,0.9825540823447312
16340,18,6.6,148.8,142.20000000000002,149.6,0,10-19,0.799999999999983,0.9505347593582889
16345,6,0.0,94.2,94.2,136.6,0,5-9,42.39999999999999,0.6896046852122988
16348,26,5.6,142.4,136.8,145.6,0,20-49,3.1999999999999886,0.9395604395604397
16350,60,3.4,350.2,346.8,358.4,0,50-99,8.199999999999989,0.9676339285714287
16384,28,18.2,144.6,126.39999999999999,145.0,0,20-49,0.4000000000000057,0.8717241379310344
16392,85,5.8,369.8,364.0,371.6,0,50-99,1.8000000000000114,0.9795479009687835
16402,5,2.8,135.8,133.0,137.2,0,5-9,1.3999999999999773,0.9693877551020409
16417,32,2.8,172.8,170.0,177.4,0,20-49,4.599999999999994,0.9582863585118376
16418,64,1.2,338.8,337.6,355.4,0,50-99,16.599999999999966,0.9499155880697806
16420,95,5.8,361.2,355.4,364.0,0,50-99,2.8000000000000114,0.9763736263736263
16428,65,4.8,301.0,296.2,326.2,0,50-99,25.19999999999999,0.9080318822808093
16432,53,1.4,233.8,232.4,235.6,0,50-99,1.799999999999983,0.9864176570458405
16438,36,8.6,169.4,160.8,172.4,0,20-49,3.0,0.9327146171693735
16448,20,6.0,363.4,357.4,364.4,0,20-49,1.0,0.9807903402854007
16449,73,6.0,337.2,331.2,337.4,0,50-99,0.19999999999998863,0.9816241849436871
16452,74,11.8,387.8,376.0,388.2,0,50-99,0.39999999999997726,0.9685729005667182
16465,50,6.0,235.2,229.2,235.4,1,50-99,0.20000000000001705,0.973661852166525
16467,80,6.2,368.6,362.40000000000003,371.2,0,50-99,2.599999999999966,0.976293103448276
16469,32,0.0,177.4,177.4,179.2,0,20-49,1.799999999999983,0.9899553571428572
16480,9,2.2,133.0,130.8,189.6,0,5-9,56.599999999999994,0.6898734177215191
16483,65,13.4,211.2,197.79999999999998,212.4,0,50-99,1.200000000000017,0.931261770244821
16487,43,7.4,236.0,228.6,238.2,0,20-49,2.1999999999999886,0.9596977329974812
16489,70,11.6,358.2,346.59999999999997,358.4,0,50-99,0.19999999999998863,0.9670758928571428
16501,5,69.0,98.4,29.400000000000006,102.6,1,5-9,4.199999999999989,0.2865497076023393
16502,59,4.8,323.0,318.2,323.6,0,50-99,0.6000000000000227,0.9833127317676142
16505,58,14.0,378.0,364.0,380.6,0,50-99,2.6000000000000227,0.956384655806621
16515,37,3.0,178.0,175.0,181.0,0,20-49,3.0,0.9668508287292817
16518,43,0.4,127.4,127.0,130.2,1,20-49,2.799999999999983,0.9754224270353303
16520,81,6.8,359.6,352.8,360.4,0,50-99,0.7999999999999545,0.9789123196448392
16522,47,13.8,252.0,238.2,255.2,0,20-49,3.1999999999999886,0.9333855799373041
16525,54,19.0,279.6,260.6,282.6,0,50-99,3.0,0.9221514508138712
16526,43,15.2,364.8,349.6,386.6,0,20-49,21.80000000000001,0.9042938437661666
16528,27,0.2,352.8,352.6,353.8,0,20-49,1.0,0.996608253250424
16531,6,21.2,131.0,109.8,138.8,0,5-9,7.800000000000011,0.7910662824207492
16536,27,2.8,143.6,140.79999999999998,145.8,0,20-49,2.200000000000017,0.9657064471879285
16550,40,8.0,217.2,209.2,217.4,0,20-49,0.20000000000001705,0.9622815087396503
16559,98,22.6,325.4,302.79999999999995,326.0,0,50-99,0.6000000000000227,0.9288343558282207
16573,51,18.6,183.4,164.8,186.0,0,50-99,2.5999999999999943,0.8860215053763442
16574,72,6.4,317.6,311.20000000000005,318.8,0,50-99,1.1999999999999886,0.9761606022584693
16578,66,15.8,372.8,357.0,374.0,0,50-99,1.1999999999999886,0.9545454545454546
16587,71,11.6,379.8,368.2,385.0,0,50-99,5.199999999999989,0.9563636363636363
16590,21,3.0,134.2,131.2,135.6,0,20-49,1.4000000000000057,0.967551622418879
16599,46,7.8,206.4,198.6,212.2,0,20-49,5.799999999999983,0.935909519321395
16606,12,10.8,192.6,181.79999999999998,217.2,0,10-19,24.599999999999994,0.8370165745856353
16618,50,8.6,231.6,223.0,233.4,0,50-99,1.8000000000000114,0.9554413024850043
16628,75,1.2,361.0,359.8,370.2,0,50-99,9.199999999999989,0.9719070772555376
16631,67,7.4,321.8,314.40000000000003,322.2,0,50-99,0.39999999999997726,0.9757914338919927
16649,69,5.6,350.6,345.0,364.4,0,50-99,13.799999999999955,0.946761800219539
16653,66,5.8,301.0,295.2,324.8,0,50-99,23.80000000000001,0.9088669950738916
16655,39,5.6,174.8,169.20000000000002,178.2,0,20-49,3.3999999999999773,0.9494949494949496
16657,39,5.2,176.2,171.0,180.4,0,20-49,4.200000000000017,0.9478935698447893
16660,80,4.0,377.6,373.6,378.4,0,50-99,0.7999999999999545,0.9873150105708246
16666,26,0.6,136.8,136.20000000000002,137.0,0,20-49,0.19999999999998863,0.994160583941606
16668,51,9.2,241.6,232.4,246.0,0,50-99,4.400000000000006,0.9447154471544715
16673,47,11.4,229.6,218.2,233.0,0,20-49,3.4000000000000057,0.936480686695279
16689,62,29.8,266.4,236.59999999999997,284.8,0,50-99,18.400000000000034,0.830758426966292
16711,23,3.4,135.8,132.4,138.4,0,20-49,2.5999999999999943,0.9566473988439307
16713,15,14.8,221.6,206.79999999999998,259.0,0,10-19,37.400000000000006,0.7984555984555984
16721,82,4.8,362.8,358.0,367.6,0,50-99,4.800000000000011,0.9738846572361262
16740,26,4.4,144.4,140.0,145.0,0,20-49,0.5999999999999943,0.9655172413793104
16741,17,0.0,185.0,185.0,201.0,0,10-19,16.0,0.9203980099502488
16747,67,2.8,273.0,270.2,275.2,1,50-99,2.1999999999999886,0.9818313953488372
16748,27,12.6,163.0,150.4,168.8,0,20-49,5.800000000000011,0.8909952606635071
16762,32,15.4,359.6,344.20000000000005,361.6,0,20-49,2.0,0.9518805309734514
16764,43,5.4,228.2,222.79999999999998,232.2,0,20-49,4.0,0.9595176571920758
16769,18,4.8,102.4,97.60000000000001,108.0,1,10-19,5.599999999999994,0.9037037037037038
16772,81,1.4,369.2,367.8,374.6,0,50-99,5.400000000000034,0.9818473037907101
16773,131,3.4,384.0,380.6,384.8,0,100-199,0.8000000000000114,0.9890852390852392
16775,88,12.6,367.8,355.2,368.4,0,50-99,0.5999999999999659,0.9641693811074918
16777,42,6.8,211.2,204.39999999999998,213.0,0,20-49,1.8000000000000114,0.9596244131455398
16779,79,7.2,213.6,206.4,214.2,0,50-99,0.5999999999999943,0.9635854341736696
16787,54,10.6,242.8,232.20000000000002,243.8,0,50-99,1.0,0.9524200164068909
16790,74,4.0,354.8,350.8,359.4,0,50-99,4.599999999999966,0.9760712298274904
16813,58,8.6,201.4,192.8,207.2,0,50-99,5.799999999999983,0.9305019305019306
16815,74,4.4,365.6,361.20000000000005,366.8,0,50-99,1.1999999999999886,0.984732824427481
16818,20,10.8,216.0,205.2,218.2,0,20-49,2.1999999999999886,0.9404216315307058
16820,32,0.0,167.8,167.8,168.0,0,20-49,0.19999999999998863,0.9988095238095239
16828,57,4.0,274.4,270.4,291.2,0,50-99,16.80000000000001,0.9285714285714285
16839,113,4.6,354.2,349.59999999999997,358.6,0,100-199,4.400000000000034,0.9749023982152815
16854,10,1.2,149.2,148.0,160.4,0,10-19,11.200000000000017,0.9226932668329176
16863,13,6.0,147.6,141.6,149.6,0,10-19,2.0,0.946524064171123
16867,65,4.8,345.0,340.2,345.8,0,50-99,0.8000000000000114,0.9838056680161943
16869,69,10.0,330.8,320.8,331.0,1,50-99,0.19999999999998863,0.9691842900302116
16878,95,0.8,377.4,376.59999999999997,378.8,0,50-99,1.400000000000034,0.9941921858500526
16879,19,0.0,201.4,201.4,212.0,0,10-19,10.599999999999994,0.9500000000000001
16882,43,4.0,231.8,227.8,235.8,0,20-49,4.0,0.9660729431721798
16886,29,12.2,160.4,148.20000000000002,162.4,0,20-49,2.0,0.9125615763546798
16887,44,27.0,306.0,279.0,359.8,0,20-49,53.80000000000001,0.7754307948860478
16891,65,8.4,363.6,355.20000000000005,364.0,0,50-99,0.39999999999997726,0.9758241758241759
16892,38,4.8,179.8,175.0,182.2,0,20-49,2.3999999999999773,0.9604829857299672
16896,89,4.4,364.8,360.40000000000003,365.4,0,50-99,0.5999999999999659,0.9863163656267107
16897,7,19.6,122.2,102.6,175.4,0,5-9,53.2,0.5849486887115165
16900,77,8.4,364.2,355.8,364.4,0,50-99,0.19999999999998863,0.9763995609220638
16908,11,21.2,163.8,142.60000000000002,166.8,0,10-19,3.0,0.8549160671462831
16912,49,4.6,241.2,236.6,246.2,0,20-49,5.0,0.9610073111291633
16916,72,2.6,357.0,354.4,360.4,1,50-99,3.3999999999999773,0.9833518312985572
16921,6,15.4,122.4,107.0,130.8,0,5-9,8.400000000000006,0.8180428134556574
16928,30,0.0,314.2,314.2,320.6,0,20-49,6.400000000000034,0.9800374298190891
16938,68,5.2,347.4,342.2,350.8,0,50-99,3.400000000000034,0.9754846066134549
16939,90,3.6,353.4,349.79999999999995,353.6,0,50-99,0.20000000000004547,0.9892533936651582
16945,83,22.8,355.0,332.2,357.4,1,50-99,2.3999999999999773,0.9294907666480134
16972,35,11.8,259.6,247.8,262.0,0,20-49,2.3999999999999773,0.9458015267175574
16980,19,0.0,106.4,106.4,133.2,0,10-19,26.799999999999983,0.7987987987987989
16983,65,13.4,369.0,355.6,371.0,0,50-99,2.0,0.9584905660377359
16989,55,8.4,243.2,234.79999999999998,243.6,0,50-99,0.4000000000000057,0.9638752052545155
17003,75,10.4,345.6,335.20000000000005,346.0,0,50-99,0.39999999999997726,0.9687861271676302
17009,85,3.2,370.6,367.40000000000003,372.2,0,50-99,1.599999999999966,0.987103707684041
17013,83,0.2,357.2,357.0,358.6,0,50-99,1.400000000000034,0.9955382041271611
17018,45,3.8,219.0,215.2,242.6,0,20-49,23.599999999999994,0.8870568837592745
17031,26,6.4,139.0,132.6,140.0,0,20-49,1.0,0.9471428571428571
17036,9,16.0,166.0,150.0,173.6,0,5-9,7.599999999999994,0.8640552995391705
17058,52,1.8,208.0,206.2,210.2,1,50-99,2.1999999999999886,0.9809705042816366
17062,55,24.4,297.8,273.40000000000003,298.2,0,50-99,0.39999999999997726,0.9168343393695508
17069,67,0.2,320.2,320.0,360.0,0,50-99,39.80000000000001,0.8888888888888888
17077,32,6.6,166.6,160.0,167.0,0,20-49,0.4000000000000057,0.9580838323353293
17090,89,2.6,338.8,336.2,340.2,0,50-99,1.3999999999999773,0.9882422104644327
17098,82,3.0,298.8,295.8,308.2,0,50-99,9.399999999999977,0.9597663854639845
17100,65,5.0,371.0,366.0,371.4,0,50-99,0.39999999999997726,0.9854604200323103
17107,79,4.6,361.8,357.2,365.0,1,50-99,3.1999999999999886,0.9786301369863013
17121,73,9.2,335.8,326.6,340.2,0,50-99,4.399999999999977,0.9600235155790713
17125,142,18.0,353.8,335.8,355.4,0,100-199,1.599999999999966,0.9448508722566124
17128,38,5.4,173.8,168.4,177.0,0,20-49,3.1999999999999886,0.9514124293785311
17133,26,18.2,360.2,342.0,371.0,0,20-49,10.800000000000011,0.921832884097035
17136,47,0.8,358.4,357.59999999999997,359.2,0,20-49,0.8000000000000114,0.9955456570155902
17154,28,18.4,241.8,223.4,245.4,0,20-49,3.5999999999999943,0.9103504482477588
17155,78,4.2,367.2,363.0,368.4,0,50-99,1.1999999999999886,0.985342019543974
17158,24,4.2,234.6,230.4,235.4,0,20-49,0.8000000000000114,0.9787595581988106
17162,71,18.8,352.4,333.59999999999997,355.4,0,50-99,3.0,0.9386606640405177
17174,28,6.6,164.2,157.6,168.2,0,20-49,4.0,0.9369797859690845
17180,26,12.0,353.8,341.8,364.0,0,20-49,10.199999999999989,0.939010989010989
17183,51,4.2,371.8,367.6,372.2,0,50-99,0.39999999999997726,0.9876410531972059
17187,82,11.0,352.4,341.4,358.2,0,50-99,5.800000000000011,0.9530988274706867
17194,66,3.6,306.4,302.79999999999995,309.2,1,50-99,2.8000000000000114,0.9793014230271667
17199,56,12.8,362.4,349.59999999999997,379.2,0,50-99,16.80000000000001,0.9219409282700421
17201,42,5.6,216.6,211.0,218.0,0,20-49,1.4000000000000057,0.9678899082568807
17202,61,5.0,286.6,281.6,291.4,0,50-99,4.7999999999999545,0.96636925188744
17216,51,4.0,270.6,266.6,302.0,0,50-99,31.399999999999977,0.8827814569536424
17217,42,4.4,209.4,205.0,213.8,0,20-49,4.400000000000006,0.9588400374181477
17239,68,7.0,344.2,337.2,346.4,0,50-99,2.1999999999999886,0.9734411085450346
17244,45,8.8,247.2,238.39999999999998,249.0,0,20-49,1.8000000000000114,0.9574297188755019
17249,36,8.0,347.2,339.2,351.0,0,20-49,3.8000000000000114,0.9663817663817663
17251,91,1.4,368.8,367.40000000000003,375.4,0,50-99,6.599999999999966,0.9786893979754929
17278,75,4.2,323.2,319.0,324.2,0,50-99,1.0,0.9839605181986428
17282,94,6.8,363.4,356.59999999999997,364.6,0,50-99,1.2000000000000455,0.9780581459133295
17286,15,12.2,174.2,162.0,178.4,0,10-19,4.200000000000017,0.9080717488789237
17291,119,8.8,353.2,344.4,355.4,0,100-199,2.1999999999999886,0.9690489589195272
17294,48,2.2,231.8,229.60000000000002,232.8,0,20-49,1.0,0.9862542955326461
17297,77,2.4,342.8,340.40000000000003,356.8,0,50-99,14.0,0.9540358744394619
17300,23,24.0,241.0,217.0,242.4,0,20-49,1.4000000000000057,0.8952145214521452
17309,46,4.2,235.2,231.0,235.4,0,20-49,0.20000000000001705,0.9813084112149533
17333,47,9.8,215.6,205.79999999999998,216.4,0,20-49,0.8000000000000114,0.9510166358595193
17335,144,20.6,350.2,329.59999999999997,350.8,0,100-199,0.6000000000000227,0.9395667046750283
17336,32,11.6,167.8,156.20000000000002,168.6,0,20-49,0.799999999999983,0.9264531435349942
17338,77,14.0,321.4,307.4,322.2,0,50-99,0.8000000000000114,0.9540657976412166
17344,58,6.0,227.4,221.4,232.0,0,50-99,4.599999999999994,0.9543103448275863
17356,39,11.2,367.6,356.40000000000003,369.2,0,20-49,1.599999999999966,0.9653304442036837
17359,32,6.6,175.8,169.20000000000002,178.4,0,20-49,2.5999999999999943,0.9484304932735427
17363,33,5.8,315.2,309.4,328.0,0,20-49,12.800000000000011,0.9432926829268292
17376,46,14.4,216.0,201.6,216.6,0,20-49,0.5999999999999943,0.9307479224376731
17385,14,0.0,156.4,156.4,160.6,0,10-19,4.199999999999989,0.9738480697384808
17386,84,5.2,364.6,359.40000000000003,364.8,0,50-99,0.19999999999998863,0.9851973684210527
17389,29,6.2,174.8,168.60000000000002,178.2,0,20-49,3.3999999999999773,0.9461279461279463
17390,38,0.6,297.6,297.0,334.2,0,20-49,36.599999999999966,0.888689407540395
17401,76,5.6,364.2,358.59999999999997,364.8,0,50-99,0.6000000000000227,0.9830043859649121
17406,84,5.0,365.4,360.4,366.2,0,50-99,0.8000000000000114,0.9841616602949208
17415,48,12.8,270.2,257.4,280.8,0,20-49,10.600000000000023,0.9166666666666665
17417,50,12.2,244.0,231.8,248.6,0,50-99,4.599999999999994,0.9324215607401449
17424,31,10.8,319.6,308.8,326.4,0,20-49,6.7999999999999545,0.9460784313725491
17425,70,20.6,296.8,276.2,302.0,0,50-99,5.199999999999989,0.914569536423841
17427,28,7.2,158.6,151.4,161.6,0,20-49,3.0,0.9368811881188119
17428,70,5.6,358.8,353.2,364.0,0,50-99,5.199999999999989,0.9703296703296703
17435,27,10.8,259.2,248.39999999999998,259.8,0,20-49,0.6000000000000227,0.9561200923787527
17445,22,10.0,281.2,271.2,281.8,0,20-49,0.6000000000000227,0.9623846699787082
17453,153,3.0,358.2,355.2,358.6,0,100-199,0.4000000000000341,0.9905186837702175
17458,28,16.6,158.2,141.6,161.0,0,20-49,2.8000000000000114,0.8795031055900621
17461,49,3.0,291.2,288.2,325.6,0,20-49,34.400000000000034,0.8851351351351351
17479,25,8.4,136.2,127.79999999999998,136.4,0,20-49,0.20000000000001705,0.9369501466275658
17502,51,12.2,299.6,287.40000000000003,300.2,0,50-99,0.5999999999999659,0.9573617588274486
17509,57,3.6,279.6,276.0,281.4,1,50-99,1.7999999999999545,0.9808102345415779
17517,51,8.2,251.8,243.60000000000002,253.6,0,50-99,1.799999999999983,0.9605678233438487
17524,58,8.0,326.4,318.4,327.2,0,50-99,0.8000000000000114,0.9731051344743276
17534,38,0.6,191.4,190.8,205.8,0,20-49,14.400000000000006,0.9271137026239067
17536,72,11.4,351.4,340.0,352.8,0,50-99,1.400000000000034,0.9637188208616779
17537,33,16.4,305.6,289.20000000000005,307.4,0,20-49,1.7999999999999545,0.9407937540663632
17551,78,5.2,350.0,344.8,351.0,0,50-99,1.0,0.9823361823361824
17555,51,4.2,333.8,329.6,364.6,0,50-99,30.80000000000001,0.9040043883708173
17580,63,15.6,310.0,294.4,354.4,0,50-99,44.39999999999998,0.8306997742663657
17582,8,14.6,140.2,125.6,141.2,0,5-9,1.0,0.8895184135977338
17587,15,15.2,206.4,191.20000000000002,211.2,0,10-19,4.799999999999983,0.9053030303030304
17588,70,9.2,316.2,307.0,317.4,0,50-99,1.1999999999999886,0.9672337744171393
17591,14,65.2,255.6,190.39999999999998,266.8,0,10-19,11.200000000000017,0.7136431784107945
17592,43,0.2,226.6,226.4,232.2,0,20-49,5.599999999999994,0.9750215331610681
17616,85,14.8,357.4,342.59999999999997,358.0,0,50-99,0.6000000000000227,0.9569832402234636
17634,50,4.2,365.2,361.0,375.4,0,50-99,10.199999999999989,0.9616409163558871
17635,98,0.6,376.6,376.0,376.8,0,50-99,0.19999999999998863,0.9978768577494692
17661,32,4.6,162.4,157.8,166.8,0,20-49,4.400000000000006,0.9460431654676259
17662,59,4.2,305.6,301.40000000000003,335.8,0,50-99,30.19999999999999,0.8975580702799286
17670,54,4.8,290.0,285.2,291.6,0,50-99,1.6000000000000227,0.9780521262002743
17681,62,4.4,290.8,286.40000000000003,291.6,0,50-99,0.8000000000000114,0.9821673525377229
17682,70,10.8,310.4,299.59999999999997,316.4,0,50-99,6.0,0.9469026548672566
17687,67,9.8,269.4,259.59999999999997,270.2,1,50-99,0.8000000000000114,0.9607698001480384
17691,13,0.0,180.2,180.2,180.8,0,10-19,0.6000000000000227,0.9966814159292035
17702,88,12.2,342.0,329.8,364.0,0,50-99,22.0,0.906043956043956
17703,77,14.0,299.2,285.2,332.0,0,50-99,32.80000000000001,0.8590361445783132
17706,73,2.0,326.8,324.8,327.6,0,50-99,0.8000000000000114,0.9914529914529914
17707,61,0.6,334.2,333.59999999999997,348.2,0,50-99,14.0,0.9580700746697299
17726,43,6.4,208.0,201.6,208.2,0,20-49,0.19999999999998863,0.968299711815562
17727,65,1.6,209.8,208.20000000000002,212.8,0,50-99,3.0,0.9783834586466166
17739,54,13.6,262.6,249.00000000000003,265.2,1,50-99,2.599999999999966,0.9389140271493214
17761,82,3.2,359.4,356.2,363.0,0,50-99,3.6000000000000227,0.981267217630854
17766,66,1.4,366.4,365.0,368.0,0,50-99,1.6000000000000227,0.9918478260869565
17775,39,9.8,136.0,126.2,138.6,0,20-49,2.5999999999999943,0.9105339105339106
17780,23,0.6,131.6,131.0,140.2,0,20-49,8.599999999999994,0.9343794579172612
17781,73,4.4,355.4,351.0,356.6,0,50-99,1.2000000000000455,0.984296130117779
17798,83,0.2,369.8,369.6,370.2,0,50-99,0.39999999999997726,0.9983792544570503
17814,63,8.6,320.8,312.2,324.2,0,50-99,3.3999999999999773,0.9629858112276373
17815,44,24.4,361.6,337.20000000000005,362.0,0,20-49,0.39999999999997726,0.9314917127071825
17817,65,12.8,352.4,339.59999999999997,358.0,0,50-99,5.600000000000023,0.9486033519553072
17818,90,1.8,375.2,373.4,375.8,0,50-99,0.6000000000000227,0.9936136242682276
17827,70,3.8,364.2,360.4,364.8,0,50-99,0.6000000000000227,0.987938596491228
17830,101,3.0,302.8,299.8,303.2,0,100-199,0.39999999999997726,0.9887862796833774
17833,71,10.0,332.6,322.6,333.4,0,50-99,0.7999999999999545,0.9676064787042593
17837,83,1.6,360.4,358.79999999999995,361.8,0,50-99,1.400000000000034,0.9917081260364841
17843,105,11.4,361.2,349.8,361.8,0,100-199,0.6000000000000227,0.966832504145937
17845,5,71.6,132.4,60.80000000000001,144.2,0,5-9,11.799999999999983,0.4216366158113732
17850,148,10.8,358.4,347.59999999999997,359.2,0,100-199,0.8000000000000114,0.9677060133630289
17855,83,16.8,239.6,222.79999999999998,242.0,0,50-99,2.4000000000000057,0.9206611570247933
17856,37,13.0,124.0,111.0,124.8,0,20-49,0.7999999999999972,0.889423076923077
17879,72,16.8,227.2,210.39999999999998,230.6,0,50-99,3.4000000000000057,0.9124024284475281
17910,7,9.2,114.2,105.0,126.8,0,5-9,12.599999999999994,0.8280757097791799
17916,5,2.6,107.6,105.0,145.4,0,5-9,37.80000000000001,0.7221458046767537
17928,31,13.2,329.6,316.40000000000003,335.2,0,20-49,5.599999999999966,0.9439140811455848
17930,82,5.8,356.2,350.4,357.0,0,50-99,0.8000000000000114,0.9815126050420168
17933,60,17.4,340.2,322.8,341.6,0,50-99,1.400000000000034,0.9449648711943793
17938,63,3.4,290.2,286.8,312.4,0,50-99,22.19999999999999,0.9180537772087068
17939,74,18.4,330.0,311.6,335.4,0,50-99,5.399999999999977,0.9290399522957664
17945,35,4.2,172.8,168.60000000000002,173.4,0,20-49,0.5999999999999943,0.9723183391003462
17950,68,4.0,369.8,365.8,371.2,0,50-99,1.3999999999999773,0.9854525862068966
17951,96,4.6,309.4,304.79999999999995,316.6,1,50-99,7.2000000000000455,0.9627289955780162
17973,57,14.8,287.8,273.0,290.0,0,50-99,2.1999999999999886,0.9413793103448276
17975,48,52.8,179.4,126.60000000000001,182.4,0,20-49,3.0,0.6940789473684211
17978,59,24.2,274.8,250.60000000000002,275.4,1,50-99,0.5999999999999659,0.9099491648511258
17980,15,25.2,239.6,214.4,251.0,0,10-19,11.400000000000006,0.854183266932271
17985,34,4.6,137.4,132.8,143.4,0,20-49,6.0,0.9260808926080893
18003,51,4.0,340.6,336.6,345.0,0,50-99,4.399999999999977,0.9756521739130436
18004,41,3.4,216.8,213.4,218.6,0,20-49,1.799999999999983,0.9762122598353157
18006,74,14.6,361.2,346.59999999999997,361.4,0,50-99,0.19999999999998863,0.9590481460985057
18010,52,15.0,288.4,273.4,288.8,0,50-99,0.4000000000000341,0.9466759002770082
18022,24,2.0,134.6,132.6,136.6,0,20-49,2.0,0.9707174231332357
18032,10,0.4,164.0,163.6,164.2,0,10-19,0.19999999999998863,0.9963459196102314
18033,50,9.8,224.2,214.39999999999998,224.4,1,50-99,0.20000000000001705,0.9554367201426024
18035,60,4.8,342.8,338.0,349.0,0,50-99,6.199999999999989,0.9684813753581661
18038,69,9.6,370.4,360.79999999999995,372.0,0,50-99,1.6000000000000227,0.9698924731182794
18045,59,3.6,280.4,276.79999999999995,283.2,1,50-99,2.8000000000000114,0.9774011299435027
18051,69,7.0,364.8,357.8,365.4,0,50-99,0.5999999999999659,0.9792008757526
18057,70,7.6,325.4,317.79999999999995,327.2,0,50-99,1.8000000000000114,0.9712713936430317
18059,34,4.8,166.4,161.6,171.0,0,20-49,4.599999999999994,0.9450292397660819
18075,84,7.0,358.2,351.2,359.8,0,50-99,1.6000000000000227,0.9760978321289605
18086,70,7.8,358.6,350.8,363.4,0,50-99,4.7999999999999545,0.9653274628508531
18098,108,9.6,339.6,330.0,340.8,0,100-199,1.1999999999999886,0.9683098591549295
18100,49,12.0,242.0,230.0,242.4,1,20-49,0.4000000000000057,0.9488448844884488
18105,5,0.2,144.0,143.8,159.0,0,5-9,15.0,0.9044025157232705
18107,74,10.2,359.8,349.6,360.6,0,50-99,0.8000000000000114,0.9694952856350527
18112,40,7.6,211.6,204.0,216.2,1,20-49,4.599999999999994,0.9435707678075856
18116,76,6.2,309.4,303.2,311.4,0,50-99,2.0,0.9736673089274246
18131,69,10.0,355.4,345.4,356.4,0,50-99,1.0,0.9691358024691358
18135,52,3.8,282.2,278.4,284.4,1,50-99,2.1999999999999886,0.9789029535864979
18152,51,14.0,287.2,273.2,287.8,0,50-99,0.6000000000000227,0.9492703266157053
18154,126,8.4,331.8,323.40000000000003,336.6,0,100-199,4.800000000000011,0.9607843137254902
18156,73,9.0,299.4,290.4,349.8,0,50-99,50.400000000000034,0.830188679245283
18167,124,14.0,343.6,329.6,345.0,0,100-199,1.3999999999999773,0.9553623188405798
18170,43,7.4,208.2,200.79999999999998,214.8,1,20-49,6.600000000000023,0.9348230912476722
18175,64,3.4,355.4,352.0,362.0,0,50-99,6.600000000000023,0.9723756906077348
18177,29,12.0,173.6,161.6,178.8,1,20-49,5.200000000000017,0.9038031319910513
18187,55,12.2,177.0,164.8,179.8,0,50-99,2.8000000000000114,0.9165739710789766
18188,6,34.2,174.0,139.8,210.6,0,5-9,36.599999999999994,0.6638176638176639
18194,76,14.0,355.0,341.0,355.2,0,50-99,0.19999999999998863,0.9600225225225225
18195,81,12.4,287.6,275.20000000000005,289.0,1,50-99,1.3999999999999773,0.952249134948097
18206,48,4.6,305.8,301.2,310.6,0,20-49,4.800000000000011,0.9697359948486799
18217,46,4.8,243.8,239.0,249.8,0,20-49,6.0,0.9567654123298639
18219,73,4.4,341.6,337.20000000000005,349.4,0,50-99,7.7999999999999545,0.9650829994275903
18247,63,4.2,352.8,348.6,356.8,0,50-99,4.0,0.977017937219731
18248,10,12.0,133.0,121.0,141.8,0,10-19,8.800000000000011,0.853314527503526
18249,13,24.2,196.6,172.4,211.2,0,10-19,14.599999999999994,0.8162878787878789
18252,66,24.8,344.0,319.2,352.6,0,50-99,8.600000000000023,0.9052750992626204
18264,31,0.0,146.0,146.0,146.2,0,20-49,0.19999999999998863,0.9986320109439125
18278,74,14.8,358.2,343.4,360.8,0,50-99,2.6000000000000227,0.9517738359201773
18282,71,6.0,308.4,302.4,309.0,0,50-99,0.6000000000000227,0.978640776699029
18296,49,5.6,213.8,208.20000000000002,215.2,0,20-49,1.3999999999999773,0.9674721189591079
18297,115,7.0,315.6,308.6,319.8,1,100-199,4.199999999999989,0.9649781113195748
18298,52,5.0,212.4,207.4,212.6,0,50-99,0.19999999999998863,0.9755409219190969
18305,17,15.0,215.2,200.2,215.4,1,10-19,0.20000000000001705,0.9294336118848653
18307,19,9.4,121.2,111.8,121.8,0,10-19,0.5999999999999943,0.9178981937602627
18320,34,13.4,138.8,125.4,139.6,0,20-49,0.799999999999983,0.8982808022922637
18322,74,4.4,339.8,335.40000000000003,345.2,0,50-99,5.399999999999977,0.9716106604866745
18351,53,12.2,354.4,342.2,356.8,0,50-99,2.400000000000034,0.9590807174887892
18354,73,11.0,361.8,350.8,365.6,0,50-99,3.8000000000000114,0.9595185995623632
18356,42,6.6,204.2,197.6,205.6,1,20-49,1.4000000000000057,0.9610894941634242
18359,28,18.0,283.2,265.2,285.8,0,20-49,2.6000000000000227,0.927921623512946
18365,33,11.6,214.2,202.6,217.8,0,20-49,3.6000000000000227,0.9302112029384756
18374,25,26.6,213.2,186.6,216.2,0,20-49,3.0,0.8630897317298798
18375,21,0.0,270.4,270.4,285.6,0,20-49,15.200000000000045,0.9467787114845937
18377,38,3.2,216.4,213.20000000000002,217.4,1,20-49,1.0,0.9806807727690893
18379,7,36.2,94.4,58.2,173.0,0,5-9,78.6,0.33641618497109826
18393,28,5.6,123.4,117.80000000000001,129.6,0,20-49,6.199999999999989,0.9089506172839508
18396,57,3.8,283.0,279.2,326.6,0,50-99,43.60000000000002,0.8548683404776484
18398,41,1.0,305.4,304.4,306.6,0,20-49,1.2000000000000455,0.9928245270711022
18403,57,5.8,353.6,347.8,362.4,0,50-99,8.799999999999955,0.9597130242825608
18411,78,4.6,365.6,361.0,365.8,0,50-99,0.19999999999998863,0.9868780754510661
18412,86,5.6,356.0,350.4,357.0,0,50-99,1.0,0.9815126050420168
18418,47,2.8,275.8,273.0,336.2,0,20-49,60.39999999999998,0.8120166567519334
18422,78,5.8,352.8,347.0,354.4,0,50-99,1.599999999999966,0.9791196388261851
18426,59,4.2,305.8,301.6,315.0,1,50-99,9.199999999999989,0.9574603174603176
18436,50,25.0,347.2,322.2,355.2,0,50-99,8.0,0.9070945945945946
18441,82,4.6,330.6,326.0,332.6,0,50-99,2.0,0.9801563439567047
18450,56,7.8,345.2,337.4,350.2,0,50-99,5.0,0.963449457452884
18458,51,4.8,266.4,261.59999999999997,275.2,0,50-99,8.800000000000011,0.9505813953488371
18459,67,6.2,324.8,318.6,325.8,0,50-99,1.0,0.9779005524861879
18464,33,15.6,275.8,260.2,281.8,0,20-49,6.0,0.9233498935415188
18474,87,6.4,355.6,349.20000000000005,356.4,0,50-99,0.7999999999999545,0.97979797979798
18477,67,4.2,339.0,334.8,343.8,0,50-99,4.800000000000011,0.9738219895287958
18484,22,8.6,133.6,125.0,139.8,0,20-49,6.200000000000017,0.8941344778254648
18495,5,18.8,134.8,116.00000000000001,145.8,0,5-9,11.0,0.7956104252400549
18499,62,12.2,308.4,296.2,312.4,0,50-99,4.0,0.9481434058898848
18509,54,18.6,294.0,275.4,294.6,0,50-99,0.6000000000000227,0.9348268839103868
18510,31,5.4,157.8,152.4,161.8,1,20-49,4.0,0.9419035846724351
18517,58,6.6,277.0,270.4,278.4,0,50-99,1.3999999999999773,0.9712643678160919
18521,23,0.6,139.8,139.20000000000002,144.8,0,20-49,5.0,0.9613259668508287
18528,43,49.6,313.6,264.0,315.0,0,20-49,1.3999999999999773,0.8380952380952381
18532,30,2.6,142.6,140.0,143.8,0,20-49,1.200000000000017,0.9735744089012517
18546,70,2.0,341.4,339.4,346.8,0,50-99,5.400000000000034,0.9786620530565167
18556,40,33.8,327.4,293.59999999999997,328.2,0,20-49,0.8000000000000114,0.8945764777574648
18570,40,0.2,327.0,326.8,337.2,0,20-49,10.199999999999989,0.9691577698695137
18571,64,6.6,305.2,298.59999999999997,311.8,0,50-99,6.600000000000023,0.9576651699807568
18572,66,4.8,329.6,324.8,329.8,0,50-99,0.19999999999998863,0.9848392965433597
18580,49,12.4,216.8,204.4,217.6,1,20-49,0.799999999999983,0.9393382352941178
18583,7,0.4,124.8,124.39999999999999,126.0,0,5-9,1.2000000000000028,0.9873015873015872
18594,8,12.8,140.8,128.0,144.4,0,5-9,3.5999999999999943,0.8864265927977839
18595,7,4.4,125.8,121.39999999999999,129.0,1,5-9,3.200000000000003,0.9410852713178294
18601,18,10.6,164.4,153.8,168.8,0,10-19,4.400000000000006,0.9111374407582938
18604,80,4.8,333.0,328.2,333.8,1,50-99,0.8000000000000114,0.9832234871180346
18605,43,1.0,239.2,238.2,246.0,0,20-49,6.800000000000011,0.9682926829268292
18609,76,0.8,328.4,327.59999999999997,335.0,0,50-99,6.600000000000023,0.977910447761194
18613,26,20.0,327.6,307.6,327.8,0,20-49,0.19999999999998863,0.9383770591824283
18617,22,4.8,119.8,115.0,124.6,0,20-49,4.799999999999997,0.9229534510433387
18625,66,24.6,333.6,309.0,342.4,0,50-99,8.799999999999955,0.9024532710280374
18636,59,9.0,296.8,287.8,302.6,0,50-99,5.800000000000011,0.9510905485789821
18639,45,7.4,354.2,346.8,358.2,0,20-49,4.0,0.9681742043551089
18646,45,8.0,272.2,264.2,278.4,0,20-49,6.199999999999989,0.9489942528735632
18648,32,4.6,171.0,166.4,171.2,0,20-49,0.19999999999998863,0.97196261682243
18655,72,6.6,362.4,355.79999999999995,364.4,0,50-99,2.0,0.9763995609220636
18656,18,19.0,258.8,239.8,259.0,0,10-19,0.19999999999998863,0.9258687258687259
18660,41,6.8,203.2,196.39999999999998,207.0,0,20-49,3.8000000000000114,0.9487922705314008
18682,28,0.0,138.2,138.2,138.8,0,20-49,0.6000000000000227,0.9956772334293946
18684,43,16.2,201.8,185.60000000000002,204.6,0,20-49,2.799999999999983,0.9071358748778104
18685,46,12.6,216.8,204.20000000000002,218.2,0,20-49,1.3999999999999773,0.9358386801099909
18689,15,0.6,326.6,326.0,328.8,0,10-19,2.1999999999999886,0.9914841849148418
18700,73,11.8,219.2,207.39999999999998,223.4,1,50-99,4.200000000000017,0.9283795881826319
18707,9,0.0,128.0,128.0,132.2,0,5-9,4.199999999999989,0.968229954614221
18713,27,7.0,172.4,165.4,173.2,0,20-49,0.799999999999983,0.9549653579676676
18718,15,0.2,198.8,198.60000000000002,206.6,0,10-19,7.799999999999983,0.9612778315585674
18726,77,0.6,354.4,353.79999999999995,359.8,0,50-99,5.400000000000034,0.9833240689271816
18728,22,14.8,352.6,337.8,357.0,0,20-49,4.399999999999977,0.9462184873949581
18735,46,49.2,287.0,237.8,288.2,0,20-49,1.1999999999999886,0.8251214434420542
18740,63,53.2,288.6,235.40000000000003,289.8,1,50-99,1.1999999999999886,0.8122843340234646
18757,79,8.0,355.2,347.2,355.6,0,50-99,0.4000000000000341,0.9763779527559054
18760,78,8.2,358.2,350.0,358.6,0,50-99,0.4000000000000341,0.9760178471834913
18767,23,0.0,115.0,115.0,125.4,0,20-49,10.400000000000006,0.9170653907496013
18779,37,5.2,158.0,152.8,158.2,1,20-49,0.19999999999998863,0.9658659924146651
18789,69,1.0,357.6,356.6,360.8,0,50-99,3.1999999999999886,0.988359201773836
18804,69,5.0,336.4,331.4,336.8,0,50-99,0.4000000000000341,0.9839667458432303
18812,64,9.0,288.0,279.0,290.4,1,50-99,2.3999999999999773,0.9607438016528926
18817,49,12.6,248.8,236.20000000000002,249.6,0,20-49,0.799999999999983,0.9463141025641026
18825,49,4.6,252.0,247.4,255.4,0,20-49,3.4000000000000057,0.9686765857478465
18827,44,5.2,217.0,211.8,217.4,0,20-49,0.4000000000000057,0.9742410303587856
18836,45,0.0,289.4,289.4,290.4,0,20-49,1.0,0.9965564738292011
18841,21,6.8,126.6,119.8,129.0,1,20-49,2.4000000000000057,0.9286821705426357
18848,10,23.0,128.4,105.4,131.6,0,10-19,3.1999999999999886,0.8009118541033435
18851,13,3.8,149.8,146.0,163.8,0,10-19,14.0,0.8913308913308913
18854,65,10.4,343.4,333.0,349.0,0,50-99,5.600000000000023,0.9541547277936963
18856,39,9.8,322.6,312.8,322.8,0,20-49,0.19999999999998863,0.9690210656753407
18872,41,1.0,199.6,198.6,205.4,0,20-49,5.800000000000011,0.9668938656280428
18881,23,3.8,137.2,133.39999999999998,141.0,0,20-49,3.8000000000000114,0.9460992907801417
18886,75,3.0,327.2,324.2,329.8,0,50-99,2.6000000000000227,0.9830200121285627
18892,70,6.2,352.8,346.6,353.0,0,50-99,0.19999999999998863,0.9818696883852692
18899,27,8.4,138.6,130.2,139.4,0,20-49,0.8000000000000114,0.934002869440459
18900,36,12.8,311.8,299.0,316.2,0,20-49,4.399999999999977,0.9456040480708413
18903,65,13.8,321.4,307.59999999999997,330.6,0,50-99,9.200000000000045,0.9304295220810646
18904,56,13.6,281.0,267.4,284.2,0,50-99,3.1999999999999886,0.9408866995073891
18908,5,11.0,74.2,63.2,127.0,0,5-9,52.8,0.4976377952755906
18909,75,8.6,342.4,333.79999999999995,344.8,0,50-99,2.400000000000034,0.9680974477958235
18927,76,6.4,355.2,348.8,355.6,0,50-99,0.4000000000000341,0.9808773903262092
18928,83,9.2,357.4,348.2,359.4,0,50-99,2.0,0.9688369504730105
18938,48,22.0,334.0,312.0,353.6,0,20-49,19.600000000000023,0.8823529411764706
18959,85,4.0,351.6,347.6,351.8,0,50-99,0.19999999999998863,0.9880613985218875
18962,15,0.0,249.4,249.4,250.0,0,10-19,0.5999999999999943,0.9976
18966,9,5.0,122.8,117.8,123.0,0,5-9,0.20000000000000284,0.9577235772357723
18968,54,10.0,290.2,280.2,311.2,0,50-99,21.0,0.9003856041131105
18987,25,18.8,238.6,219.79999999999998,248.2,0,20-49,9.599999999999994,0.8855761482675262
18988,62,6.2,291.0,284.8,291.8,0,50-99,0.8000000000000114,0.976010966415353
18997,8,2.8,125.6,122.8,139.6,1,5-9,14.0,0.8796561604584527
18999,22,11.2,342.6,331.40000000000003,342.8,0,20-49,0.19999999999998863,0.9667444574095684
19009,88,9.0,340.6,331.6,340.8,0,50-99,0.19999999999998863,0.9730046948356808
19010,61,3.2,278.2,275.0,284.0,1,50-99,5.800000000000011,0.9683098591549296
19012,27,7.4,140.4,133.0,143.0,0,20-49,2.5999999999999943,0.9300699300699301
19013,87,9.6,363.2,353.59999999999997,364.8,0,50-99,1.6000000000000227,0.969298245614035
19021,79,12.2,344.6,332.40000000000003,348.2,0,50-99,3.599999999999966,0.9546237794371052
19023,66,16.0,323.6,307.6,324.2,0,50-99,0.5999999999999659,0.9487970388648983
19027,59,0.6,322.6,322.0,327.4,0,50-99,4.7999999999999545,0.9835064141722664
19038,7,12.0,129.4,117.4,143.8,0,5-9,14.400000000000006,0.8164116828929068
19041,8,9.6,133.4,123.80000000000001,138.6,0,5-9,5.199999999999989,0.8932178932178934
19042,77,12.6,342.8,330.2,343.0,1,50-99,0.19999999999998863,0.9626822157434402
19072,37,0.0,341.2,341.2,347.8,0,20-49,6.600000000000023,0.9810235767682576
19075,111,2.2,353.4,351.2,355.0,0,100-199,1.6000000000000227,0.9892957746478873
19086,26,11.2,110.8,99.6,111.4,1,20-49,0.6000000000000085,0.8940754039497306
19090,74,2.8,354.8,352.0,355.8,0,50-99,1.0,0.9893198426082068
19091,26,9.6,138.4,128.8,146.6,0,20-49,8.199999999999989,0.8785811732605731
19095,11,0.8,136.2,135.39999999999998,143.2,0,10-19,7.0,0.9455307262569832
19100,91,3.8,353.0,349.2,355.6,0,50-99,2.6000000000000227,0.982002249718785
19106,44,4.6,182.2,177.6,183.6,1,20-49,1.4000000000000057,0.9673202614379085
19111,78,8.2,355.8,347.6,356.0,0,50-99,0.19999999999998863,0.9764044943820225
19126,41,4.4,212.0,207.6,212.8,0,20-49,0.8000000000000114,0.975563909774436
19130,58,1.2,293.2,292.0,308.2,0,50-99,15.0,0.9474367293964958
19131,74,13.0,309.0,296.0,309.6,0,50-99,0.6000000000000227,0.9560723514211885
19133,68,2.8,343.0,340.2,350.8,0,50-99,7.800000000000011,0.9697833523375142
19139,85,0.0,307.6,307.6,308.2,0,50-99,0.5999999999999659,0.9980532121998703
19140,10,16.0,144.2,128.2,146.2,0,10-19,2.0,0.8768809849521204
19154,15,17.4,207.2,189.79999999999998,210.2,0,10-19,3.0,0.9029495718363463
19156,73,12.2,311.2,299.0,312.0,0,50-99,0.8000000000000114,0.9583333333333334
19169,31,14.0,170.2,156.2,176.4,1,20-49,6.200000000000017,0.8854875283446711
19170,77,0.0,255.2,255.2,255.4,0,50-99,0.20000000000001705,0.9992169146436961
19175,80,5.4,337.0,331.6,337.6,0,50-99,0.6000000000000227,0.9822274881516587
19179,59,0.0,283.8,283.8,285.0,0,50-99,1.1999999999999886,0.9957894736842106
19181,40,3.0,167.4,164.4,168.4,0,20-49,1.0,0.9762470308788599
19182,89,0.4,354.8,354.40000000000003,355.0,0,50-99,0.19999999999998863,0.9983098591549296
19203,33,6.0,336.4,330.4,336.6,0,20-49,0.20000000000004547,0.9815805109922756
19213,55,9.0,259.2,250.2,287.2,0,50-99,28.0,0.8711699164345403
19214,15,0.0,120.0,120.0,134.0,1,10-19,14.0,0.8955223880597015
19216,77,0.0,357.4,357.4,357.6,0,50-99,0.20000000000004547,0.9994407158836688
19221,40,14.0,207.2,193.2,210.0,0,20-49,2.8000000000000114,0.9199999999999999
19226,66,8.8,329.4,320.59999999999997,329.8,0,50-99,0.4000000000000341,0.9721043056397816
19227,24,9.8,328.2,318.4,328.8,0,20-49,0.6000000000000227,0.9683698296836982
19237,27,10.4,164.6,154.2,167.6,1,20-49,3.0,0.9200477326968973
19238,70,0.6,326.2,325.59999999999997,326.4,0,50-99,0.19999999999998863,0.9975490196078431
19239,76,5.0,340.2,335.2,340.8,0,50-99,0.6000000000000227,0.9835680751173709
19248,78,6.2,332.4,326.2,335.2,0,50-99,2.8000000000000114,0.9731503579952268
19263,24,13.6,325.2,311.59999999999997,332.2,0,20-49,7.0,0.937989163154726
19265,46,2.2,220.6,218.4,225.4,0,20-49,4.800000000000011,0.968944099378882
19268,74,10.4,335.8,325.40000000000003,336.2,0,50-99,0.39999999999997726,0.967876264128495
19277,68,6.0,293.2,287.2,293.6,1,50-99,0.4000000000000341,0.9782016348773841
19279,33,1.0,141.2,140.2,146.0,1,20-49,4.800000000000011,0.9602739726027396
19285,67,3.6,343.8,340.2,345.0,0,50-99,1.1999999999999886,0.986086956521739
19299,26,4.0,142.6,138.6,143.6,0,20-49,1.0,0.9651810584958217
19321,77,9.6,280.0,270.4,280.2,1,50-99,0.19999999999998863,0.9650249821556031
19332,82,1.0,341.4,340.4,341.6,0,50-99,0.20000000000004547,0.996487119437939
19333,15,13.4,175.6,162.2,177.2,0,10-19,1.5999999999999943,0.9153498871331829
19340,60,3.8,288.8,285.0,290.2,0,50-99,1.3999999999999773,0.9820813232253619
19342,36,11.2,211.4,200.20000000000002,213.2,1,20-49,1.799999999999983,0.9390243902439026
19348,73,4.4,282.2,277.8,282.8,0,50-99,0.6000000000000227,0.9823196605374823
19349,7,11.2,138.0,126.8,147.4,0,5-9,9.400000000000006,0.8602442333785617
19350,70,1.6,329.2,327.59999999999997,331.6,0,50-99,2.400000000000034,0.9879372738238841
19351,66,5.0,317.8,312.8,323.0,0,50-99,5.199999999999989,0.968421052631579
19360,38,3.6,218.8,215.20000000000002,219.2,0,20-49,0.39999999999997726,0.9817518248175183
19361,40,0.4,211.8,211.4,212.2,0,20-49,0.39999999999997726,0.996229971724788
19366,89,5.0,349.0,344.0,351.2,0,50-99,2.1999999999999886,0.979498861047836
19369,12,13.4,131.4,118.0,131.6,1,10-19,0.19999999999998863,0.8966565349544073
19376,14,19.8,145.2,125.39999999999999,152.4,1,10-19,7.200000000000017,0.8228346456692912
19381,86,0.0,342.0,342.0,345.6,0,50-99,3.6000000000000227,0.9895833333333333
19386,90,24.6,346.6,322.0,347.2,0,50-99,0.5999999999999659,0.9274193548387097
19388,38,6.0,282.8,276.8,321.2,0,20-49,38.39999999999998,0.8617683686176838
19392,53,5.2,283.4,278.2,323.4,0,50-99,40.0,0.860235003092146
19394,8,2.6,134.8,132.20000000000002,139.2,0,5-9,4.399999999999977,0.9497126436781611
19399,16,14.4,135.0,120.6,140.4,0,10-19,5.400000000000006,0.8589743589743589
19405,83,10.6,291.2,280.59999999999997,291.4,0,50-99,0.19999999999998863,0.9629375428963624
19423,25,5.0,135.8,130.8,137.2,0,20-49,1.3999999999999773,0.9533527696793005
19426,83,31.8,352.4,320.59999999999997,354.0,0,50-99,1.6000000000000227,0.9056497175141242
19427,74,65.0,330.4,265.4,337.4,0,50-99,7.0,0.7866034380557202
19431,91,29.8,288.8,259.0,304.2,0,50-99,15.399999999999977,0.851413543721236
19433,30,6.6,174.6,168.0,179.2,0,20-49,4.599999999999994,0.9375000000000001
19450,30,50.6,313.8,263.2,316.2,0,20-49,2.3999999999999773,0.8323845667299178
19452,64,0.8,327.6,326.8,329.2,0,50-99,1.599999999999966,0.9927095990279466
19459,60,11.8,284.4,272.59999999999997,284.8,0,50-99,0.4000000000000341,0.9571629213483145
19466,96,12.6,342.4,329.79999999999995,344.4,0,50-99,2.0,0.9576074332171892
19471,27,2.2,142.8,140.60000000000002,143.2,0,20-49,0.39999999999997726,0.9818435754189947
19494,7,1.6,127.2,125.60000000000001,139.4,0,5-9,12.200000000000003,0.9010043041606887
19507,74,0.0,311.8,311.8,314.2,0,50-99,2.3999999999999773,0.9923615531508594
19509,12,83.6,235.0,151.4,240.8,0,10-19,5.800000000000011,0.6287375415282392
19512,72,9.4,340.8,331.40000000000003,341.8,0,50-99,1.0,0.9695728496196607
19520,105,2.4,341.0,338.6,342.4,0,100-199,1.3999999999999773,0.9889018691588787
19529,78,4.8,339.6,334.8,341.4,0,50-99,1.7999999999999545,0.9806678383128297
19530,25,4.6,248.6,244.0,253.4,0,20-49,4.800000000000011,0.962904498816101
19546,47,6.8,322.0,315.2,323.8,0,20-49,1.8000000000000114,0.9734403953057442
19547,56,0.0,255.6,255.6,261.8,1,50-99,6.200000000000017,0.9763177998472116
19548,68,3.8,309.6,305.8,312.2,0,50-99,2.599999999999966,0.9795003203074952
19551,62,30.6,295.6,265.0,299.2,1,50-99,3.599999999999966,0.8856951871657754
19557,72,6.8,345.8,339.0,351.8,0,50-99,6.0,0.9636156907333712
19559,33,13.2,189.6,176.4,197.4,0,20-49,7.800000000000011,0.8936170212765957
19560,69,14.8,296.2,281.4,296.4,0,50-99,0.19999999999998863,0.9493927125506073
19566,72,4.4,333.0,328.6,334.0,0,50-99,1.0,0.9838323353293413
19567,62,4.6,345.2,340.59999999999997,354.2,0,50-99,9.0,0.9616036137775268
19570,26,7.6,145.0,137.4,149.4,1,20-49,4.400000000000006,0.9196787148594378
19575,85,10.6,263.2,252.6,267.8,0,50-99,4.600000000000023,0.9432412247946228
19576,81,2.2,308.2,306.0,311.6,0,50-99,3.400000000000034,0.9820282413350448
19580,79,6.6,354.6,348.0,356.2,0,50-99,1.599999999999966,0.9769792251544077
19581,64,0.0,335.8,335.8,336.8,0,50-99,1.0,0.9970308788598575
19599,46,6.2,250.2,244.0,250.6,0,20-49,0.4000000000000057,0.9736632083000798
19609,61,20.2,313.6,293.40000000000003,314.6,0,50-99,1.0,0.9326128417037508
19613,28,6.2,146.2,140.0,148.2,0,20-49,2.0,0.9446693657219973
19619,20,0.0,120.8,120.8,122.6,0,20-49,1.7999999999999972,0.9853181076672105
19624,35,19.4,290.8,271.40000000000003,291.6,1,20-49,0.8000000000000114,0.930727023319616
19629,93,6.2,337.2,331.0,337.4,0,50-99,0.19999999999998863,0.9810314167160641
19640,39,9.2,321.2,312.0,321.8,0,20-49,0.6000000000000227,0.9695463020509633
19641,70,13.4,338.0,324.6,338.6,0,50-99,0.6000000000000227,0.958653278204371
19651,43,5.0,207.8,202.8,210.8,0,20-49,3.0,0.9620493358633776
19658,55,9.0,288.2,279.2,293.6,0,50-99,5.400000000000034,0.9509536784741144
19667,78,11.8,263.4,251.59999999999997,266.2,0,50-99,2.8000000000000114,0.9451540195341848
19674,90,6.2,271.6,265.40000000000003,272.2,1,50-99,0.5999999999999659,0.9750183688464366
19675,21,8.4,111.2,102.8,112.0,1,20-49,0.7999999999999972,0.9178571428571428
19694,34,13.2,191.2,178.0,200.2,0,20-49,9.0,0.8891108891108892
19698,25,23.2,145.2,121.99999999999999,149.6,1,20-49,4.400000000000006,0.8155080213903743
19706,54,11.8,285.2,273.4,285.4,0,50-99,0.19999999999998863,0.9579537491240364
19710,81,10.6,346.8,336.2,351.2,0,50-99,4.399999999999977,0.9572892938496583
19713,63,1.8,340.0,338.2,345.0,0,50-99,5.0,0.9802898550724637
19716,59,7.8,345.6,337.8,345.8,0,50-99,0.19999999999998863,0.9768652400231348
19722,26,8.6,194.0,185.4,205.8,0,20-49,11.800000000000011,0.9008746355685131
19723,60,4.2,340.4,336.2,343.4,0,50-99,3.0,0.9790331974373908
19725,25,7.6,131.6,124.0,133.2,1,20-49,1.5999999999999943,0.930930930930931
19737,29,6.4,194.4,188.0,211.2,1,20-49,16.799999999999983,0.8901515151515152
19744,66,8.2,290.4,282.2,290.6,0,50-99,0.20000000000004547,0.9710942876806606
19753,16,0.4,201.2,200.79999999999998,236.2,0,10-19,35.0,0.8501270110076207
19761,56,9.0,290.4,281.4,291.2,0,50-99,0.8000000000000114,0.9663461538461539
19763,50,9.0,225.8,216.8,226.0,0,50-99,0.19999999999998863,0.9592920353982302
19767,25,0.6,138.0,137.4,141.4,0,20-49,3.4000000000000057,0.9717114568599717
19769,119,6.2,316.6,310.40000000000003,317.0,0,100-199,0.39999999999997726,0.9791798107255522
19775,63,13.2,212.2,199.0,213.2,0,50-99,1.0,0.9333958724202627
19778,67,1.6,304.6,303.0,304.8,1,50-99,0.19999999999998863,0.9940944881889764
19784,37,13.4,214.6,201.2,215.8,0,20-49,1.200000000000017,0.9323447636700648
19787,52,9.0,227.8,218.8,230.4,0,50-99,2.5999999999999943,0.9496527777777778
19799,27,1.8,132.2,130.39999999999998,137.2,0,20-49,5.0,0.9504373177842564
19801,95,8.4,350.4,342.0,353.2,0,50-99,2.8000000000000114,0.9682899207248018
19802,33,3.4,141.4,138.0,145.6,0,20-49,4.199999999999989,0.9478021978021979
19810,27,4.2,140.2,136.0,143.6,0,20-49,3.4000000000000057,0.947075208913649
19817,17,18.2,127.4,109.2,127.6,0,10-19,0.19999999999998863,0.8557993730407524
19818,47,26.2,278.8,252.60000000000002,283.6,0,20-49,4.800000000000011,0.8906911142454161
19826,63,51.8,276.4,224.59999999999997,287.4,0,50-99,11.0,0.7814892136395267
19836,55,8.4,289.8,281.40000000000003,290.0,0,50-99,0.19999999999998863,0.970344827586207
19872,52,13.2,337.4,324.2,343.4,0,50-99,6.0,0.9440885264997089
19885,42,5.6,293.8,288.2,294.6,0,20-49,0.8000000000000114,0.9782756279701289
19893,33,7.0,331.6,324.6,333.0,0,20-49,1.3999999999999773,0.9747747747747748
19905,47,2.4,218.6,216.2,219.4,1,20-49,0.8000000000000114,0.9854147675478577
19909,55,5.4,209.6,204.2,212.6,0,50-99,3.0,0.960489181561618
19929,52,3.4,229.4,226.0,232.2,0,50-99,2.799999999999983,0.9732988802756245
19931,62,6.6,334.6,328.0,351.0,0,50-99,16.399999999999977,0.9344729344729344
19933,60,1.0,331.2,330.2,332.0,0,50-99,0.8000000000000114,0.994578313253012
19944,67,4.4,308.2,303.8,308.8,0,50-99,0.6000000000000227,0.9838082901554405
19947,28,5.0,139.4,134.4,144.0,0,20-49,4.599999999999994,0.9333333333333333
19949,61,11.6,334.4,322.79999999999995,336.0,0,50-99,1.6000000000000227,0.9607142857142856
19951,71,12.4,337.6,325.20000000000005,340.4,0,50-99,2.7999999999999545,0.9553466509988251
19957,68,6.4,339.4,333.0,340.0,0,50-99,0.6000000000000227,0.9794117647058823
19963,64,6.2,319.4,313.2,322.6,0,50-99,3.2000000000000455,0.9708617482951022
19969,49,3.2,288.4,285.2,289.8,0,20-49,1.400000000000034,0.9841269841269841
19974,15,0.0,274.8,274.8,308.0,0,10-19,33.19999999999999,0.8922077922077922
19979,67,6.2,321.2,315.0,324.6,0,50-99,3.400000000000034,0.9704251386321626
19991,76,2.6,347.0,344.4,347.2,0,50-99,0.19999999999998863,0.9919354838709677
20004,80,0.8,318.4,317.59999999999997,322.8,0,50-99,4.400000000000034,0.9838909541511771
20024,74,17.4,288.8,271.40000000000003,290.6,0,50-99,1.8000000000000114,0.9339298004129388
20026,68,8.6,332.6,324.0,334.6,0,50-99,2.0,0.9683203825463239
20027,69,0.0,283.4,283.4,284.8,0,50-99,1.400000000000034,0.9950842696629212
20030,76,7.0,336.6,329.6,338.0,0,50-99,1.3999999999999773,0.9751479289940829
20042,64,12.6,246.8,234.20000000000002,251.0,1,50-99,4.199999999999989,0.9330677290836654
20043,73,0.0,297.6,297.6,301.8,0,50-99,4.199999999999989,0.9860834990059643
20047,113,12.6,309.4,296.79999999999995,312.6,0,100-199,3.2000000000000455,0.949456174024312
20051,6,11.8,144.4,132.6,144.8,0,5-9,0.4000000000000057,0.9157458563535911
20053,39,11.8,299.2,287.4,302.2,0,20-49,3.0,0.9510258107213765
20060,27,4.8,146.2,141.39999999999998,147.6,0,20-49,1.4000000000000057,0.9579945799457994
20063,56,2.6,307.2,304.59999999999997,326.8,0,50-99,19.600000000000023,0.9320685434516522
20071,49,20.0,316.6,296.6,317.4,0,20-49,0.7999999999999545,0.9344675488342786
20079,66,13.2,298.8,285.6,305.2,0,50-99,6.399999999999977,0.9357798165137616
20084,67,11.4,289.0,277.6,290.2,1,50-99,1.1999999999999886,0.9565816678153
20134,92,9.8,341.4,331.59999999999997,343.6,0,50-99,2.2000000000000455,0.9650756693830034
20156,27,5.0,133.8,128.8,135.8,0,20-49,2.0,0.9484536082474226
20158,18,0.4,239.8,239.4,241.4,0,10-19,1.5999999999999943,0.9917149958574979
20160,18,0.0,325.0,325.0,328.2,0,10-19,3.1999999999999886,0.9902498476538696
20163,34,6.8,247.0,240.2,250.6,0,20-49,3.5999999999999943,0.9584996009577015
20169,82,5.2,336.0,330.8,341.6,0,50-99,5.600000000000023,0.968384074941452
20171,103,10.2,302.8,292.6,313.8,0,100-199,11.0,0.9324410452517528
20172,5,59.8,139.4,79.60000000000001,145.6,0,5-9,6.199999999999989,0.5467032967032968
20175,84,15.2,246.6,231.4,248.0,0,50-99,1.4000000000000057,0.9330645161290323
20178,82,6.4,351.2,344.8,352.0,0,50-99,0.8000000000000114,0.9795454545454546
20180,23,1.0,135.4,134.4,139.4,0,20-49,4.0,0.9641319942611191
20185,20,2.0,212.4,210.4,212.6,0,20-49,0.19999999999998863,0.9896519285042333
20192,53,8.2,288.6,280.40000000000003,291.0,0,50-99,2.3999999999999773,0.9635738831615122
20197,26,0.0,140.6,140.6,146.0,0,20-49,5.400000000000006,0.963013698630137
20200,56,7.0,283.6,276.6,287.8,0,50-99,4.199999999999989,0.9610840861709521
20203,47,1.8,224.8,223.0,225.4,0,20-49,0.5999999999999943,0.9893522626441881
20204,66,5.4,287.4,282.0,287.6,0,50-99,0.20000000000004547,0.9805285118219749
20218,62,3.0,329.2,326.2,334.6,0,50-99,5.400000000000034,0.9748953974895397
20222,96,4.8,329.0,324.2,330.2,0,50-99,1.1999999999999886,0.9818291944276196
20231,67,1.4,332.8,331.40000000000003,347.0,0,50-99,14.199999999999989,0.9550432276657062
20241,110,1.2,323.4,322.2,325.6,0,100-199,2.2000000000000455,0.9895577395577394
20247,69,10.0,347.4,337.4,348.6,0,50-99,1.2000000000000455,0.9678714859437749
20253,34,4.6,204.0,199.4,206.8,0,20-49,2.8000000000000114,0.9642166344294003
20258,40,22.4,212.4,190.0,214.2,0,20-49,1.799999999999983,0.8870214752567694
20263,89,5.6,315.2,309.59999999999997,319.2,0,50-99,4.0,0.9699248120300751
20266,51,6.8,267.2,260.4,288.2,0,50-99,21.0,0.9035392088827203
20274,26,6.0,141.6,135.6,145.2,0,20-49,3.5999999999999943,0.9338842975206612
20284,39,14.8,180.8,166.0,183.4,1,20-49,2.5999999999999943,0.9051254089422028
20291,35,8.0,121.8,113.8,124.8,0,20-49,3.0,0.9118589743589743
20297,84,1.2,295.0,293.8,295.6,1,50-99,0.6000000000000227,0.9939106901217861
20298,25,6.0,140.0,134.0,142.4,0,20-49,2.4000000000000057,0.9410112359550561
20301,38,6.0,216.6,210.6,218.8,0,20-49,2.200000000000017,0.9625228519195612
20321,17,0.0,79.8,79.8,80.8,1,10-19,1.0,0.9876237623762376
20323,82,0.0,331.4,331.4,332.8,0,50-99,1.400000000000034,0.9957932692307692
20325,31,28.0,207.2,179.2,208.2,0,20-49,1.0,0.8607108549471661
20344,48,4.4,156.6,152.2,156.8,0,20-49,0.20000000000001705,0.9706632653061223
20348,22,9.2,222.2,213.0,231.2,0,20-49,9.0,0.9212802768166091
20352,48,3.0,217.0,214.0,218.4,0,20-49,1.4000000000000057,0.9798534798534798
20355,14,8.4,123.6,115.19999999999999,135.2,0,10-19,11.599999999999994,0.8520710059171598
20359,46,10.4,132.4,122.0,138.2,0,20-49,5.799999999999983,0.8827785817655572
20362,26,2.6,140.4,137.8,144.2,0,20-49,3.799999999999983,0.9556171983356451
20364,61,4.8,272.8,268.0,278.2,0,50-99,5.399999999999977,0.9633357296908699
20372,45,9.0,138.0,129.0,142.2,0,20-49,4.199999999999989,0.9071729957805907
20376,29,0.0,255.2,255.2,288.8,0,20-49,33.60000000000002,0.8836565096952907
20391,112,0.0,346.6,346.6,348.4,0,100-199,1.7999999999999545,0.9948335246842711
20392,63,5.6,334.6,329.0,336.2,0,50-99,1.599999999999966,0.9785841760856633
20394,113,20.0,343.4,323.4,345.6,0,100-199,2.2000000000000455,0.9357638888888887
20397,49,10.4,259.4,248.99999999999997,265.8,0,20-49,6.400000000000034,0.9367945823927764
20404,23,11.2,132.0,120.8,136.8,0,20-49,4.800000000000011,0.8830409356725145
20420,59,12.4,336.4,324.0,336.6,1,50-99,0.20000000000004547,0.9625668449197861
20428,58,4.8,291.2,286.4,291.4,0,50-99,0.19999999999998863,0.9828414550446122
20437,32,6.2,138.8,132.60000000000002,142.2,0,20-49,3.3999999999999773,0.9324894514767935
20445,10,14.0,135.6,121.6,141.6,0,10-19,6.0,0.8587570621468926
20449,75,13.2,334.2,321.0,338.0,0,50-99,3.8000000000000114,0.9497041420118343
20450,81,12.0,342.4,330.4,342.6,0,50-99,0.20000000000004547,0.9643899591360185
20455,77,12.0,345.6,333.6,347.0,0,50-99,1.3999999999999773,0.9613832853025938
20463,110,4.0,292.2,288.2,293.8,0,100-199,1.6000000000000227,0.980939414567733
20464,75,7.2,336.8,329.6,337.4,0,50-99,0.5999999999999659,0.9768820391227031
20470,26,1.6,197.4,195.8,198.6,1,20-49,1.1999999999999886,0.9859013091641491
20478,72,6.6,311.8,305.2,314.4,0,50-99,2.599999999999966,0.9707379134860051
20479,72,4.0,323.0,319.0,328.0,0,50-99,5.0,0.9725609756097561
20480,73,14.0,331.8,317.8,334.6,0,50-99,2.8000000000000114,0.9497907949790795
20491,99,3.2,315.2,312.0,316.4,0,50-99,1.1999999999999886,0.986093552465234
20492,59,7.6,269.8,262.2,270.8,1,50-99,1.0,0.968242245199409
20500,74,4.4,315.0,310.6,326.2,0,50-99,11.199999999999989,0.9521765787860209
20503,54,3.6,310.2,306.59999999999997,327.8,0,50-99,17.600000000000023,0.9353264185478949
20507,68,4.6,346.0,341.4,346.8,0,50-99,0.8000000000000114,0.9844290657439445
20508,27,49.0,337.8,288.8,339.6,0,20-49,1.8000000000000114,0.8504122497055359
20511,128,7.4,313.6,306.20000000000005,315.0,0,100-199,1.3999999999999773,0.9720634920634922
20513,21,14.8,134.4,119.60000000000001,135.8,0,20-49,1.4000000000000057,0.8807069219440353
20514,67,5.0,344.0,339.0,344.2,0,50-99,0.19999999999998863,0.9848925043579315
20527,66,20.4,194.8,174.4,198.0,0,50-99,3.1999999999999886,0.8808080808080808
20538,77,1.6,337.6,336.0,338.8,0,50-99,1.1999999999999886,0.9917355371900826
20551,47,37.0,254.4,217.4,257.2,1,20-49,2.799999999999983,0.8452566096423018
20559,80,5.2,340.8,335.6,341.0,0,50-99,0.19999999999998863,0.9841642228739004
20560,27,5.8,140.2,134.39999999999998,140.6,0,20-49,0.4000000000000057,0.9559032716927452
20569,48,4.8,334.6,329.8,335.2,0,20-49,0.5999999999999659,0.9838902147971361
20588,64,4.6,250.4,245.8,252.8,1,50-99,2.4000000000000057,0.9723101265822784
20593,39,5.4,193.4,188.0,194.2,1,20-49,0.799999999999983,0.9680741503604532
20594,18,16.4,189.6,173.2,206.0,0,10-19,16.400000000000006,0.8407766990291261
20602,69,0.0,336.6,336.6,340.0,0,50-99,3.3999999999999773,0.9900000000000001
20610,77,10.4,292.6,282.20000000000005,294.0,1,50-99,1.3999999999999773,0.9598639455782314
20611,62,30.2,334.6,304.40000000000003,335.4,0,50-99,0.7999999999999545,0.907573047107931
20615,53,1.8,288.8,287.0,289.2,0,50-99,0.39999999999997726,0.9923928077455049
20634,108,7.4,328.6,321.20000000000005,338.0,0,100-199,9.399999999999977,0.9502958579881658
20645,13,5.4,74.2,68.8,74.8,1,10-19,0.5999999999999943,0.9197860962566845
20660,62,40.6,335.2,294.59999999999997,336.4,0,50-99,1.1999999999999886,0.8757431629013079
20667,109,19.0,317.8,298.8,319.0,0,100-199,1.1999999999999886,0.9366771159874608
20675,60,4.2,318.4,314.2,321.6,0,50-99,3.2000000000000455,0.9769900497512437
20677,112,18.6,332.2,313.59999999999997,342.8,0,100-199,10.600000000000023,0.9148191365227537
20682,44,12.4,119.4,107.0,121.8,0,20-49,2.3999999999999915,0.8784893267651889
20689,49,6.8,247.8,241.0,250.6,0,20-49,2.799999999999983,0.9616919393455706
20690,77,5.2,199.6,194.4,199.8,1,50-99,0.20000000000001705,0.9729729729729729
20701,40,4.0,204.4,200.4,208.6,0,20-49,4.199999999999989,0.9606903163950145
20724,92,10.0,315.8,305.8,331.6,0,50-99,15.800000000000011,0.9221954161640531
20729,94,2.0,345.4,343.4,346.4,0,50-99,1.0,0.9913394919168591
20731,40,4.0,214.0,210.0,216.0,0,20-49,2.0,0.9722222222222222
20734,55,8.4,276.4,268.0,277.6,0,50-99,1.2000000000000455,0.9654178674351584
20735,64,35.2,338.2,303.0,343.4,0,50-99,5.199999999999989,0.8823529411764707
20745,26,12.0,135.8,123.80000000000001,136.2,0,20-49,0.39999999999997726,0.9089574155653453
20747,22,7.2,128.6,121.39999999999999,132.4,0,20-49,3.8000000000000114,0.916918429003021
20763,66,11.6,341.4,329.79999999999995,342.2,0,50-99,0.8000000000000114,0.9637638807714786
20773,75,3.0,323.2,320.2,325.0,0,50-99,1.8000000000000114,0.9852307692307692
20792,70,4.6,319.8,315.2,320.0,0,50-99,0.19999999999998863,0.985
20808,39,12.8,218.0,205.2,219.0,0,20-49,1.0,0.9369863013698629
20809,74,8.2,332.0,323.8,333.0,0,50-99,1.0,0.9723723723723724
20819,19,35.6,137.4,101.80000000000001,142.6,0,10-19,5.199999999999989,0.7138849929873774
20824,113,14.6,311.0,296.4,322.4,0,100-199,11.399999999999977,0.9193548387096774
20825,74,12.4,328.0,315.6,330.8,0,50-99,2.8000000000000114,0.9540507859733979
20830,24,12.0,136.8,124.80000000000001,143.4,0,20-49,6.599999999999994,0.8702928870292888
20848,114,11.0,291.4,280.4,303.8,0,100-199,12.400000000000034,0.922975641869651
20852,77,13.8,321.4,307.59999999999997,322.8,0,50-99,1.400000000000034,0.9529120198265179
20857,82,5.2,338.6,333.40000000000003,339.0,0,50-99,0.39999999999997726,0.9834808259587021
20859,56,13.8,294.6,280.8,296.0,0,50-99,1.3999999999999773,0.9486486486486487
20870,53,6.2,238.2,232.0,257.2,0,50-99,19.0,0.9020217729393468
20873,29,8.2,272.6,264.40000000000003,289.6,0,20-49,17.0,0.9129834254143647
20878,47,6.2,251.8,245.60000000000002,274.0,0,20-49,22.19999999999999,0.8963503649635037
20886,32,14.8,305.8,291.0,309.6,0,20-49,3.8000000000000114,0.9399224806201549
20896,12,7.2,170.0,162.8,175.8,0,10-19,5.800000000000011,0.926052332195677
20905,68,5.0,333.8,328.8,334.2,0,50-99,0.39999999999997726,0.9838420107719928
20910,16,3.6,141.0,137.4,141.4,0,10-19,0.4000000000000057,0.9717114568599717
20923,54,4.8,288.6,283.8,289.6,0,50-99,1.0,0.9799723756906077
20927,26,15.2,141.0,125.8,141.8,0,20-49,0.8000000000000114,0.8871650211565585
20931,36,15.6,214.2,198.6,218.4,0,20-49,4.200000000000017,0.9093406593406593
20935,73,5.2,327.6,322.40000000000003,330.2,0,50-99,2.599999999999966,0.9763779527559057
20943,64,2.2,334.2,332.0,342.0,0,50-99,7.800000000000011,0.9707602339181286
20945,44,4.2,207.0,202.8,208.0,0,20-49,1.0,0.9750000000000001
20946,72,5.8,304.6,298.8,306.6,0,50-99,2.0,0.974559686888454
20951,108,0.0,283.0,283.0,283.6,1,100-199,0.6000000000000227,0.9978843441466854
20954,22,11.4,138.8,127.4,140.2,0,20-49,1.3999999999999773,0.9087018544935808
20963,73,5.6,328.8,323.2,329.0,0,50-99,0.19999999999998863,0.982370820668693
20967,43,5.4,239.4,234.0,271.6,1,20-49,32.20000000000002,0.861561119293078
20973,66,8.4,337.8,329.40000000000003,338.2,0,50-99,0.39999999999997726,0.9739798935541101
20976,11,10.8,134.2,123.39999999999999,134.4,0,10-19,0.20000000000001705,0.9181547619047618
20979,62,6.0,329.2,323.2,330.6,0,50-99,1.400000000000034,0.9776164549304294
20988,16,6.6,202.8,196.20000000000002,208.6,0,10-19,5.799999999999983,0.940556088207095
20990,70,2.8,295.2,292.4,297.6,0,50-99,2.400000000000034,0.9825268817204299
20995,73,0.0,293.8,293.8,294.4,0,50-99,0.5999999999999659,0.9979619565217392
20998,14,21.8,136.4,114.60000000000001,137.0,0,10-19,0.5999999999999943,0.8364963503649636
21000,12,0.0,285.2,285.2,285.4,0,10-19,0.19999999999998863,0.9992992291520673
21007,79,0.0,277.8,277.8,279.2,1,50-99,1.3999999999999773,0.9949856733524356
21013,45,3.0,210.6,207.6,210.8,0,20-49,0.20000000000001705,0.984819734345351
21018,45,11.0,224.6,213.6,224.8,1,20-49,0.20000000000001705,0.9501779359430604
21027,69,0.0,328.0,328.0,328.2,0,50-99,0.19999999999998863,0.9993906154783669
21028,11,4.8,142.8,138.0,174.6,0,10-19,31.799999999999983,0.7903780068728523
21033,67,5.0,317.2,312.2,318.4,0,50-99,1.1999999999999886,0.9805276381909548
21036,72,4.4,326.6,322.20000000000005,326.8,0,50-99,0.19999999999998863,0.9859241126070992
21039,116,6.6,341.8,335.2,342.0,0,100-199,0.19999999999998863,0.9801169590643275
21042,123,4.8,319.8,315.0,335.2,0,100-199,15.399999999999977,0.9397374701670644
21049,74,14.4,317.8,303.40000000000003,323.4,0,50-99,5.599999999999966,0.938157081014224
21054,118,6.8,304.0,297.2,305.8,0,100-199,1.8000000000000114,0.9718770438194898
21065,8,7.0,123.2,116.2,123.8,0,5-9,0.5999999999999943,0.938610662358643
21067,99,2.8,313.8,311.0,316.4,0,50-99,2.599999999999966,0.9829329962073325
21073,22,3.6,119.2,115.60000000000001,124.0,0,20-49,4.799999999999997,0.9322580645161291
21081,27,15.4,137.2,121.79999999999998,139.4,0,20-49,2.200000000000017,0.873744619799139
21086,73,16.6,326.0,309.4,326.6,0,50-99,0.6000000000000227,0.9473361910593997
21087,73,5.4,336.8,331.40000000000003,337.4,0,50-99,0.5999999999999659,0.9822169531713102
21095,30,6.0,142.4,136.4,144.2,0,20-49,1.799999999999983,0.9459084604715674
21096,71,45.6,327.0,281.4,331.8,0,50-99,4.800000000000011,0.8481012658227847
21099,112,13.2,326.4,313.2,329.0,0,100-199,2.6000000000000227,0.9519756838905775
21105,5,13.0,115.2,102.2,127.0,0,5-9,11.799999999999997,0.804724409448819
21109,59,2.6,297.2,294.59999999999997,322.4,0,50-99,25.19999999999999,0.9137717121588089
21110,58,4.6,306.6,302.0,307.2,0,50-99,0.5999999999999659,0.9830729166666667
21121,23,9.8,282.2,272.4,287.0,0,20-49,4.800000000000011,0.9491289198606271
21137,48,4.0,216.8,212.8,219.6,0,20-49,2.799999999999983,0.9690346083788708
21141,115,4.8,295.4,290.59999999999997,318.2,0,100-199,22.80000000000001,0.9132620993086109
21147,51,14.0,304.2,290.2,304.4,0,50-99,0.19999999999998863,0.9533508541392904
21150,83,0.4,302.8,302.40000000000003,306.8,0,50-99,4.0,0.985658409387223
21151,27,5.4,140.4,135.0,143.8,0,20-49,3.4000000000000057,0.9388038942976356
21180,43,5.0,228.8,223.8,233.4,0,20-49,4.599999999999994,0.9588688946015425
21183,24,22.2,129.4,107.2,131.4,0,20-49,2.0,0.8158295281582952
21196,93,11.4,303.6,292.20000000000005,304.6,0,50-99,1.0,0.9592908732764281
21204,35,4.4,181.8,177.4,182.6,0,20-49,0.799999999999983,0.9715224534501643
21207,27,0.0,277.8,277.8,278.4,0,20-49,0.5999999999999659,0.9978448275862071
21210,110,3.4,308.8,305.40000000000003,311.8,0,100-199,3.0,0.9794740218088519
21214,45,8.6,201.8,193.20000000000002,208.2,0,20-49,6.399999999999977,0.9279538904899137
21218,58,6.4,316.8,310.40000000000003,318.2,0,50-99,1.3999999999999773,0.9754871150219989
21226,69,8.0,313.8,305.8,317.4,0,50-99,3.599999999999966,0.9634530560806555
21227,100,1.6,314.0,312.4,329.4,0,100-199,15.399999999999977,0.9483910139647844
21228,65,34.8,287.8,253.0,290.2,0,50-99,2.3999999999999773,0.8718125430737422
21238,21,0.0,235.8,235.8,247.0,0,20-49,11.199999999999989,0.9546558704453442
21241,50,8.6,276.4,267.79999999999995,277.4,0,50-99,1.0,0.9653929343907713
21258,8,13.6,167.8,154.20000000000002,181.8,0,5-9,14.0,0.8481848184818482
21265,23,6.6,131.2,124.6,136.2,0,20-49,5.0,0.9148311306901615
21270,59,1.8,330.0,328.2,333.4,0,50-99,3.3999999999999773,0.9844031193761248
21271,36,5.0,175.2,170.2,179.8,0,20-49,4.600000000000023,0.9466073414905449
21285,40,5.4,211.0,205.6,211.6,1,20-49,0.5999999999999943,0.9716446124763705
21289,68,8.6,302.2,293.59999999999997,303.4,0,50-99,1.1999999999999886,0.967699406723797
21294,64,9.4,323.8,314.40000000000003,326.6,0,50-99,2.8000000000000114,0.9626454378444581
21299,6,33.6,131.2,97.6,139.6,0,5-9,8.400000000000006,0.6991404011461317
21306,14,0.0,99.4,99.4,132.4,0,10-19,33.0,0.7507552870090635
21321,27,4.2,138.8,134.60000000000002,145.2,0,20-49,6.399999999999977,0.9269972451790636
21324,11,0.6,121.6,121.0,124.0,0,10-19,2.4000000000000057,0.9758064516129032
21337,109,0.0,333.2,333.2,334.2,0,100-199,1.0,0.9970077797725913
21345,104,5.8,336.8,331.0,337.0,0,100-199,0.19999999999998863,0.9821958456973294
21349,26,4.2,139.8,135.60000000000002,144.6,0,20-49,4.799999999999983,0.9377593360995853
21350,53,13.0,306.6,293.6,314.8,0,50-99,8.199999999999989,0.9326556543837358
21359,115,11.6,320.4,308.79999999999995,323.2,0,100-199,2.8000000000000114,0.9554455445544553
21361,35,5.2,142.0,136.8,142.4,0,20-49,0.4000000000000057,0.9606741573033708
21362,13,0.0,102.4,102.4,134.6,0,10-19,32.19999999999999,0.7607726597325409
21367,98,23.2,286.6,263.40000000000003,286.8,0,50-99,0.19999999999998863,0.9184100418410043
21374,63,8.6,303.2,294.59999999999997,303.8,0,50-99,0.6000000000000227,0.9697169190256746
21375,9,19.4,132.6,113.19999999999999,144.6,0,5-9,12.0,0.7828492392807745
21383,83,3.8,300.8,297.0,301.4,0,50-99,0.5999999999999659,0.9854014598540147
21389,85,5.6,333.0,327.4,333.4,0,50-99,0.39999999999997726,0.982003599280144
21405,33,21.4,134.8,113.4,137.4,0,20-49,2.5999999999999943,0.8253275109170306
21410,59,18.8,305.4,286.59999999999997,313.0,0,50-99,7.600000000000023,0.9156549520766772
21412,8,12.6,115.6,103.0,126.8,0,5-9,11.200000000000003,0.8123028391167193
21417,6,28.0,136.6,108.6,138.6,1,5-9,2.0,0.7835497835497836
21418,17,4.4,92.4,88.0,93.6,1,10-19,1.1999999999999886,0.9401709401709403
21419,37,7.8,301.8,294.0,306.2,1,20-49,4.399999999999977,0.9601567602873939
21423,21,26.8,144.4,117.60000000000001,144.6,0,20-49,0.19999999999998863,0.8132780082987553
21429,27,0.0,268.8,268.8,279.0,0,20-49,10.199999999999989,0.9634408602150538
21432,22,4.0,202.0,198.0,214.0,0,20-49,12.0,0.9252336448598131
21442,34,1.8,142.6,140.79999999999998,145.4,0,20-49,2.8000000000000114,0.9683631361760658
21443,74,2.4,320.6,318.20000000000005,323.6,0,50-99,3.0,0.9833127317676144
21454,30,4.8,170.2,165.39999999999998,171.4,0,20-49,1.200000000000017,0.9649941656942822
21456,27,4.6,144.6,140.0,145.2,0,20-49,0.5999999999999943,0.9641873278236915
21467,48,5.2,237.6,232.4,244.8,0,20-49,7.200000000000017,0.9493464052287581
21470,18,18.2,209.4,191.20000000000002,209.8,0,10-19,0.4000000000000057,0.911344137273594
21485,64,12.0,326.6,314.6,327.8,0,50-99,1.1999999999999886,0.9597315436241611
21496,43,8.8,216.6,207.79999999999998,217.6,0,20-49,1.0,0.9549632352941176
21498,12,14.8,177.8,163.0,178.8,0,10-19,1.0,0.9116331096196867
21500,13,0.0,72.8,72.8,135.4,0,10-19,62.60000000000001,0.5376661742983752
21504,67,5.4,313.8,308.40000000000003,314.2,0,50-99,0.39999999999997726,0.9815404201145769
21521,65,10.8,314.8,304.0,317.8,0,50-99,3.0,0.9565764631843927
21523,50,6.0,234.2,228.2,253.0,0,50-99,18.80000000000001,0.9019762845849801
21538,32,15.8,207.2,191.39999999999998,212.8,0,20-49,5.600000000000023,0.8994360902255637
21540,47,4.2,216.0,211.8,218.4,0,20-49,2.4000000000000057,0.9697802197802198
21541,39,5.2,197.0,191.8,199.6,0,20-49,2.5999999999999943,0.9609218436873749
21542,73,13.4,328.4,315.0,329.4,0,50-99,1.0,0.9562841530054645
21545,50,10.0,321.8,311.8,337.8,0,50-99,16.0,0.9230313795145056
21546,35,5.2,178.2,173.0,179.2,0,20-49,1.0,0.9654017857142858
21551,17,13.0,198.6,185.6,198.8,0,10-19,0.20000000000001705,0.9336016096579476
21563,67,7.6,326.4,318.79999999999995,333.6,0,50-99,7.2000000000000455,0.9556354916067145
21565,71,16.0,300.8,284.8,309.2,0,50-99,8.399999999999977,0.9210866752910738
21579,49,10.0,265.4,255.39999999999998,337.8,0,20-49,72.40000000000003,0.7560686796921254
21592,48,5.2,333.4,328.2,333.6,0,20-49,0.20000000000004547,0.9838129496402876
21597,22,6.2,124.2,118.0,126.6,0,20-49,2.3999999999999915,0.9320695102685624
21599,62,6.2,278.0,271.8,287.0,0,50-99,9.0,0.9470383275261325
21602,9,4.6,119.0,114.4,127.4,0,5-9,8.400000000000006,0.8979591836734694
21605,53,7.8,257.4,249.59999999999997,259.2,0,50-99,1.8000000000000114,0.9629629629629629
21619,56,7.4,277.6,270.20000000000005,280.8,0,50-99,3.1999999999999886,0.9622507122507123
21622,69,7.6,311.0,303.4,311.2,1,50-99,0.19999999999998863,0.9749357326478149
21624,40,5.4,212.4,207.0,218.4,0,20-49,6.0,0.9478021978021978
21632,25,5.6,135.2,129.6,140.6,0,20-49,5.400000000000006,0.9217638691322901
21637,63,6.4,327.0,320.6,333.0,0,50-99,6.0,0.9627627627627628
21639,60,4.2,326.2,322.0,326.4,0,50-99,0.19999999999998863,0.9865196078431373
21674,83,0.0,274.4,274.4,275.0,1,50-99,0.6000000000000227,0.9978181818181817
21685,85,10.0,328.0,318.0,328.8,0,50-99,0.8000000000000114,0.9671532846715328
21686,65,9.6,307.4,297.79999999999995,313.8,0,50-99,6.400000000000034,0.9490121096239641
21689,41,17.6,216.2,198.6,217.4,0,20-49,1.200000000000017,0.9135234590616375
21691,37,5.6,205.6,200.0,206.0,0,20-49,0.4000000000000057,0.970873786407767
21693,59,5.0,296.0,291.0,300.2,0,50-99,4.199999999999989,0.9693537641572285
21694,45,3.2,334.6,331.40000000000003,334.8,0,20-49,0.19999999999998863,0.9898446833930705
21701,63,0.0,312.8,312.8,313.0,0,50-99,0.19999999999998863,0.9993610223642173
21720,46,6.0,252.6,246.6,253.0,0,20-49,0.4000000000000057,0.9747035573122529
21723,53,8.8,231.8,223.0,232.6,0,50-99,0.799999999999983,0.9587274290627688
21729,50,5.6,248.4,242.8,252.6,0,50-99,4.199999999999989,0.9612034837688045
21731,50,12.2,291.8,279.6,307.8,0,50-99,16.0,0.9083820662768032
21754,53,52.6,317.6,265.0,329.2,0,50-99,11.599999999999966,0.8049817739975699
21757,19,8.8,216.2,207.39999999999998,217.4,0,10-19,1.200000000000017,0.9540018399264029
21759,55,7.4,311.6,304.20000000000005,322.6,0,50-99,11.0,0.9429634221946684
21761,55,3.6,318.0,314.4,318.4,0,50-99,0.39999999999997726,0.9874371859296482
21762,118,5.0,324.0,319.0,324.8,0,100-199,0.8000000000000114,0.9821428571428571
21773,29,105.4,315.4,209.99999999999997,321.2,0,20-49,5.800000000000011,0.6537982565379825
21775,30,5.4,145.8,140.4,146.2,0,20-49,0.39999999999997726,0.9603283173734611
21782,48,5.0,253.2,248.2,256.0,0,20-49,2.8000000000000114,0.96953125
21784,23,7.0,175.8,168.8,178.8,0,20-49,3.0,0.9440715883668904
21785,75,5.0,334.0,329.0,335.4,0,50-99,1.3999999999999773,0.9809183064997019
21788,56,4.8,314.2,309.4,320.0,0,50-99,5.800000000000011,0.9668749999999999
21791,45,8.8,257.6,248.8,292.8,0,20-49,35.19999999999999,0.8497267759562842
21799,72,7.4,330.6,323.20000000000005,332.4,0,50-99,1.7999999999999545,0.9723225030084238
21803,36,0.4,141.4,141.0,146.4,0,20-49,5.0,0.9631147540983607
21807,53,13.6,277.0,263.4,282.8,0,50-99,5.800000000000011,0.9314002828854313
21808,45,7.8,203.6,195.79999999999998,205.6,0,20-49,2.0,0.9523346303501945
21813,62,3.6,321.2,317.59999999999997,321.8,0,50-99,0.6000000000000227,0.9869484151646984
21817,16,4.8,149.4,144.6,159.4,0,10-19,10.0,0.9071518193224591
21835,16,2.2,291.4,289.2,317.2,0,10-19,25.80000000000001,0.9117276166456494
21836,47,0.2,141.6,141.4,142.0,1,20-49,0.4000000000000057,0.995774647887324
21840,46,17.6,251.6,234.0,252.8,0,20-49,1.200000000000017,0.925632911392405
21849,22,8.2,124.6,116.39999999999999,129.6,1,20-49,5.0,0.8981481481481481
21884,59,10.6,284.2,273.59999999999997,284.4,0,50-99,0.19999999999998863,0.9620253164556961
21885,60,4.8,294.6,289.8,312.4,0,50-99,17.799999999999955,0.9276568501920616
21900,19,5.0,90.4,85.4,92.4,1,10-19,2.0,0.9242424242424242
21909,52,4.8,265.4,260.59999999999997,297.8,0,50-99,32.400000000000034,0.8750839489590327
21915,56,4.8,324.0,319.2,325.4,0,50-99,1.3999999999999773,0.9809465273509527
21923,45,4.6,293.8,289.2,304.0,0,20-49,10.199999999999989,0.9513157894736842
21924,63,58.0,331.6,273.6,333.0,0,50-99,1.3999999999999773,0.8216216216216217
21925,24,0.0,141.6,141.6,141.8,0,20-49,0.20000000000001705,0.9985895627644569
21933,68,3.4,298.4,295.0,303.2,0,50-99,4.800000000000011,0.9729551451187336
21943,66,4.4,287.8,283.40000000000003,299.0,0,50-99,11.199999999999989,0.9478260869565218
21976,29,0.2,227.6,227.4,228.2,0,20-49,0.5999999999999943,0.9964943032427696
21977,37,0.8,149.2,148.39999999999998,157.2,0,20-49,8.0,0.9440203562340966
21990,40,10.2,214.4,204.20000000000002,218.8,1,20-49,4.400000000000006,0.9332723948811701
21994,54,15.6,290.6,275.0,324.6,0,50-99,34.0,0.8471965495995071
22002,58,11.4,265.0,253.6,268.8,0,50-99,3.8000000000000114,0.9434523809523809
22005,48,5.0,224.0,219.0,224.6,0,20-49,0.5999999999999943,0.97506678539626
22006,53,8.2,277.0,268.8,278.4,0,50-99,1.3999999999999773,0.9655172413793105
22008,31,18.0,166.4,148.4,168.2,0,20-49,1.799999999999983,0.8822829964328182
22014,57,5.8,244.8,239.0,248.6,0,50-99,3.799999999999983,0.9613837489943685
22023,35,7.2,175.8,168.60000000000002,178.4,0,20-49,2.5999999999999943,0.9450672645739912
22036,42,4.6,209.8,205.20000000000002,214.8,0,20-49,5.0,0.9553072625698324
22037,65,6.6,273.6,267.0,276.8,0,50-99,3.1999999999999886,0.9645953757225433
22040,22,10.6,132.6,122.0,132.8,0,20-49,0.20000000000001705,0.9186746987951806
22043,26,18.8,143.2,124.39999999999999,144.4,0,20-49,1.200000000000017,0.8614958448753461
22045,65,10.6,317.6,307.0,319.0,0,50-99,1.3999999999999773,0.9623824451410659
22047,63,4.8,299.4,294.59999999999997,299.6,0,50-99,0.20000000000004547,0.9833110814419224
22062,61,11.0,313.8,302.8,314.0,0,50-99,0.19999999999998863,0.9643312101910828
22063,23,21.2,155.6,134.4,156.8,0,20-49,1.200000000000017,0.8571428571428571
22069,58,16.2,321.4,305.2,322.0,0,50-99,0.6000000000000227,0.9478260869565217
22075,60,4.6,314.6,310.0,315.2,0,50-99,0.5999999999999659,0.983502538071066
22078,61,2.0,316.4,314.4,319.4,0,50-99,3.0,0.9843456480901691
22082,37,10.6,209.0,198.4,212.2,0,20-49,3.1999999999999886,0.9349670122525919
22119,83,5.2,323.4,318.2,329.6,0,50-99,6.2000000000000455,0.9654126213592232
22134,32,0.0,292.4,292.4,292.6,1,20-49,0.20000000000004547,0.9993164730006834
22146,31,0.0,297.6,297.6,310.2,0,20-49,12.599999999999966,0.9593810444874276
22148,19,13.4,276.4,263.0,277.6,0,10-19,1.2000000000000455,0.9474063400576368
22153,75,6.0,319.0,313.0,322.2,0,50-99,3.1999999999999886,0.9714463066418374
22163,32,8.2,290.0,281.8,295.4,1,20-49,5.399999999999977,0.9539607312119162
22166,23,15.2,131.2,115.99999999999999,132.8,0,20-49,1.6000000000000227,0.8734939759036143
22177,53,4.8,234.0,229.2,234.8,0,50-99,0.8000000000000114,0.9761499148211242
22187,74,0.8,311.4,310.59999999999997,313.8,0,50-99,2.400000000000034,0.9898024219247927
22190,67,7.8,314.6,306.8,315.0,0,50-99,0.39999999999997726,0.973968253968254
22197,23,4.8,127.6,122.8,129.8,0,20-49,2.200000000000017,0.946070878274268
22203,68,5.8,305.2,299.4,309.0,0,50-99,3.8000000000000114,0.9689320388349514
22206,41,0.0,310.6,310.6,310.8,0,20-49,0.19999999999998863,0.9993564993564994
22209,23,59.8,267.0,207.2,272.8,0,20-49,5.800000000000011,0.7595307917888562
22210,49,0.0,217.4,217.4,217.6,0,20-49,0.19999999999998863,0.9990808823529412
22213,53,9.0,228.8,219.8,232.8,1,50-99,4.0,0.9441580756013745
22214,72,3.2,291.2,288.0,291.6,0,50-99,0.4000000000000341,0.9876543209876543
22215,69,4.8,315.0,310.2,316.0,0,50-99,1.0,0.9816455696202532
22216,87,1.4,322.2,320.8,328.0,0,50-99,5.800000000000011,0.9780487804878049
22220,135,30.0,305.0,275.0,305.4,0,100-199,0.39999999999997726,0.9004584151931894
22223,51,4.6,241.4,236.8,291.4,0,50-99,49.99999999999997,0.8126286890871655
22235,60,5.0,300.4,295.4,302.4,0,50-99,2.0,0.9768518518518519
22237,45,9.0,202.2,193.2,202.8,1,20-49,0.6000000000000227,0.952662721893491
22250,12,2.2,249.8,247.60000000000002,289.8,0,10-19,40.0,0.8543823326432023
22260,53,3.8,224.4,220.6,227.2,0,50-99,2.799999999999983,0.9709507042253521
22269,52,2.6,277.8,275.2,278.6,0,50-99,0.8000000000000114,0.9877961234745153
22278,48,0.4,199.6,199.2,203.8,0,20-49,4.200000000000017,0.9774288518155053
22282,47,4.0,252.0,248.0,252.6,0,20-49,0.5999999999999943,0.9817893903404592
22283,46,12.2,306.0,293.8,310.2,0,20-49,4.199999999999989,0.9471308833010962
22299,71,22.6,324.6,302.0,325.2,0,50-99,0.5999999999999659,0.928659286592866
22332,16,4.4,120.0,115.6,124.2,0,10-19,4.200000000000003,0.930756843800322
22338,20,12.2,141.4,129.20000000000002,145.6,0,20-49,4.199999999999989,0.8873626373626375
22346,28,12.4,294.0,281.6,330.6,0,20-49,36.60000000000002,0.8517846339987901
22355,10,20.4,145.4,125.0,145.6,0,10-19,0.19999999999998863,0.8585164835164836
22356,117,5.8,300.2,294.4,300.4,0,100-199,0.19999999999998863,0.9800266311584553
22371,27,9.4,288.6,279.20000000000005,299.2,0,20-49,10.599999999999966,0.9331550802139039
22373,7,4.2,111.2,107.0,121.0,0,5-9,9.799999999999997,0.8842975206611571
22386,45,2.8,286.0,283.2,286.4,0,20-49,0.39999999999997726,0.9888268156424581
22388,59,15.2,297.8,282.6,302.0,0,50-99,4.199999999999989,0.9357615894039736
22396,63,4.2,308.8,304.6,313.2,0,50-99,4.399999999999977,0.9725415070242658
22411,55,4.6,218.0,213.4,219.2,0,50-99,1.1999999999999886,0.9735401459854015
22423,70,14.8,323.6,308.8,325.4,0,50-99,1.7999999999999545,0.9489858635525508
22430,55,5.6,240.2,234.6,244.2,0,50-99,4.0,0.9606879606879607
22438,65,0.8,299.2,298.4,300.6,0,50-99,1.400000000000034,0.9926813040585494
22444,24,10.8,248.2,237.39999999999998,248.8,0,20-49,0.6000000000000227,0.9541800643086815
22458,78,6.4,322.8,316.40000000000003,324.2,0,50-99,1.3999999999999773,0.9759407772979644
22467,80,10.2,307.4,297.2,307.8,0,50-99,0.4000000000000341,0.9655620532813515
22471,35,20.0,135.0,115.0,140.2,0,20-49,5.199999999999989,0.8202567760342369
22476,64,4.8,317.6,312.8,318.2,0,50-99,0.5999999999999659,0.9830295411690761
22480,73,4.0,316.4,312.4,317.8,0,50-99,1.400000000000034,0.9830081812460666
22481,78,1.0,317.8,316.8,323.0,0,50-99,5.199999999999989,0.9808049535603716
22482,11,8.8,180.2,171.39999999999998,202.8,0,10-19,22.600000000000023,0.8451676528599604
22505,65,4.8,324.2,319.4,324.6,0,50-99,0.4000000000000341,0.9839802834257546
22530,56,5.0,283.2,278.2,283.8,0,50-99,0.6000000000000227,0.9802677942212825
22538,43,3.4,142.6,139.2,144.2,0,20-49,1.5999999999999943,0.9653259361997226
22545,48,20.4,277.2,256.8,296.6,0,20-49,19.400000000000034,0.865812542144302
22551,76,3.4,296.0,292.6,298.6,0,50-99,2.6000000000000227,0.9799062290689886
22558,65,2.0,166.4,164.4,167.0,0,50-99,0.5999999999999943,0.9844311377245509
22559,57,1.0,295.4,294.4,295.6,0,50-99,0.20000000000004547,0.9959404600811906
22571,14,14.6,238.0,223.4,300.0,0,10-19,62.0,0.7446666666666667
22579,48,5.0,215.6,210.6,216.0,0,20-49,0.4000000000000057,0.975
22585,15,3.4,200.0,196.6,212.4,0,10-19,12.400000000000006,0.9256120527306968
22588,50,4.8,217.6,212.79999999999998,222.6,0,50-99,5.0,0.9559748427672955
22596,12,1.2,123.8,122.6,130.0,0,10-19,6.200000000000003,0.943076923076923
22604,29,4.8,285.4,280.59999999999997,305.0,0,20-49,19.600000000000023,0.9199999999999999
22608,74,2.8,280.8,278.0,283.8,0,50-99,3.0,0.9795630725863284
22610,9,12.2,172.2,160.0,175.0,0,5-9,2.8000000000000114,0.9142857142857143
22619,40,14.6,286.4,271.79999999999995,289.4,1,20-49,3.0,0.9391845196959225
22632,27,4.4,133.0,128.6,140.6,0,20-49,7.599999999999994,0.914651493598862
22638,64,29.0,284.2,255.2,288.4,1,50-99,4.199999999999989,0.8848821081830791
22644,44,2.8,227.0,224.2,249.2,0,20-49,22.19999999999999,0.8996789727126806
22648,66,5.0,311.8,306.8,313.4,0,50-99,1.599999999999966,0.9789406509253351
22652,23,8.0,126.2,118.2,130.4,0,20-49,4.200000000000003,0.906441717791411
22653,41,4.8,215.8,211.0,216.2,0,20-49,0.39999999999997726,0.9759481961147086
22658,14,15.4,202.2,186.79999999999998,208.6,0,10-19,6.400000000000006,0.8954937679769894
22660,105,2.2,317.2,315.0,318.2,0,100-199,1.0,0.989943431803897
22662,82,7.2,272.8,265.6,273.0,0,50-99,0.19999999999998863,0.972893772893773
22668,37,27.0,217.6,190.6,218.6,0,20-49,1.0,0.8719121683440073
22670,68,13.4,303.6,290.20000000000005,304.4,0,50-99,0.7999999999999545,0.9533508541392907
22671,54,5.2,296.4,291.2,302.0,0,50-99,5.600000000000023,0.9642384105960264
22673,80,4.2,323.4,319.2,323.6,0,50-99,0.20000000000004547,0.9864029666254635
22677,34,2.8,145.4,142.6,151.0,1,20-49,5.599999999999994,0.9443708609271523
22678,30,6.4,305.8,299.40000000000003,306.0,0,20-49,0.19999999999998863,0.9784313725490197
22680,24,4.6,120.8,116.2,122.2,0,20-49,1.4000000000000057,0.9509001636661211
22689,37,11.6,196.6,185.0,196.8,0,20-49,0.20000000000001705,0.940040650406504
22707,32,4.4,175.6,171.2,177.2,0,20-49,1.5999999999999943,0.9661399548532731
22713,20,12.0,257.0,245.0,291.0,0,20-49,34.0,0.8419243986254296
22720,64,9.4,295.0,285.6,300.0,0,50-99,5.0,0.9520000000000001
22730,18,0.0,141.4,141.4,145.4,0,10-19,4.0,0.9724896836313618
22732,69,7.2,314.6,307.40000000000003,317.2,0,50-99,2.599999999999966,0.9691046658259774
22741,77,11.2,312.4,301.2,315.0,0,50-99,2.6000000000000227,0.9561904761904761
22744,12,0.0,141.2,141.2,142.0,0,10-19,0.8000000000000114,0.9943661971830985
22745,66,1.2,312.4,311.2,312.6,0,50-99,0.20000000000004547,0.9955214331413946
22759,65,4.2,292.0,287.8,310.0,0,50-99,18.0,0.9283870967741936
22760,54,49.2,289.8,240.60000000000002,294.8,0,50-99,5.0,0.816146540027137
22761,66,7.6,286.4,278.79999999999995,291.2,0,50-99,4.800000000000011,0.9574175824175823
22768,66,4.8,314.2,309.4,314.4,0,50-99,0.19999999999998863,0.9840966921119593
22770,44,8.2,312.2,304.0,312.6,0,20-49,0.4000000000000341,0.9724888035828534
22776,42,7.2,290.0,282.8,314.8,0,20-49,24.80000000000001,0.8983481575603558
22782,12,1.2,215.8,214.60000000000002,232.2,0,10-19,16.399999999999977,0.9242032730404824
22789,59,4.8,289.4,284.59999999999997,289.6,1,50-99,0.20000000000004547,0.982734806629834
22790,9,17.8,136.8,119.00000000000001,139.6,0,5-9,2.799999999999983,0.8524355300859601
22803,69,4.6,324.2,319.59999999999997,325.2,1,50-99,1.0,0.9827798277982779
22810,44,10.4,259.2,248.79999999999998,259.4,1,20-49,0.19999999999998863,0.9591364687740941
22824,10,0.0,139.8,139.8,145.2,0,10-19,5.399999999999977,0.962809917355372
22827,71,4.8,324.8,320.0,325.0,0,50-99,0.19999999999998863,0.9846153846153847
22833,68,2.2,242.4,240.20000000000002,275.0,0,50-99,32.599999999999994,0.8734545454545455
22837,35,7.6,169.0,161.4,169.4,1,20-49,0.4000000000000057,0.9527744982290437
22841,22,0.0,156.0,156.0,178.8,0,20-49,22.80000000000001,0.87248322147651
22842,78,1.4,315.0,313.6,320.0,0,50-99,5.0,0.9800000000000001
22846,54,3.0,299.4,296.4,324.6,0,50-99,25.200000000000045,0.9131238447319777
22852,20,14.2,324.8,310.6,326.0,0,20-49,1.1999999999999886,0.9527607361963191
22854,63,0.0,279.6,279.6,282.2,0,50-99,2.599999999999966,0.9907866761162297
22881,66,3.6,300.8,297.2,301.2,0,50-99,0.39999999999997726,0.9867197875166003
22882,20,0.8,123.0,122.2,125.2,0,20-49,2.200000000000003,0.9760383386581469
22908,52,6.2,282.2,276.0,290.6,0,50-99,8.400000000000034,0.9497591190640055
22920,61,8.6,312.0,303.4,313.4,0,50-99,1.3999999999999773,0.9680918953414167
22923,21,2.4,102.2,99.8,105.2,1,20-49,3.0,0.9486692015209125
22935,61,1.2,221.2,220.0,223.6,1,50-99,2.4000000000000057,0.9838998211091234
22938,40,1.2,296.2,295.0,297.0,0,20-49,0.8000000000000114,0.9932659932659933
22940,52,0.6,202.2,201.6,202.8,1,50-99,0.6000000000000227,0.9940828402366864
22941,46,5.2,214.2,209.0,216.8,0,20-49,2.6000000000000227,0.9640221402214022
22942,54,1.2,299.6,298.40000000000003,304.2,0,50-99,4.599999999999966,0.9809335963182119
22944,23,13.8,141.0,127.2,141.6,0,20-49,0.5999999999999943,0.8983050847457628
22945,71,6.2,317.0,310.8,318.8,0,50-99,1.8000000000000114,0.9749058971141782
22953,67,10.0,307.8,297.8,308.0,0,50-99,0.19999999999998863,0.9668831168831169
22958,18,8.6,86.8,78.2,88.8,1,10-19,2.0,0.8806306306306307
22961,61,6.0,235.2,229.2,235.6,0,50-99,0.4000000000000057,0.9728353140916808
22964,33,2.4,262.0,259.6,265.6,0,20-49,3.6000000000000227,0.9774096385542169
22981,23,5.2,274.0,268.8,286.0,0,20-49,12.0,0.9398601398601399
22986,55,10.0,300.0,290.0,301.6,0,50-99,1.6000000000000227,0.9615384615384615
23035,76,3.2,288.6,285.40000000000003,290.6,0,50-99,2.0,0.9821059876118376
23037,6,17.6,115.8,98.19999999999999,117.2,1,5-9,1.4000000000000057,0.8378839590443685
23042,76,13.4,314.4,301.0,316.0,0,50-99,1.6000000000000227,0.9525316455696202
23048,77,21.6,284.2,262.59999999999997,287.6,0,50-99,3.400000000000034,0.9130737134909594
23052,73,12.6,301.8,289.2,303.2,0,50-99,1.3999999999999773,0.9538258575197889
23073,74,4.6,308.6,304.0,313.2,0,50-99,4.599999999999966,0.9706257982120051
23077,32,4.6,166.2,161.6,167.2,1,20-49,1.0,0.9665071770334929
23082,124,5.0,307.6,302.6,307.8,0,100-199,0.19999999999998863,0.9831059129304743
23084,80,0.2,313.8,313.6,314.2,0,50-99,0.39999999999997726,0.9980903882877149
23095,99,5.4,317.8,312.40000000000003,319.4,0,50-99,1.599999999999966,0.9780839073262368
23099,71,12.8,297.6,284.8,306.0,0,50-99,8.399999999999977,0.930718954248366
23111,31,4.2,140.0,135.8,140.2,1,20-49,0.19999999999998863,0.9686162624821685
23113,30,10.8,288.6,277.8,298.4,0,20-49,9.799999999999955,0.9309651474530832
23117,21,19.6,165.2,145.6,168.2,0,20-49,3.0,0.8656361474435197
23128,62,20.6,316.0,295.4,317.4,0,50-99,1.3999999999999773,0.9306868304977945
23159,48,7.2,206.0,198.8,208.4,1,20-49,2.4000000000000057,0.9539347408829175
23162,5,17.6,91.0,73.4,145.6,0,5-9,54.599999999999994,0.5041208791208792
23163,30,23.8,298.0,274.2,299.4,0,20-49,1.3999999999999773,0.9158316633266533
23165,71,19.6,307.2,287.59999999999997,307.6,0,50-99,0.4000000000000341,0.9349804941482442
23180,28,14.4,142.8,128.4,151.0,0,20-49,8.199999999999989,0.8503311258278146
23181,58,4.8,254.6,249.79999999999998,259.8,0,50-99,5.200000000000017,0.9615088529638182
23196,49,0.8,263.8,263.0,277.2,0,20-49,13.399999999999977,0.9487734487734488
23197,70,5.6,270.4,264.79999999999995,271.8,1,50-99,1.400000000000034,0.9742457689477555
23208,66,7.0,304.4,297.4,309.4,0,50-99,5.0,0.9612152553329024
23212,24,0.0,136.2,136.2,136.6,0,20-49,0.4000000000000057,0.9970717423133235
23213,69,7.0,305.8,298.8,310.6,0,50-99,4.800000000000011,0.9620090148100451
23219,66,7.0,286.0,279.0,290.8,0,50-99,4.800000000000011,0.9594222833562586
23227,62,12.8,282.8,270.0,285.2,0,50-99,2.3999999999999773,0.9467040673211782
23234,70,12.8,307.6,294.8,313.6,0,50-99,6.0,0.9400510204081632
23235,86,5.2,282.0,276.8,284.4,0,50-99,2.3999999999999773,0.9732770745428975
23242,74,5.6,300.2,294.59999999999997,300.4,0,50-99,0.19999999999998863,0.9806924101198402
23249,72,8.2,286.6,278.40000000000003,287.4,0,50-99,0.7999999999999545,0.9686847599164929
23251,17,16.4,211.0,194.6,212.0,0,10-19,1.0,0.9179245283018868
23252,23,11.6,170.8,159.20000000000002,175.2,0,20-49,4.399999999999977,0.9086757990867581
23257,59,3.4,249.8,246.4,255.4,1,50-99,5.599999999999994,0.9647611589663273
23267,16,0.0,166.6,166.6,169.2,0,10-19,2.5999999999999943,0.9846335697399528
23268,28,13.2,256.4,243.2,260.4,0,20-49,4.0,0.9339477726574501
23270,40,2.6,201.6,199.0,208.0,0,20-49,6.400000000000006,0.9567307692307693
23272,71,7.0,314.2,307.2,314.6,0,50-99,0.4000000000000341,0.9764780673871581
23278,48,8.6,236.0,227.4,238.0,0,20-49,2.0,0.9554621848739496
23288,38,4.0,288.0,284.0,289.8,0,20-49,1.8000000000000114,0.9799861973775017
23290,80,3.2,285.0,281.8,285.2,0,50-99,0.19999999999998863,0.9880785413744742
23291,69,8.8,301.8,293.0,304.4,0,50-99,2.599999999999966,0.9625492772667543
23308,69,5.8,287.0,281.2,291.8,0,50-99,4.800000000000011,0.9636737491432488
23350,83,9.4,287.6,278.20000000000005,299.8,0,50-99,12.199999999999989,0.9279519679786525
23353,38,5.4,204.4,199.0,206.2,0,20-49,1.799999999999983,0.965082444228904
23401,14,3.2,143.4,140.20000000000002,143.6,0,10-19,0.19999999999998863,0.9763231197771589
23419,45,63.6,284.8,221.20000000000002,286.8,0,20-49,2.0,0.7712691771269178
23422,79,4.8,216.8,212.0,218.2,0,50-99,1.3999999999999773,0.9715857011915674
23437,9,7.8,132.4,124.60000000000001,132.6,0,5-9,0.19999999999998863,0.9396681749622927
23439,61,8.0,300.2,292.2,301.6,0,50-99,1.400000000000034,0.9688328912466843
23441,10,1.4,119.0,117.6,124.6,1,10-19,5.599999999999994,0.9438202247191011
23453,25,2.8,110.8,108.0,113.8,1,20-49,3.0,0.9490333919156415
23472,27,8.0,232.8,224.8,236.2,0,20-49,3.3999999999999773,0.9517358171041491
23478,26,8.2,145.6,137.4,146.2,0,20-49,0.5999999999999943,0.9398084815321479
23483,59,4.6,294.6,290.0,300.6,0,50-99,6.0,0.9647371922821024
23495,45,6.0,300.6,294.6,302.0,0,20-49,1.3999999999999773,0.9754966887417219
23504,51,7.2,246.6,239.4,247.4,0,50-99,0.8000000000000114,0.967663702506063
23507,36,11.8,282.2,270.4,288.4,1,20-49,6.199999999999989,0.9375866851595007
23523,96,2.8,285.4,282.59999999999997,286.6,0,50-99,1.2000000000000455,0.9860432658757848
23531,10,9.6,145.6,136.0,149.6,1,10-19,4.0,0.9090909090909092
23536,30,21.6,162.4,140.8,169.4,0,20-49,7.0,0.8311688311688312
23538,22,3.4,160.4,157.0,180.0,0,20-49,19.599999999999994,0.8722222222222222
23545,6,0.0,130.2,130.2,130.4,0,5-9,0.20000000000001705,0.9984662576687116
23553,12,5.2,190.4,185.20000000000002,206.4,1,10-19,16.0,0.8972868217054264
23562,52,6.6,213.6,207.0,215.8,0,50-99,2.200000000000017,0.959221501390176
23563,14,0.6,137.0,136.4,142.6,0,10-19,5.599999999999994,0.9565217391304348
23566,16,3.4,86.0,82.6,90.8,1,10-19,4.799999999999997,0.9096916299559471
23567,49,0.6,238.2,237.6,243.4,0,20-49,5.200000000000017,0.9761709120788824
23570,61,17.4,278.8,261.40000000000003,279.0,0,50-99,0.19999999999998863,0.9369175627240145
23576,30,4.8,145.6,140.79999999999998,146.2,0,20-49,0.5999999999999943,0.9630642954856361
23580,26,1.2,145.6,144.4,152.8,0,20-49,7.200000000000017,0.9450261780104712
23583,65,5.4,300.8,295.40000000000003,301.0,0,50-99,0.19999999999998863,0.9813953488372095
23586,71,46.2,294.2,248.0,298.4,0,50-99,4.199999999999989,0.8310991957104559
23587,38,1.2,274.6,273.40000000000003,284.0,0,20-49,9.399999999999977,0.9626760563380283
23593,76,4.6,289.2,284.59999999999997,289.4,0,50-99,0.19999999999998863,0.9834139599170698
23597,20,1.4,258.0,256.6,292.0,0,20-49,34.0,0.8787671232876713
23601,68,2.2,292.8,290.6,293.2,0,50-99,0.39999999999997726,0.9911323328785813
23607,14,27.4,166.8,139.4,169.6,0,10-19,2.799999999999983,0.821933962264151
23613,70,2.4,303.0,300.6,303.2,0,50-99,0.19999999999998863,0.9914248021108181
23615,31,13.4,297.0,283.6,297.4,0,20-49,0.39999999999997726,0.95359784801614
23619,11,9.4,147.0,137.6,148.4,0,10-19,1.4000000000000057,0.9272237196765498
23623,39,5.0,202.6,197.6,204.2,0,20-49,1.5999999999999943,0.9676787463271302
23624,69,8.2,287.6,279.40000000000003,288.4,0,50-99,0.7999999999999545,0.9687933425797506
23629,49,7.6,258.0,250.4,258.2,0,20-49,0.19999999999998863,0.9697908597986058
23632,81,6.0,304.4,298.4,305.0,0,50-99,0.6000000000000227,0.9783606557377048
23650,67,2.4,299.6,297.20000000000005,301.0,0,50-99,1.3999999999999773,0.9873754152823921
23656,60,5.0,294.2,289.2,296.2,0,50-99,2.0,0.9763673193787981
23665,62,5.0,264.4,259.4,270.2,0,50-99,5.800000000000011,0.9600296076980014
23683,68,5.0,294.0,289.0,297.8,0,50-99,3.8000000000000114,0.9704499664204164
23691,6,9.8,147.0,137.2,214.0,0,5-9,67.0,0.6411214953271027
23692,76,5.0,301.2,296.2,305.6,0,50-99,4.400000000000034,0.969240837696335
23693,73,8.2,303.6,295.40000000000003,304.6,0,50-99,1.0,0.9697964543663822
23701,75,5.0,299.8,294.8,302.6,0,50-99,2.8000000000000114,0.9742233972240582
23711,47,3.2,235.4,232.20000000000002,246.8,0,20-49,11.400000000000006,0.9408427876823339
23714,29,4.0,144.0,140.0,151.0,0,20-49,7.0,0.9271523178807947
23728,70,5.2,304.0,298.8,304.6,0,50-99,0.6000000000000227,0.9809586342744583
23731,29,4.4,142.0,137.6,143.6,0,20-49,1.5999999999999943,0.958217270194986
23732,28,16.8,141.0,124.2,160.2,0,20-49,19.19999999999999,0.7752808988764046
23735,5,34.6,99.0,64.4,174.8,0,5-9,75.80000000000001,0.368421052631579
23743,5,35.8,151.8,116.00000000000001,157.6,0,5-9,5.799999999999983,0.7360406091370559
23748,50,5.6,267.6,262.0,274.4,0,50-99,6.7999999999999545,0.9548104956268222
23749,58,5.0,267.6,262.6,268.8,0,50-99,1.1999999999999886,0.9769345238095238
23753,17,9.2,151.6,142.4,153.0,1,10-19,1.4000000000000057,0.930718954248366
23756,47,5.0,287.2,282.2,289.8,0,20-49,2.6000000000000227,0.9737750172532781
23757,12,48.0,166.2,118.19999999999999,171.2,0,10-19,5.0,0.6904205607476636
23761,60,8.2,214.8,206.60000000000002,215.4,0,50-99,0.5999999999999943,0.9591457753017643
23763,60,5.2,239.6,234.4,243.2,1,50-99,3.5999999999999943,0.9638157894736843
23774,73,1.4,288.8,287.40000000000003,300.4,0,50-99,11.599999999999966,0.9567243675099869
23782,66,0.0,292.4,292.4,293.2,0,50-99,0.8000000000000114,0.9972714870395634
23799,69,4.0,288.0,284.0,292.8,0,50-99,4.800000000000011,0.9699453551912568
23817,60,10.2,270.2,260.0,271.6,0,50-99,1.400000000000034,0.9572901325478644
23825,15,16.8,154.6,137.79999999999998,158.0,0,10-19,3.4000000000000057,0.8721518987341771
23828,68,0.8,265.6,264.8,266.4,0,50-99,0.7999999999999545,0.9939939939939941
23846,62,9.2,282.6,273.40000000000003,285.2,0,50-99,2.599999999999966,0.9586255259467042
23874,59,3.4,282.0,278.6,282.8,0,50-99,0.8000000000000114,0.9851485148514851
23877,64,5.0,304.0,299.0,306.2,0,50-99,2.1999999999999886,0.976485956890921
23881,67,5.0,289.8,284.8,291.2,0,50-99,1.3999999999999773,0.9780219780219781
23886,30,0.2,271.8,271.6,275.0,0,20-49,3.1999999999999886,0.9876363636363638
23887,20,0.0,119.2,119.2,145.6,1,20-49,26.39999999999999,0.8186813186813188
23893,32,7.0,191.0,184.0,193.2,1,20-49,2.1999999999999886,0.9523809523809524
23904,32,12.4,172.8,160.4,177.0,0,20-49,4.199999999999989,0.9062146892655367
23916,70,15.6,294.2,278.59999999999997,298.2,0,50-99,4.0,0.9342723004694835
23922,28,4.2,167.2,163.0,175.6,0,20-49,8.400000000000006,0.928246013667426
23924,41,4.8,269.6,264.8,274.2,0,20-49,4.599999999999966,0.9657184536834428
23929,74,7.8,280.6,272.8,281.2,0,50-99,0.5999999999999659,0.9701280227596017
23930,36,10.6,131.8,121.20000000000002,132.4,0,20-49,0.5999999999999943,0.9154078549848943
23935,57,5.0,274.0,269.0,278.6,0,50-99,4.600000000000023,0.9655419956927493
23938,40,6.4,291.8,285.40000000000003,293.2,0,20-49,1.3999999999999773,0.9733969986357437
23943,53,9.8,219.0,209.2,232.2,0,50-99,13.199999999999989,0.9009474590869939
23951,70,5.6,289.6,284.0,295.2,0,50-99,5.599999999999966,0.962059620596206
23954,44,5.0,284.4,279.4,287.4,0,20-49,3.0,0.9721642310368824
23969,67,5.6,281.8,276.2,282.0,0,50-99,0.19999999999998863,0.9794326241134751
23975,63,19.4,282.8,263.40000000000003,283.6,0,50-99,0.8000000000000114,0.9287729196050776
23978,18,12.8,131.6,118.8,132.2,0,10-19,0.5999999999999943,0.8986384266263238
23996,101,9.8,280.4,270.59999999999997,281.0,0,100-199,0.6000000000000227,0.9629893238434163
24008,74,4.6,260.2,255.6,260.4,0,50-99,0.19999999999998863,0.9815668202764978
24020,48,15.4,135.8,120.4,141.0,0,20-49,5.199999999999989,0.8539007092198582
24021,84,17.0,281.0,264.0,283.8,0,50-99,2.8000000000000114,0.9302325581395349
24024,12,14.2,111.2,97.0,139.0,0,10-19,27.799999999999997,0.697841726618705
24043,46,11.6,284.4,272.79999999999995,284.6,0,20-49,0.20000000000004547,0.9585382993675331
24048,59,9.4,288.2,278.8,288.4,0,50-99,0.19999999999998863,0.9667128987517338
24049,23,6.2,269.2,263.0,289.6,0,20-49,20.400000000000034,0.9081491712707181
24056,29,0.8,253.4,252.6,254.8,0,20-49,1.4000000000000057,0.9913657770800627
24058,66,4.6,292.2,287.59999999999997,298.2,0,50-99,6.0,0.9644533869885982
24070,51,6.4,273.0,266.6,273.2,0,50-99,0.19999999999998863,0.9758418740849196
24099,50,5.0,257.8,252.8,260.6,0,50-99,2.8000000000000114,0.9700690713737529
24104,84,13.6,292.4,278.79999999999995,295.0,0,50-99,2.6000000000000227,0.9450847457627117
24127,29,2.8,147.0,144.2,153.4,1,20-49,6.400000000000006,0.9400260756192959
24137,30,5.6,142.6,137.0,144.4,0,20-49,1.8000000000000114,0.948753462603878
24142,67,5.8,294.0,288.2,297.8,0,50-99,3.8000000000000114,0.9677635997313633
24143,54,4.8,292.6,287.8,294.6,0,50-99,2.0,0.976917854718262
24150,86,1.0,292.8,291.8,296.2,0,50-99,3.3999999999999773,0.9851451721809589
24158,63,11.6,282.6,271.0,282.8,0,50-99,0.19999999999998863,0.9582743988684582
24163,111,8.2,274.2,266.0,274.4,0,100-199,0.19999999999998863,0.9693877551020409
24165,16,28.8,211.2,182.39999999999998,212.2,0,10-19,1.0,0.8595664467483506
24166,74,2.8,296.8,294.0,297.0,0,50-99,0.19999999999998863,0.98989898989899
24173,66,2.8,285.2,282.4,286.8,0,50-99,1.6000000000000227,0.9846582984658298
24183,40,3.2,150.0,146.8,162.4,0,20-49,12.400000000000006,0.9039408866995075
24184,59,16.2,276.8,260.6,278.6,1,50-99,1.8000000000000114,0.9353912419239052
24185,40,2.2,252.2,250.0,261.6,1,20-49,9.400000000000034,0.95565749235474
24186,24,0.2,289.8,289.6,292.6,0,20-49,2.8000000000000114,0.9897470950102529
24189,74,0.6,272.2,271.59999999999997,275.8,0,50-99,3.6000000000000227,0.9847715736040608
24206,8,12.4,133.6,121.19999999999999,138.6,0,5-9,5.0,0.8744588744588744
24212,87,12.0,288.2,276.2,288.8,0,50-99,0.6000000000000227,0.956371191135734
24213,34,11.2,176.0,164.8,176.6,0,20-49,0.5999999999999943,0.9331823329558325
24223,38,4.8,216.2,211.39999999999998,219.0,1,20-49,2.8000000000000114,0.9652968036529679
24233,70,5.2,288.0,282.8,291.0,0,50-99,3.0,0.9718213058419244
24237,61,26.6,255.0,228.4,256.4,0,50-99,1.3999999999999773,0.8907956318252731
24239,62,2.2,290.2,288.0,291.4,0,50-99,1.1999999999999886,0.9883321894303364
24247,89,3.8,247.0,243.2,259.6,0,50-99,12.600000000000023,0.9368258859784282
24265,58,22.4,250.8,228.4,258.8,0,50-99,8.0,0.8825347758887171
24266,58,10.2,279.0,268.8,282.2,0,50-99,3.1999999999999886,0.9525159461374912
24267,59,6.0,295.4,289.4,295.8,0,50-99,0.4000000000000341,0.9783637592968221
24273,26,7.4,199.2,191.79999999999998,217.8,0,20-49,18.600000000000023,0.8806244260789714
24275,19,5.2,165.0,159.8,170.8,0,10-19,5.800000000000011,0.9355971896955504
24290,58,4.6,274.2,269.59999999999997,279.8,0,50-99,5.600000000000023,0.9635453895639741
24294,65,8.6,287.0,278.4,287.4,0,50-99,0.39999999999997726,0.9686847599164927
24298,57,6.8,267.0,260.2,267.2,0,50-99,0.19999999999998863,0.9738023952095808
24321,53,6.8,243.4,236.6,245.6,0,50-99,2.1999999999999886,0.9633550488599348
24322,57,8.2,238.4,230.20000000000002,239.4,0,50-99,1.0,0.9615705931495405
24329,43,4.0,213.4,209.4,214.8,0,20-49,1.4000000000000057,0.9748603351955307
24344,44,6.6,238.0,231.4,243.2,0,20-49,5.199999999999989,0.9514802631578948
24345,37,4.8,200.4,195.6,206.0,0,20-49,5.599999999999994,0.949514563106796
24351,28,0.0,138.8,138.8,143.8,0,20-49,5.0,0.9652294853963839
24352,81,5.6,290.4,284.79999999999995,291.8,0,50-99,1.400000000000034,0.9760109664153528
24367,63,5.2,292.2,287.0,293.6,0,50-99,1.400000000000034,0.9775204359673024
24380,23,2.8,212.0,209.2,220.0,0,20-49,8.0,0.9509090909090908
24401,62,8.2,290.0,281.8,292.2,0,50-99,2.1999999999999886,0.9644079397672828
24409,21,8.4,210.6,202.2,211.0,0,20-49,0.4000000000000057,0.9582938388625591
24413,44,7.6,221.0,213.4,222.2,0,20-49,1.1999999999999886,0.9603960396039605
24419,51,4.8,268.0,263.2,274.0,0,50-99,6.0,0.9605839416058394
24421,30,4.8,134.6,129.79999999999998,139.0,0,20-49,4.400000000000006,0.9338129496402876
24426,41,5.2,207.2,202.0,210.0,0,20-49,2.8000000000000114,0.9619047619047619
24430,37,4.8,253.4,248.6,274.6,0,20-49,21.200000000000017,0.9053168244719592
24433,19,3.0,210.6,207.6,210.8,0,10-19,0.20000000000001705,0.984819734345351
24444,27,6.0,262.2,256.2,276.2,0,20-49,14.0,0.9275887038377987
24445,59,4.0,217.8,213.8,218.8,1,50-99,1.0,0.9771480804387569
24450,39,4.2,155.2,151.0,158.0,0,20-49,2.8000000000000114,0.9556962025316456
24452,61,0.0,279.8,279.8,280.4,0,50-99,0.5999999999999659,0.9978601997146934
24456,43,6.0,169.8,163.8,170.0,1,20-49,0.19999999999998863,0.963529411764706
24470,7,14.4,140.4,126.0,143.2,0,5-9,2.799999999999983,0.8798882681564246
24472,34,3.2,141.8,138.60000000000002,146.2,1,20-49,4.399999999999977,0.9480164158686732
24487,40,4.0,185.8,181.8,192.6,0,20-49,6.799999999999983,0.9439252336448599
24491,60,7.2,283.0,275.8,284.0,0,50-99,1.0,0.9711267605633803
24524,28,0.0,142.4,142.4,143.6,0,20-49,1.1999999999999886,0.9916434540389973
24536,7,37.4,164.6,127.19999999999999,166.0,0,5-9,1.4000000000000057,0.7662650602409637
24550,65,6.6,271.4,264.79999999999995,275.0,0,50-99,3.6000000000000227,0.9629090909090907
24556,69,11.4,291.0,279.6,291.4,0,50-99,0.39999999999997726,0.959505833905285
24564,51,5.0,208.8,203.8,215.6,0,50-99,6.799999999999983,0.9452690166975882
24573,120,0.4,272.0,271.6,272.6,0,100-199,0.6000000000000227,0.9963316214233309
24574,41,2.8,266.0,263.2,266.2,0,20-49,0.19999999999998863,0.9887302779864763
24578,61,2.8,269.8,267.0,272.2,0,50-99,2.3999999999999773,0.9808963997060985
24580,36,0.0,103.6,103.6,107.8,1,20-49,4.200000000000003,0.961038961038961
24585,13,54.6,274.8,220.20000000000002,275.4,0,10-19,0.5999999999999659,0.7995642701525055
24593,58,14.4,266.6,252.20000000000002,272.2,0,50-99,5.599999999999966,0.9265246142542249
24598,15,4.2,139.4,135.20000000000002,140.0,0,10-19,0.5999999999999943,0.9657142857142859
24632,56,5.6,240.8,235.20000000000002,241.0,0,50-99,0.19999999999998863,0.9759336099585063
24639,28,10.8,147.6,136.79999999999998,147.8,0,20-49,0.20000000000001705,0.9255751014884978
24647,37,1.2,270.6,269.40000000000003,270.8,0,20-49,0.19999999999998863,0.9948301329394388
24652,35,11.4,152.6,141.2,153.4,0,20-49,0.8000000000000114,0.9204693611473271
24659,46,1.2,210.6,209.4,212.8,1,20-49,2.200000000000017,0.9840225563909775
24660,32,11.6,231.2,219.6,237.0,0,20-49,5.800000000000011,0.9265822784810126
24661,30,0.0,244.2,244.2,251.8,0,20-49,7.600000000000023,0.9698173153296266
24675,59,7.8,261.8,254.0,263.4,0,50-99,1.599999999999966,0.9643128321943812
24701,5,8.6,211.4,202.8,218.6,1,5-9,7.199999999999989,0.92772186642269
24702,32,44.0,222.8,178.8,230.8,0,20-49,8.0,0.7746967071057193
24708,16,7.6,135.0,127.4,150.6,0,10-19,15.599999999999994,0.8459495351925631
24721,75,0.2,265.2,265.0,266.2,0,50-99,1.0,0.9954921111945906
24732,47,5.0,197.2,192.2,199.0,0,20-49,1.8000000000000114,0.9658291457286432
24734,40,5.0,171.0,166.0,171.6,1,20-49,0.5999999999999943,0.9673659673659674
24739,31,3.6,236.0,232.4,239.0,0,20-49,3.0,0.9723849372384937
24744,47,7.6,180.2,172.6,185.0,0,20-49,4.800000000000011,0.932972972972973
24746,61,8.8,240.4,231.6,241.6,1,50-99,1.1999999999999886,0.9586092715231788
24752,18,8.4,114.4,106.0,139.0,0,10-19,24.599999999999994,0.762589928057554
24768,55,10.6,209.6,199.0,211.4,1,50-99,1.8000000000000114,0.9413434247871334
24773,71,9.6,256.6,247.00000000000003,260.0,0,50-99,3.3999999999999773,0.9500000000000001
24774,47,24.4,264.0,239.6,266.8,0,20-49,2.8000000000000114,0.8980509745127435
24775,19,0.4,178.8,178.4,182.0,0,10-19,3.1999999999999886,0.9802197802197803
24776,38,9.0,167.0,158.0,169.4,1,20-49,2.4000000000000057,0.9327036599763873
24791,59,8.8,253.0,244.2,253.2,0,50-99,0.19999999999998863,0.9644549763033176
24795,57,14.6,263.2,248.6,265.2,0,50-99,2.0,0.9374057315233786
24799,119,5.6,268.2,262.59999999999997,269.0,0,100-199,0.8000000000000114,0.9762081784386616
24800,13,6.0,127.2,121.2,133.2,1,10-19,5.999999999999986,0.90990990990991
24810,17,2.2,216.4,214.20000000000002,216.8,0,10-19,0.4000000000000057,0.9880073800738007
24812,53,10.4,257.4,246.99999999999997,258.6,0,50-99,1.2000000000000455,0.9551430781129155
24818,11,22.6,132.2,109.6,138.6,0,10-19,6.400000000000006,0.7907647907647908
24832,62,3.2,218.4,215.20000000000002,218.8,0,50-99,0.4000000000000057,0.9835466179159049
24837,57,0.6,247.4,246.8,251.4,0,50-99,4.0,0.9817024661893398
24846,44,4.6,249.8,245.20000000000002,251.0,0,20-49,1.1999999999999886,0.9768924302788845
24849,62,0.6,265.2,264.59999999999997,265.6,0,50-99,0.4000000000000341,0.9962349397590359
24854,44,5.2,222.6,217.4,223.6,0,20-49,1.0,0.9722719141323793
24861,48,4.8,268.6,263.8,270.0,0,20-49,1.3999999999999773,0.977037037037037
24865,45,4.0,237.0,233.0,238.4,0,20-49,1.4000000000000057,0.9773489932885906
24866,29,4.6,263.8,259.2,264.4,0,20-49,0.5999999999999659,0.9803328290468987
24867,49,3.4,258.0,254.6,258.2,0,20-49,0.19999999999998863,0.9860573199070488
24885,49,9.0,270.4,261.4,271.2,0,20-49,0.8000000000000114,0.9638643067846607
24897,45,2.2,202.0,199.8,204.8,0,20-49,2.8000000000000114,0.9755859375
24899,44,1.8,260.2,258.4,275.8,0,20-49,15.600000000000023,0.9369108049311093
24906,66,0.0,238.4,238.4,238.6,0,50-99,0.19999999999998863,0.9991617770326907
24910,20,1.8,107.0,105.2,145.2,0,20-49,38.19999999999999,0.7245179063360883
24917,33,19.8,174.2,154.39999999999998,174.4,0,20-49,0.20000000000001705,0.885321100917431
24920,90,5.4,271.6,266.20000000000005,276.4,0,50-99,4.7999999999999545,0.9630969609261941
24933,59,19.0,259.6,240.60000000000002,262.0,0,50-99,2.3999999999999773,0.918320610687023
24934,14,21.8,135.8,114.00000000000001,138.2,0,10-19,2.3999999999999773,0.8248914616497831
24936,114,5.4,273.8,268.40000000000003,274.6,0,100-199,0.8000000000000114,0.9774217042971596
24946,6,0.2,74.8,74.6,130.2,0,5-9,55.39999999999999,0.5729646697388633
24949,42,4.6,212.0,207.4,213.2,0,20-49,1.1999999999999886,0.9727954971857412
24962,6,3.0,116.6,113.6,122.2,1,5-9,5.6000000000000085,0.9296235679214402
24965,59,0.0,242.4,242.4,247.4,0,50-99,5.0,0.9797898140662894
24972,56,0.6,263.2,262.59999999999997,265.2,0,50-99,2.0,0.9901960784313725
24977,26,9.4,204.4,195.0,208.0,0,20-49,3.5999999999999943,0.9375
24981,26,9.2,134.4,125.2,139.6,0,20-49,5.199999999999989,0.8968481375358167
25009,49,4.6,193.6,189.0,194.6,0,20-49,1.0,0.9712230215827339
25015,55,7.0,261.4,254.39999999999998,264.6,0,50-99,3.2000000000000455,0.9614512471655328
25016,38,6.6,188.8,182.20000000000002,193.4,1,20-49,4.599999999999994,0.9420889348500517
25017,10,4.2,144.2,140.0,146.4,0,10-19,2.200000000000017,0.9562841530054644
25020,59,0.2,214.8,214.60000000000002,215.4,0,50-99,0.5999999999999943,0.9962859795728878
25022,27,7.0,137.2,130.2,152.2,0,20-49,15.0,0.8554533508541393
25027,75,0.4,270.6,270.20000000000005,271.0,0,50-99,0.39999999999997726,0.997047970479705
25036,27,8.6,140.8,132.20000000000002,141.4,0,20-49,0.5999999999999943,0.934936350777935
25050,33,5.4,214.4,209.0,229.8,1,20-49,15.400000000000006,0.9094865100087032
25052,9,22.2,195.4,173.20000000000002,208.0,0,5-9,12.599999999999994,0.8326923076923077
25054,64,5.6,272.6,267.0,273.0,0,50-99,0.39999999999997726,0.978021978021978
25062,6,12.4,131.4,119.0,203.6,0,5-9,72.19999999999999,0.5844793713163065
25067,73,1.2,269.4,268.2,270.8,0,50-99,1.400000000000034,0.9903988183161003
25086,7,23.2,148.4,125.2,174.6,0,5-9,26.19999999999999,0.7170675830469645
25088,28,3.4,141.2,137.79999999999998,141.4,0,20-49,0.20000000000001705,0.9745403111739743
25091,36,6.6,139.4,132.8,142.0,1,20-49,2.5999999999999943,0.9352112676056339
25099,26,2.8,146.0,143.2,152.8,0,20-49,6.800000000000011,0.9371727748691098
25105,14,44.2,143.6,99.39999999999999,145.6,0,10-19,2.0,0.6826923076923077
25107,35,10.6,163.0,152.4,166.6,0,20-49,3.5999999999999943,0.9147659063625451
25111,33,3.4,140.2,136.79999999999998,140.6,1,20-49,0.4000000000000057,0.9729729729729729
25122,26,5.6,122.6,117.0,122.8,1,20-49,0.20000000000000284,0.9527687296416938
25128,51,4.6,272.6,268.0,277.8,0,50-99,5.199999999999989,0.964722822174226
25131,55,6.4,249.8,243.4,253.4,0,50-99,3.5999999999999943,0.9605367008681925
25139,51,4.0,261.2,257.2,263.8,0,50-99,2.6000000000000227,0.9749810462471569
25141,59,7.0,273.6,266.6,278.0,0,50-99,4.399999999999977,0.9589928057553958
25151,65,15.0,276.0,261.0,278.4,0,50-99,2.3999999999999773,0.9375000000000001
25169,37,13.0,180.2,167.2,185.8,0,20-49,5.600000000000023,0.8998923573735198
25170,26,6.4,125.4,119.0,125.8,1,20-49,0.3999999999999915,0.9459459459459459
25180,29,12.8,222.4,209.6,224.0,0,20-49,1.5999999999999943,0.9357142857142857
25189,65,6.4,271.0,264.6,276.6,0,50-99,5.600000000000023,0.9566160520607375
25193,58,6.4,272.0,265.6,276.6,0,50-99,4.600000000000023,0.9602313810556761
25206,54,4.8,240.0,235.2,242.2,0,50-99,2.1999999999999886,0.9710982658959537
25209,66,2.8,232.8,230.0,233.8,0,50-99,1.0,0.9837467921300256
25221,23,11.6,224.2,212.6,224.8,0,20-49,0.6000000000000227,0.945729537366548
25222,33,5.2,161.0,155.8,166.8,1,20-49,5.800000000000011,0.934052757793765
25226,17,1.4,142.6,141.2,161.6,0,10-19,19.0,0.8737623762376238
25239,50,0.8,245.2,244.39999999999998,251.4,0,50-99,6.200000000000017,0.9721559268098646
25245,31,0.8,220.2,219.39999999999998,261.2,0,20-49,41.0,0.839969372128637
25248,61,3.4,267.4,264.0,268.0,0,50-99,0.6000000000000227,0.9850746268656716
25252,37,30.4,201.6,171.2,202.2,0,20-49,0.5999999999999943,0.8466864490603363
25258,54,2.4,251.6,249.2,252.6,0,50-99,1.0,0.9865399841646872
25265,45,19.8,269.0,249.2,269.2,0,20-49,0.19999999999998863,0.9257057949479941
25268,66,11.8,268.8,257.0,269.2,0,50-99,0.39999999999997726,0.9546805349182764
25269,79,3.6,260.0,256.4,260.4,0,50-99,0.39999999999997726,0.9846390168970814
25271,71,14.8,221.0,206.2,221.2,0,50-99,0.19999999999998863,0.9321880650994575
25280,6,25.4,76.0,50.6,131.4,0,5-9,55.400000000000006,0.3850837138508371
25288,15,19.6,141.4,121.80000000000001,142.0,0,10-19,0.5999999999999943,0.8577464788732395
25295,51,8.0,249.6,241.6,250.2,0,50-99,0.5999999999999943,0.9656274980015987
25296,15,10.4,259.6,249.20000000000002,260.4,0,10-19,0.7999999999999545,0.9569892473118281
25300,52,52.0,244.8,192.8,249.4,0,50-99,4.599999999999994,0.773055332798717
25302,41,15.6,250.8,235.20000000000002,251.0,0,20-49,0.19999999999998863,0.9370517928286853
25306,56,8.4,265.0,256.6,265.4,0,50-99,0.39999999999997726,0.9668425018839489
25312,41,2.6,225.4,222.8,226.4,0,20-49,1.0,0.9840989399293286
25326,37,18.2,220.0,201.8,221.4,0,20-49,1.4000000000000057,0.9114724480578139
25345,53,13.2,266.4,253.2,270.4,0,50-99,4.0,0.9363905325443788
25347,70,1.0,261.6,260.6,263.2,0,50-99,1.599999999999966,0.9901215805471126
25349,28,9.8,144.2,134.39999999999998,145.6,0,20-49,1.4000000000000057,0.9230769230769229
25367,57,2.8,258.0,255.2,258.2,0,50-99,0.19999999999998863,0.9883810999225406
25372,8,16.6,177.6,161.0,187.8,0,5-9,10.200000000000017,0.8572949946751863
25376,21,10.8,234.0,223.2,245.2,0,20-49,11.199999999999989,0.9102773246329526
25390,26,4.0,220.8,216.8,245.2,0,20-49,24.399999999999977,0.8841761827079936
25398,42,7.4,174.2,166.79999999999998,174.6,0,20-49,0.4000000000000057,0.9553264604810996
25404,40,1.6,264.8,263.2,270.2,0,20-49,5.399999999999977,0.9740932642487047
25406,31,47.0,188.0,141.0,191.8,1,20-49,3.8000000000000114,0.735140771637122
25408,32,15.6,254.0,238.4,254.4,0,20-49,0.4000000000000057,0.9371069182389937
25427,61,1.6,260.8,259.2,261.6,0,50-99,0.8000000000000114,0.9908256880733943
25436,11,2.8,157.4,154.6,210.2,0,10-19,52.79999999999998,0.7354900095147479
25441,44,4.6,223.4,218.8,225.4,0,20-49,2.0,0.9707187222715173
25449,53,0.8,233.6,232.79999999999998,235.4,0,50-99,1.8000000000000114,0.9889549702633814
25451,58,29.0,229.0,200.0,229.6,0,50-99,0.5999999999999943,0.8710801393728224
25460,58,5.2,274.4,269.2,275.2,0,50-99,0.8000000000000114,0.9781976744186046
25467,14,2.4,115.6,113.19999999999999,139.2,0,10-19,23.599999999999994,0.8132183908045977
25470,45,1.6,212.2,210.6,217.8,0,20-49,5.600000000000023,0.9669421487603305
25478,14,11.8,132.2,120.39999999999999,133.6,0,10-19,1.4000000000000057,0.9011976047904191
25489,61,7.8,269.6,261.8,269.8,0,50-99,0.19999999999998863,0.9703484062268347
25490,41,3.4,216.6,213.2,217.0,0,20-49,0.4000000000000057,0.9824884792626728
25497,10,6.6,178.8,172.20000000000002,180.6,0,10-19,1.799999999999983,0.9534883720930234
25517,25,13.0,137.8,124.80000000000001,139.0,0,20-49,1.1999999999999886,0.8978417266187051
25525,56,5.8,260.0,254.2,266.0,0,50-99,6.0,0.9556390977443608
25537,37,10.6,250.4,239.8,252.4,0,20-49,2.0,0.9500792393026941
25545,57,6.4,242.8,236.4,243.4,0,50-99,0.5999999999999943,0.971240755957272
25554,12,13.8,167.2,153.39999999999998,182.0,0,10-19,14.800000000000011,0.8428571428571427
25561,46,5.4,205.6,200.2,205.8,1,20-49,0.20000000000001705,0.9727891156462584
25571,28,3.8,138.6,134.79999999999998,145.0,0,20-49,6.400000000000006,0.929655172413793
25573,42,8.4,170.0,161.6,171.4,1,20-49,1.4000000000000057,0.9428238039673278
25587,12,0.6,153.4,152.8,153.6,0,10-19,0.19999999999998863,0.9947916666666667
25592,57,2.0,218.6,216.6,223.2,0,50-99,4.599999999999994,0.9704301075268817
25603,55,3.6,238.4,234.8,244.0,0,50-99,5.599999999999994,0.9622950819672131
25605,63,14.0,275.0,261.0,275.8,0,50-99,0.8000000000000114,0.9463379260333574
25610,48,9.6,217.6,208.0,250.4,0,20-49,32.80000000000001,0.8306709265175719
25614,49,19.4,232.8,213.4,234.2,1,20-49,1.3999999999999773,0.9111870196413323
25619,48,1.6,221.4,219.8,227.0,0,20-49,5.599999999999994,0.9682819383259912
25639,55,1.2,258.8,257.6,259.6,0,50-99,0.8000000000000114,0.9922958397534669
25642,53,4.2,263.4,259.2,265.0,0,50-99,1.6000000000000227,0.9781132075471698
25653,46,12.0,221.8,209.8,223.2,0,20-49,1.3999999999999773,0.9399641577060933
25664,18,9.0,154.6,145.6,155.4,0,10-19,0.8000000000000114,0.9369369369369369
25668,58,1.0,211.2,210.2,212.2,0,50-99,1.0,0.9905749293119699
25703,32,3.6,141.6,138.0,142.8,0,20-49,1.200000000000017,0.9663865546218486
25724,63,0.6,258.0,257.4,260.4,0,50-99,2.3999999999999773,0.988479262672811
25726,60,9.6,246.8,237.20000000000002,247.2,1,50-99,0.39999999999997726,0.9595469255663431
25727,51,5.2,245.0,239.8,246.4,0,50-99,1.4000000000000057,0.9732142857142857
25734,38,15.0,263.2,248.2,265.0,0,20-49,1.8000000000000114,0.9366037735849057
25735,17,24.6,140.0,115.4,141.4,0,10-19,1.4000000000000057,0.8161244695898161
25740,60,6.4,254.4,248.0,255.8,0,50-99,1.4000000000000057,0.9695074276778733
25759,46,4.8,204.2,199.39999999999998,205.2,1,20-49,1.0,0.9717348927875243
25761,27,4.4,218.8,214.4,222.4,0,20-49,3.5999999999999943,0.9640287769784173
25762,27,5.6,142.4,136.8,144.6,0,20-49,2.1999999999999886,0.9460580912863071
25763,6,8.0,131.0,123.0,142.6,0,5-9,11.599999999999994,0.8625525946704068
25764,43,4.8,214.0,209.2,214.8,0,20-49,0.8000000000000114,0.9739292364990688
25765,51,20.2,260.0,239.8,262.4,0,50-99,2.3999999999999773,0.9138719512195124
25777,26,12.8,263.6,250.8,266.6,0,20-49,3.0,0.940735183795949
25781,95,9.2,261.6,252.40000000000003,263.8,0,50-99,2.1999999999999886,0.9567854435178166
25782,23,7.6,204.2,196.6,209.8,0,20-49,5.600000000000023,0.9370829361296472
25783,30,5.6,142.6,137.0,145.0,0,20-49,2.4000000000000057,0.9448275862068966
25799,28,0.0,213.0,213.0,231.8,0,20-49,18.80000000000001,0.9188955996548749
25809,54,8.2,228.4,220.20000000000002,229.4,0,50-99,1.0,0.9598953792502181
25814,73,3.8,262.6,258.8,264.4,0,50-99,1.7999999999999545,0.978819969742814
25819,20,14.6,224.2,209.6,235.2,0,20-49,11.0,0.891156462585034
25825,29,6.6,237.4,230.8,238.0,0,20-49,0.5999999999999943,0.9697478991596639
25835,6,0.2,130.2,130.0,138.2,0,5-9,8.0,0.9406657018813315
25838,11,24.4,176.4,152.0,178.0,0,10-19,1.5999999999999943,0.8539325842696629
25857,51,12.6,259.4,246.79999999999998,265.2,0,50-99,5.800000000000011,0.9306184012066365
25863,75,3.2,250.0,246.8,259.4,0,50-99,9.399999999999977,0.9514263685427912
25865,29,1.6,143.2,141.6,150.0,0,20-49,6.800000000000011,0.944
25872,58,9.0,229.0,220.0,229.4,1,50-99,0.4000000000000057,0.9590235396687009
25882,41,15.6,237.4,221.8,237.6,0,20-49,0.19999999999998863,0.9335016835016836
25900,50,11.0,257.4,246.39999999999998,263.4,0,50-99,6.0,0.935459377372817
25904,36,6.2,158.0,151.8,163.4,1,20-49,5.400000000000006,0.9290085679314566
25905,8,10.2,96.4,86.2,103.8,1,5-9,7.3999999999999915,0.8304431599229287
25919,36,2.0,247.8,245.8,253.6,0,20-49,5.799999999999983,0.969242902208202
25928,32,1.4,124.4,123.0,129.6,0,20-49,5.199999999999989,0.9490740740740741
25934,38,2.0,141.0,139.0,143.8,0,20-49,2.8000000000000114,0.9666203059805284
25949,58,2.8,254.8,252.0,255.8,0,50-99,1.0,0.9851446442533228
25969,45,8.0,219.4,211.4,225.0,0,20-49,5.599999999999994,0.9395555555555556
25971,53,6.2,227.6,221.4,231.6,0,50-99,4.0,0.955958549222798
25977,46,1.6,243.2,241.6,248.8,0,20-49,5.600000000000023,0.9710610932475884
25985,23,16.2,138.0,121.8,139.4,0,20-49,1.4000000000000057,0.8737446197991391
25998,41,6.4,199.8,193.4,203.2,1,20-49,3.3999999999999773,0.9517716535433072
26004,22,10.8,216.8,206.0,217.0,0,20-49,0.19999999999998863,0.9493087557603687
26009,19,2.0,165.4,163.4,170.6,0,10-19,5.199999999999989,0.9577960140679954
26010,38,8.6,197.6,189.0,201.8,0,20-49,4.200000000000017,0.9365708622398414
26013,30,3.8,148.2,144.39999999999998,148.4,1,20-49,0.20000000000001705,0.9730458221024257
26014,42,6.8,207.8,201.0,208.8,1,20-49,1.0,0.9626436781609194
26015,11,1.2,111.8,110.6,124.6,0,10-19,12.799999999999997,0.8876404494382022
26020,49,9.4,230.6,221.2,233.4,0,20-49,2.8000000000000114,0.9477292202227934
26051,19,4.8,120.4,115.60000000000001,143.8,1,10-19,23.400000000000006,0.803894297635605
26052,5,27.0,116.4,89.4,121.4,0,5-9,5.0,0.7364085667215816
26063,40,14.0,213.6,199.6,213.8,0,20-49,0.20000000000001705,0.9335827876520112
26070,44,15.8,188.8,173.0,189.2,0,20-49,0.39999999999997726,0.9143763213530656
26086,74,1.0,237.8,236.8,238.4,0,50-99,0.5999999999999943,0.9932885906040269
26095,53,6.8,208.8,202.0,212.2,0,50-99,3.3999999999999773,0.9519321394910463
26096,35,12.2,148.0,135.8,160.6,0,20-49,12.599999999999994,0.8455790784557908
26099,47,10.8,250.8,240.0,251.0,0,20-49,0.19999999999998863,0.9561752988047809
26103,8,0.8,220.4,219.6,238.4,1,5-9,18.0,0.9211409395973154
26104,31,4.8,222.4,217.6,250.4,0,20-49,28.0,0.8690095846645367
26106,30,2.8,202.4,199.6,206.2,0,20-49,3.799999999999983,0.967992240543162
26112,49,2.4,228.6,226.2,230.0,0,20-49,1.4000000000000057,0.9834782608695651
26116,40,1.8,178.2,176.39999999999998,181.6,0,20-49,3.4000000000000057,0.9713656387665197
26123,6,0.0,144.8,144.8,145.0,0,5-9,0.19999999999998863,0.9986206896551725
26124,109,1.6,248.4,246.8,249.6,0,100-199,1.1999999999999886,0.9887820512820513
26138,49,7.0,244.2,237.2,245.8,0,20-49,1.6000000000000227,0.9650122050447517
26145,7,41.0,167.2,126.19999999999999,216.0,0,5-9,48.80000000000001,0.5842592592592593
26150,64,3.4,250.6,247.2,256.0,0,50-99,5.400000000000006,0.965625
26159,28,12.6,239.6,227.0,247.0,0,20-49,7.400000000000006,0.9190283400809717
26162,30,3.8,145.6,141.79999999999998,146.0,0,20-49,0.4000000000000057,0.9712328767123286
26165,49,2.8,234.0,231.2,237.4,0,20-49,3.4000000000000057,0.9738837405223251
26166,42,11.2,210.0,198.8,210.6,0,20-49,0.5999999999999943,0.9439696106362774
26177,34,18.2,183.2,165.0,229.8,0,20-49,46.60000000000002,0.7180156657963446
26183,60,1.8,250.6,248.79999999999998,251.6,0,50-99,1.0,0.9888712241653418
26195,11,7.0,122.6,115.6,139.4,0,10-19,16.80000000000001,0.8292682926829268
26200,12,0.4,154.4,154.0,214.2,0,10-19,59.79999999999998,0.7189542483660131
26202,5,5.4,106.4,101.0,137.6,0,5-9,31.19999999999999,0.7340116279069768
26205,14,25.6,174.4,148.8,186.2,0,10-19,11.799999999999983,0.7991407089151451
26222,44,4.8,220.4,215.6,224.6,0,20-49,4.199999999999989,0.9599287622439893
26228,52,9.4,243.8,234.4,244.8,0,50-99,1.0,0.957516339869281
26230,51,4.6,249.0,244.4,250.8,0,50-99,1.8000000000000114,0.974481658692185
26235,58,1.4,233.4,232.0,233.8,0,50-99,0.4000000000000057,0.9923011120615911
26241,36,4.8,175.2,170.39999999999998,177.0,0,20-49,1.8000000000000114,0.9627118644067796
26244,43,4.4,228.2,223.79999999999998,232.4,0,20-49,4.200000000000017,0.9629948364888123
26254,53,17.4,244.4,227.0,247.2,0,50-99,2.799999999999983,0.9182847896440129
26261,18,4.4,201.6,197.2,239.4,0,10-19,37.80000000000001,0.8237259816207184
26266,60,1.4,238.6,237.2,239.8,0,50-99,1.200000000000017,0.9891576313594661
26267,45,0.2,229.8,229.60000000000002,231.0,0,20-49,1.1999999999999886,0.993939393939394
26268,44,4.2,231.8,227.60000000000002,232.2,0,20-49,0.39999999999997726,0.9801894918173989
26269,14,6.2,162.2,156.0,174.4,0,10-19,12.200000000000017,0.8944954128440367
26271,21,4.6,126.8,122.2,130.4,0,20-49,3.6000000000000085,0.9371165644171779
26272,18,17.6,245.2,227.6,248.2,0,10-19,3.0,0.9170024174053183
26289,6,19.6,140.6,121.0,140.8,0,5-9,0.20000000000001705,0.8593749999999999
26290,65,4.8,231.4,226.6,233.0,0,50-99,1.5999999999999943,0.9725321888412017
26304,39,3.8,202.8,199.0,204.0,0,20-49,1.1999999999999886,0.9754901960784313
26306,54,4.6,232.2,227.6,234.2,0,50-99,2.0,0.9718189581554227
26307,37,11.6,221.6,210.0,237.0,0,20-49,15.400000000000006,0.8860759493670886
26314,61,2.8,150.2,147.39999999999998,150.6,0,50-99,0.4000000000000057,0.9787516600265603
26327,9,11.8,119.2,107.4,122.4,0,5-9,3.200000000000003,0.8774509803921569
26331,27,8.4,231.4,223.0,236.2,0,20-49,4.799999999999983,0.9441151566469095
26333,12,10.2,138.8,128.60000000000002,141.6,0,10-19,2.799999999999983,0.9081920903954804
26337,22,2.2,215.0,212.8,226.2,0,20-49,11.199999999999989,0.9407603890362513
26342,49,2.8,221.4,218.6,222.6,0,20-49,1.1999999999999886,0.9820305480682839
26343,45,3.2,225.6,222.4,227.8,0,20-49,2.200000000000017,0.9762949956101844
26352,11,0.4,153.8,153.4,209.8,0,10-19,56.0,0.7311725452812202
26353,7,16.8,159.6,142.79999999999998,159.8,0,5-9,0.20000000000001705,0.8936170212765956
26354,67,4.8,242.6,237.79999999999998,247.0,0,50-99,4.400000000000006,0.9627530364372469
26371,18,2.0,179.2,177.2,181.0,0,10-19,1.8000000000000114,0.9790055248618784
26378,23,4.8,98.4,93.60000000000001,100.4,1,20-49,2.0,0.9322709163346614
26393,5,0.0,104.2,104.2,145.8,0,5-9,41.60000000000001,0.7146776406035665
26407,30,0.0,212.0,212.0,233.8,0,20-49,21.80000000000001,0.9067579127459366
26416,43,9.4,194.2,184.79999999999998,196.0,0,20-49,1.8000000000000114,0.9428571428571427
26419,12,33.2,140.4,107.2,166.4,0,10-19,26.0,0.6442307692307693
26421,45,5.6,224.0,218.4,224.4,0,20-49,0.4000000000000057,0.9732620320855615
26433,28,1.2,143.4,142.20000000000002,143.6,0,20-49,0.19999999999998863,0.9902506963788302
26434,35,9.8,159.2,149.39999999999998,159.4,1,20-49,0.20000000000001705,0.9372647427854452
26438,5,16.0,181.0,165.0,214.6,0,5-9,33.599999999999994,0.7688723205964586
26440,15,12.0,170.0,158.0,175.0,0,10-19,5.0,0.9028571428571428
26447,48,6.6,234.0,227.4,234.6,0,20-49,0.5999999999999943,0.969309462915601
26459,54,4.0,229.4,225.4,230.2,0,50-99,0.799999999999983,0.9791485664639444
26467,39,2.6,187.0,184.4,191.6,0,20-49,4.599999999999994,0.9624217118997913
26482,81,14.8,226.4,211.6,226.8,0,50-99,0.4000000000000057,0.9329805996472662
26494,32,27.0,135.4,108.4,139.6,0,20-49,4.199999999999989,0.7765042979942695
26497,47,33.4,249.2,215.79999999999998,250.2,0,20-49,1.0,0.8625099920063949
26509,45,6.8,237.4,230.6,237.6,0,20-49,0.19999999999998863,0.9705387205387206
26514,33,12.0,144.0,132.0,145.0,0,20-49,1.0,0.9103448275862069
26518,42,8.8,173.8,165.0,178.0,0,20-49,4.199999999999989,0.9269662921348315
26523,47,7.0,212.4,205.4,212.8,0,20-49,0.4000000000000057,0.9652255639097744
26537,16,5.0,102.0,97.0,137.0,0,10-19,35.0,0.708029197080292
26542,10,15.0,132.6,117.6,156.4,0,10-19,23.80000000000001,0.7519181585677749
26551,27,9.2,143.6,134.4,145.4,0,20-49,1.8000000000000114,0.9243466299862448
26552,33,7.0,134.8,127.80000000000001,137.6,1,20-49,2.799999999999983,0.928779069767442
26584,52,5.8,228.2,222.39999999999998,233.8,0,50-99,5.600000000000023,0.9512403763900769
26587,45,15.0,207.8,192.8,209.4,0,20-49,1.5999999999999943,0.9207258834765999
26596,53,0.0,225.2,225.2,225.6,0,50-99,0.4000000000000057,0.99822695035461
26601,50,6.0,245.0,239.0,247.8,0,50-99,2.8000000000000114,0.9644874899112187
26603,42,4.0,194.2,190.2,196.4,1,20-49,2.200000000000017,0.9684317718940936
26604,34,15.2,193.2,178.0,198.8,0,20-49,5.600000000000023,0.8953722334004024
26609,22,0.2,205.0,204.8,209.6,0,20-49,4.599999999999994,0.9770992366412214
26613,50,10.4,240.0,229.6,243.2,0,50-99,3.1999999999999886,0.9440789473684211
26615,42,7.0,226.0,219.0,229.0,0,20-49,3.0,0.9563318777292577
26617,50,10.4,246.0,235.6,246.8,0,50-99,0.8000000000000114,0.9546191247974067
26620,15,10.2,143.8,133.60000000000002,147.6,1,10-19,3.799999999999983,0.905149051490515
26624,47,9.0,221.4,212.4,223.4,1,20-49,2.0,0.9507609668755596
26633,24,1.4,166.8,165.4,168.8,0,20-49,2.0,0.9798578199052133
26636,11,8.6,114.4,105.80000000000001,128.6,0,10-19,14.199999999999989,0.8227060653188182
26642,30,1.2,212.4,211.20000000000002,214.6,1,20-49,2.1999999999999886,0.984156570363467
26649,54,7.0,243.0,236.0,244.0,0,50-99,1.0,0.9672131147540983
26657,60,1.0,243.0,242.0,244.0,0,50-99,1.0,0.9918032786885246
26659,23,13.4,173.4,160.0,177.6,0,20-49,4.199999999999989,0.9009009009009009
26664,55,9.6,235.0,225.4,235.4,0,50-99,0.4000000000000057,0.9575191163976211
26668,46,5.6,205.2,199.6,208.6,0,20-49,3.4000000000000057,0.9568552253116012
26676,14,6.8,108.4,101.60000000000001,116.2,1,10-19,7.799999999999997,0.8743545611015491
26681,17,16.2,157.2,141.0,171.2,0,10-19,14.0,0.8235981308411215
26684,26,2.6,142.0,139.4,145.0,0,20-49,3.0,0.9613793103448276
26690,18,11.6,170.8,159.20000000000002,173.6,0,10-19,2.799999999999983,0.9170506912442398
26706,45,7.0,217.8,210.8,218.4,0,20-49,0.5999999999999943,0.9652014652014652
26707,47,19.0,222.6,203.6,223.4,0,20-49,0.8000000000000114,0.9113697403760072
26714,14,21.6,130.4,108.80000000000001,133.6,0,10-19,3.1999999999999886,0.81437125748503
26716,28,9.0,216.8,207.8,217.0,0,20-49,0.19999999999998863,0.9576036866359448
26718,57,0.6,216.4,215.8,219.2,1,50-99,2.799999999999983,0.9844890510948906
26719,59,3.4,237.0,233.6,243.4,0,50-99,6.400000000000006,0.9597370583401807
26720,29,9.0,227.0,218.0,228.2,0,20-49,1.1999999999999886,0.9553023663453112
26722,25,7.0,118.0,111.0,119.2,1,20-49,1.2000000000000028,0.9312080536912751
26726,25,8.6,218.2,209.6,218.4,0,20-49,0.20000000000001705,0.9597069597069596
26748,40,22.0,214.6,192.6,219.4,0,20-49,4.800000000000011,0.877848678213309
26749,47,5.6,155.4,149.8,163.8,0,20-49,8.400000000000006,0.9145299145299145
26750,40,3.6,197.4,193.8,198.6,0,20-49,1.1999999999999886,0.9758308157099699
26757,77,1.0,223.4,222.4,223.8,0,50-99,0.4000000000000057,0.9937444146559428
26781,45,4.4,212.6,208.2,216.0,0,20-49,3.4000000000000057,0.9638888888888888
26794,49,7.6,211.0,203.4,215.6,0,20-49,4.599999999999994,0.9434137291280149
26795,11,17.8,170.0,152.2,185.8,0,10-19,15.800000000000011,0.8191603875134552
26807,73,2.0,172.6,170.6,172.8,1,50-99,0.20000000000001705,0.9872685185185184
26840,60,6.2,229.4,223.20000000000002,229.8,0,50-99,0.4000000000000057,0.9712793733681463
26842,36,3.2,195.4,192.20000000000002,198.0,0,20-49,2.5999999999999943,0.9707070707070707
26852,47,1.0,218.0,217.0,218.4,0,20-49,0.4000000000000057,0.9935897435897436
26859,63,0.0,222.6,222.6,227.8,0,50-99,5.200000000000017,0.9771729587357331
26863,34,22.0,230.2,208.2,233.0,0,20-49,2.8000000000000114,0.8935622317596567
26881,29,19.4,228.0,208.6,229.6,0,20-49,1.5999999999999943,0.9085365853658537
26883,53,6.0,228.2,222.2,230.8,0,50-99,2.6000000000000227,0.9627383015597919
26888,13,14.8,201.0,186.2,203.0,0,10-19,2.0,0.9172413793103448
26894,46,11.4,215.0,203.6,215.2,0,20-49,0.19999999999998863,0.9460966542750929
26898,49,6.2,232.0,225.8,234.4,0,20-49,2.4000000000000057,0.9633105802047782
26905,45,5.6,226.8,221.20000000000002,228.6,0,20-49,1.799999999999983,0.967629046369204
26907,59,2.6,144.0,141.4,144.8,0,50-99,0.8000000000000114,0.9765193370165746
26911,60,0.0,216.2,216.2,217.0,0,50-99,0.8000000000000114,0.9963133640552995
26923,46,1.8,224.0,222.2,229.2,0,20-49,5.199999999999989,0.9694589877835951
26926,43,5.2,221.2,216.0,223.0,0,20-49,1.8000000000000114,0.968609865470852
26931,74,2.4,226.4,224.0,226.8,0,50-99,0.4000000000000057,0.9876543209876543
26932,46,5.4,182.0,176.6,187.6,1,20-49,5.599999999999994,0.94136460554371
26942,49,4.4,208.0,203.6,212.6,0,20-49,4.599999999999994,0.9576669802445907
26945,51,5.0,229.4,224.4,232.0,0,50-99,2.5999999999999943,0.9672413793103448
26951,18,13.0,157.0,144.0,158.4,0,10-19,1.4000000000000057,0.9090909090909091
26955,46,11.2,214.4,203.20000000000002,216.2,0,20-49,1.799999999999983,0.9398704902867716
26959,25,2.4,212.6,210.2,212.8,0,20-49,0.20000000000001705,0.987781954887218
26964,14,13.0,109.2,96.2,135.8,0,10-19,26.60000000000001,0.7083946980854197
26966,33,2.8,223.6,220.79999999999998,224.4,0,20-49,0.8000000000000114,0.9839572192513368
26978,52,5.2,224.0,218.8,224.6,0,50-99,0.5999999999999943,0.9741763134461265
26984,51,11.6,214.8,203.20000000000002,216.8,0,50-99,2.0,0.937269372693727
26992,61,13.2,230.2,217.0,230.6,0,50-99,0.4000000000000057,0.9410234171725933
27031,51,0.8,216.4,215.6,217.2,0,50-99,0.799999999999983,0.992633517495396
27056,41,13.2,218.4,205.20000000000002,223.6,0,20-49,5.199999999999989,0.9177101967799643
27059,41,12.6,218.8,206.20000000000002,224.0,0,20-49,5.199999999999989,0.9205357142857143
27067,20,33.6,142.2,108.6,142.6,0,20-49,0.4000000000000057,0.761570827489481
27069,58,3.2,216.2,213.0,217.4,0,50-99,1.200000000000017,0.9797608095676172
27070,19,19.8,171.4,151.6,172.0,0,10-19,0.5999999999999943,0.8813953488372093
27071,34,10.0,206.0,196.0,215.4,0,20-49,9.400000000000006,0.9099350046425255
27072,33,5.8,141.0,135.2,141.2,1,20-49,0.19999999999998863,0.9575070821529745
27081,32,1.0,222.6,221.6,228.2,0,20-49,5.599999999999994,0.9710780017528484
27092,46,1.2,220.2,219.0,223.8,0,20-49,3.6000000000000227,0.9785522788203753
27098,54,4.0,218.2,214.2,220.6,0,50-99,2.4000000000000057,0.970988213961922
27103,14,2.4,135.4,133.0,136.2,0,10-19,0.799999999999983,0.9765051395007343
27111,45,15.2,214.4,199.20000000000002,218.6,0,20-49,4.199999999999989,0.9112534309240623
27112,27,10.2,137.8,127.60000000000001,180.6,0,20-49,42.79999999999998,0.7065337763012183
27121,51,4.6,176.6,172.0,176.8,1,50-99,0.20000000000001705,0.9728506787330317
27134,49,3.2,213.6,210.4,217.4,0,20-49,3.8000000000000114,0.9678012879484821
27144,16,13.4,71.2,57.800000000000004,75.0,1,10-19,3.799999999999997,0.7706666666666667
27153,48,5.2,209.2,204.0,209.6,0,20-49,0.4000000000000057,0.9732824427480916
27154,41,4.6,201.0,196.4,201.8,0,20-49,0.8000000000000114,0.9732408325074331
27168,40,7.8,194.0,186.2,195.4,0,20-49,1.4000000000000057,0.9529170931422721
27171,45,7.0,210.8,203.8,212.8,0,20-49,2.0,0.9577067669172933
27183,5,15.4,131.6,116.19999999999999,146.8,0,5-9,15.200000000000017,0.7915531335149862
27200,40,4.6,189.0,184.4,192.6,0,20-49,3.5999999999999943,0.9574247144340603
27204,12,7.0,138.6,131.6,139.4,0,10-19,0.8000000000000114,0.9440459110473457
27207,47,7.6,224.8,217.20000000000002,229.2,0,20-49,4.399999999999977,0.9476439790575918
27221,46,8.4,225.4,217.0,231.4,0,20-49,6.0,0.9377700950734659
27224,27,11.8,220.0,208.2,220.6,0,20-49,0.5999999999999943,0.9437896645512239
27236,42,8.2,175.8,167.60000000000002,176.0,1,20-49,0.19999999999998863,0.9522727272727274
27253,55,7.4,217.8,210.4,222.2,0,50-99,4.399999999999977,0.946894689468947
27259,45,4.8,213.8,209.0,214.0,0,20-49,0.19999999999998863,0.9766355140186916
27266,64,5.6,220.4,214.8,220.6,0,50-99,0.19999999999998863,0.9737080689029919
27287,37,3.6,159.0,155.4,162.6,1,20-49,3.5999999999999943,0.955719557195572
27289,47,8.4,216.6,208.2,217.0,0,20-49,0.4000000000000057,0.9594470046082949
27295,49,11.4,213.6,202.2,214.8,0,20-49,1.200000000000017,0.941340782122905
27300,38,12.4,193.0,180.6,194.0,0,20-49,1.0,0.9309278350515464
27303,14,11.4,95.4,84.0,156.6,0,10-19,61.19999999999999,0.5363984674329502
27314,26,4.2,226.6,222.4,226.8,0,20-49,0.20000000000001705,0.9805996472663139
27322,38,3.6,169.4,165.8,173.2,1,20-49,3.799999999999983,0.9572748267898384
27324,21,7.6,195.8,188.20000000000002,196.0,1,20-49,0.19999999999998863,0.9602040816326531
27326,51,8.2,224.6,216.4,224.8,0,50-99,0.20000000000001705,0.9626334519572953
27329,45,4.0,215.4,211.4,219.8,0,20-49,4.400000000000006,0.9617834394904459
27340,30,11.4,216.2,204.79999999999998,217.4,0,20-49,1.200000000000017,0.9420423183072676
27345,44,4.6,207.4,202.8,217.6,0,20-49,10.199999999999989,0.9319852941176472
27347,9,9.6,215.6,206.0,227.8,0,5-9,12.200000000000017,0.9043020193151887
27349,47,4.2,215.6,211.4,215.8,0,20-49,0.20000000000001705,0.9796107506950881
27365,49,3.8,217.4,213.6,217.8,0,20-49,0.4000000000000057,0.9807162534435261
27367,39,4.8,226.8,222.0,228.2,0,20-49,1.3999999999999773,0.9728308501314636
27371,29,12.2,140.4,128.20000000000002,145.6,0,20-49,5.199999999999989,0.8804945054945057
27373,55,4.6,209.6,205.0,215.4,1,50-99,5.800000000000011,0.9517177344475395
27381,50,2.6,194.4,191.8,194.6,0,50-99,0.19999999999998863,0.985611510791367
27410,52,5.6,209.2,203.6,210.0,1,50-99,0.8000000000000114,0.9695238095238095
27418,28,18.8,218.6,199.79999999999998,219.4,0,20-49,0.8000000000000114,0.9106654512306289
27426,28,4.2,166.8,162.60000000000002,167.2,1,20-49,0.39999999999997726,0.9724880382775122
27429,43,0.2,215.4,215.20000000000002,218.6,0,20-49,3.1999999999999886,0.9844464775846296
27432,13,3.4,99.8,96.39999999999999,142.8,0,10-19,43.000000000000014,0.6750700280112044
27433,27,7.2,221.0,213.8,222.2,0,20-49,1.1999999999999886,0.9621962196219623
27439,54,4.2,224.6,220.4,224.8,0,50-99,0.20000000000001705,0.9804270462633452
27447,54,4.2,218.8,214.60000000000002,224.0,0,50-99,5.199999999999989,0.9580357142857144
27449,29,4.0,140.8,136.8,144.0,1,20-49,3.1999999999999886,0.9500000000000001
27452,8,15.8,143.4,127.60000000000001,144.6,0,5-9,1.1999999999999886,0.8824343015214385
27456,54,6.4,222.0,215.6,222.2,0,50-99,0.19999999999998863,0.9702970297029703
27485,7,40.8,132.2,91.39999999999999,142.2,0,5-9,10.0,0.6427566807313643
27497,47,9.8,214.6,204.79999999999998,215.4,0,20-49,0.8000000000000114,0.9507892293407613
27503,48,11.2,211.4,200.20000000000002,213.8,0,20-49,2.4000000000000057,0.9363891487371375
27505,8,20.2,196.2,176.0,196.6,0,5-9,0.4000000000000057,0.8952187182095626
27507,25,0.2,171.0,170.8,183.2,0,20-49,12.199999999999989,0.9323144104803495
27510,13,9.6,181.6,172.0,202.4,0,10-19,20.80000000000001,0.849802371541502
27513,34,1.8,143.2,141.39999999999998,145.0,0,20-49,1.8000000000000114,0.9751724137931033
27525,41,9.4,206.0,196.6,209.4,0,20-49,3.4000000000000057,0.938872970391595
27528,30,3.8,144.2,140.39999999999998,145.8,0,20-49,1.6000000000000227,0.9629629629629627
27534,58,2.6,222.6,220.0,223.0,0,50-99,0.4000000000000057,0.9865470852017937
27537,31,3.4,151.0,147.6,153.2,0,20-49,2.1999999999999886,0.9634464751958225
27546,50,16.0,203.0,187.0,204.6,1,50-99,1.5999999999999943,0.913978494623656
27547,32,9.2,169.4,160.20000000000002,174.4,0,20-49,5.0,0.9185779816513762
27551,34,4.6,199.2,194.6,203.8,0,20-49,4.600000000000023,0.9548577036310107
27560,9,10.0,134.8,124.80000000000001,142.8,0,5-9,8.0,0.8739495798319328
27563,49,11.4,203.0,191.6,208.0,0,20-49,5.0,0.9211538461538461
27566,44,14.4,213.0,198.6,215.6,0,20-49,2.5999999999999943,0.9211502782931354
27568,5,9.8,151.2,141.39999999999998,151.4,0,5-9,0.20000000000001705,0.9339498018494053
27574,14,15.2,167.4,152.20000000000002,176.6,0,10-19,9.199999999999989,0.8618346545866366
27580,47,0.4,211.8,211.4,216.8,0,20-49,5.0,0.9750922509225092
27587,48,2.8,221.2,218.39999999999998,226.2,0,20-49,5.0,0.9655172413793103
27588,52,14.0,187.4,173.4,187.8,0,50-99,0.4000000000000057,0.9233226837060703
27594,46,1.6,180.0,178.4,183.8,0,20-49,3.8000000000000114,0.970620239390642
27599,41,3.2,188.8,185.60000000000002,189.2,0,20-49,0.39999999999997726,0.980972515856237
27602,37,0.0,175.0,175.0,175.6,0,20-49,0.5999999999999943,0.9965831435079727
27612,46,4.6,217.0,212.4,217.2,0,20-49,0.19999999999998863,0.9779005524861879
27615,33,17.8,208.0,190.2,210.0,0,20-49,2.0,0.9057142857142857
27628,41,5.0,174.0,169.0,174.2,1,20-49,0.19999999999998863,0.9701492537313433
27653,31,4.4,134.6,130.2,141.0,0,20-49,6.400000000000006,0.9234042553191488
27673,30,13.8,162.8,149.0,169.8,0,20-49,7.0,0.8775029446407537
27686,35,6.4,195.4,189.0,196.6,0,20-49,1.1999999999999886,0.9613428280773144
27696,8,24.8,149.4,124.60000000000001,151.4,0,5-9,2.0,0.8229854689564069
27714,35,17.4,161.2,143.79999999999998,164.4,0,20-49,3.200000000000017,0.8746958637469585
27720,32,0.0,144.2,144.2,145.2,0,20-49,1.0,0.9931129476584022
27721,48,14.6,217.6,203.0,219.0,0,20-49,1.4000000000000057,0.9269406392694064
27726,15,12.4,158.4,146.0,166.2,0,10-19,7.799999999999983,0.8784596871239471
27734,58,7.2,203.8,196.60000000000002,205.0,0,50-99,1.1999999999999886,0.9590243902439025
27741,47,3.2,220.0,216.8,223.6,0,20-49,3.5999999999999943,0.9695885509838998
27744,21,3.2,123.2,120.0,143.4,0,20-49,20.200000000000003,0.8368200836820083
27759,31,1.4,132.4,131.0,132.6,0,20-49,0.19999999999998863,0.9879336349924586
27761,27,7.4,141.4,134.0,141.8,0,20-49,0.4000000000000057,0.9449929478138223
27773,7,13.6,145.4,131.8,145.6,0,5-9,0.19999999999998863,0.9052197802197803
27776,44,5.2,221.8,216.60000000000002,224.2,0,20-49,2.3999999999999773,0.9661016949152544
27784,42,4.4,208.6,204.2,211.2,1,20-49,2.5999999999999943,0.9668560606060606
27788,40,4.8,214.4,209.6,219.2,0,20-49,4.799999999999983,0.9562043795620438
27798,16,55.2,129.8,74.60000000000001,130.6,0,10-19,0.799999999999983,0.5712098009188362
27803,11,14.0,167.2,153.2,175.2,0,10-19,8.0,0.8744292237442922
27817,53,7.8,223.0,215.2,223.6,0,50-99,0.5999999999999943,0.962432915921288
27818,44,8.0,190.0,182.0,190.4,0,20-49,0.4000000000000057,0.9558823529411764
27831,23,9.4,127.0,117.6,130.0,1,20-49,3.0,0.9046153846153846
27832,19,8.0,148.2,140.2,148.6,0,10-19,0.4000000000000057,0.9434724091520861
27834,15,4.8,77.0,72.2,78.6,1,10-19,1.5999999999999943,0.9185750636132316
27843,34,4.6,175.4,170.8,176.0,0,20-49,0.5999999999999943,0.9704545454545456
27850,26,6.0,140.0,134.0,142.0,0,20-49,2.0,0.9436619718309859
27856,42,3.2,163.4,160.20000000000002,164.2,1,20-49,0.799999999999983,0.9756394640682097
27876,8,4.4,129.2,124.79999999999998,129.6,0,5-9,0.4000000000000057,0.9629629629629629
27878,36,16.4,183.8,167.4,184.2,0,20-49,0.39999999999997726,0.9087947882736157
27892,65,2.0,211.2,209.2,214.0,0,50-99,2.8000000000000114,0.9775700934579439
27895,33,4.2,161.8,157.60000000000002,162.2,0,20-49,0.39999999999997726,0.9716399506781753
27901,6,0.6,114.4,113.80000000000001,142.0,0,5-9,27.599999999999994,0.8014084507042254
27904,30,1.4,193.6,192.2,197.6,0,20-49,4.0,0.9726720647773279
27909,41,4.8,219.4,214.6,222.4,0,20-49,3.0,0.9649280575539568
27910,44,0.0,199.6,199.6,205.4,0,20-49,5.800000000000011,0.9717624148003894
27911,18,9.4,201.2,191.79999999999998,201.4,0,10-19,0.20000000000001705,0.952333664349553
27914,9,38.8,213.6,174.8,217.2,0,5-9,3.5999999999999943,0.8047882136279927
27918,23,12.8,205.6,192.79999999999998,207.2,0,20-49,1.5999999999999943,0.9305019305019304
27928,49,6.8,206.0,199.2,208.4,0,20-49,2.4000000000000057,0.9558541266794625
27943,35,4.6,169.8,165.20000000000002,173.2,0,20-49,3.3999999999999773,0.9538106235565822
27946,26,5.0,133.2,128.2,134.8,0,20-49,1.6000000000000227,0.9510385756676556
27951,37,3.2,179.2,176.0,179.8,0,20-49,0.6000000000000227,0.978865406006674
27963,53,2.4,210.6,208.2,210.8,0,50-99,0.20000000000001705,0.9876660341555976
27972,6,12.4,142.2,129.79999999999998,167.4,0,5-9,25.200000000000017,0.7753882915173237
27978,38,17.8,187.4,169.6,189.4,0,20-49,2.0,0.8954593453009503
27985,27,6.4,122.2,115.8,147.4,0,20-49,25.200000000000003,0.7856173677069199
27986,28,23.0,149.8,126.80000000000001,150.0,0,20-49,0.19999999999998863,0.8453333333333334
27996,28,6.6,135.4,128.8,138.4,0,20-49,3.0,0.930635838150289
28007,44,10.6,174.2,163.6,175.6,0,20-49,1.4000000000000057,0.9316628701594533
28018,48,3.0,184.4,181.4,184.6,0,20-49,0.19999999999998863,0.9826652221018419
28020,9,0.0,131.4,131.4,139.6,0,5-9,8.199999999999989,0.9412607449856735
28024,47,5.0,207.8,202.8,214.6,0,20-49,6.799999999999983,0.9450139794967382
28030,48,0.0,187.8,187.8,190.4,0,20-49,2.5999999999999943,0.9863445378151261
28040,32,36.4,189.2,152.79999999999998,197.8,0,20-49,8.600000000000023,0.7724974721941353
28050,42,4.8,176.4,171.6,178.0,0,20-49,1.5999999999999943,0.9640449438202247
28056,33,0.6,179.8,179.20000000000002,182.0,0,20-49,2.1999999999999886,0.9846153846153847
28065,43,2.0,192.4,190.4,193.8,0,20-49,1.4000000000000057,0.9824561403508771
28079,9,7.2,137.4,130.20000000000002,138.2,0,5-9,0.799999999999983,0.942112879884226
28087,45,5.8,194.2,188.39999999999998,195.6,0,20-49,1.4000000000000057,0.9631901840490796
28091,44,9.4,210.0,200.6,210.2,0,20-49,0.19999999999998863,0.9543292102759278
28093,25,4.2,136.0,131.8,136.2,0,20-49,0.19999999999998863,0.9676945668135097
28101,46,7.8,200.0,192.2,200.2,0,20-49,0.19999999999998863,0.9600399600399601
28103,32,1.8,137.2,135.39999999999998,142.4,0,20-49,5.200000000000017,0.9508426966292133
28105,37,8.0,175.6,167.6,177.6,0,20-49,2.0,0.9436936936936937
28107,23,10.6,135.4,124.80000000000001,141.2,0,20-49,5.799999999999983,0.8838526912181305
28109,39,12.8,199.4,186.6,201.6,0,20-49,2.1999999999999886,0.9255952380952381
28115,42,8.4,216.2,207.79999999999998,220.2,0,20-49,4.0,0.9436875567665758
28119,38,8.2,201.4,193.20000000000002,207.2,1,20-49,5.799999999999983,0.9324324324324326
28121,27,4.8,180.8,176.0,181.2,0,20-49,0.39999999999997726,0.9713024282560707
28123,28,6.2,118.2,112.0,124.0,1,20-49,5.799999999999997,0.9032258064516129
28129,44,8.6,211.0,202.4,212.4,0,20-49,1.4000000000000057,0.9529190207156308
28142,49,12.2,212.6,200.4,214.8,0,20-49,2.200000000000017,0.9329608938547486
28147,42,1.8,172.8,171.0,173.2,0,20-49,0.39999999999997726,0.9872979214780601
28148,47,10.2,184.8,174.60000000000002,185.0,0,20-49,0.19999999999998863,0.9437837837837839
28155,35,5.4,182.4,177.0,184.0,0,20-49,1.5999999999999943,0.9619565217391305
28178,60,7.8,135.2,127.39999999999999,135.4,0,50-99,0.20000000000001705,0.9409158050221564
28182,65,0.4,151.4,151.0,155.8,0,50-99,4.400000000000006,0.969191270860077
28193,11,0.2,202.2,202.0,210.0,0,10-19,7.800000000000011,0.9619047619047619
28223,12,1.8,126.0,124.2,139.0,0,10-19,13.0,0.8935251798561151
28227,22,8.4,145.6,137.2,148.2,0,20-49,2.5999999999999943,0.9257759784075573
28234,48,4.8,185.4,180.6,187.6,0,20-49,2.1999999999999886,0.9626865671641791
28239,86,2.2,204.6,202.4,204.8,0,50-99,0.20000000000001705,0.98828125
28241,14,0.0,143.2,143.2,145.8,0,10-19,2.6000000000000227,0.9821673525377228
28242,70,0.6,211.0,210.4,213.0,0,50-99,2.0,0.9877934272300469
28248,41,11.6,192.8,181.20000000000002,193.6,0,20-49,0.799999999999983,0.9359504132231407
28254,46,6.0,186.8,180.8,187.4,0,20-49,0.5999999999999943,0.9647812166488794
28260,43,12.0,207.2,195.2,208.4,0,20-49,1.200000000000017,0.9366602687140114
28266,28,6.2,136.8,130.60000000000002,140.0,0,20-49,3.1999999999999886,0.932857142857143
28271,47,5.6,203.4,197.8,206.8,0,20-49,3.4000000000000057,0.9564796905222437
28285,8,6.4,159.4,153.0,168.4,0,5-9,9.0,0.9085510688836104
28287,17,18.2,197.2,179.0,197.4,0,10-19,0.20000000000001705,0.9067882472137792
28291,67,1.8,176.4,174.6,178.6,0,50-99,2.1999999999999886,0.9776035834266518
28293,30,2.0,204.4,202.4,204.6,0,20-49,0.19999999999998863,0.989247311827957
28296,21,8.2,142.8,134.60000000000002,144.4,0,20-49,1.5999999999999943,0.9321329639889198
28308,52,5.2,208.2,203.0,211.4,0,50-99,3.200000000000017,0.9602649006622517
28327,39,13.2,179.6,166.4,180.2,0,20-49,0.5999999999999943,0.923418423973363
28338,56,5.2,216.4,211.20000000000002,217.0,0,50-99,0.5999999999999943,0.9732718894009217
28339,43,2.8,190.6,187.79999999999998,191.0,0,20-49,0.4000000000000057,0.9832460732984293
28350,31,2.6,148.8,146.20000000000002,149.0,0,20-49,0.19999999999998863,0.9812080536912753
28354,44,5.8,212.8,207.0,215.2,0,20-49,2.3999999999999773,0.9618959107806692
28355,25,12.6,191.0,178.4,199.4,0,20-49,8.400000000000006,0.8946840521564694
28360,46,13.2,210.4,197.20000000000002,212.4,0,20-49,2.0,0.928436911487759
28361,71,10.6,164.8,154.20000000000002,188.6,0,50-99,23.799999999999983,0.8176033934252387
28364,40,9.8,158.4,148.6,160.2,0,20-49,1.799999999999983,0.9275905118601748
28368,37,5.6,153.6,148.0,153.8,1,20-49,0.20000000000001705,0.9622886866059818
28370,24,12.8,142.6,129.79999999999998,142.8,0,20-49,0.20000000000001705,0.9089635854341734
28384,45,2.0,205.4,203.4,206.4,0,20-49,1.0,0.9854651162790697
28386,50,7.6,205.2,197.6,207.8,0,50-99,2.6000000000000227,0.9509143407122232
28387,48,9.2,206.4,197.20000000000002,207.0,0,20-49,0.5999999999999943,0.952657004830918
28402,51,10.2,214.4,204.20000000000002,215.4,0,50-99,1.0,0.9480037140204272
28415,50,5.8,198.4,192.6,204.4,0,50-99,6.0,0.9422700587084148
28421,34,7.8,173.4,165.6,187.4,0,20-49,14.0,0.8836712913553895
28422,24,0.0,177.4,177.4,189.2,0,20-49,11.799999999999983,0.937632135306554
28424,55,8.4,212.8,204.4,213.4,0,50-99,0.5999999999999943,0.9578256794751641
28431,49,1.8,197.0,195.2,198.2,0,20-49,1.1999999999999886,0.9848637739656912
28434,39,7.4,190.4,183.0,191.2,0,20-49,0.799999999999983,0.9571129707112971
28437,29,6.2,143.6,137.4,145.8,0,20-49,2.200000000000017,0.9423868312757201
28438,59,6.4,146.6,140.2,148.6,0,50-99,2.0,0.9434724091520861
28442,23,6.0,116.2,110.2,122.0,0,20-49,5.799999999999997,0.9032786885245901
28454,48,8.4,194.0,185.6,195.8,0,20-49,1.8000000000000114,0.9479060265577118
28472,30,4.6,117.6,113.0,118.4,1,20-49,0.8000000000000114,0.9543918918918919
28473,27,7.8,146.6,138.79999999999998,147.2,0,20-49,0.5999999999999943,0.9429347826086956
28489,76,2.6,200.2,197.6,201.4,0,50-99,1.200000000000017,0.981132075471698
28497,40,11.2,209.6,198.4,210.0,0,20-49,0.4000000000000057,0.9447619047619048
28502,54,4.0,198.6,194.6,199.0,0,50-99,0.4000000000000057,0.9778894472361809
28517,86,7.2,208.2,201.0,208.8,0,50-99,0.6000000000000227,0.9626436781609194
28523,60,0.8,196.0,195.2,197.2,0,50-99,1.1999999999999886,0.9898580121703854
28525,25,4.0,142.2,138.2,197.4,0,20-49,55.20000000000002,0.7001013171225936
28545,74,4.6,183.8,179.20000000000002,185.2,0,50-99,1.3999999999999773,0.9676025917926567
28546,97,0.8,203.4,202.6,203.6,0,50-99,0.19999999999998863,0.9950884086444007
28547,12,11.6,134.2,122.6,148.8,0,10-19,14.600000000000023,0.8239247311827956
28556,98,10.0,200.4,190.4,205.4,0,50-99,5.0,0.9269717624148004
28563,46,2.4,178.8,176.4,181.6,0,20-49,2.799999999999983,0.9713656387665199
28574,38,5.6,197.8,192.20000000000002,199.0,0,20-49,1.1999999999999886,0.9658291457286433
28583,13,5.6,135.8,130.20000000000002,136.4,0,10-19,0.5999999999999943,0.9545454545454546
28595,41,9.8,189.8,180.0,191.8,0,20-49,2.0,0.9384775808133472
28596,45,4.4,208.0,203.6,208.8,1,20-49,0.8000000000000114,0.9750957854406129
28602,52,5.4,202.8,197.4,203.6,0,50-99,0.799999999999983,0.9695481335952849
28606,41,10.6,176.0,165.4,176.4,0,20-49,0.4000000000000057,0.937641723356009
28615,44,2.8,202.8,200.0,207.4,0,20-49,4.599999999999994,0.9643201542912246
28625,10,10.2,146.8,136.60000000000002,168.2,0,10-19,21.399999999999977,0.8121284185493463
28629,45,11.2,200.8,189.60000000000002,203.6,0,20-49,2.799999999999983,0.9312377210216112
28644,13,0.0,143.2,143.2,143.4,0,10-19,0.20000000000001705,0.9986052998605298
28647,43,7.2,192.6,185.4,193.2,0,20-49,0.5999999999999943,0.9596273291925467
28653,13,0.0,122.0,122.0,129.4,0,10-19,7.400000000000006,0.9428129829984544
28656,38,4.0,147.0,143.0,148.6,0,20-49,1.5999999999999943,0.9623149394347241
28658,16,22.2,121.8,99.6,144.2,0,10-19,22.39999999999999,0.6907073509015257
28661,9,39.2,133.4,94.2,156.8,0,5-9,23.400000000000006,0.6007653061224489
28664,19,6.2,142.8,136.60000000000002,143.2,0,10-19,0.39999999999997726,0.9539106145251399
28666,51,1.0,190.6,189.6,191.2,0,50-99,0.5999999999999943,0.9916317991631799
28667,12,10.8,125.8,115.0,157.6,0,10-19,31.799999999999997,0.7296954314720813
28673,36,7.2,192.8,185.60000000000002,195.8,0,20-49,3.0,0.9479060265577121
28676,27,4.0,143.8,139.8,145.2,0,20-49,1.3999999999999773,0.962809917355372
28680,22,12.4,185.6,173.2,187.0,0,20-49,1.4000000000000057,0.9262032085561497
28684,28,6.8,178.6,171.79999999999998,180.0,0,20-49,1.4000000000000057,0.9544444444444443
28686,47,5.6,205.8,200.20000000000002,206.0,0,20-49,0.19999999999998863,0.9718446601941748
28689,28,8.2,137.8,129.60000000000002,139.8,1,20-49,2.0,0.9270386266094421
28694,30,3.6,143.4,139.8,144.4,0,20-49,1.0,0.9681440443213297
28699,19,0.0,132.0,132.0,143.2,0,10-19,11.199999999999989,0.9217877094972068
28706,42,4.8,196.4,191.6,199.2,0,20-49,2.799999999999983,0.961847389558233
28722,31,6.0,148.2,142.2,204.0,0,20-49,55.80000000000001,0.6970588235294117
28725,34,3.2,163.4,160.20000000000002,182.6,0,20-49,19.19999999999999,0.8773274917853232
28726,42,13.4,185.2,171.79999999999998,191.4,1,20-49,6.200000000000017,0.8975966562173457
28728,22,1.4,184.4,183.0,191.4,0,20-49,7.0,0.9561128526645768
28729,7,14.6,121.8,107.2,171.6,0,5-9,49.8,0.6247086247086248
28738,42,4.2,195.0,190.8,200.4,0,20-49,5.400000000000006,0.9520958083832336
28739,45,6.2,209.0,202.8,209.2,0,20-49,0.19999999999998863,0.9694072657743787
28742,48,18.0,172.8,154.8,173.4,0,20-49,0.5999999999999943,0.8927335640138409
28743,24,11.2,180.8,169.60000000000002,181.2,0,20-49,0.39999999999997726,0.9359823399558501
28757,33,6.2,154.2,148.0,154.6,1,20-49,0.4000000000000057,0.9573091849935317
28766,53,5.6,205.8,200.20000000000002,210.2,0,50-99,4.399999999999977,0.9524262607040914
28780,32,7.2,152.8,145.60000000000002,153.0,0,20-49,0.19999999999998863,0.9516339869281047
28781,13,7.8,173.6,165.79999999999998,175.8,0,10-19,2.200000000000017,0.943117178612059
28790,10,11.6,169.4,157.8,173.6,0,10-19,4.199999999999989,0.9089861751152075
28798,32,9.8,152.4,142.6,153.6,1,20-49,1.1999999999999886,0.9283854166666666
28809,57,3.0,184.4,181.4,184.8,0,50-99,0.4000000000000057,0.9816017316017316
28812,17,4.4,136.6,132.2,143.4,0,10-19,6.800000000000011,0.9218967921896791
28817,33,4.2,198.4,194.20000000000002,198.8,0,20-49,0.4000000000000057,0.9768611670020121
28821,33,12.0,149.6,137.6,151.2,1,20-49,1.5999999999999943,0.9100529100529101
28836,46,3.8,203.2,199.39999999999998,204.6,0,20-49,1.4000000000000057,0.9745845552297164
28847,49,2.0,199.2,197.2,199.4,0,20-49,0.20000000000001705,0.9889669007021062
28849,57,8.6,187.0,178.4,187.6,0,50-99,0.5999999999999943,0.9509594882729212
28855,28,6.2,132.8,126.60000000000001,133.2,0,20-49,0.39999999999997726,0.9504504504504506
28877,29,5.8,141.8,136.0,142.4,0,20-49,0.5999999999999943,0.9550561797752809
28880,26,0.8,143.2,142.39999999999998,146.4,1,20-49,3.200000000000017,0.9726775956284152
28885,24,4.2,180.6,176.4,182.6,0,20-49,2.0,0.9660460021905806
28886,10,10.2,202.6,192.4,204.2,0,10-19,1.5999999999999943,0.9422135161606269
28897,24,0.0,178.6,178.6,180.0,0,20-49,1.4000000000000057,0.9922222222222222
28898,42,4.0,190.2,186.2,192.6,0,20-49,2.4000000000000057,0.9667705088265836
28911,11,12.4,113.8,101.39999999999999,122.8,0,10-19,9.0,0.8257328990228012
28921,42,4.8,187.6,182.79999999999998,193.0,0,20-49,5.400000000000006,0.9471502590673574
28929,24,4.6,93.6,89.0,95.2,1,20-49,1.6000000000000085,0.9348739495798319
28930,43,0.0,157.4,157.4,157.8,0,20-49,0.4000000000000057,0.9974651457541192
28932,28,4.8,200.2,195.39999999999998,200.8,0,20-49,0.6000000000000227,0.9731075697211153
28937,17,3.0,185.8,182.8,194.8,0,10-19,9.0,0.9383983572895277
28941,8,0.0,115.6,115.6,161.8,0,5-9,46.20000000000002,0.7144622991347341
28943,40,12.0,184.0,172.0,189.4,0,20-49,5.400000000000006,0.9081309398099261
28946,40,8.2,173.2,165.0,175.2,0,20-49,2.0,0.9417808219178083
28967,36,4.8,170.4,165.6,171.4,0,20-49,1.0,0.9661610268378062
28969,22,4.2,189.4,185.20000000000002,189.6,0,20-49,0.19999999999998863,0.9767932489451479
28974,34,4.0,168.2,164.2,172.0,0,20-49,3.8000000000000114,0.9546511627906976
28976,42,3.6,197.4,193.8,199.0,0,20-49,1.5999999999999943,0.9738693467336684
28986,52,6.4,188.8,182.4,189.0,0,50-99,0.19999999999998863,0.9650793650793651
28987,43,11.2,194.2,183.0,196.6,0,20-49,2.4000000000000057,0.930824008138352
28996,54,5.0,183.2,178.2,183.8,0,50-99,0.6000000000000227,0.9695321001088139
28999,31,3.8,163.8,160.0,165.8,0,20-49,2.0,0.9650180940892641
29006,23,4.8,107.4,102.60000000000001,108.8,1,20-49,1.3999999999999915,0.943014705882353
29007,53,5.8,203.4,197.6,205.8,0,50-99,2.4000000000000057,0.9601554907677355
29012,26,11.4,142.2,130.79999999999998,171.4,0,20-49,29.200000000000017,0.763127187864644
29027,45,4.0,201.6,197.6,204.0,0,20-49,2.4000000000000057,0.9686274509803922
29034,17,9.2,168.8,159.60000000000002,169.0,0,10-19,0.19999999999998863,0.9443786982248522
29043,60,5.0,184.2,179.2,184.6,0,50-99,0.4000000000000057,0.970747562296858
29045,16,10.0,157.6,147.6,165.2,0,10-19,7.599999999999994,0.8934624697336562
29053,30,16.4,158.2,141.79999999999998,158.6,0,20-49,0.4000000000000057,0.8940731399747792
29058,44,4.2,185.0,180.8,187.0,0,20-49,2.0,0.9668449197860963
29064,30,6.2,143.6,137.4,144.4,0,20-49,0.8000000000000114,0.9515235457063712
29075,29,5.6,130.2,124.6,130.8,0,20-49,0.6000000000000227,0.9525993883792048
29094,41,4.4,169.6,165.2,170.8,0,20-49,1.200000000000017,0.9672131147540982
29098,6,57.0,134.6,77.6,135.0,0,5-9,0.4000000000000057,0.5748148148148148
29119,17,19.6,196.0,176.4,196.6,0,10-19,0.5999999999999943,0.8972533062054935
29133,34,4.2,185.2,181.0,185.4,0,20-49,0.20000000000001705,0.9762675296655879
29135,31,10.8,143.0,132.2,143.2,0,20-49,0.19999999999998863,0.9231843575418994
29138,40,3.2,171.0,167.8,174.4,0,20-49,3.4000000000000057,0.9621559633027523
29149,34,4.6,166.2,161.6,166.6,0,20-49,0.4000000000000057,0.9699879951980792
29154,36,37.8,194.0,156.2,194.6,0,20-49,0.5999999999999943,0.8026721479958889
29155,38,4.0,183.4,179.4,186.2,0,20-49,2.799999999999983,0.9634801288936629
29160,48,5.2,173.6,168.4,173.8,0,20-49,0.20000000000001705,0.9689298043728423
29161,25,1.2,80.8,79.6,81.0,1,20-49,0.20000000000000284,0.982716049382716
29162,28,4.4,178.8,174.4,179.0,0,20-49,0.19999999999998863,0.9743016759776537
29164,17,4.4,152.0,147.6,154.8,0,10-19,2.8000000000000114,0.9534883720930232
29172,44,5.6,169.0,163.4,171.8,0,20-49,2.8000000000000114,0.9511059371362048
29185,37,5.6,191.0,185.4,191.2,0,20-49,0.19999999999998863,0.9696652719665273
29211,43,13.4,180.6,167.2,181.4,0,20-49,0.8000000000000114,0.9217199558985666
29215,52,3.4,180.0,176.6,182.0,0,50-99,2.0,0.9703296703296703
29216,76,4.0,191.4,187.4,194.6,0,50-99,3.1999999999999886,0.9630010277492292
29218,51,3.2,169.2,166.0,172.0,0,50-99,2.8000000000000114,0.9651162790697675
29223,46,5.8,196.0,190.2,196.6,0,20-49,0.5999999999999943,0.9674465920651067
29224,28,5.0,157.6,152.6,165.0,0,20-49,7.400000000000006,0.9248484848484848
29225,42,5.8,197.6,191.79999999999998,200.2,0,20-49,2.5999999999999943,0.958041958041958
29227,26,8.0,183.4,175.4,183.6,0,20-49,0.19999999999998863,0.9553376906318083
29238,42,5.8,173.4,167.6,174.8,0,20-49,1.4000000000000057,0.9588100686498855
29244,19,4.4,99.6,95.19999999999999,139.4,0,10-19,39.80000000000001,0.6829268292682926
29245,14,6.2,116.6,110.39999999999999,137.8,1,10-19,21.200000000000017,0.8011611030478953
29246,16,4.6,140.0,135.4,140.2,0,10-19,0.19999999999998863,0.9657631954350928
29247,26,7.4,168.8,161.4,169.4,0,20-49,0.5999999999999943,0.9527744982290437
29260,37,2.8,152.6,149.79999999999998,152.8,0,20-49,0.20000000000001705,0.9803664921465967
29261,23,9.8,157.2,147.39999999999998,158.2,0,20-49,1.0,0.9317319848293298
29276,44,1.4,181.0,179.6,181.4,0,20-49,0.4000000000000057,0.990077177508269
29284,14,5.6,145.0,139.4,145.6,0,10-19,0.5999999999999943,0.9574175824175825
29286,17,9.0,175.0,166.0,186.8,0,10-19,11.800000000000011,0.8886509635974303
29288,47,4.8,177.2,172.39999999999998,179.0,0,20-49,1.8000000000000114,0.9631284916201116
29291,31,0.0,135.0,135.0,163.6,0,20-49,28.599999999999994,0.8251833740831296
29295,36,5.4,177.6,172.2,177.8,0,20-49,0.20000000000001705,0.9685039370078738
29302,46,1.2,183.4,182.20000000000002,183.8,0,20-49,0.4000000000000057,0.9912948857453754
29305,74,8.0,150.8,142.8,152.4,0,50-99,1.5999999999999943,0.937007874015748
29309,47,2.4,191.8,189.4,192.8,0,20-49,1.0,0.9823651452282157
29311,27,5.6,138.2,132.6,138.4,0,20-49,0.20000000000001705,0.9580924855491328
29312,28,8.4,173.8,165.4,180.0,0,20-49,6.199999999999989,0.9188888888888889
29328,13,13.8,134.8,121.00000000000001,136.6,0,10-19,1.799999999999983,0.8857979502196195
29334,14,0.0,126.0,126.0,128.8,0,10-19,2.8000000000000114,0.9782608695652173
29338,69,6.0,139.6,133.6,140.4,0,50-99,0.8000000000000114,0.9515669515669515
29343,37,2.2,173.0,170.8,175.6,0,20-49,2.5999999999999943,0.9726651480637815
29346,12,0.6,102.8,102.2,145.4,0,10-19,42.60000000000001,0.702888583218707
29351,24,14.2,191.2,177.0,199.2,0,20-49,8.0,0.8885542168674699
29355,11,7.6,141.0,133.4,146.8,0,10-19,5.800000000000011,0.9087193460490463
29364,26,4.8,144.6,139.79999999999998,144.8,0,20-49,0.20000000000001705,0.9654696132596683
29369,8,11.4,116.6,105.19999999999999,122.0,0,5-9,5.400000000000006,0.862295081967213
29372,19,16.0,120.0,104.0,122.2,0,10-19,2.200000000000003,0.851063829787234
29373,64,2.8,136.6,133.79999999999998,137.0,0,50-99,0.4000000000000057,0.9766423357664232
29376,37,5.0,187.8,182.8,188.0,0,20-49,0.19999999999998863,0.9723404255319149
29378,41,1.8,188.8,187.0,189.0,0,20-49,0.19999999999998863,0.9894179894179894
29383,18,22.6,131.8,109.20000000000002,133.4,0,10-19,1.5999999999999943,0.8185907046476762
29386,28,4.8,148.4,143.6,148.6,0,20-49,0.19999999999998863,0.9663526244952894
29389,14,9.2,157.2,148.0,158.6,0,10-19,1.4000000000000057,0.9331651954602774
29390,17,29.6,143.0,113.4,144.2,0,10-19,1.1999999999999886,0.7864077669902914
29392,8,10.0,119.8,109.8,123.2,0,5-9,3.4000000000000057,0.8912337662337662
29396,27,4.8,142.2,137.39999999999998,145.6,0,20-49,3.4000000000000057,0.9436813186813185
29399,39,4.0,183.0,179.0,184.8,0,20-49,1.8000000000000114,0.9686147186147186
29419,30,4.8,134.2,129.39999999999998,140.2,0,20-49,6.0,0.9229671897289585
29427,44,3.6,180.6,177.0,181.6,0,20-49,1.0,0.9746696035242292
29430,43,5.6,175.2,169.6,181.2,0,20-49,6.0,0.9359823399558499
29435,39,4.4,173.2,168.79999999999998,173.6,0,20-49,0.4000000000000057,0.9723502304147464
29440,19,4.4,175.4,171.0,175.6,0,10-19,0.19999999999998863,0.9738041002277905
29443,37,4.6,162.8,158.20000000000002,163.4,0,20-49,0.5999999999999943,0.9681762545899634
29449,45,5.0,188.6,183.6,189.0,0,20-49,0.4000000000000057,0.9714285714285714
29457,27,7.0,141.4,134.4,141.6,0,20-49,0.19999999999998863,0.9491525423728814
29462,50,8.2,192.2,184.0,193.8,0,50-99,1.6000000000000227,0.9494324045407636
29463,37,0.0,168.4,168.4,169.4,0,20-49,1.0,0.9940968122786304
29480,36,1.6,153.6,152.0,172.0,0,20-49,18.400000000000006,0.8837209302325582
29482,69,4.6,179.6,175.0,179.8,0,50-99,0.20000000000001705,0.9733036707452725
29492,42,1.8,180.0,178.2,180.6,0,20-49,0.5999999999999943,0.9867109634551494
29501,43,2.8,154.0,151.2,156.0,0,20-49,2.0,0.9692307692307691
29504,17,7.6,134.8,127.20000000000002,141.8,0,10-19,7.0,0.8970380818053597
29505,40,2.6,180.4,177.8,181.2,0,20-49,0.799999999999983,0.9812362030905079
29514,38,1.2,182.8,181.60000000000002,185.8,0,20-49,3.0,0.977395048439182
29517,27,20.8,143.0,122.2,150.2,0,20-49,7.199999999999989,0.8135818908122504
29518,29,5.4,197.2,191.79999999999998,197.4,0,20-49,0.20000000000001705,0.9716312056737587
29524,12,11.4,138.2,126.79999999999998,141.0,0,10-19,2.8000000000000114,0.8992907801418438
29531,44,2.4,158.8,156.4,159.4,0,20-49,0.5999999999999943,0.9811794228356336
29532,40,5.2,189.0,183.8,191.0,0,20-49,2.0,0.962303664921466
29538,24,13.2,188.0,174.8,188.8,0,20-49,0.8000000000000114,0.9258474576271186
29541,36,7.4,184.6,177.2,186.4,0,20-49,1.8000000000000114,0.9506437768240342
29547,17,1.2,153.8,152.60000000000002,154.0,0,10-19,0.19999999999998863,0.9909090909090911
29565,28,7.6,138.4,130.8,139.6,0,20-49,1.1999999999999886,0.9369627507163325
29576,40,6.4,181.0,174.6,183.6,0,20-49,2.5999999999999943,0.9509803921568627
29580,22,14.0,175.6,161.6,184.8,0,20-49,9.200000000000017,0.8744588744588744
29587,46,4.6,176.0,171.4,176.4,0,20-49,0.4000000000000057,0.971655328798186
29591,29,5.2,143.8,138.60000000000002,146.0,0,20-49,2.1999999999999886,0.9493150684931508
29596,40,4.6,169.4,164.8,171.6,0,20-49,2.1999999999999886,0.9603729603729605
29597,46,5.2,188.4,183.20000000000002,188.8,0,20-49,0.4000000000000057,0.9703389830508475
29607,29,4.2,158.6,154.4,159.2,1,20-49,0.5999999999999943,0.9698492462311559
29612,25,4.4,138.2,133.79999999999998,141.2,0,20-49,3.0,0.9475920679886685
29616,42,0.0,139.0,139.0,141.2,0,20-49,2.1999999999999886,0.9844192634560908
29622,53,1.0,158.6,157.6,159.0,0,50-99,0.4000000000000057,0.9911949685534591
29625,28,8.2,137.0,128.8,137.2,0,20-49,0.19999999999998863,0.9387755102040818
29629,88,2.6,179.8,177.20000000000002,186.6,0,50-99,6.799999999999983,0.94962486602358
29642,16,13.4,166.0,152.6,166.2,0,10-19,0.19999999999998863,0.9181708784596871
29659,42,3.8,177.4,173.6,183.4,0,20-49,6.0,0.9465648854961831
29670,72,1.6,161.0,159.4,161.2,0,50-99,0.19999999999998863,0.9888337468982631
29671,60,3.0,167.4,164.4,169.0,0,50-99,1.5999999999999943,0.9727810650887574
29678,28,5.0,140.8,135.8,144.4,0,20-49,3.5999999999999943,0.9404432132963989
29690,26,27.2,156.8,129.60000000000002,157.4,0,20-49,0.5999999999999943,0.8233799237611182
29692,10,16.0,152.6,136.6,158.8,0,10-19,6.200000000000017,0.8602015113350125
29694,38,3.8,177.8,174.0,183.2,0,20-49,5.399999999999977,0.9497816593886463
29704,24,4.4,166.8,162.4,167.4,0,20-49,0.5999999999999943,0.970131421744325
29711,22,7.8,94.6,86.8,95.4,1,20-49,0.8000000000000114,0.9098532494758909
29713,8,0.6,152.8,152.20000000000002,163.8,0,5-9,11.0,0.9291819291819292
29725,30,11.6,148.6,137.0,151.2,0,20-49,2.5999999999999943,0.9060846560846562
29728,22,12.8,177.0,164.2,177.2,0,20-49,0.19999999999998863,0.9266365688487584
29733,42,2.4,171.0,168.6,175.2,0,20-49,4.199999999999989,0.9623287671232877
29751,43,5.6,176.0,170.4,177.8,0,20-49,1.8000000000000114,0.9583802024746906
29755,15,14.0,142.4,128.4,152.4,0,10-19,10.0,0.8425196850393701
29757,43,5.2,172.2,167.0,172.4,0,20-49,0.20000000000001705,0.968677494199536
29761,25,11.4,142.8,131.4,144.4,0,20-49,1.5999999999999943,0.909972299168975
29763,51,0.0,181.8,181.8,182.0,0,50-99,0.19999999999998863,0.998901098901099
29766,42,5.0,188.6,183.6,193.0,0,20-49,4.400000000000006,0.9512953367875647
29770,32,4.8,189.6,184.79999999999998,189.8,0,20-49,0.20000000000001705,0.9736564805057955
29771,35,8.6,173.4,164.8,175.6,0,20-49,2.1999999999999886,0.938496583143508
29777,44,5.0,165.4,160.4,171.0,0,20-49,5.599999999999994,0.9380116959064327
29781,18,44.0,130.4,86.4,131.8,1,10-19,1.4000000000000057,0.6555386949924127
29786,24,6.8,145.2,138.39999999999998,146.6,0,20-49,1.4000000000000057,0.9440654843110503
29788,27,4.2,172.8,168.60000000000002,175.0,0,20-49,2.1999999999999886,0.9634285714285715
29802,30,5.0,145.4,140.4,153.6,0,20-49,8.199999999999989,0.9140625000000001
29804,35,5.2,155.6,150.4,158.6,0,20-49,3.0,0.948297604035309
29805,24,6.8,183.6,176.79999999999998,185.0,0,20-49,1.4000000000000057,0.9556756756756756
29814,26,0.0,180.4,180.4,181.0,0,20-49,0.5999999999999943,0.9966850828729282
29831,39,10.4,165.4,155.0,166.4,1,20-49,1.0,0.9314903846153846
29839,22,2.2,139.6,137.4,141.4,0,20-49,1.8000000000000114,0.9717114568599717
29841,38,4.0,159.6,155.6,159.8,0,20-49,0.20000000000001705,0.9737171464330412
29859,18,0.0,184.2,184.2,188.4,0,10-19,4.200000000000017,0.9777070063694266
29880,46,3.8,190.8,187.0,191.4,0,20-49,0.5999999999999943,0.9770114942528735
29887,43,5.8,182.0,176.2,182.4,0,20-49,0.4000000000000057,0.9660087719298245
29889,39,0.0,159.8,159.8,165.4,0,20-49,5.599999999999994,0.966142684401451
29914,36,6.4,176.4,170.0,178.0,0,20-49,1.5999999999999943,0.9550561797752809
29925,36,3.8,140.0,136.2,141.4,1,20-49,1.4000000000000057,0.9632248939179631
29928,18,12.6,138.6,126.0,140.4,0,10-19,1.8000000000000114,0.8974358974358974
29932,22,4.4,169.4,165.0,169.6,0,20-49,0.19999999999998863,0.9728773584905661
29955,35,2.8,157.0,154.2,159.6,0,20-49,2.5999999999999943,0.9661654135338346
29967,31,2.6,184.0,181.4,184.2,0,20-49,0.19999999999998863,0.984799131378936
29985,36,3.0,176.4,173.4,176.6,0,20-49,0.19999999999998863,0.9818799546998868
29995,39,4.6,177.4,172.8,178.0,0,20-49,0.5999999999999943,0.9707865168539327
29996,25,2.4,127.0,124.6,127.4,1,20-49,0.4000000000000057,0.978021978021978
29997,21,37.4,151.0,113.6,158.2,0,20-49,7.199999999999989,0.718078381795196
30002,35,14.8,171.4,156.6,175.6,0,20-49,4.199999999999989,0.8917995444191343
30015,52,5.6,136.2,130.6,137.2,0,50-99,1.0,0.9518950437317785
30016,10,37.2,134.4,97.2,135.8,0,10-19,1.4000000000000057,0.7157584683357879
30017,43,12.2,140.0,127.8,141.8,0,20-49,1.8000000000000114,0.9012693935119886
30023,26,14.6,139.6,125.0,139.8,0,20-49,0.20000000000001705,0.8941344778254648
30027,48,1.8,195.0,193.2,195.4,0,20-49,0.4000000000000057,0.9887410440122824
30028,17,12.4,103.8,91.39999999999999,129.2,0,10-19,25.39999999999999,0.7074303405572755
30034,35,3.2,145.6,142.4,145.8,0,20-49,0.20000000000001705,0.9766803840877915
30069,25,4.0,130.8,126.80000000000001,131.2,0,20-49,0.39999999999997726,0.9664634146341465
30077,46,3.6,185.8,182.20000000000002,186.2,0,20-49,0.39999999999997726,0.9785177228786253
30108,56,0.4,182.6,182.2,183.2,0,50-99,0.5999999999999943,0.9945414847161572
30110,28,6.2,162.4,156.20000000000002,164.4,0,20-49,2.0,0.9501216545012167
30112,15,0.0,138.2,138.2,138.6,0,10-19,0.4000000000000057,0.9971139971139971
30117,40,10.0,182.0,172.0,187.2,0,20-49,5.199999999999989,0.9188034188034189
30138,46,5.4,193.0,187.6,193.4,0,20-49,0.4000000000000057,0.9700103412616339
30145,40,9.0,164.0,155.0,165.2,1,20-49,1.1999999999999886,0.9382566585956417
30150,26,10.8,170.4,159.6,170.6,0,20-49,0.19999999999998863,0.9355216881594373
30152,38,5.4,175.4,170.0,177.8,0,20-49,2.4000000000000057,0.9561304836895388
30153,45,0.0,180.0,180.0,182.4,0,20-49,2.4000000000000057,0.9868421052631579
30154,29,1.6,125.6,124.0,127.6,1,20-49,2.0,0.9717868338557994
30163,40,4.0,164.0,160.0,165.8,0,20-49,1.8000000000000114,0.9650180940892641
30165,16,4.6,126.2,121.60000000000001,147.0,0,10-19,20.799999999999997,0.8272108843537416
30170,28,11.6,147.0,135.4,147.2,0,20-49,0.19999999999998863,0.9198369565217392
30173,45,4.8,179.8,175.0,181.8,0,20-49,2.0,0.9625962596259625
30176,31,6.2,143.8,137.60000000000002,145.2,0,20-49,1.3999999999999773,0.947658402203857
30179,35,19.8,173.2,153.39999999999998,174.8,0,20-49,1.6000000000000227,0.8775743707093819
30180,29,15.6,176.2,160.6,181.2,0,20-49,5.0,0.8863134657836644
30194,7,11.0,86.2,75.2,126.2,0,5-9,40.0,0.595879556259905
30205,40,8.2,176.2,168.0,177.2,0,20-49,1.0,0.9480812641083523
30206,33,2.4,140.0,137.6,142.2,0,20-49,2.1999999999999886,0.9676511954992968
30209,48,4.0,177.8,173.8,178.2,0,20-49,0.39999999999997726,0.9753086419753088
30215,41,9.4,168.2,158.79999999999998,169.0,0,20-49,0.8000000000000114,0.939644970414201
30216,59,0.2,132.4,132.20000000000002,134.4,0,50-99,2.0,0.9836309523809524
30232,10,2.4,111.6,109.19999999999999,174.8,0,10-19,63.20000000000002,0.6247139588100685
30251,29,1.8,171.6,169.79999999999998,172.8,0,20-49,1.200000000000017,0.9826388888888887
30260,27,15.0,172.4,157.4,180.6,0,20-49,8.199999999999989,0.8715393133997785
30266,27,15.6,170.8,155.20000000000002,172.2,0,20-49,1.3999999999999773,0.9012775842044136
30270,55,0.2,138.0,137.8,139.2,0,50-99,1.1999999999999886,0.9899425287356324
30272,40,5.0,183.8,178.8,184.2,0,20-49,0.39999999999997726,0.970684039087948
30275,39,2.2,186.4,184.20000000000002,186.8,0,20-49,0.4000000000000057,0.9860813704496788
30281,25,19.4,154.8,135.4,155.0,1,20-49,0.19999999999998863,0.8735483870967742
30284,76,5.6,156.4,150.8,156.6,0,50-99,0.19999999999998863,0.962962962962963
30289,21,0.0,145.6,145.6,157.6,0,20-49,12.0,0.9238578680203046
30294,58,0.4,128.0,127.6,130.6,0,50-99,2.5999999999999943,0.9770290964777948
30298,43,2.6,175.4,172.8,176.8,0,20-49,1.4000000000000057,0.9773755656108597
30299,43,5.0,187.8,182.8,188.0,0,20-49,0.19999999999998863,0.9723404255319149
30320,19,6.8,156.0,149.2,184.0,0,10-19,28.0,0.8108695652173913
30325,24,9.4,156.0,146.6,163.8,0,20-49,7.800000000000011,0.8949938949938949
30331,17,0.4,154.2,153.79999999999998,154.4,0,10-19,0.20000000000001705,0.9961139896373056
30335,10,4.2,126.4,122.2,132.0,0,10-19,5.599999999999994,0.9257575757575758
30337,32,5.0,144.2,139.2,144.6,0,20-49,0.4000000000000057,0.962655601659751
30352,32,5.6,166.0,160.4,167.8,0,20-49,1.8000000000000114,0.9558998808104886
30356,30,2.2,181.2,179.0,184.6,0,20-49,3.4000000000000057,0.9696641386782232
30366,40,6.8,173.4,166.6,179.2,0,20-49,5.799999999999983,0.9296875
30369,36,1.4,184.0,182.6,184.6,0,20-49,0.5999999999999943,0.9891657638136512
30371,34,2.0,189.4,187.4,193.2,0,20-49,3.799999999999983,0.9699792960662527
30374,56,0.0,139.2,139.2,142.0,0,50-99,2.8000000000000114,0.980281690140845
30380,85,0.2,176.4,176.20000000000002,179.2,0,50-99,2.799999999999983,0.9832589285714287
30381,28,5.4,118.6,113.19999999999999,130.2,0,20-49,11.599999999999994,0.869431643625192
30392,19,4.4,159.2,154.79999999999998,160.0,0,10-19,0.8000000000000114,0.9674999999999999
30393,77,4.4,166.4,162.0,167.8,0,50-99,1.4000000000000057,0.9654350417163289
30406,66,0.0,167.4,167.4,170.8,0,50-99,3.4000000000000057,0.9800936768149883
30410,73,2.6,177.4,174.8,177.6,0,50-99,0.19999999999998863,0.9842342342342343
30411,30,20.4,153.6,133.2,155.2,0,20-49,1.5999999999999943,0.8582474226804123
30413,19,1.2,161.8,160.60000000000002,163.6,0,10-19,1.799999999999983,0.9816625916870417
30420,11,14.0,155.6,141.6,156.0,0,10-19,0.4000000000000057,0.9076923076923077
30427,25,4.0,170.4,166.4,172.0,0,20-49,1.5999999999999943,0.9674418604651163
30432,15,10.2,156.6,146.4,157.8,0,10-19,1.200000000000017,0.9277566539923954
30440,37,2.4,176.0,173.6,181.2,0,20-49,5.199999999999989,0.9580573951434879
30452,36,3.8,177.8,174.0,178.6,0,20-49,0.799999999999983,0.9742441209406495
30453,26,0.0,170.4,170.4,170.6,0,20-49,0.19999999999998863,0.9988276670574444
30454,58,2.2,152.0,149.8,159.0,0,50-99,7.0,0.9421383647798743
30464,33,4.8,159.0,154.2,159.4,0,20-49,0.4000000000000057,0.9673776662484315
30468,13,4.4,156.6,152.2,158.0,0,10-19,1.4000000000000057,0.9632911392405062
30471,72,6.8,163.8,157.0,177.8,0,50-99,14.0,0.8830146231721034
30473,40,8.6,173.8,165.20000000000002,174.0,0,20-49,0.19999999999998863,0.9494252873563219
30482,67,1.8,170.8,169.0,176.2,0,50-99,5.399999999999977,0.9591373439273554
30488,29,4.8,161.2,156.39999999999998,163.6,0,20-49,2.4000000000000057,0.9559902200488997
30496,32,12.2,142.0,129.8,142.6,0,20-49,0.5999999999999943,0.9102384291725106
30502,35,4.8,178.4,173.6,179.2,1,20-49,0.799999999999983,0.96875
30511,67,5.6,162.6,157.0,162.8,0,50-99,0.20000000000001705,0.9643734643734643
30530,23,9.2,155.4,146.20000000000002,156.2,0,20-49,0.799999999999983,0.9359795134443023
30531,35,1.6,176.6,175.0,179.0,0,20-49,2.4000000000000057,0.9776536312849162
30539,66,13.0,156.0,143.0,157.4,0,50-99,1.4000000000000057,0.9085133418043202
30560,24,25.4,159.0,133.6,165.0,0,20-49,6.0,0.8096969696969697
30569,48,4.6,161.4,156.8,162.4,0,20-49,1.0,0.9655172413793104
30577,17,0.2,130.2,130.0,138.8,0,10-19,8.600000000000023,0.9365994236311238
30584,35,4.8,162.2,157.39999999999998,166.8,0,20-49,4.600000000000023,0.9436450839328535
30589,22,5.2,81.8,76.6,82.2,1,20-49,0.4000000000000057,0.9318734793187347
30591,36,5.0,166.6,161.6,170.8,0,20-49,4.200000000000017,0.946135831381733
30596,45,0.0,162.8,162.8,163.4,0,20-49,0.5999999999999943,0.996328029375765
30597,31,4.4,166.8,162.4,169.8,0,20-49,3.0,0.9564193168433451
30608,34,7.2,163.0,155.8,168.4,0,20-49,5.400000000000006,0.9251781472684086
30615,19,4.4,90.6,86.19999999999999,93.8,1,10-19,3.200000000000003,0.9189765458422174
30618,29,11.6,141.4,129.8,141.8,0,20-49,0.4000000000000057,0.9153737658674189
30649,75,2.0,167.2,165.2,168.0,0,50-99,0.8000000000000114,0.9833333333333333
30660,37,4.8,168.8,164.0,173.2,0,20-49,4.399999999999977,0.9468822170900694
30674,37,10.6,159.6,149.0,160.0,0,20-49,0.4000000000000057,0.93125
30679,22,10.6,172.6,162.0,173.8,0,20-49,1.200000000000017,0.9321058688147296
30684,62,6.2,167.0,160.8,167.2,0,50-99,0.19999999999998863,0.9617224880382776
30686,24,0.4,143.0,142.6,143.2,0,20-49,0.19999999999998863,0.9958100558659219
30691,26,19.0,141.4,122.4,143.0,0,20-49,1.5999999999999943,0.855944055944056
30703,34,9.0,152.6,143.6,152.8,0,20-49,0.20000000000001705,0.9397905759162303
30705,13,2.6,154.2,151.6,160.2,0,10-19,6.0,0.9463171036204744
30706,30,6.4,151.6,145.2,152.0,0,20-49,0.4000000000000057,0.9552631578947368
30722,37,4.0,144.0,140.0,158.4,0,20-49,14.400000000000006,0.8838383838383838
30725,27,3.4,160.2,156.79999999999998,161.2,0,20-49,1.0,0.9727047146401985
30727,44,4.6,184.2,179.6,184.4,0,20-49,0.20000000000001705,0.9739696312364424
30732,49,6.4,178.8,172.4,179.4,0,20-49,0.5999999999999943,0.9609810479375697
30735,8,6.4,107.0,100.6,146.2,0,5-9,39.19999999999999,0.6880984952120384
30737,42,8.0,169.2,161.2,169.6,0,20-49,0.4000000000000057,0.9504716981132075
30741,59,4.2,136.0,131.8,136.2,0,50-99,0.19999999999998863,0.9676945668135097
30746,30,14.6,144.0,129.4,145.6,0,20-49,1.5999999999999943,0.8887362637362638
30754,80,4.2,175.0,170.8,175.2,0,50-99,0.19999999999998863,0.9748858447488585
30756,82,4.4,161.4,157.0,162.8,0,50-99,1.4000000000000057,0.9643734643734643
30766,83,4.2,168.4,164.20000000000002,169.8,0,50-99,1.4000000000000057,0.967020023557126
30778,40,4.8,168.0,163.2,168.6,0,20-49,0.5999999999999943,0.9679715302491103
30800,44,0.2,146.0,145.8,149.0,0,20-49,3.0,0.978523489932886
30807,45,0.8,179.0,178.2,180.8,0,20-49,1.8000000000000114,0.9856194690265485
30808,16,4.8,159.2,154.39999999999998,163.0,0,10-19,3.8000000000000114,0.9472392638036808
30817,41,2.4,165.6,163.2,171.6,0,20-49,6.0,0.951048951048951
30819,27,4.8,149.4,144.6,149.6,0,20-49,0.19999999999998863,0.9665775401069518
30823,31,2.6,144.2,141.6,144.6,0,20-49,0.4000000000000057,0.979253112033195
30833,35,1.6,150.8,149.20000000000002,153.0,0,20-49,2.1999999999999886,0.9751633986928105
30843,37,4.2,171.6,167.4,172.0,0,20-49,0.4000000000000057,0.9732558139534884
30844,36,5.6,135.0,129.4,139.4,0,20-49,4.400000000000006,0.9282639885222381
30861,14,4.4,122.0,117.6,125.0,0,10-19,3.0,0.9408
30868,26,5.2,148.0,142.8,153.6,0,20-49,5.599999999999994,0.9296875000000001
30870,39,3.2,170.8,167.60000000000002,171.4,0,20-49,0.5999999999999943,0.9778296382730456
30873,9,3.0,116.2,113.2,135.4,0,5-9,19.200000000000003,0.8360413589364845
30901,38,0.2,172.2,172.0,173.2,0,20-49,1.0,0.9930715935334874
30912,44,6.2,179.0,172.8,180.6,0,20-49,1.5999999999999943,0.9568106312292359
30913,33,4.6,156.4,151.8,158.2,0,20-49,1.799999999999983,0.9595448798988624
30917,27,10.4,156.6,146.2,165.0,0,20-49,8.400000000000006,0.886060606060606
30918,36,12.6,159.4,146.8,160.2,0,20-49,0.799999999999983,0.9163545568039951
30919,34,5.6,148.6,143.0,149.0,0,20-49,0.4000000000000057,0.959731543624161
30925,38,4.2,141.8,137.60000000000002,146.4,0,20-49,4.599999999999994,0.9398907103825138
30933,75,2.6,172.0,169.4,173.0,0,50-99,1.0,0.9791907514450867
30934,14,4.4,133.2,128.79999999999998,159.6,0,10-19,26.400000000000006,0.8070175438596491
30952,29,8.6,163.0,154.4,167.8,0,20-49,4.800000000000011,0.9201430274135876
30967,57,0.0,166.8,166.8,169.0,0,50-99,2.1999999999999886,0.9869822485207101
30974,30,8.6,152.4,143.8,152.6,0,20-49,0.19999999999998863,0.9423328964613369
30978,27,2.2,177.2,175.0,180.6,0,20-49,3.4000000000000057,0.9689922480620156
30983,25,3.2,126.2,123.0,127.6,0,20-49,1.3999999999999915,0.9639498432601882
30990,31,3.8,113.4,109.60000000000001,115.6,1,20-49,2.1999999999999886,0.9480968858131489
30993,42,0.6,161.2,160.6,162.6,0,20-49,1.4000000000000057,0.9876998769987699
30994,43,1.4,174.4,173.0,175.0,0,20-49,0.5999999999999943,0.9885714285714285
30996,39,6.8,178.6,171.79999999999998,181.0,0,20-49,2.4000000000000057,0.9491712707182319
30997,31,8.6,165.8,157.20000000000002,166.0,0,20-49,0.19999999999998863,0.9469879518072291
31003,35,5.8,151.6,145.79999999999998,155.4,0,20-49,3.8000000000000114,0.9382239382239381
31007,40,0.0,159.6,159.6,161.0,0,20-49,1.4000000000000057,0.9913043478260869
31009,32,9.8,149.0,139.2,149.6,0,20-49,0.5999999999999943,0.9304812834224598
31010,36,1.6,154.4,152.8,154.6,0,20-49,0.19999999999998863,0.9883570504527814
31014,47,2.4,173.0,170.6,173.8,0,20-49,0.8000000000000114,0.9815880322209435
31018,35,0.4,142.8,142.4,147.8,0,20-49,5.0,0.9634641407307172
31021,61,1.2,152.8,151.60000000000002,155.4,0,50-99,2.5999999999999943,0.9755469755469757
31024,22,12.8,124.2,111.4,129.0,1,20-49,4.799999999999997,0.8635658914728682
31029,25,3.6,176.4,172.8,178.0,0,20-49,1.5999999999999943,0.9707865168539327
31032,21,1.2,154.6,153.4,155.4,0,20-49,0.8000000000000114,0.9871299871299871
31050,31,8.0,141.6,133.6,145.6,0,20-49,4.0,0.9175824175824175
31052,21,0.8,148.8,148.0,149.2,0,20-49,0.39999999999997726,0.9919571045576409
31054,17,0.0,156.8,156.8,163.0,0,10-19,6.199999999999989,0.9619631901840492
31057,16,0.0,132.6,132.6,135.6,0,10-19,3.0,0.9778761061946902
31066,33,1.8,144.2,142.39999999999998,150.0,0,20-49,5.800000000000011,0.9493333333333331
31070,35,0.0,147.6,147.6,148.8,0,20-49,1.200000000000017,0.9919354838709676
31077,42,0.0,162.2,162.2,163.8,0,20-49,1.6000000000000227,0.99023199023199
31078,9,11.2,122.6,111.39999999999999,143.4,0,5-9,20.80000000000001,0.7768479776847976
31082,27,7.0,158.6,151.6,166.0,0,20-49,7.400000000000006,0.9132530120481928
31090,24,4.8,163.8,159.0,167.6,0,20-49,3.799999999999983,0.9486873508353222
31093,31,5.4,141.2,135.79999999999998,141.4,0,20-49,0.20000000000001705,0.9603960396039602
31096,35,0.2,161.8,161.60000000000002,162.4,0,20-49,0.5999999999999943,0.9950738916256159
31118,14,0.0,169.2,169.2,174.8,0,10-19,5.600000000000023,0.9679633867276887
31125,41,2.2,170.8,168.60000000000002,176.4,0,20-49,5.599999999999994,0.9557823129251701
31130,14,15.0,174.4,159.4,175.0,0,10-19,0.5999999999999943,0.9108571428571429
31132,30,4.8,147.8,143.0,151.2,0,20-49,3.3999999999999773,0.9457671957671958
31137,40,0.4,169.6,169.2,172.6,0,20-49,3.0,0.9803012746234067
31152,63,1.6,164.8,163.20000000000002,166.0,0,50-99,1.1999999999999886,0.9831325301204821
31154,14,3.6,152.6,149.0,156.4,0,10-19,3.8000000000000114,0.9526854219948849
31162,30,3.8,149.4,145.6,168.4,0,20-49,19.0,0.8646080760095011
31163,41,2.6,170.8,168.20000000000002,171.6,0,20-49,0.799999999999983,0.9801864801864804
31172,38,6.4,137.8,131.4,143.8,0,20-49,6.0,0.913769123783032
31196,30,5.8,158.4,152.6,164.0,0,20-49,5.599999999999994,0.9304878048780487
31206,20,61.8,133.2,71.39999999999999,133.4,0,20-49,0.20000000000001705,0.5352323838080959
31216,29,4.8,139.0,134.2,139.4,0,20-49,0.4000000000000057,0.9626972740315637
31218,28,4.4,127.4,123.0,131.6,0,20-49,4.199999999999989,0.9346504559270518
31221,33,0.4,151.0,150.6,154.4,1,20-49,3.4000000000000057,0.9753886010362693
31222,36,5.4,169.2,163.79999999999998,172.4,0,20-49,3.200000000000017,0.9501160092807424
31226,25,10.4,139.0,128.6,139.6,0,20-49,0.5999999999999943,0.9212034383954155
31231,74,14.2,168.6,154.4,169.4,0,50-99,0.8000000000000114,0.911452184179457
31237,15,5.0,103.4,98.4,124.0,0,10-19,20.599999999999994,0.7935483870967742
31248,31,16.8,161.2,144.39999999999998,166.6,0,20-49,5.400000000000006,0.8667466986794716
31258,21,0.0,111.4,111.4,127.4,0,20-49,16.0,0.8744113029827315
31268,38,6.4,166.4,160.0,171.0,0,20-49,4.599999999999994,0.935672514619883
31275,15,4.4,123.4,119.0,131.0,0,10-19,7.599999999999994,0.9083969465648855
31277,30,4.8,151.0,146.2,156.8,0,20-49,5.800000000000011,0.9323979591836733
31278,47,0.2,128.2,127.99999999999999,129.6,0,20-49,1.4000000000000057,0.9876543209876543
31281,24,0.0,143.8,143.8,144.2,0,20-49,0.39999999999997726,0.9972260748959779
31282,7,8.0,120.2,112.2,149.2,0,5-9,28.999999999999986,0.7520107238605899
31292,33,2.4,143.8,141.4,148.2,0,20-49,4.399999999999977,0.9541160593792174
31309,17,11.4,162.2,150.79999999999998,165.6,0,10-19,3.4000000000000057,0.9106280193236714
31318,22,4.2,158.4,154.20000000000002,167.4,0,20-49,9.0,0.921146953405018
31322,57,12.8,120.0,107.2,122.4,0,50-99,2.4000000000000057,0.8758169934640523
31326,31,12.6,168.4,155.8,173.6,0,20-49,5.199999999999989,0.8974654377880186
31327,33,7.2,143.6,136.4,144.2,0,20-49,0.5999999999999943,0.9459084604715674
31347,38,3.8,133.2,129.39999999999998,142.4,0,20-49,9.200000000000017,0.9087078651685391
31351,44,10.4,175.8,165.4,176.2,0,20-49,0.39999999999997726,0.938706015891033
31357,12,19.2,133.4,114.2,142.8,0,10-19,9.400000000000006,0.799719887955182
31373,36,5.4,143.2,137.79999999999998,146.4,0,20-49,3.200000000000017,0.9412568306010928
31377,38,14.4,158.2,143.79999999999998,158.4,0,20-49,0.20000000000001705,0.9078282828282827
31384,33,18.4,154.8,136.4,155.2,0,20-49,0.39999999999997726,0.8788659793814434
31391,15,4.4,134.6,130.2,135.2,0,10-19,0.5999999999999943,0.9630177514792899
31393,75,6.8,164.4,157.6,164.6,0,50-99,0.19999999999998863,0.9574726609963548
31396,29,1.8,133.6,131.79999999999998,133.8,0,20-49,0.20000000000001705,0.9850523168908817
31409,27,13.4,131.4,118.0,131.6,0,20-49,0.19999999999998863,0.8966565349544073
31411,34,6.4,161.2,154.79999999999998,162.0,0,20-49,0.8000000000000114,0.9555555555555555
31418,47,3.0,154.2,151.2,156.4,0,20-49,2.200000000000017,0.9667519181585676
31433,16,4.6,156.8,152.20000000000002,157.6,0,10-19,0.799999999999983,0.9657360406091372
31434,28,4.4,149.8,145.4,150.4,0,20-49,0.5999999999999943,0.9667553191489362
31437,33,5.4,168.4,163.0,170.2,0,20-49,1.799999999999983,0.9576968272620447
31438,39,5.0,136.6,131.6,137.0,0,20-49,0.4000000000000057,0.9605839416058394
31449,34,7.2,139.4,132.20000000000002,140.2,0,20-49,0.799999999999983,0.9429386590584881
31456,36,4.8,174.8,170.0,175.0,0,20-49,0.19999999999998863,0.9714285714285714
31458,32,3.4,141.2,137.79999999999998,145.2,0,20-49,4.0,0.9490358126721763
31492,37,0.8,144.6,143.79999999999998,146.4,0,20-49,1.8000000000000114,0.9822404371584698
31493,37,6.2,158.2,152.0,159.0,0,20-49,0.8000000000000114,0.9559748427672956
31494,9,1.4,107.6,106.19999999999999,136.4,0,5-9,28.80000000000001,0.7785923753665688
31502,14,6.4,134.0,127.6,140.6,0,10-19,6.599999999999994,0.9075391180654339
31504,31,4.8,142.8,138.0,143.4,0,20-49,0.5999999999999943,0.9623430962343096
31508,36,5.0,147.8,142.8,150.8,0,20-49,3.0,0.946949602122016
31522,22,4.2,140.8,136.60000000000002,149.6,0,20-49,8.799999999999983,0.9131016042780751
31523,39,2.2,170.4,168.20000000000002,170.6,0,20-49,0.19999999999998863,0.985932004689332
31533,11,0.8,160.6,159.79999999999998,164.4,0,10-19,3.8000000000000114,0.9720194647201945
31536,37,2.2,142.2,140.0,144.8,0,20-49,2.6000000000000227,0.9668508287292817
31540,24,12.0,134.0,122.0,143.2,0,20-49,9.199999999999989,0.8519553072625698
31544,23,2.8,126.0,123.2,130.4,0,20-49,4.400000000000006,0.9447852760736196
31546,35,1.6,140.0,138.4,142.2,0,20-49,2.1999999999999886,0.9732770745428975
31547,17,5.4,146.4,141.0,150.8,0,10-19,4.400000000000006,0.9350132625994694
31553,34,11.6,150.0,138.4,154.6,0,20-49,4.599999999999994,0.8952134540750324
31563,65,8.6,140.8,132.20000000000002,142.0,0,50-99,1.1999999999999886,0.9309859154929578
31565,67,8.6,139.6,131.0,142.0,0,50-99,2.4000000000000057,0.9225352112676056
31573,30,0.6,133.6,133.0,134.4,0,20-49,0.8000000000000114,0.9895833333333333
31579,11,3.2,129.2,125.99999999999999,134.8,0,10-19,5.600000000000023,0.9347181008902076
31583,35,5.2,144.2,139.0,144.8,0,20-49,0.6000000000000227,0.9599447513812154
31585,35,5.4,140.4,135.0,141.2,0,20-49,0.799999999999983,0.9560906515580737
31587,33,5.0,158.8,153.8,163.2,0,20-49,4.399999999999977,0.9424019607843138
31589,65,0.0,135.6,135.6,154.0,0,50-99,18.400000000000006,0.8805194805194805
31601,53,0.0,140.0,140.0,141.8,0,50-99,1.8000000000000114,0.9873060648801127
31609,24,4.6,127.6,123.0,131.4,0,20-49,3.8000000000000114,0.9360730593607306
31611,34,7.0,140.6,133.6,142.2,0,20-49,1.5999999999999943,0.939521800281294
31619,35,2.4,143.8,141.4,144.8,0,20-49,1.0,0.9765193370165746
31635,42,4.8,149.8,145.0,160.8,0,20-49,11.0,0.9017412935323382
31648,9,12.4,161.6,149.2,163.4,0,5-9,1.8000000000000114,0.9130966952264381
31651,27,5.0,140.2,135.2,145.8,0,20-49,5.600000000000023,0.9272976680384086
31657,32,1.4,138.0,136.6,142.8,0,20-49,4.800000000000011,0.9565826330532212
31658,32,4.2,139.8,135.60000000000002,142.8,0,20-49,3.0,0.9495798319327732
31672,74,0.8,154.6,153.79999999999998,154.8,0,50-99,0.20000000000001705,0.9935400516795864
31676,20,0.6,121.6,121.0,137.0,0,20-49,15.400000000000006,0.8832116788321168
31680,12,0.6,121.0,120.4,121.8,0,10-19,0.7999999999999972,0.9885057471264369
31682,27,6.2,141.4,135.20000000000002,144.2,0,20-49,2.799999999999983,0.9375866851595008
31698,9,0.4,78.6,78.19999999999999,134.8,0,5-9,56.20000000000002,0.5801186943620177
31715,36,6.0,137.8,131.8,139.8,0,20-49,2.0,0.9427753934191703
31720,15,4.4,141.6,137.2,142.6,0,10-19,1.0,0.9621318373071528
31722,33,11.6,136.2,124.6,137.6,0,20-49,1.4000000000000057,0.9055232558139534
31725,21,11.0,155.0,144.0,156.8,0,20-49,1.8000000000000114,0.9183673469387754
31731,19,4.4,144.4,140.0,147.4,0,10-19,3.0,0.9497964721845319
31732,33,3.6,142.4,138.8,142.8,0,20-49,0.4000000000000057,0.9719887955182073
31739,25,4.4,137.6,133.2,143.4,0,20-49,5.800000000000011,0.9288702928870292
31752,31,4.2,140.0,135.8,140.4,0,20-49,0.4000000000000057,0.9672364672364673
31757,30,4.8,138.4,133.6,140.0,0,20-49,1.5999999999999943,0.9542857142857143
31759,32,9.2,142.4,133.20000000000002,142.6,0,20-49,0.19999999999998863,0.9340813464235626
31763,67,0.0,139.6,139.6,142.4,0,50-99,2.8000000000000114,0.9803370786516853
31767,19,2.4,140.4,138.0,141.8,0,10-19,1.4000000000000057,0.9732016925246826
31770,40,11.4,154.6,143.2,154.8,0,20-49,0.20000000000001705,0.925064599483204
31772,29,4.0,140.0,136.0,143.0,0,20-49,3.0,0.951048951048951
31776,30,11.8,142.4,130.6,144.6,0,20-49,2.1999999999999886,0.9031811894882434
31778,31,2.8,145.2,142.39999999999998,145.4,0,20-49,0.20000000000001705,0.9793672627235211
31793,38,5.6,151.6,146.0,151.8,0,20-49,0.20000000000001705,0.9617918313570487
31794,37,5.8,156.4,150.6,156.8,0,20-49,0.4000000000000057,0.9604591836734693
31800,57,4.0,140.6,136.6,141.0,0,50-99,0.4000000000000057,0.9687943262411347
31821,23,7.0,100.6,93.6,102.4,1,20-49,1.8000000000000114,0.9140624999999999
31823,30,5.0,147.2,142.2,151.8,0,20-49,4.600000000000023,0.9367588932806322
31837,35,5.2,142.6,137.4,145.2,0,20-49,2.5999999999999943,0.9462809917355373
31842,38,4.8,140.0,135.2,142.6,0,20-49,2.5999999999999943,0.9481065918653576
31843,48,3.4,146.8,143.4,147.0,0,20-49,0.19999999999998863,0.9755102040816327
31850,31,7.8,149.2,141.39999999999998,149.8,0,20-49,0.6000000000000227,0.9439252336448596
31852,9,8.2,117.4,109.2,139.2,0,5-9,21.799999999999983,0.7844827586206897
31866,26,8.8,127.8,119.0,129.2,0,20-49,1.3999999999999915,0.9210526315789475
31868,23,2.4,145.0,142.6,145.6,0,20-49,0.5999999999999943,0.9793956043956044
31872,29,1.0,135.0,134.0,135.2,0,20-49,0.19999999999998863,0.9911242603550297
31873,65,0.0,146.6,146.6,147.0,0,50-99,0.4000000000000057,0.9972789115646258
31885,32,3.4,129.2,125.79999999999998,132.4,0,20-49,3.200000000000017,0.9501510574018125
31904,65,2.2,127.0,124.8,127.2,0,50-99,0.20000000000000284,0.9811320754716981
31913,33,5.8,147.8,142.0,148.0,0,20-49,0.19999999999998863,0.9594594594594594
31930,64,3.6,140.6,137.0,143.0,0,50-99,2.4000000000000057,0.958041958041958
31933,37,3.2,146.4,143.20000000000002,146.8,0,20-49,0.4000000000000057,0.9754768392370573
31940,81,0.2,148.8,148.60000000000002,149.6,0,50-99,0.799999999999983,0.9933155080213906
31953,31,6.6,149.2,142.6,149.6,0,20-49,0.4000000000000057,0.9532085561497327
31958,58,4.8,139.0,134.2,140.0,0,50-99,1.0,0.9585714285714285
31960,31,8.4,150.2,141.79999999999998,151.2,0,20-49,1.0,0.9378306878306878
31965,26,4.8,128.2,123.39999999999999,128.8,0,20-49,0.6000000000000227,0.9580745341614906
31968,21,3.4,136.0,132.6,136.6,0,20-49,0.5999999999999943,0.9707174231332357
31971,30,1.8,126.4,124.60000000000001,130.8,0,20-49,4.400000000000006,0.9525993883792049
31979,23,6.0,92.6,86.6,93.0,1,20-49,0.4000000000000057,0.9311827956989247
31988,22,1.0,139.2,138.2,139.4,0,20-49,0.20000000000001705,0.9913916786226684
31994,33,4.0,132.8,128.8,136.6,0,20-49,3.799999999999983,0.9428989751098098
31996,37,0.4,147.2,146.79999999999998,147.4,0,20-49,0.20000000000001705,0.9959294436906375
32000,8,20.4,152.0,131.6,152.2,0,5-9,0.19999999999998863,0.8646517739816032
32008,26,11.0,145.0,134.0,145.2,0,20-49,0.19999999999998863,0.9228650137741048
32013,32,3.8,138.4,134.6,138.8,0,20-49,0.4000000000000057,0.9697406340057636
32015,8,1.8,75.2,73.4,144.6,0,5-9,69.39999999999999,0.5076071922544952
32016,34,7.4,144.6,137.2,145.0,0,20-49,0.4000000000000057,0.9462068965517241
32022,47,3.8,147.6,143.79999999999998,149.0,0,20-49,1.4000000000000057,0.9651006711409394
32026,45,7.4,122.0,114.6,123.2,0,20-49,1.2000000000000028,0.9301948051948051
32027,47,3.6,144.0,140.4,145.2,0,20-49,1.1999999999999886,0.9669421487603307
32032,39,5.8,138.6,132.79999999999998,140.2,0,20-49,1.5999999999999943,0.9472182596291012
32035,43,5.2,148.0,142.8,150.4,0,20-49,2.4000000000000057,0.949468085106383
32036,28,4.8,135.0,130.2,138.2,0,20-49,3.1999999999999886,0.9421128798842258
32037,46,2.4,150.0,147.6,150.2,0,20-49,0.19999999999998863,0.9826897470039947
32046,40,2.4,141.4,139.0,143.4,0,20-49,2.0,0.9693165969316596
32053,55,2.8,137.8,135.0,139.6,0,50-99,1.799999999999983,0.9670487106017193
32061,27,3.6,123.2,119.60000000000001,124.0,0,20-49,0.7999999999999972,0.9645161290322581
32072,31,15.2,144.8,129.60000000000002,145.4,0,20-49,0.5999999999999943,0.891334250343879
32080,34,5.0,136.6,131.6,137.8,0,20-49,1.200000000000017,0.9550072568940492
32095,23,30.2,127.8,97.6,130.4,0,20-49,2.6000000000000085,0.7484662576687116
32096,18,17.0,110.4,93.4,135.6,0,10-19,25.19999999999999,0.6887905604719765
32101,17,1.6,128.2,126.6,136.4,0,10-19,8.200000000000017,0.9281524926686217
32104,27,6.8,111.0,104.2,114.8,1,20-49,3.799999999999997,0.9076655052264809
32110,34,6.4,133.0,126.6,133.4,0,20-49,0.4000000000000057,0.9490254872563717
32111,34,1.6,145.8,144.20000000000002,146.0,0,20-49,0.19999999999998863,0.9876712328767124
32116,52,12.8,130.8,118.00000000000001,131.0,0,50-99,0.19999999999998863,0.900763358778626
32123,33,4.8,140.8,136.0,141.0,0,20-49,0.19999999999998863,0.9645390070921985
32127,9,19.4,88.2,68.80000000000001,129.2,0,5-9,40.999999999999986,0.5325077399380806
32131,31,0.2,133.6,133.4,134.8,0,20-49,1.200000000000017,0.989614243323442
32132,47,1.8,148.8,147.0,149.8,0,20-49,1.0,0.9813084112149532
32136,28,17.2,135.8,118.60000000000001,137.4,0,20-49,1.5999999999999943,0.8631732168850073
32145,35,4.8,142.8,138.0,147.8,0,20-49,5.0,0.9336941813261163
32160,32,7.6,127.6,120.0,128.8,0,20-49,1.200000000000017,0.9316770186335402
32161,27,28.2,140.4,112.2,142.4,0,20-49,2.0,0.7879213483146067
32162,33,3.8,129.2,125.39999999999999,134.2,0,20-49,5.0,0.9344262295081968
32164,24,4.6,133.2,128.6,135.2,0,20-49,2.0,0.9511834319526628
32167,25,10.0,146.8,136.8,148.8,0,20-49,2.0,0.9193548387096774
32176,24,3.2,124.8,121.6,126.6,0,20-49,1.7999999999999972,0.9605055292259084
32178,37,5.0,152.0,147.0,152.4,0,20-49,0.4000000000000057,0.9645669291338582
32183,30,7.4,143.8,136.4,144.0,0,20-49,0.19999999999998863,0.9472222222222223
32187,42,4.0,134.2,130.2,134.4,0,20-49,0.20000000000001705,0.9687499999999999
32196,5,17.8,113.2,95.4,122.2,0,5-9,9.0,0.7806873977086743
32200,35,4.4,131.8,127.4,134.4,0,20-49,2.5999999999999943,0.9479166666666666
32205,9,5.2,73.8,68.6,129.8,0,5-9,56.000000000000014,0.5285053929121725
32207,12,8.4,132.2,123.79999999999998,132.4,0,10-19,0.20000000000001705,0.9350453172205436
32208,30,10.0,131.8,121.80000000000001,133.6,0,20-49,1.799999999999983,0.911676646706587
32210,45,4.6,129.8,125.20000000000002,131.2,0,20-49,1.3999999999999773,0.954268292682927
32215,12,0.8,119.6,118.8,132.0,0,10-19,12.400000000000006,0.9
32230,32,2.2,128.0,125.8,133.0,0,20-49,5.0,0.9458646616541353
32243,34,7.2,130.8,123.60000000000001,134.8,0,20-49,4.0,0.9169139465875371
32259,19,4.6,135.8,131.20000000000002,139.6,0,10-19,3.799999999999983,0.9398280802292265
32261,28,2.6,141.2,138.6,141.6,0,20-49,0.4000000000000057,0.9788135593220338
32273,32,9.0,147.4,138.4,149.0,0,20-49,1.5999999999999943,0.9288590604026846
32276,30,4.0,123.8,119.8,124.0,0,20-49,0.20000000000000284,0.9661290322580645
32281,27,6.8,138.2,131.39999999999998,140.6,0,20-49,2.4000000000000057,0.9345661450924607
32292,14,15.6,125.2,109.60000000000001,126.2,0,10-19,1.0,0.8684627575277338
32336,17,9.6,123.0,113.4,131.4,0,10-19,8.400000000000006,0.863013698630137
32340,22,6.4,131.4,125.0,136.8,0,20-49,5.400000000000006,0.9137426900584794
32354,26,0.0,125.2,125.2,125.8,0,20-49,0.5999999999999943,0.9952305246422893
32355,31,4.8,123.6,118.8,126.0,0,20-49,2.4000000000000057,0.9428571428571428
32356,65,2.2,123.4,121.2,126.0,0,50-99,2.5999999999999943,0.9619047619047619
32360,55,0.2,130.4,130.20000000000002,131.8,0,50-99,1.4000000000000057,0.9878603945371776
32363,25,5.4,130.6,125.19999999999999,131.6,0,20-49,1.0,0.9513677811550152
32366,29,5.0,140.8,135.8,141.0,0,20-49,0.19999999999998863,0.9631205673758866
32377,11,0.8,107.4,106.60000000000001,144.8,0,10-19,37.400000000000006,0.7361878453038674
32382,29,6.0,131.0,125.0,134.4,0,20-49,3.4000000000000057,0.9300595238095237
32392,38,6.6,139.8,133.20000000000002,140.2,0,20-49,0.39999999999997726,0.9500713266761771
32400,51,6.8,131.8,125.00000000000001,132.2,0,50-99,0.39999999999997726,0.9455370650529502
32407,37,11.0,143.6,132.6,145.6,0,20-49,2.0,0.9107142857142857
32414,41,5.4,146.0,140.6,147.2,0,20-49,1.1999999999999886,0.9551630434782609
32427,31,4.8,141.4,136.6,144.8,0,20-49,3.4000000000000057,0.9433701657458562
32446,37,2.2,132.4,130.20000000000002,133.8,0,20-49,1.4000000000000057,0.9730941704035875
32448,36,5.6,143.4,137.8,146.0,0,20-49,2.5999999999999943,0.9438356164383562
32457,14,0.2,134.0,133.8,145.2,0,10-19,11.199999999999989,0.9214876033057853
32459,24,11.8,117.6,105.8,127.0,0,20-49,9.400000000000006,0.8330708661417323
32467,26,6.2,120.6,114.39999999999999,125.2,0,20-49,4.6000000000000085,0.913738019169329
32469,31,22.8,144.2,121.39999999999999,147.4,0,20-49,3.200000000000017,0.8236092265943011
32470,21,0.0,128.4,128.4,129.6,0,20-49,1.1999999999999886,0.9907407407407408
32473,34,4.2,143.4,139.20000000000002,145.0,0,20-49,1.5999999999999943,0.9600000000000001
32493,59,11.8,121.0,109.2,121.6,0,50-99,0.5999999999999943,0.8980263157894738
32504,33,4.4,143.0,138.6,145.8,0,20-49,2.8000000000000114,0.9506172839506172
32508,30,4.0,124.2,120.2,129.0,0,20-49,4.799999999999997,0.9317829457364342
32512,17,8.4,122.6,114.19999999999999,128.2,0,10-19,5.599999999999994,0.890795631825273
32519,26,4.4,126.0,121.6,127.8,0,20-49,1.7999999999999972,0.9514866979655712
32524,6,0.0,79.0,79.0,121.6,0,5-9,42.599999999999994,0.649671052631579
32526,30,3.8,140.2,136.39999999999998,143.6,0,20-49,3.4000000000000057,0.9498607242339832
32540,13,7.4,102.6,95.19999999999999,123.4,0,10-19,20.80000000000001,0.7714748784440841
32545,33,4.2,120.8,116.6,122.4,0,20-49,1.6000000000000085,0.9526143790849673
32551,26,8.4,130.2,121.79999999999998,130.6,0,20-49,0.4000000000000057,0.9326186830015313
32555,37,5.2,130.2,124.99999999999999,133.4,0,20-49,3.200000000000017,0.937031484257871
32559,30,2.0,130.4,128.4,130.6,0,20-49,0.19999999999998863,0.983154670750383
32566,56,1.0,128.2,127.19999999999999,128.8,0,50-99,0.6000000000000227,0.9875776397515527
32575,24,13.6,128.4,114.80000000000001,129.6,0,20-49,1.1999999999999886,0.8858024691358026
32577,22,5.2,120.2,115.0,122.2,0,20-49,2.0,0.9410801963993453
32579,23,4.6,126.6,122.0,127.6,0,20-49,1.0,0.9561128526645768
32585,57,3.2,125.2,122.0,128.0,0,50-99,2.799999999999997,0.953125
32589,75,8.6,122.0,113.4,124.6,0,50-99,2.5999999999999943,0.9101123595505619
32593,55,0.8,119.6,118.8,121.6,0,50-99,2.0,0.9769736842105263
32606,25,6.4,120.4,114.0,121.2,0,20-49,0.7999999999999972,0.9405940594059405
32607,72,1.8,120.0,118.2,121.0,0,50-99,1.0,0.9768595041322314
32608,24,4.6,126.2,121.60000000000001,126.4,0,20-49,0.20000000000000284,0.9620253164556962
32610,26,5.0,121.6,116.6,123.0,0,20-49,1.4000000000000057,0.9479674796747967
32615,27,4.6,125.6,121.0,126.0,0,20-49,0.4000000000000057,0.9603174603174603
32618,33,4.8,120.8,116.0,122.2,0,20-49,1.4000000000000057,0.9492635024549918
32637,24,11.4,126.4,115.0,128.2,0,20-49,1.799999999999983,0.8970358814352575
32642,27,2.2,123.6,121.39999999999999,129.6,0,20-49,6.0,0.9367283950617283
32645,11,17.6,125.4,107.80000000000001,126.2,0,10-19,0.7999999999999972,0.8541996830427893
32668,14,4.4,116.6,112.19999999999999,121.4,0,10-19,4.800000000000011,0.9242174629324545
32674,25,4.0,123.0,119.0,127.4,0,20-49,4.400000000000006,0.9340659340659341
32683,24,9.0,126.6,117.6,127.8,0,20-49,1.2000000000000028,0.92018779342723
32692,28,4.8,126.8,122.0,130.2,0,20-49,3.3999999999999915,0.9370199692780339
32700,45,3.0,120.6,117.6,121.0,0,20-49,0.4000000000000057,0.971900826446281
32701,14,12.0,127.6,115.6,131.0,0,10-19,3.4000000000000057,0.8824427480916031
32702,34,7.2,120.4,113.2,121.2,0,20-49,0.7999999999999972,0.933993399339934
32711,15,7.0,117.0,110.0,124.8,0,10-19,7.799999999999997,0.8814102564102564
32738,63,0.6,284.8,284.2,285.8,0,50-99,1.0,0.9944016794961511
32748,92,6.4,432.0,425.6,434.0,0,50-99,2.0,0.9806451612903226
32762,55,1.4,279.2,277.8,284.2,0,50-99,5.0,0.9774806474313864
32764,95,8.8,396.0,387.2,401.2,0,50-99,5.199999999999989,0.9651046859421735
32768,29,0.0,207.2,207.2,218.4,0,20-49,11.200000000000017,0.9487179487179487
32778,88,9.2,350.0,340.8,350.6,1,50-99,0.6000000000000227,0.9720479178551055
32784,73,3.6,359.0,355.4,385.6,0,50-99,26.600000000000023,0.921680497925311
32791,145,0.2,408.4,408.2,409.6,0,100-199,1.2000000000000455,0.9965820312499999
32802,42,4.2,168.0,163.8,181.6,0,20-49,13.599999999999994,0.9019823788546256
32804,66,2.6,361.6,359.0,365.2,0,50-99,3.599999999999966,0.9830230010952903
32810,41,0.0,203.4,203.4,284.2,0,20-49,80.79999999999998,0.7156931738212526
32839,23,1.6,412.4,410.79999999999995,416.0,0,20-49,3.6000000000000227,0.9874999999999999
32848,94,0.6,428.2,427.59999999999997,429.8,0,50-99,1.6000000000000227,0.9948813401582131
32859,94,4.8,403.0,398.2,405.0,0,50-99,2.0,0.9832098765432098
32862,14,1.0,210.8,209.8,214.0,0,10-19,3.1999999999999886,0.980373831775701
32869,40,0.0,377.4,377.4,379.6,0,20-49,2.2000000000000455,0.9942044257112749
32876,97,5.0,360.2,355.2,365.0,0,50-99,4.800000000000011,0.9731506849315068
32878,6,14.6,135.6,121.0,142.6,0,5-9,7.0,0.8485273492286115
32890,44,14.0,350.6,336.6,353.4,0,20-49,2.7999999999999545,0.9524617996604415
32894,85,4.0,394.8,390.8,404.0,0,50-99,9.199999999999989,0.9673267326732674
32907,29,13.6,364.0,350.4,390.8,0,20-49,26.80000000000001,0.8966223132036847
32908,63,0.0,238.0,238.0,239.6,0,50-99,1.5999999999999943,0.993322203672788
32916,95,10.0,413.2,403.2,426.0,0,50-99,12.800000000000011,0.9464788732394366
32921,105,11.6,422.8,411.2,425.6,0,100-199,2.8000000000000114,0.9661654135338346
32927,113,10.0,424.2,414.2,429.6,0,100-199,5.400000000000034,0.9641527001862197
32930,33,4.2,143.2,139.0,144.8,0,20-49,1.6000000000000227,0.9599447513812154
32932,102,6.8,419.0,412.2,420.4,0,100-199,1.3999999999999773,0.9804947668886774
32945,92,5.4,413.8,408.40000000000003,415.4,0,50-99,1.599999999999966,0.9831487722676939
32961,28,27.8,246.2,218.39999999999998,287.0,0,20-49,40.80000000000001,0.7609756097560975
32968,34,3.0,141.4,138.4,145.4,0,20-49,4.0,0.951856946354883
33015,123,1.2,389.6,388.40000000000003,399.6,0,100-199,10.0,0.971971971971972
33021,27,2.0,206.4,204.4,211.6,0,20-49,5.199999999999989,0.9659735349716446
33027,111,14.2,420.4,406.2,422.2,0,100-199,1.8000000000000114,0.9621032685930838
33030,83,10.6,415.4,404.79999999999995,417.0,0,50-99,1.6000000000000227,0.9707434052757793
33035,50,1.0,278.0,277.0,279.2,1,50-99,1.1999999999999886,0.9921203438395416
33046,76,2.6,363.6,361.0,365.0,0,50-99,1.3999999999999773,0.989041095890411
33054,81,1.6,276.0,274.4,276.2,0,50-99,0.19999999999998863,0.9934829833454019
33056,61,3.6,216.2,212.6,216.8,1,50-99,0.6000000000000227,0.9806273062730626
33063,81,23.4,362.4,339.0,364.2,0,50-99,1.8000000000000114,0.9308072487644152
33070,65,1.4,282.2,280.8,282.4,0,50-99,0.19999999999998863,0.9943342776203967
33073,82,58.2,407.4,349.2,411.8,0,50-99,4.400000000000034,0.8479844584749878
33087,27,51.8,399.8,348.0,403.2,0,20-49,3.3999999999999773,0.8630952380952381
33092,45,0.2,399.2,399.0,400.4,0,20-49,1.1999999999999886,0.9965034965034966
33093,95,16.4,395.2,378.8,400.0,0,50-99,4.800000000000011,0.9470000000000001
33106,67,3.0,415.4,412.4,416.6,0,50-99,1.2000000000000455,0.9899183869419106
33108,41,12.0,404.0,392.0,405.4,0,20-49,1.3999999999999773,0.9669462259496794
33111,94,11.2,345.0,333.8,355.4,0,50-99,10.399999999999977,0.939223410241981
33133,86,2.0,352.2,350.2,352.8,0,50-99,0.6000000000000227,0.9926303854875282
33137,94,3.8,309.6,305.8,331.6,0,50-99,22.0,0.9221954161640531
33138,85,26.6,399.4,372.79999999999995,402.2,0,50-99,2.8000000000000114,0.9269020387866732
33139,36,8.6,214.6,206.0,215.8,0,20-49,1.200000000000017,0.9545875810936051
33152,70,15.6,382.2,366.59999999999997,388.8,0,50-99,6.600000000000023,0.9429012345679011
33161,90,12.2,385.0,372.8,391.0,0,50-99,6.0,0.9534526854219949
33168,95,0.6,358.2,357.59999999999997,360.0,0,50-99,1.8000000000000114,0.9933333333333333
33171,48,6.4,169.2,162.79999999999998,190.4,0,20-49,21.200000000000017,0.8550420168067225
33177,73,4.0,392.0,388.0,392.6,0,50-99,0.6000000000000227,0.988283239938869
33181,101,27.6,403.0,375.4,403.6,0,100-199,0.6000000000000227,0.9301288404360752
33188,77,2.6,401.8,399.2,402.4,0,50-99,0.5999999999999659,0.9920477137176938
33195,33,9.2,165.2,156.0,170.8,1,20-49,5.600000000000023,0.9133489461358313
33214,94,16.8,401.0,384.2,401.2,0,50-99,0.19999999999998863,0.9576271186440678
33217,77,13.4,367.0,353.6,367.4,0,50-99,0.39999999999997726,0.9624387588459445
33218,100,6.6,372.0,365.4,376.0,0,100-199,4.0,0.9718085106382978
33225,74,4.4,289.4,285.0,290.2,0,50-99,0.8000000000000114,0.9820813232253619
33239,89,10.2,387.4,377.2,390.0,0,50-99,2.6000000000000227,0.9671794871794871
33243,89,2.4,386.8,384.40000000000003,388.0,0,50-99,1.1999999999999886,0.9907216494845361
33256,106,2.6,358.2,355.59999999999997,358.8,0,100-199,0.6000000000000227,0.9910813823857301
33273,150,8.8,394.8,386.0,397.6,0,100-199,2.8000000000000114,0.9708249496981891
33284,37,0.6,174.4,173.8,174.6,0,20-49,0.19999999999998863,0.9954180985108821
33286,82,10.8,383.0,372.2,384.8,0,50-99,1.8000000000000114,0.9672557172557172
33290,9,14.8,108.8,94.0,129.2,0,5-9,20.39999999999999,0.7275541795665635
33293,7,3.6,131.2,127.6,132.6,0,5-9,1.4000000000000057,0.9622926093514329
33296,27,0.4,207.8,207.4,210.6,0,20-49,2.799999999999983,0.9848053181386516
33302,95,0.2,369.2,369.0,369.4,0,50-99,0.19999999999998863,0.9989171629669735
33319,10,0.0,198.2,198.2,202.8,0,10-19,4.600000000000023,0.977317554240631
33320,86,0.4,358.6,358.20000000000005,362.6,0,50-99,4.0,0.9878654164368451
33331,66,5.6,282.4,276.79999999999995,286.6,0,50-99,4.2000000000000455,0.9658060013956732
33332,92,0.0,384.6,384.6,387.4,0,50-99,2.7999999999999545,0.9927723283427983
33339,95,14.4,385.6,371.20000000000005,388.2,0,50-99,2.599999999999966,0.9562081401339517
33341,70,9.8,384.0,374.2,384.6,0,50-99,0.6000000000000227,0.9729589183567342
33354,67,5.2,335.6,330.40000000000003,336.8,0,50-99,1.1999999999999886,0.9809976247030879
33367,48,27.8,389.6,361.8,392.6,0,20-49,3.0,0.9215486500254711
33375,77,13.2,384.4,371.2,386.0,0,50-99,1.6000000000000227,0.9616580310880829
33379,97,1.2,394.4,393.2,395.6,0,50-99,1.2000000000000455,0.9939332659251768
33397,86,18.2,341.2,323.0,342.2,0,50-99,1.0,0.9438924605493864
33403,28,2.4,308.8,306.40000000000003,362.6,0,20-49,53.80000000000001,0.8450082735797022
33409,92,0.0,380.4,380.4,380.8,0,50-99,0.4000000000000341,0.9989495798319327
33414,93,1.4,330.0,328.6,330.4,0,50-99,0.39999999999997726,0.9945520581113803
33421,79,8.2,373.0,364.8,376.4,0,50-99,3.3999999999999773,0.969181721572795
33441,38,0.8,338.2,337.4,338.4,0,20-49,0.19999999999998863,0.9970449172576832
33457,73,6.4,317.8,311.40000000000003,320.6,0,50-99,2.8000000000000114,0.9713038053649408
33459,70,4.8,327.4,322.59999999999997,327.6,0,50-99,0.20000000000004547,0.9847374847374846
33468,80,4.6,361.8,357.2,362.0,0,50-99,0.19999999999998863,0.9867403314917127
33495,101,0.0,366.4,366.4,366.6,0,100-199,0.20000000000004547,0.9994544462629568
33503,13,8.6,215.2,206.6,218.4,0,10-19,3.200000000000017,0.9459706959706959
33505,20,12.0,234.4,222.4,249.0,0,20-49,14.599999999999994,0.8931726907630523
33511,89,0.6,342.2,341.59999999999997,346.6,0,50-99,4.400000000000034,0.9855741488747835
33516,84,7.2,355.4,348.2,356.4,0,50-99,1.0,0.9769921436588104
33534,39,17.2,152.6,135.4,169.6,0,20-49,17.0,0.7983490566037736
33542,7,4.8,139.8,135.0,181.4,0,5-9,41.599999999999994,0.7442116868798235
33543,6,19.4,142.8,123.4,155.6,0,5-9,12.799999999999983,0.7930591259640104
33559,15,8.4,139.0,130.6,145.8,0,10-19,6.800000000000011,0.895747599451303
33562,28,16.6,273.2,256.59999999999997,288.0,0,20-49,14.800000000000011,0.890972222222222
33565,27,0.0,140.8,140.8,144.0,0,20-49,3.1999999999999886,0.9777777777777779
33570,63,2.0,275.4,273.4,276.6,0,50-99,1.2000000000000455,0.9884309472161965
33588,20,1.6,145.6,144.0,147.0,0,20-49,1.4000000000000057,0.9795918367346939
33598,25,7.4,136.6,129.2,137.2,0,20-49,0.5999999999999943,0.9416909620991254
33611,25,1.4,139.8,138.4,144.6,0,20-49,4.799999999999983,0.9571230982019364
33621,13,4.2,130.4,126.2,131.8,0,10-19,1.4000000000000057,0.9575113808801213
33622,25,3.4,129.6,126.19999999999999,131.2,0,20-49,1.5999999999999943,0.961890243902439
33624,7,20.4,105.2,84.80000000000001,123.4,0,5-9,18.200000000000003,0.6871961102106969
33642,27,5.0,126.4,121.4,126.6,0,20-49,0.19999999999998863,0.9589257503949448
33643,26,20.0,125.8,105.8,130.2,0,20-49,4.3999999999999915,0.8125960061443933
